alignment,beat_of_occurrence,crash_date,crash_day_of_week,crash_hour,crash_month,crash_record_id,crash_type,damage,date_police_notified,device_condition,first_crash_type,hit_and_run_i,injuries_fatal,injuries_incapacitating,injuries_no_indication,injuries_non_incapacitating,injuries_reported_not_evident,injuries_total,injuries_unknown,latitude,lighting_condition,longitude,most_severe_injury,num_units,posted_speed_limit,prim_contributory_cause,report_type,road_defect,roadway_surface_cond,sec_contributory_cause,street_direction,street_name,street_no,traffic_control_device,trafficway_type,weather_condition,intersection_related_i,crash_date_est_i,private_property_i,statements_taken_i,photos_taken_i,work_zone_i,veh_count,ppl_count,location_json,veh_first_contact_point_list_json,veh_maneuver_list_json,veh_towed_i_list_json,veh_travel_direction_list_json,veh_unit_type_list_json,veh_vehicle_defect_list_json,veh_vehicle_use_list_json,veh_vehicle_year_list_json,ppl_age_list_json,ppl_airbag_deployed_list_json,ppl_ejection_list_json,ppl_injury_classification_list_json,ppl_person_type_list_json,ppl_safety_equipment_list_json,ppl_sex_list_json,ppl_seat_no_list_json
STRAIGHT AND LEVEL,1831,2025-09-18T18:13:00.000,5,18,9,0d7eed45fe457c065498f68e2ed4c07fbca977980f42d24b481e4e138c942016b8071ada0703bb733af7418bee326721defff28ccca78418e8fc04cb0d3c948b,INJURY AND / OR TOW DUE TO CRASH,$500 OR LESS,2025-09-18T18:14:00.000,FUNCTIONING PROPERLY,TURNING,Y,0,0,1,1,0,1,0,41.8947502101,DAYLIGHT,-87.6342983772,NONINCAPACITATING INJURY,2,30,FAILING TO YIELD RIGHT-OF-WAY,ON SCENE,NO DEFECTS,DRY,FAILING TO YIELD RIGHT-OF-WAY,N,WELLS ST,678,TRAFFIC SIGNAL,NOT DIVIDED,CLEAR,,,,,,,2,2,"{""coordinates"": [-87.634298377213, 41.894750210105], ""type"": ""Point""}","[""SIDE-LEFT"", ""UNKNOWN""]","[""STRAIGHT AHEAD"", ""TURNING LEFT""]",[],"[""S""]","[""DRIVER""]","[""NONE""]","[""PERSONAL"", ""UNKNOWN/NA""]","[""2018"", ""2023""]","[""28""]","[""DEPLOYMENT UNKNOWN"", ""NOT APPLICABLE""]","[""NONE""]","[""NO INDICATION OF INJURY"", ""NONINCAPACITATING INJURY""]","[""DRIVER""]","[""SAFETY BELT USED"", ""USAGE UNKNOWN""]","[""M""]",[]
STRAIGHT AND LEVEL,821,2025-09-18T18:22:00.000,5,18,9,427f76484d53a740bb659a540fbbfe20170cd1b6daa62c38e16a2a8aa90ce206c13436f703ef6442fab42996422973d5215117ec3c107db33b4cc795e6442ea0,INJURY AND / OR TOW DUE TO CRASH,"OVER $1,500",2025-09-18T18:24:00.000,FUNCTIONING PROPERLY,PEDALCYCLIST,,0,0,1,0,1,1,0,41.8078782575,DAYLIGHT,-87.7142871977,"REPORTED, NOT EVIDENT",2,25,UNABLE TO DETERMINE,ON SCENE,UNKNOWN,DRY,EQUIPMENT - VEHICLE CONDITION,W,47TH ST,3609,TRAFFIC SIGNAL,"FIVE POINT, OR MORE",CLEAR,Y,,,,,,2,2,"{""coordinates"": [-87.714287197702, 41.807878257549], ""type"": ""Point""}","[""SIDE-RIGHT-FRONT""]","[""STRAIGHT AHEAD""]",[],"[""E""]","[""BICYCLE"", ""DRIVER""]","[""UNKNOWN""]","[""PERSONAL""]","[""2022""]","[""28""]","[""NOT APPLICABLE""]","[""NONE""]","[""NO INDICATION OF INJURY"", ""REPORTED, NOT EVIDENT""]","[""BICYCLE"", ""DRIVER""]","[""BICYCLE HELMET (PEDACYCLIST INVOLVED ONLY)"", ""USAGE UNKNOWN""]","[""F"", ""M""]",[]
STRAIGHT AND LEVEL,815,2025-09-18T18:40:00.000,5,18,9,897cbb3179be2dd867319911fb5d155862c69c82db3364eef120834db9a6a9c3ccfc20e75d69b1bc9bf161ea4777cf7401ce46f156d4aeb9b4e232dd49f9fa17,INJURY AND / OR TOW DUE TO CRASH,$500 OR LESS,2025-09-18T18:45:00.000,NO CONTROLS,PEDESTRIAN,,0,0,1,0,1,1,0,41.8001370619,DAYLIGHT,-87.7235087296,"REPORTED, NOT EVIDENT",2,25,UNABLE TO DETERMINE,ON SCENE,NO DEFECTS,DRY,UNABLE TO DETERMINE,S,PULASKI RD,5106,NO CONTROLS,PARKING LOT,CLEAR,,Y,Y,,,,2,2,"{""coordinates"": [-87.723508729617, 41.800137061878], ""type"": ""Point""}","[""FRONT-LEFT-CORNER""]","[""TURNING LEFT""]",[],"[""NW""]","[""DRIVER"", ""PEDESTRIAN""]","[""NONE""]","[""PERSONAL""]","[""2015""]","[""24"", ""27""]","[""DID NOT DEPLOY""]","[""NONE""]","[""NO INDICATION OF INJURY"", ""REPORTED, NOT EVIDENT""]","[""DRIVER"", ""PEDESTRIAN""]","[""SAFETY BELT USED""]","[""F"", ""M""]",[]
STRAIGHT AND LEVEL,1513,2025-09-18T18:45:00.000,5,18,9,e8f8b87726e9f36fc85cc873884ed5db5a84b8d67aea02ededa3b3d3ea313bfe23746855c740a6c08dfaa4fe5677570174f7aabe9bf1bb5a2953ebc34860df37,NO INJURY / DRIVE AWAY,"$501 - $1,500",2025-09-19T15:34:00.000,NO CONTROLS,PARKED MOTOR VEHICLE,,0,0,1,0,0,0,0,41.8703465244,DAWN,-87.7741287805,NO INDICATION OF INJURY,2,10,IMPROPER OVERTAKING/PASSING,NOT ON SCENE (DESK REPORT),NO DEFECTS,DRY,NOT APPLICABLE,S,AUSTIN BLVD,901,NO CONTROLS,PARKING LOT,CLEAR,,,Y,,,,2,1,"{""coordinates"": [-87.774128780491, 41.870346524362], ""type"": ""Point""}","[""FRONT-RIGHT-CORNER"", ""REAR-LEFT-CORNER""]","[""OTHER"", ""PARKED""]",[],"[""UNKNOWN""]","[""DRIVER"", ""PARKED""]","[""NONE""]","[""PERSONAL""]","[""2022""]","[""28""]","[""NOT APPLICABLE""]","[""NONE""]","[""NO INDICATION OF INJURY""]","[""DRIVER""]","[""USAGE UNKNOWN""]","[""F""]",[]
STRAIGHT AND LEVEL,711,2025-09-18T19:00:00.000,5,19,9,4b203d998511ef14a5f6e659dab4c51938fdb2e5393c3f87a8f2354c59b6719040f2c1d449883e2f33cbd991056638ac0fa924789ded065b225311cd18a5797e,NO INJURY / DRIVE AWAY,"OVER $1,500",2025-09-18T19:30:00.000,FUNCTIONING PROPERLY,REAR END,,0,0,2,0,0,0,0,41.7940538546,DAYLIGHT,-87.6327603613,NO INDICATION OF INJURY,2,30,UNABLE TO DETERMINE,NOT ON SCENE (DESK REPORT),NO DEFECTS,DRY,NOT APPLICABLE,W,GARFIELD BLVD,255,TRAFFIC SIGNAL,ONE-WAY,CLEAR,,,,,,,2,2,"{""coordinates"": [-87.632760361261, 41.794053854593], ""type"": ""Point""}","[""FRONT-RIGHT-CORNER"", ""REAR""]","[""SLOW/STOP IN TRAFFIC"", ""STRAIGHT AHEAD""]",[],"[""E""]","[""DRIVER""]","[""NONE""]","[""PERSONAL"", ""UNKNOWN/NA""]","[""2025""]","[""36"", ""50""]","[""DID NOT DEPLOY""]","[""NONE""]","[""NO INDICATION OF INJURY""]","[""DRIVER""]","[""SAFETY BELT USED"", ""USAGE UNKNOWN""]","[""M""]",[]
STRAIGHT AND LEVEL,2212,2025-09-18T19:05:00.000,5,19,9,39088bb12073409b49727fd1377c2d40c1d6a1fed3f96aced3140f1bbf08553436d826b60e86b6fa434b5155f87154363044df1f007141c57f660b9cfc2391bf,INJURY AND / OR TOW DUE TO CRASH,"OVER $1,500",2025-09-18T19:05:00.000,FUNCTIONING PROPERLY,TURNING,Y,0,0,1,0,2,2,0,41.6927601787,DAYLIGHT,-87.6628212276,"REPORTED, NOT EVIDENT",2,30,IMPROPER TURNING/NO SIGNAL,ON SCENE,NO DEFECTS,DRY,NOT APPLICABLE,W,CHELSEA PL,1629,STOP SIGN/FLASHER,NOT DIVIDED,CLEAR,,,,,,,2,3,"{""coordinates"": [-87.662821227595, 41.692760178692], ""type"": ""Point""}","[""FRONT-LEFT-CORNER"", ""SIDE-LEFT-FRONT""]","[""STRAIGHT AHEAD"", ""TURNING RIGHT""]",[],"[""E"", ""W""]","[""DRIVER""]","[""NONE"", ""UNKNOWN""]","[""PERSONAL""]","[""2025""]","[""17"", ""49""]","[""DEPLOYMENT UNKNOWN"", ""DID NOT DEPLOY""]","[""NONE""]","[""NO INDICATION OF INJURY"", ""REPORTED, NOT EVIDENT""]","[""DRIVER"", ""PASSENGER""]","[""SAFETY BELT USED"", ""USAGE UNKNOWN""]","[""F"", ""X""]","[""3""]"
STRAIGHT AND LEVEL,2514,2025-09-18T19:05:00.000,5,19,9,aa2d8976c27952ff7db0c774d2b39b07ea38be8b42da37ab9804b2bbf6b7f55afe94da51059d496dcdbfac3f559b5958959f1a2b431d36d34dd35a4588d913b6,NO INJURY / DRIVE AWAY,"OVER $1,500",2025-09-18T19:40:00.000,FUNCTIONING PROPERLY,REAR END,,0,0,2,0,0,0,0,41.9384478216,DARKNESS,-87.7679270486,NO INDICATION OF INJURY,2,35,UNABLE TO DETERMINE,NOT ON SCENE (DESK REPORT),NO DEFECTS,DRY,UNABLE TO DETERMINE,W,BELMONT AVE,5635,TRAFFIC SIGNAL,NOT DIVIDED,CLEAR,,,,,,,2,2,"{""coordinates"": [-87.767927048618, 41.938447821635], ""type"": ""Point""}","[""FRONT"", ""REAR""]","[""SLOW/STOP IN TRAFFIC"", ""STRAIGHT AHEAD""]",[],"[""E""]","[""DRIVER""]","[""NONE""]","[""PERSONAL""]","[""2013"", ""2020""]","[""27"", ""49""]","[""NOT APPLICABLE""]","[""NONE""]","[""NO INDICATION OF INJURY""]","[""DRIVER""]","[""SAFETY BELT USED"", ""USAGE UNKNOWN""]","[""F"", ""M""]",[]
STRAIGHT AND LEVEL,2412,2025-09-18T19:09:00.000,5,19,9,6c4018181db4f4bcbda31de33c3105c5453bda74a39bfa46c4470869e44a67358ed4fcf76ac06cba7a48fec44231cb46c3ef0c4cde337ef95eb532a67680e336,NO INJURY / DRIVE AWAY,"$501 - $1,500",2025-09-18T20:20:00.000,NO CONTROLS,PARKED MOTOR VEHICLE,,0,0,2,0,0,0,0,41.997978189,"DARKNESS, LIGHTED ROAD",-87.6970725763,NO INDICATION OF INJURY,2,30,UNABLE TO DETERMINE,NOT ON SCENE (DESK REPORT),NO DEFECTS,DRY,NOT APPLICABLE,N,WASHTENAW AVE,6411,NO CONTROLS,ONE-WAY,CLEAR,,,,,,,2,2,"{""coordinates"": [-87.697072576283, 41.997978188986], ""type"": ""Point""}","[""FRONT"", ""REAR""]","[""BACKING"", ""PARKED""]",[],"[""N"", ""S""]","[""DRIVER"", ""PARKED""]","[""NONE""]","[""PERSONAL""]","[""2017"", ""2021""]","[""28""]","[""DEPLOYMENT UNKNOWN"", ""NOT APPLICABLE""]","[""NONE""]","[""NO INDICATION OF INJURY""]","[""DRIVER"", ""PASSENGER""]","[""SAFETY BELT USED"", ""USAGE UNKNOWN""]","[""F"", ""M""]","[""1""]"
STRAIGHT AND LEVEL,1134,2025-09-18T19:10:00.000,5,19,9,4bf9d84efeb2b896d3119dc1af62e2628462a5694bd0189effedf5000383a9f2047ac95b6c2b7a9211055fa01cf44cc9776d5fb306f01079308002a7831827af,INJURY AND / OR TOW DUE TO CRASH,"OVER $1,500",2025-09-18T19:36:00.000,NO CONTROLS,PEDESTRIAN,Y,0,1,1,0,0,1,0,41.8683029684,"DARKNESS, LIGHTED ROAD",-87.7009903936,INCAPACITATING INJURY,2,30,FAILING TO YIELD RIGHT-OF-WAY,ON SCENE,NO DEFECTS,DRY,UNABLE TO DETERMINE,S,SACRAMENTO BLVD,1098,NO CONTROLS,NOT DIVIDED,CLEAR,Y,,,,,,2,2,"{""coordinates"": [-87.700990393556, 41.868302968388], ""type"": ""Point""}","[""UNKNOWN""]","[""TURNING RIGHT""]",[],"[""S""]","[""DRIVER"", ""PEDESTRIAN""]","[""UNKNOWN""]","[""UNKNOWN/NA""]",[],"[""58""]","[""DEPLOYMENT UNKNOWN""]","[""NONE""]","[""INCAPACITATING INJURY"", ""NO INDICATION OF INJURY""]","[""DRIVER"", ""PEDESTRIAN""]","[""USAGE UNKNOWN""]","[""F"", ""X""]",[]
STRAIGHT AND LEVEL,1031,2025-09-18T19:13:00.000,5,19,9,24941a66ec8d32f02ffe2ae1ab31f99aa9a4b45b45a56ff6b74745aeaa69a4255ae627a31c039615c604033f36539dbc47caedbccaa68eb819c567bbfe6c2478,INJURY AND / OR TOW DUE TO CRASH,"OVER $1,500",2025-09-18T19:13:00.000,NO CONTROLS,REAR END,,0,0,2,0,0,0,0,41.8349280478,DARKNESS,-87.7281048935,NO INDICATION OF INJURY,2,30,FOLLOWING TOO CLOSELY,ON SCENE,NO DEFECTS,DRY,NOT APPLICABLE,S,KEDVALE AVE,3200,NO CONTROLS,NOT DIVIDED,CLEAR,,,,,,,2,2,"{""coordinates"": [-87.728104893516, 41.834928047772], ""type"": ""Point""}","[""FRONT"", ""REAR""]","[""STRAIGHT AHEAD""]","[""Y""]","[""N""]","[""DRIVER""]","[""NONE""]","[""PERSONAL""]","[""2010"", ""2013""]","[""22"", ""33""]","[""DEPLOYED, FRONT"", ""NOT APPLICABLE""]","[""NONE""]","[""NO INDICATION OF INJURY""]","[""DRIVER""]","[""SAFETY BELT USED""]","[""M""]",[]
STRAIGHT AND LEVEL,1934,2025-09-18T19:15:00.000,5,19,9,4121c9f29e74ee7f3c01987bad250010c07b77072dcdd8af16a996f89a73ae552287602db28e61f216f78609917bf444c41d143fb344482bba756d37cf18fb4e,NO INJURY / DRIVE AWAY,"OVER $1,500",2025-09-18T19:18:00.000,NO CONTROLS,REAR END,,0,0,2,0,0,0,0,41.9402706775,"DARKNESS, LIGHTED ROAD",-87.6384899074,NO INDICATION OF INJURY,2,40,FOLLOWING TOO CLOSELY,ON SCENE,NO DEFECTS,DRY,UNABLE TO DETERMINE,N,LAKE SHORE DR NB,3198,NO CONTROLS,DIVIDED - W/MEDIAN BARRIER,CLEAR,,,,,,,2,2,"{""coordinates"": [-87.63848990741, 41.940270677535], ""type"": ""Point""}","[""FRONT"", ""REAR""]","[""SLOW/STOP IN TRAFFIC"", ""STRAIGHT AHEAD""]",[],"[""N""]","[""DRIVER""]","[""NONE""]","[""PERSONAL""]","[""2008""]","[""24"", ""28""]","[""DID NOT DEPLOY""]","[""NONE""]","[""NO INDICATION OF INJURY""]","[""DRIVER""]","[""SAFETY BELT USED""]","[""F"", ""M""]",[]
STRAIGHT AND LEVEL,2532,2025-09-18T19:15:00.000,5,19,9,e42ad624ebd04e88daa2cbe40ce6750b49a479598e275f0a8e46a2283db547d54ba958d35c078cc0d753e7227d16e19e292ab0dd456ce13c8613b3ffac42fb64,INJURY AND / OR TOW DUE TO CRASH,"$501 - $1,500",2025-09-18T20:45:00.000,UNKNOWN,PEDESTRIAN,,0,1,1,0,0,1,0,41.9093733604,DUSK,-87.7572351876,INCAPACITATING INJURY,2,30,UNABLE TO DETERMINE,NOT ON SCENE (DESK REPORT),UNKNOWN,DRY,UNABLE TO DETERMINE,W,NORTH AVE,5241,STOP SIGN/FLASHER,DIVIDED - W/MEDIAN (NOT RAISED),CLEAR,Y,,,,,,2,2,"{""coordinates"": [-87.75723518758, 41.909373360413], ""type"": ""Point""}","[""OTHER""]","[""TURNING LEFT""]",[],"[""E""]","[""DRIVER"", ""PEDESTRIAN""]","[""UNKNOWN""]","[""PERSONAL""]","[""2020""]","[""0"", ""39""]","[""DEPLOYMENT UNKNOWN""]","[""NONE""]","[""INCAPACITATING INJURY"", ""NO INDICATION OF INJURY""]","[""DRIVER"", ""PEDESTRIAN""]","[""USAGE UNKNOWN""]","[""F"", ""M""]",[]
STRAIGHT AND LEVEL,1214,2025-09-18T19:18:00.000,5,19,9,07257f3e545371cd83f78e4d0f56ece4cce9d9537dfd61cd13d16bcadcaddfd401974e609c853b7a2bd1078ab7a8cf77230d394d22c73a7fd4f69b7daedf2856,NO INJURY / DRIVE AWAY,"OVER $1,500",2025-09-19T06:40:00.000,NO CONTROLS,SIDESWIPE SAME DIRECTION,,0,0,2,0,0,0,0,41.8857969415,DUSK,-87.6457008083,NO INDICATION OF INJURY,2,25,IMPROPER OVERTAKING/PASSING,NOT ON SCENE (DESK REPORT),NO DEFECTS,DRY,UNABLE TO DETERMINE,W,LAKE ST,700,NO CONTROLS,NOT DIVIDED,CLEAR,Y,,,,,,2,2,"{""coordinates"": [-87.645700808301, 41.885796941486], ""type"": ""Point""}","[""FRONT-LEFT-CORNER"", ""SIDE-RIGHT-FRONT""]","[""PASSING/OVERTAKING"", ""SLOW/STOP IN TRAFFIC""]",[],"[""W""]","[""DRIVER""]","[""NONE""]","[""PERSONAL"", ""TAXI/FOR HIRE""]","[""2009"", ""2017""]","[""41""]","[""DID NOT DEPLOY""]","[""NONE""]","[""NO INDICATION OF INJURY""]","[""DRIVER""]","[""SAFETY BELT USED""]","[""F"", ""M""]",[]
STRAIGHT AND LEVEL,2523,2025-09-18T19:20:00.000,5,19,9,3c4e1abfa56d1d070df3b8b6cc0e258e94a3244ac4f2e7013028c23782ef14e7467c12f323201fb16516f6c505934e0724c6615b7f3177b0b9391cefc76c0e88,INJURY AND / OR TOW DUE TO CRASH,$500 OR LESS,2025-09-18T19:28:00.000,NO CONTROLS,PEDALCYCLIST,Y,0,0,1,0,1,1,0,41.939099915,DAYLIGHT,-87.7217225826,"REPORTED, NOT EVIDENT",2,30,FAILING TO YIELD RIGHT-OF-WAY,ON SCENE,NO DEFECTS,DRY,NOT APPLICABLE,N,HAMLIN AVE,3199,NO CONTROLS,T-INTERSECTION,CLEAR,,,,,,,2,2,"{""coordinates"": [-87.721722582641, 41.939099914997], ""type"": ""Point""}","[""UNKNOWN""]","[""TURNING RIGHT""]",[],"[""S""]","[""BICYCLE"", ""DRIVER""]","[""UNKNOWN""]","[""UNKNOWN/NA""]","[""2020""]","[""42""]","[""DEPLOYMENT UNKNOWN""]","[""NONE""]","[""NO INDICATION OF INJURY"", ""REPORTED, NOT EVIDENT""]","[""BICYCLE"", ""DRIVER""]","[""HELMET NOT USED"", ""USAGE UNKNOWN""]","[""M"", ""X""]",[]
STRAIGHT AND LEVEL,233,2025-09-18T19:20:00.000,5,19,9,a6a2d8f3b30938fb288db110b7060a0fcb051b4d1bcfdbd5164e44cb244b7e9be54ceafc89df5368eab05170523f73f00737ecd9247e95da1f1af78d1248ff5c,INJURY AND / OR TOW DUE TO CRASH,$500 OR LESS,2025-09-18T20:55:00.000,NO CONTROLS,REAR END,,0,0,2,1,0,1,0,41.7937888398,DAYLIGHT,-87.6129233409,NONINCAPACITATING INJURY,2,30,UNABLE TO DETERMINE,ON SCENE,UNKNOWN,UNKNOWN,UNABLE TO DETERMINE,E,MORGAN DR,500,NO CONTROLS,NOT DIVIDED,CLEAR,,,,,,,2,3,"{""coordinates"": [-87.612923340911, 41.793788839828], ""type"": ""Point""}","[""FRONT"", ""REAR""]","[""STRAIGHT AHEAD""]","[""N""]","[""W""]","[""DRIVER""]","[""UNKNOWN""]","[""RIDESHARE SERVICE"", ""UNKNOWN/NA""]","[""2019""]","[""51""]","[""DEPLOYMENT UNKNOWN"", ""NOT APPLICABLE""]","[""NONE"", ""UNKNOWN""]","[""NO INDICATION OF INJURY"", ""NONINCAPACITATING INJURY""]","[""DRIVER"", ""PASSENGER""]","[""USAGE UNKNOWN""]","[""F"", ""M"", ""X""]","[""6""]"
STRAIGHT AND LEVEL,832,2025-09-18T19:25:00.000,5,19,9,6c919b494a41fc42916394b57071667258b6e64f8ca20299f41f60789ed192a829dfc1253d6c3cf1d7a47b104b78d901954435714fa4e3783dac2972dda98dc0,INJURY AND / OR TOW DUE TO CRASH,"OVER $1,500",2025-09-18T19:27:00.000,FUNCTIONING PROPERLY,PEDALCYCLIST,,0,0,1,0,1,1,0,41.7755394676,"DARKNESS, LIGHTED ROAD",-87.6796155599,"REPORTED, NOT EVIDENT",2,30,FAILING TO YIELD RIGHT-OF-WAY,ON SCENE,NO DEFECTS,DRY,NOT APPLICABLE,S,BELL AVE,6501,STOP SIGN/FLASHER,NOT DIVIDED,CLEAR,,,,,,,2,2,"{""coordinates"": [-87.679615559864, 41.775539467567], ""type"": ""Point""}","[""SIDE-RIGHT""]","[""STRAIGHT AHEAD""]",[],"[""N""]","[""BICYCLE"", ""DRIVER""]","[""NONE""]","[""UNKNOWN/NA""]","[""2019""]","[""20"", ""22""]","[""DID NOT DEPLOY""]","[""NONE""]","[""NO INDICATION OF INJURY"", ""REPORTED, NOT EVIDENT""]","[""BICYCLE"", ""DRIVER""]","[""BICYCLE HELMET (PEDACYCLIST INVOLVED ONLY)"", ""USAGE UNKNOWN""]","[""F"", ""M""]",[]
STRAIGHT AND LEVEL,923,2025-09-18T19:30:00.000,5,19,9,333e5a466ed9313baa37b940658ef1fea049c65e6bccf16e909ce36cf22ce4fac5070714fe56e071283d3dab7df2f698ed41c1d3ee696bfedaac6e12b1e86a20,INJURY AND / OR TOW DUE TO CRASH,"OVER $1,500",2025-09-18T19:31:00.000,FUNCTIONING PROPERLY,SIDESWIPE SAME DIRECTION,,0,0,2,0,0,0,0,41.7951704412,"DARKNESS, LIGHTED ROAD",-87.6842194389,NO INDICATION OF INJURY,2,30,UNABLE TO DETERMINE,ON SCENE,NO DEFECTS,DRY,NOT APPLICABLE,S,WESTERN AVE,5400,TRAFFIC SIGNAL,NOT DIVIDED,CLEAR,,,,,,,2,2,"{""coordinates"": [-87.684219438912, 41.795170441201], ""type"": ""Point""}","[""FRONT-RIGHT-CORNER"", ""SIDE-LEFT""]","[""CHANGING LANES"", ""STRAIGHT AHEAD""]","[""N"", ""Y""]","[""N""]","[""DRIVER""]","[""UNKNOWN""]","[""OTHER"", ""PERSONAL""]","[""2016"", ""2021""]","[""23""]","[""DID NOT DEPLOY""]","[""NONE""]","[""NO INDICATION OF INJURY""]","[""DRIVER""]","[""USAGE UNKNOWN""]","[""M""]",[]
STRAIGHT AND LEVEL,2022,2025-09-18T19:30:00.000,5,19,9,ec2194654ca4f38ab70ae263c42552f0e24999727bcbd63ecf8a437dff67be0480301df4bb1d5cf516dd7ca418d4372f801b6c78db28dfc00dc2c7098bec35f0,NO INJURY / DRIVE AWAY,"OVER $1,500",2025-09-18T20:00:00.000,NO CONTROLS,SIDESWIPE SAME DIRECTION,,0,0,3,0,0,0,0,41.9894860549,"DARKNESS, LIGHTED ROAD",-87.6552193516,NO INDICATION OF INJURY,2,30,UNABLE TO DETERMINE,NOT ON SCENE (DESK REPORT),NO DEFECTS,DRY,NOT APPLICABLE,N,SHERIDAN RD,5909,NO CONTROLS,NOT DIVIDED,CLEAR,,,,,,,2,3,"{""coordinates"": [-87.655219351579, 41.989486054872], ""type"": ""Point""}","[""FRONT-RIGHT-CORNER"", ""REAR-LEFT-CORNER""]","[""MERGING"", ""STRAIGHT AHEAD""]",[],"[""N""]","[""DRIVER""]","[""NONE"", ""UNKNOWN""]","[""PERSONAL""]","[""2018"", ""2019""]","[""17"", ""56""]","[""DID NOT DEPLOY""]","[""NONE""]","[""NO INDICATION OF INJURY""]","[""DRIVER"", ""PASSENGER""]","[""SAFETY BELT USED""]","[""F"", ""M""]","[""3""]"
STRAIGHT AND LEVEL,1523,2025-09-18T19:33:00.000,5,19,9,ab0564ce23d93d1076fa8ece17114aa9f016593eec5eccf3ccd03f7847b5ec9371d437d181e04d486a922fb7955a629fc109cda362cf40a6d1ee6a6b7a653afc,INJURY AND / OR TOW DUE TO CRASH,"OVER $1,500",2025-09-18T19:33:00.000,FUNCTIONING PROPERLY,ANGLE,Y,0,0,3,0,0,0,0,41.8873928963,"DARKNESS, LIGHTED ROAD",-87.7614584427,NO INDICATION OF INJURY,2,30,UNABLE TO DETERMINE,,NO DEFECTS,DRY,NOT APPLICABLE,W,LAKE ST,5424,STOP SIGN/FLASHER,FOUR WAY,CLEAR,Y,,,,,,2,3,"{""coordinates"": [-87.761458442718, 41.88739289626], ""type"": ""Point""}","[""FRONT"", ""SIDE-RIGHT""]","[""STRAIGHT AHEAD""]","[""Y""]","[""S"", ""W""]","[""DRIVER""]","[""UNKNOWN""]","[""PERSONAL"", ""UNKNOWN/NA""]","[""2016"", ""2024""]","[""21""]","[""DEPLOYED, FRONT"", ""DEPLOYED, SIDE"", ""DEPLOYMENT UNKNOWN""]","[""NONE"", ""UNKNOWN""]","[""NO INDICATION OF INJURY""]","[""DRIVER"", ""PASSENGER""]","[""SAFETY BELT USED"", ""USAGE UNKNOWN""]","[""F"", ""M""]","[""3""]"
STRAIGHT AND LEVEL,1712,2025-09-18T19:45:00.000,5,19,9,3bbd109516989e65e7b60a49f593658afe1c087f9da344c7b58f7f2fec64e4469af1cddc495829c49a72525b804646ce82e10293b2168caf930c8759c15b983d,NO INJURY / DRIVE AWAY,"OVER $1,500",2025-09-18T20:18:00.000,NO CONTROLS,REAR END,Y,0,0,3,0,0,0,0,41.9684167247,"DARKNESS, LIGHTED ROAD",-87.7220597187,NO INDICATION OF INJURY,2,35,FOLLOWING TOO CLOSELY,NOT ON SCENE (DESK REPORT),NO DEFECTS,DRY,NOT APPLICABLE,W,LAWRENCE AVE,3734,NO CONTROLS,DIVIDED - W/MEDIAN (NOT RAISED),CLEAR,,,,,,,2,3,"{""coordinates"": [-87.72205971871, 41.968416724654], ""type"": ""Point""}","[""FRONT"", ""REAR-RIGHT-CORNER""]","[""STRAIGHT AHEAD""]",[],"[""W""]","[""DRIVER""]","[""NONE"", ""UNKNOWN""]","[""PERSONAL""]","[""2004"", ""2017""]","[""55""]","[""DEPLOYMENT UNKNOWN"", ""DID NOT DEPLOY""]","[""NONE""]","[""NO INDICATION OF INJURY""]","[""DRIVER"", ""PASSENGER""]","[""SAFETY BELT USED"", ""USAGE UNKNOWN""]","[""M""]","[""3""]"
STRAIGHT AND LEVEL,1623,2025-09-18T19:50:00.000,5,19,9,bdf367d884271193205df6b08554d28a907a316de1d237b0a65a5668de8bf3198722bf14dabe515a67f1a263bd8d0c182240d4e3008e1f6697cdf8fabfe8e704,NO INJURY / DRIVE AWAY,"OVER $1,500",2025-09-18T20:05:00.000,UNKNOWN,REAR END,,0,0,2,0,0,0,0,41.9655128825,"DARKNESS, LIGHTED ROAD",-87.7588825831,NO INDICATION OF INJURY,2,30,FOLLOWING TOO CLOSELY,NOT ON SCENE (DESK REPORT),UNKNOWN,UNKNOWN,UNABLE TO DETERMINE,N,MILWAUKEE AVE,4698,UNKNOWN,NOT DIVIDED,CLEAR,,,,,,,2,2,"{""coordinates"": [-87.758882583134, 41.965512882497], ""type"": ""Point""}","[""FRONT"", ""REAR""]","[""STRAIGHT AHEAD""]",[],"[""S""]","[""DRIVER""]","[""UNKNOWN""]","[""UNKNOWN/NA""]","[""2016"", ""2020""]","[""43"", ""47""]","[""NOT APPLICABLE""]","[""NONE""]","[""NO INDICATION OF INJURY""]","[""DRIVER""]","[""USAGE UNKNOWN""]","[""F"", ""M""]",[]