alignment,beat_of_occurrence,crash_date,crash_day_of_week,crash_hour,crash_month,crash_record_id,crash_type,damage,date_police_notified,device_condition,first_crash_type,hit_and_run_i,injuries_fatal,injuries_incapacitating,injuries_no_indication,injuries_non_incapacitating,injuries_reported_not_evident,injuries_total,injuries_unknown,latitude,lighting_condition,longitude,most_severe_injury,num_units,posted_speed_limit,prim_contributory_cause,report_type,road_defect,roadway_surface_cond,sec_contributory_cause,street_direction,street_name,street_no,traffic_control_device,trafficway_type,weather_condition,intersection_related_i,crash_date_est_i,private_property_i,statements_taken_i,photos_taken_i,work_zone_i,veh_count,ppl_count,location_json,veh_first_contact_point_list_json,veh_maneuver_list_json,veh_towed_i_list_json,veh_travel_direction_list_json,veh_unit_type_list_json,veh_vehicle_defect_list_json,veh_vehicle_use_list_json,veh_vehicle_year_list_json,ppl_age_list_json,ppl_airbag_deployed_list_json,ppl_ejection_list_json,ppl_injury_classification_list_json,ppl_person_type_list_json,ppl_safety_equipment_list_json,ppl_sex_list_json,ppl_seat_no_list_json
STRAIGHT AND LEVEL,813,2025-09-18T23:12:00.000,5,23,9,92e8110d8cdb86d28e76189079dc28ade8ad696a701208d363ea010b1a21ed88b0dbce1806cf1c94133205c9ee390734f05f042fa6f63f3044183713f3c41fe2,INJURY AND / OR TOW DUE TO CRASH,"OVER $1,500",2025-09-18T23:19:00.000,NO CONTROLS,OTHER NONCOLLISION,,0,2,0,0,0,2,0,41.7774849361,"DARKNESS, LIGHTED ROAD",-87.7424093583,INCAPACITATING INJURY,1,30,UNABLE TO DETERMINE,ON SCENE,OTHER,DRY,NOT APPLICABLE,S,CICERO AVE,6330,NO CONTROLS,OTHER,CLEAR,,,,,,,1,2,"{""coordinates"": [-87.74240935829, 41.77748493607], ""type"": ""Point""}","[""UNKNOWN""]","[""SKIDDING/CONTROL LOSS""]","[""Y""]","[""S""]","[""DRIVER""]","[""UNKNOWN""]","[""PERSONAL""]","[""2005""]","[""20"", ""23""]","[""NOT APPLICABLE""]","[""NONE""]","[""INCAPACITATING INJURY""]","[""DRIVER"", ""PASSENGER""]","[""DOT COMPLIANT MOTORCYCLE HELMET""]","[""F"", ""M""]","[""5""]"
STRAIGHT AND LEVEL,114,2025-09-18T23:26:00.000,5,23,9,93dd768e7a754112833f00e3c4c6a745b0bcc6316a54b8037fdeac9d7a19febb67c89aa582be5997a97be22157a5d3388ba2ccfc995935992d811e94f0dd27cc,NO INJURY / DRIVE AWAY,"OVER $1,500",2025-09-18T23:45:00.000,FUNCTIONING PROPERLY,FIXED OBJECT,Y,0,0,1,0,0,0,0,41.8856447734,DARKNESS,-87.6244746047,NO INDICATION OF INJURY,1,30,UNABLE TO DETERMINE,ON SCENE,UNKNOWN,DRY,UNABLE TO DETERMINE,E,LAKE ST,101,TRAFFIC SIGNAL,DIVIDED - W/MEDIAN BARRIER,CLEAR,,,,,,,1,1,"{""coordinates"": [-87.624474604711, 41.88564477342], ""type"": ""Point""}","[""FRONT""]","[""TURNING LEFT""]",[],"[""W""]","[""DRIVER""]","[""UNKNOWN""]","[""UNKNOWN/NA""]",[],[],"[""DEPLOYMENT UNKNOWN""]","[""NONE""]","[""NO INDICATION OF INJURY""]","[""DRIVER""]","[""USAGE UNKNOWN""]","[""X""]",[]
STRAIGHT AND LEVEL,1133,2025-09-18T23:30:00.000,5,23,9,4d3148bb34d6b7d290fda3d6f1c17a4d3bb65e57081ea31424030eaa197e6b0b6269e7158b12f547de5be9e4665d35b11b3e19daf92755424313b3106e97af01,NO INJURY / DRIVE AWAY,"OVER $1,500",2025-09-19T00:07:00.000,FUNCTIONING PROPERLY,SIDESWIPE SAME DIRECTION,,0,0,2,0,0,0,0,41.876924369,"DARKNESS, LIGHTED ROAD",-87.7208460104,NO INDICATION OF INJURY,2,30,UNABLE TO DETERMINE,NOT ON SCENE (DESK REPORT),NO DEFECTS,DRY,UNABLE TO DETERMINE,S,HAMLIN BLVD,306,TRAFFIC SIGNAL,FOUR WAY,CLEAR,,,,,,,2,2,"{""coordinates"": [-87.720846010434, 41.876924369007], ""type"": ""Point""}","[""FRONT-RIGHT-CORNER"", ""REAR-LEFT-CORNER""]","[""PASSING/OVERTAKING"", ""STRAIGHT AHEAD""]",[],"[""N""]","[""DRIVER""]","[""NONE"", ""UNKNOWN""]","[""PERSONAL""]","[""2013"", ""2017""]","[""23""]","[""DEPLOYMENT UNKNOWN""]","[""NONE"", ""UNKNOWN""]","[""NO INDICATION OF INJURY""]","[""DRIVER""]","[""SAFETY BELT USED"", ""USAGE UNKNOWN""]","[""M""]",[]
STRAIGHT AND LEVEL,711,2025-09-18T23:32:00.000,5,23,9,eb3bc451720c75d163bc35445e6a63b46dbab41f841d2ca37834f70464a51a58a24358810cdab9cb0cdc8a783ffb6655901421974e9f336faa6d081620ad6a33,INJURY AND / OR TOW DUE TO CRASH,"$501 - $1,500",2025-09-18T23:38:00.000,FUNCTIONING PROPERLY,REAR END,,0,0,2,1,0,1,0,41.7873264894,"DARKNESS, LIGHTED ROAD",-87.632862342,NONINCAPACITATING INJURY,2,30,UNABLE TO DETERMINE,ON SCENE,NO DEFECTS,DRY,UNABLE TO DETERMINE,W,59TH ST,300,TRAFFIC SIGNAL,NOT DIVIDED,CLEAR,Y,,,,,,2,3,"{""coordinates"": [-87.632862341958, 41.787326489436], ""type"": ""Point""}","[""FRONT"", ""REAR""]","[""STRAIGHT AHEAD""]","[""Y""]","[""W""]","[""DRIVER""]","[""UNKNOWN""]","[""PERSONAL""]","[""2011"", ""2013""]","[""26"", ""32""]","[""NOT APPLICABLE""]","[""NONE""]","[""NO INDICATION OF INJURY"", ""NONINCAPACITATING INJURY""]","[""DRIVER"", ""PASSENGER""]","[""USAGE UNKNOWN""]","[""F"", ""M""]","[""2""]"
STRAIGHT AND LEVEL,1224,2025-09-18T23:33:00.000,5,23,9,734c3aa7f215b6ccd5c4638f03ea519d595876fea6a2d92c9b26cb451fa3431b83f72b8a422abd0f1df3c8c9b11dd9c3694c7e0d3751a9efd11d405ac8eb5cca,NO INJURY / DRIVE AWAY,"OVER $1,500",2025-09-19T11:30:00.000,FUNCTIONING PROPERLY,REAR END,,0,0,2,0,0,0,0,41.8815287519,"DARKNESS, LIGHTED ROAD",-87.6693474657,NO INDICATION OF INJURY,2,30,UNABLE TO DETERMINE,NOT ON SCENE (DESK REPORT),NO DEFECTS,DRY,NOT APPLICABLE,W,MADISON ST,1700,TRAFFIC SIGNAL,FOUR WAY,CLEAR,Y,,,,,,2,2,"{""coordinates"": [-87.66934746567, 41.881528751922], ""type"": ""Point""}","[""FRONT"", ""SIDE-LEFT-REAR""]","[""SLOW/STOP IN TRAFFIC"", ""STRAIGHT AHEAD""]",[],"[""S""]","[""DRIVER""]","[""NONE""]","[""PERSONAL"", ""TAXI/FOR HIRE""]","[""2013"", ""2022""]","[""37"", ""49""]","[""DID NOT DEPLOY""]","[""NONE""]","[""NO INDICATION OF INJURY""]","[""DRIVER""]","[""SAFETY BELT USED""]","[""M""]",[]
STRAIGHT AND LEVEL,1134,2025-09-18T23:42:00.000,5,23,9,154f9cba8170273a10dbd2076d396a97f14c6aa915027bd721577aa7c2bbb8cb5bdc0133e1455521621bb5bba8c5b71ba238d13046f2c51351d884b60d741b9b,NO INJURY / DRIVE AWAY,"OVER $1,500",2025-09-18T23:42:00.000,FUNCTIONING PROPERLY,SIDESWIPE SAME DIRECTION,,0,0,3,0,0,0,0,41.8700529869,"DARKNESS, LIGHTED ROAD",-87.7010439044,NO INDICATION OF INJURY,2,30,IMPROPER OVERTAKING/PASSING,ON SCENE,NO DEFECTS,DRY,IMPROPER TURNING/NO SIGNAL,S,SACRAMENTO BLVD,900,TRAFFIC SIGNAL,NOT DIVIDED,CLEAR,,,,,,,2,3,"{""coordinates"": [-87.70104390438, 41.870052986866], ""type"": ""Point""}","[""SIDE-LEFT-FRONT"", ""SIDE-RIGHT""]","[""CHANGING LANES"", ""STRAIGHT AHEAD""]",[],"[""N""]","[""DRIVER""]","[""UNKNOWN""]","[""PERSONAL""]","[""2016"", ""2021""]","[""22"", ""26"", ""32""]","[""NOT APPLICABLE""]","[""NONE""]","[""NO INDICATION OF INJURY""]","[""DRIVER"", ""PASSENGER""]","[""USAGE UNKNOWN""]","[""F"", ""M""]","[""3""]"
STRAIGHT AND LEVEL,1925,2025-09-19T00:04:00.000,6,0,9,39561a016545c8a6462d4d1a428570d5618a7abd5743d38ed5eda3c9b1e99aaea2798f2cd7111528316babe9495528959da991fa8535fdbff2d29e7498327a09,INJURY AND / OR TOW DUE TO CRASH,"OVER $1,500",2025-09-19T00:30:00.000,UNKNOWN,SIDESWIPE SAME DIRECTION,N,0,0,2,0,0,0,0,41.9401429649,"DARKNESS, LIGHTED ROAD",-87.6449369655,NO INDICATION OF INJURY,3,25,NOT APPLICABLE,ON SCENE,NO DEFECTS,DRY,NOT APPLICABLE,W,BELMONT AVE,612,UNKNOWN,NOT DIVIDED,CLEAR,,,,N,,,3,2,"{""coordinates"": [-87.644936965464, 41.940142964874], ""type"": ""Point""}","[""FRONT-RIGHT-CORNER"", ""SIDE-LEFT""]","[""PARKED"", ""STRAIGHT AHEAD""]","[""Y""]","[""W""]","[""DRIVER"", ""PARKED""]","[""UNKNOWN""]","[""PERSONAL"", ""UNKNOWN/NA""]","[""2017"", ""2026""]","[""19""]","[""DEPLOYMENT UNKNOWN"", ""DID NOT DEPLOY""]","[""UNKNOWN""]","[""NO INDICATION OF INJURY""]","[""DRIVER""]","[""NONE PRESENT""]","[""M"", ""X""]",[]
STRAIGHT AND LEVEL,1624,2025-09-19T00:13:00.000,6,0,9,4b3a2d82b471207d839c9fa616fc443927ffc45754209a3330e845ea6c0a1a8dee54ca6b17c0bfd4c34719b67134426313f859f3f2c5d116f2bc98f0314ef4c9,INJURY AND / OR TOW DUE TO CRASH,"OVER $1,500",2025-09-19T00:16:00.000,NO CONTROLS,PARKED MOTOR VEHICLE,,0,0,1,0,0,0,0,41.9597975141,"DARKNESS, LIGHTED ROAD",-87.7575572296,NO INDICATION OF INJURY,4,25,UNABLE TO DETERMINE,ON SCENE,NO DEFECTS,DRY,UNABLE TO DETERMINE,W,PENSACOLA AVE,5202,NO CONTROLS,ONE-WAY,CLEAR,,,,,,,3,1,"{""coordinates"": [-87.757557229627, 41.959797514063], ""type"": ""Point""}","[""FRONT-RIGHT-CORNER"", ""REAR-LEFT-CORNER"", ""SIDE-LEFT""]","[""PARKED"", ""STRAIGHT AHEAD""]","[""Y""]","[""W""]","[""DRIVER"", ""PARKED""]","[""NONE""]","[""PERSONAL""]","[""2021"", ""2022"", ""2023""]","[""24""]","[""DEPLOYED, COMBINATION""]","[""NONE""]","[""NO INDICATION OF INJURY""]","[""DRIVER""]","[""NONE PRESENT""]","[""M""]",[]
STRAIGHT AND LEVEL,1224,2025-09-19T00:13:00.000,6,0,9,c082b86f8039e69f9e106f1f5545fc57688c95c556e6324ebb1ebd626bce4856bd3a1508a32b7301874f76efb734db5ad2269dea0abf62b55bf896c1cfb4d1fa,INJURY AND / OR TOW DUE TO CRASH,"OVER $1,500",2025-09-19T00:16:00.000,FUNCTIONING PROPERLY,REAR END,,0,0,2,0,1,1,0,41.8842154999,"DARKNESS, LIGHTED ROAD",-87.6521582673,"REPORTED, NOT EVIDENT",2,30,FOLLOWING TOO CLOSELY,ON SCENE,NO DEFECTS,DRY,FAILING TO REDUCE SPEED TO AVOID CRASH,W,RANDOLPH ST,1001,TRAFFIC SIGNAL,FOUR WAY,CLEAR,Y,Y,,,,,2,3,"{""coordinates"": [-87.652158267275, 41.88421549986], ""type"": ""Point""}","[""FRONT-RIGHT-CORNER"", ""REAR-RIGHT-CORNER""]","[""STRAIGHT AHEAD""]",[],"[""E""]","[""DRIVER""]","[""NONE""]","[""PERSONAL"", ""RIDESHARE SERVICE""]","[""2020"", ""2021""]","[""26"", ""36"", ""49""]","[""DID NOT DEPLOY""]","[""NONE""]","[""NO INDICATION OF INJURY"", ""REPORTED, NOT EVIDENT""]","[""DRIVER"", ""PASSENGER""]","[""SAFETY BELT USED""]","[""F"", ""M""]","[""10""]"
STRAIGHT AND LEVEL,1115,2025-09-19T00:20:00.000,6,0,9,978df682943cb6decd4132c0dad97e58aa41674c1a13968cdd1431ea02385df8de5fc3ca19d0a196111f27974a1bd2d09dac60455e78e516fba50d8e2253c25b,INJURY AND / OR TOW DUE TO CRASH,"$501 - $1,500",2025-09-19T00:23:00.000,FUNCTIONING PROPERLY,ANGLE,,0,3,1,0,0,3,0,41.8797839264,"DARKNESS, LIGHTED ROAD",-87.7328719472,INCAPACITATING INJURY,2,30,DRIVING ON WRONG SIDE/WRONG WAY,ON SCENE,NO DEFECTS,DRY,FAILING TO REDUCE SPEED TO AVOID CRASH,W,MONROE ST,4298,STOP SIGN/FLASHER,TRAFFIC ROUTE,CLEAR,Y,,,,,,2,4,"{""coordinates"": [-87.732871947243, 41.879783926368], ""type"": ""Point""}","[""FRONT-LEFT-CORNER"", ""SIDE-RIGHT-FRONT""]","[""STRAIGHT AHEAD""]",[],"[""E"", ""N""]","[""DRIVER""]","[""UNKNOWN""]","[""UNKNOWN/NA""]","[""2014""]","[""26"", ""27"", ""40""]","[""DEPLOYMENT UNKNOWN"", ""NOT APPLICABLE""]","[""NONE"", ""TOTALLY EJECTED"", ""UNKNOWN""]","[""INCAPACITATING INJURY"", ""NO INDICATION OF INJURY""]","[""DRIVER"", ""PASSENGER""]","[""HELMET NOT USED"", ""NONE PRESENT"", ""USAGE UNKNOWN""]","[""F"", ""M""]","[""8""]"
STRAIGHT AND LEVEL,1522,2025-09-19T00:39:00.000,6,0,9,aca770a54c84af02db0cfff75c93a95f600ad13bad6e2e841d1955c624ada8db9f7b82cf2cda4969133353ea511e9f0dca6a05a19b8c0a3e73d66fb63eb4e58b,INJURY AND / OR TOW DUE TO CRASH,"OVER $1,500",2025-09-19T00:39:00.000,FUNCTIONING PROPERLY,TURNING,,0,0,1,0,2,2,0,41.8776084709,"DARKNESS, LIGHTED ROAD",-87.7551115834,"REPORTED, NOT EVIDENT",2,30,FAILING TO YIELD RIGHT-OF-WAY,ON SCENE,NO DEFECTS,DRY,FAILING TO REDUCE SPEED TO AVOID CRASH,S,LARAMIE AVE,226,STOP SIGN/FLASHER,FOUR WAY,CLEAR,Y,,,,,,2,3,"{""coordinates"": [-87.755111583411, 41.877608470875], ""type"": ""Point""}","[""FRONT"", ""FRONT-LEFT-CORNER""]","[""STRAIGHT AHEAD"", ""TURNING RIGHT""]","[""Y""]","[""E"", ""S""]","[""DRIVER""]","[""NONE""]","[""PERSONAL""]","[""2013"", ""2021""]","[""0"", ""34"", ""52""]","[""DEPLOYED, COMBINATION"", ""DID NOT DEPLOY"", ""NOT APPLICABLE""]","[""NONE""]","[""NO INDICATION OF INJURY"", ""REPORTED, NOT EVIDENT""]","[""DRIVER"", ""PASSENGER""]","[""USAGE UNKNOWN""]","[""F"", ""M""]","[""3""]"
STRAIGHT AND LEVEL,1632,2025-09-19T00:39:00.000,6,0,9,b6fe457594fb3c55546523f6bb7689b6abd29b7b5855e05b193c06c69439a722a8ec1ef860f69c08ee6cf50c9d946579fbbb86fb57c76a544b449a13496faac9,NO INJURY / DRIVE AWAY,"OVER $1,500",2025-09-19T00:41:00.000,FUNCTIONING PROPERLY,REAR END,Y,0,0,2,0,0,0,0,41.9381096148,"DARKNESS, LIGHTED ROAD",-87.8064311416,NO INDICATION OF INJURY,2,30,UNABLE TO DETERMINE,ON SCENE,NO DEFECTS,DRY,UNABLE TO DETERMINE,W,BELMONT AVE,7154,TRAFFIC SIGNAL,FOUR WAY,CLEAR,,,,,,,2,2,"{""coordinates"": [-87.806431141605, 41.938109614762], ""type"": ""Point""}","[""FRONT-RIGHT-CORNER"", ""REAR-LEFT-CORNER""]","[""SLOW/STOP IN TRAFFIC"", ""STRAIGHT AHEAD""]",[],"[""W""]","[""DRIVER""]","[""UNKNOWN""]","[""PERSONAL"", ""UNKNOWN/NA""]","[""2019""]","[""67""]","[""DEPLOYMENT UNKNOWN"", ""DID NOT DEPLOY""]","[""NONE""]","[""NO INDICATION OF INJURY""]","[""DRIVER""]","[""SAFETY BELT USED"", ""USAGE UNKNOWN""]","[""M""]",[]
STRAIGHT AND LEVEL,733,2025-09-19T01:00:00.000,6,1,9,7ea47e55415de5b9bb2a33f40184d39c936b3977aee008dbd1afc1eec29e98a66562475abe26cf1164fe2bd1115f490cf3b62167bf0ecfda6498add017e26a66,INJURY AND / OR TOW DUE TO CRASH,"OVER $1,500",2025-09-19T01:02:00.000,UNKNOWN,ANGLE,,0,0,2,0,0,0,0,41.7613736962,"DARKNESS, LIGHTED ROAD",-87.6538726766,NO INDICATION OF INJURY,2,30,FAILING TO YIELD RIGHT-OF-WAY,ON SCENE,NO DEFECTS,DRY,FAILING TO YIELD RIGHT-OF-WAY,S,RACINE AVE,7301,UNKNOWN,FOUR WAY,CLEAR,Y,,,Y,,,2,2,"{""coordinates"": [-87.653872676602, 41.76137369618], ""type"": ""Point""}","[""FRONT-LEFT-CORNER"", ""SIDE-LEFT""]","[""STRAIGHT AHEAD"", ""UNKNOWN/NA""]","[""N"", ""Y""]","[""S"", ""W""]","[""DRIVER""]","[""UNKNOWN""]","[""PERSONAL""]","[""2018"", ""2019""]","[""30"", ""37""]","[""DEPLOYED, COMBINATION"", ""DEPLOYED, SIDE""]","[""UNKNOWN""]","[""NO INDICATION OF INJURY""]","[""DRIVER""]","[""USAGE UNKNOWN""]","[""F""]",[]
STRAIGHT AND LEVEL,1924,2025-09-19T01:11:00.000,6,1,9,e74df803f5552510be56190378b912c7bcc8ce0fccc92fffe569410544694642ce26a2fa86ec7f55989dd1cfb39d856150cf9aed5d3a5995bdb9b8dde49dc353,NO INJURY / DRIVE AWAY,$500 OR LESS,2025-09-19T01:30:00.000,FUNCTIONING PROPERLY,PEDESTRIAN,,0,0,2,0,0,0,0,41.9417561617,"DARKNESS, LIGHTED ROAD",-87.6494728177,NO INDICATION OF INJURY,2,35,UNABLE TO DETERMINE,NOT ON SCENE (DESK REPORT),UNKNOWN,UNKNOWN,UNABLE TO DETERMINE,N,HALSTED ST,3258,STOP SIGN/FLASHER,NOT DIVIDED,CLEAR,,,,,,,2,2,"{""coordinates"": [-87.649472817682, 41.941756161688], ""type"": ""Point""}","[""SIDE-LEFT""]","[""STRAIGHT AHEAD""]",[],"[""N""]","[""DRIVER"", ""PEDESTRIAN""]","[""UNKNOWN""]","[""TAXI/FOR HIRE""]",[],"[""44""]","[""NOT APPLICABLE""]","[""NONE""]","[""NO INDICATION OF INJURY""]","[""DRIVER"", ""PEDESTRIAN""]","[""USAGE UNKNOWN""]","[""M""]",[]
STRAIGHT AND LEVEL,725,2025-09-19T01:15:00.000,6,1,9,c45ad422030601153daf5c0ad9e7971f697197ca95c10a98667388b34545d782893f379da013897bcff223bfa55223834f0a1e373989689ee1ff5c2b0d1432d2,NO INJURY / DRIVE AWAY,"OVER $1,500",2025-09-19T01:59:00.000,NO CONTROLS,PARKED MOTOR VEHICLE,Y,0,0,1,0,0,0,0,41.7741737298,"DARKNESS, LIGHTED ROAD",-87.6629911463,NO INDICATION OF INJURY,2,30,UNABLE TO DETERMINE,NOT ON SCENE (DESK REPORT),NO DEFECTS,DRY,UNABLE TO DETERMINE,S,JUSTINE ST,6556,NO CONTROLS,ONE-WAY,CLEAR,,,,,,,2,1,"{""coordinates"": [-87.662991146322, 41.77417372981], ""type"": ""Point""}","[""REAR-LEFT-CORNER"", ""UNKNOWN""]","[""PARKED"", ""UNKNOWN/NA""]",[],"[""S""]","[""DRIVER"", ""PARKED""]","[""NONE""]","[""PERSONAL"", ""UNKNOWN/NA""]","[""2020""]",[],"[""DEPLOYMENT UNKNOWN""]","[""UNKNOWN""]","[""NO INDICATION OF INJURY""]","[""DRIVER""]","[""USAGE UNKNOWN""]","[""X""]",[]
STRAIGHT AND LEVEL,433,2025-09-19T01:34:00.000,6,1,9,1a75ed99c8725cb791acab4916827b56cad25cb8d72aeca1611ef034f721557a3ba083e6ef188d58385c00b10eb821624dc86d5f8f696a95926c63b5d7954125,INJURY AND / OR TOW DUE TO CRASH,"OVER $1,500",2025-09-19T01:38:00.000,UNKNOWN,OTHER OBJECT,Y,0,0,1,0,0,0,0,41.6464515393,"DARKNESS, LIGHTED ROAD",-87.5402285328,NO INDICATION OF INJURY,1,30,UNABLE TO DETERMINE,ON SCENE,NO DEFECTS,DRY,UNABLE TO DETERMINE,S,AVENUE O,13660,NO CONTROLS,DIVIDED - W/MEDIAN (NOT RAISED),CLEAR,,Y,,,,,1,1,"{""coordinates"": [-87.540228532801, 41.64645153934], ""type"": ""Point""}","[""FRONT""]","[""UNKNOWN/NA""]","[""Y""]","[""UNKNOWN""]","[""DRIVER""]","[""UNKNOWN""]","[""UNKNOWN/NA""]","[""2012""]",[],"[""DEPLOYED, FRONT""]","[""UNKNOWN""]","[""NO INDICATION OF INJURY""]","[""DRIVER""]","[""USAGE UNKNOWN""]","[""X""]",[]
STRAIGHT AND LEVEL,1533,2025-09-19T02:28:00.000,6,2,9,490d8577f060d8002e7834e92d5d81765ec3d4c003bf39c7ab61c477395d0ef1368467f05aef70906e610a14180eae4638b4de9c44a6c50d773c06b3283da4f0,INJURY AND / OR TOW DUE TO CRASH,"OVER $1,500",2025-09-19T02:33:00.000,FUNCTIONING PROPERLY,REAR END,Y,0,0,1,0,3,3,0,41.875042889,"DARKNESS, LIGHTED ROAD",-87.7452149674,"REPORTED, NOT EVIDENT",2,30,FOLLOWING TOO CLOSELY,ON SCENE,NO DEFECTS,DRY,NOT APPLICABLE,S,CICERO AVE,398,TRAFFIC SIGNAL,NOT DIVIDED,CLEAR,,,,N,N,N,2,4,"{""coordinates"": [-87.745214967411, 41.875042888998], ""type"": ""Point""}","[""FRONT"", ""REAR""]","[""STRAIGHT AHEAD""]","[""N""]","[""S""]","[""DRIVER""]","[""NONE"", ""UNKNOWN""]","[""PERSONAL"", ""RIDESHARE SERVICE""]","[""2019"", ""2025""]","[""28"", ""31"", ""36""]","[""DEPLOYMENT UNKNOWN"", ""DID NOT DEPLOY"", ""NOT APPLICABLE""]","[""NONE""]","[""NO INDICATION OF INJURY"", ""REPORTED, NOT EVIDENT""]","[""DRIVER"", ""PASSENGER""]","[""USAGE UNKNOWN""]","[""F"", ""M"", ""X""]","[""4"", ""6""]"
STRAIGHT AND LEVEL,1235,2025-09-19T02:30:00.000,6,2,9,68f454000a2ebe64985a8330e3e39c6d00770832132752ca4b1560b6a14236ec9115f7df5ac1baa2471fba7e2b8d0bcb0094ff0a1bcd939bda7d53c02c968629,INJURY AND / OR TOW DUE TO CRASH,"OVER $1,500",2025-09-19T02:50:00.000,FUNCTIONING PROPERLY,SIDESWIPE SAME DIRECTION,,0,0,2,0,0,0,0,41.8526958542,"DARKNESS, LIGHTED ROAD",-87.6503471938,NO INDICATION OF INJURY,2,30,IMPROPER OVERTAKING/PASSING,ON SCENE,NO DEFECTS,DRY,UNABLE TO DETERMINE,W,CERMAK RD,958,TRAFFIC SIGNAL,NOT DIVIDED,CLEAR,,Y,,,,,2,2,"{""coordinates"": [-87.650347193831, 41.852695854168], ""type"": ""Point""}","[""FRONT-LEFT-CORNER"", ""SIDE-RIGHT-FRONT""]","[""PASSING/OVERTAKING"", ""STRAIGHT AHEAD""]","[""Y""]","[""W""]","[""DRIVER""]","[""NONE""]","[""PERSONAL""]","[""2015""]","[""20"", ""25""]","[""DID NOT DEPLOY""]","[""NONE""]","[""NO INDICATION OF INJURY""]","[""DRIVER""]","[""SAFETY BELT USED""]","[""M""]",[]
STRAIGHT AND LEVEL,1121,2025-09-19T02:38:00.000,6,2,9,1a2eab62d8751e483b83b571806beff959c0830ca1200a5021cc4f007a3937ea6ec5243181082dfca4805f1e9ff6cff4b4dc2be42252fce3b7011f2dc15403ee,INJURY AND / OR TOW DUE TO CRASH,"OVER $1,500",2025-09-19T02:38:00.000,NO CONTROLS,PARKED MOTOR VEHICLE,,0,0,0,1,0,1,0,41.8922166172,"DARKNESS, LIGHTED ROAD",-87.7114847071,NONINCAPACITATING INJURY,3,30,FAILING TO REDUCE SPEED TO AVOID CRASH,ON SCENE,NO DEFECTS,DRY,NOT APPLICABLE,N,HOMAN AVE,610,NO CONTROLS,NOT DIVIDED,CLEAR,,,,,,,3,1,"{""coordinates"": [-87.711484707128, 41.892216617249], ""type"": ""Point""}","[""REAR"", ""UNKNOWN""]","[""PARKED"", ""STRAIGHT AHEAD""]","[""Y""]","[""S"", ""UNKNOWN""]","[""DRIVER"", ""PARKED""]","[""NONE"", ""UNKNOWN""]","[""PERSONAL""]","[""2010"", ""2014"", ""2022""]","[""44""]","[""DEPLOYED, COMBINATION""]","[""NONE""]","[""NONINCAPACITATING INJURY""]","[""DRIVER""]","[""USAGE UNKNOWN""]","[""M""]",[]
STRAIGHT AND LEVEL,1222,2025-09-19T02:50:00.000,6,2,9,59b441e8125adcfc18bbec811af46eef687f966910289a246a8986acd83152f73428a953cb3dc86ed66cbe4a6f7893adcb84e5bf80813d804111caa387c3f39e,NO INJURY / DRIVE AWAY,"OVER $1,500",2025-09-19T02:52:00.000,NO CONTROLS,PARKED MOTOR VEHICLE,Y,0,0,1,0,0,0,0,41.8864164344,"DARKNESS, LIGHTED ROAD",-87.697411851,NO INDICATION OF INJURY,2,30,UNABLE TO DETERMINE,ON SCENE,NO DEFECTS,DRY,UNABLE TO DETERMINE,W,FULTON ST,2825,NO CONTROLS,NOT DIVIDED,CLEAR,,,,,,,2,1,"{""coordinates"": [-87.697411850993, 41.88641643441], ""type"": ""Point""}","[""FRONT"", ""REAR-LEFT-CORNER""]","[""PARKED"", ""STRAIGHT AHEAD""]","[""N""]","[""E""]","[""DRIVER"", ""PARKED""]","[""NONE"", ""UNKNOWN""]","[""NOT IN USE"", ""UNKNOWN/NA""]","[""2013"", ""2018""]",[],"[""DEPLOYMENT UNKNOWN""]","[""NONE""]","[""NO INDICATION OF INJURY""]","[""DRIVER""]","[""USAGE UNKNOWN""]","[""X""]",[]
STRAIGHT AND LEVEL,935,2025-09-19T02:56:00.000,6,2,9,5a42ea1e36b9bef7072f1b2ebba265124a30157ab46e96bd8deb50f41f5c7f09043bd2f9888b425ea2459bb703ae83d8765f11426d7379e88cf4b01ff0e86a0a,INJURY AND / OR TOW DUE TO CRASH,"OVER $1,500",2025-09-19T02:56:00.000,NO CONTROLS,FIXED OBJECT,Y,0,0,1,0,0,0,0,41.8071828422,"DARKNESS, LIGHTED ROAD",-87.6437340713,NO INDICATION OF INJURY,1,25,UNABLE TO DETERMINE,ON SCENE,NO DEFECTS,DRY,NOT APPLICABLE,W,48TH ST,714,NO CONTROLS,ALLEY,CLEAR,,,,,,,1,1,"{""coordinates"": [-87.643734071339, 41.807182842192], ""type"": ""Point""}","[""FRONT-LEFT-CORNER""]","[""STRAIGHT AHEAD""]","[""Y""]","[""N""]","[""DRIVER""]","[""UNKNOWN""]","[""PERSONAL""]","[""2018""]","[""25""]","[""DID NOT DEPLOY""]","[""NONE""]","[""NO INDICATION OF INJURY""]","[""DRIVER""]","[""USAGE UNKNOWN""]","[""M""]",[]