alignment,beat_of_occurrence,crash_date,crash_day_of_week,crash_hour,crash_month,crash_record_id,crash_type,damage,date_police_notified,device_condition,first_crash_type,hit_and_run_i,injuries_fatal,injuries_incapacitating,injuries_no_indication,injuries_non_incapacitating,injuries_reported_not_evident,injuries_total,injuries_unknown,latitude,lighting_condition,longitude,most_severe_injury,num_units,posted_speed_limit,prim_contributory_cause,report_type,road_defect,roadway_surface_cond,sec_contributory_cause,street_direction,street_name,street_no,traffic_control_device,trafficway_type,weather_condition,intersection_related_i,crash_date_est_i,private_property_i,statements_taken_i,photos_taken_i,work_zone_i,veh_count,ppl_count,location_json,veh_first_contact_point_list_json,veh_maneuver_list_json,veh_towed_i_list_json,veh_travel_direction_list_json,veh_unit_type_list_json,veh_vehicle_defect_list_json,veh_vehicle_use_list_json,veh_vehicle_year_list_json,ppl_age_list_json,ppl_airbag_deployed_list_json,ppl_ejection_list_json,ppl_injury_classification_list_json,ppl_person_type_list_json,ppl_safety_equipment_list_json,ppl_sex_list_json,ppl_seat_no_list_json
STRAIGHT AND LEVEL,133,2025-09-19T03:00:00.000,6,3,9,4fa47ad0008fcb2f0d72e7e955f6f77222ca32b951f19cc2dde20dc1987b6ef92394e6337d1d440a1d72942ac5cb3416e20a2208ae9c0ac7c986367f76771377,INJURY AND / OR TOW DUE TO CRASH,"OVER $1,500",2025-09-19T15:50:00.000,UNKNOWN,FIXED OBJECT,Y,0,0,1,0,0,0,0,41.8421032366,UNKNOWN,-87.621900168,NO INDICATION OF INJURY,1,30,UNABLE TO DETERMINE,ON SCENE,UNKNOWN,UNKNOWN,NOT APPLICABLE,E,29TH ST,200,STOP SIGN/FLASHER,NOT DIVIDED,UNKNOWN,,Y,,,,,1,1,"{""coordinates"": [-87.621900167987, 41.842103236582], ""type"": ""Point""}","[""FRONT""]","[""UNKNOWN/NA""]","[""Y""]","[""UNKNOWN""]","[""DRIVER""]","[""UNKNOWN""]","[""UNKNOWN/NA""]","[""2012""]",[],"[""DEPLOYMENT UNKNOWN""]","[""NONE""]","[""NO INDICATION OF INJURY""]","[""DRIVER""]","[""USAGE UNKNOWN""]","[""X""]",[]
STRAIGHT AND LEVEL,624,2025-09-19T03:00:00.000,6,3,9,f08697fd5a205906cac452e50188f1ea168b9bea9b6ae7f265b81bd041a8f8c5e91a2e5702dd1a51c320ff74c8dff729d2952d88283f0ea355e8bd15b7951734,NO INJURY / DRIVE AWAY,"OVER $1,500",2025-09-19T15:55:00.000,NO CONTROLS,PARKED MOTOR VEHICLE,Y,0,0,1,0,0,0,0,41.7512211405,DARKNESS,-87.602901218,NO INDICATION OF INJURY,2,30,UNABLE TO DETERMINE,NOT ON SCENE (DESK REPORT),NO DEFECTS,DRY,UNABLE TO DETERMINE,S,DREXEL AVE,7900,NO CONTROLS,NOT DIVIDED,CLEAR,,,,,,,2,1,"{""coordinates"": [-87.602901217958, 41.751221140537], ""type"": ""Point""}","[""SIDE-LEFT"", ""UNKNOWN""]","[""PARKED"", ""UNKNOWN/NA""]",[],"[""S"", ""UNKNOWN""]","[""DRIVER"", ""PARKED""]","[""UNKNOWN""]","[""PERSONAL"", ""UNKNOWN/NA""]","[""2024""]",[],"[""DEPLOYMENT UNKNOWN""]","[""UNKNOWN""]","[""NO INDICATION OF INJURY""]","[""DRIVER""]","[""USAGE UNKNOWN""]","[""X""]",[]
STRAIGHT AND LEVEL,1224,2025-09-19T03:07:00.000,6,3,9,9f36c4b00da76678bc34bf877504df22e2c9c17fd49b137031d5f1633ad2a80b5411abdb31e243a818a8a8705b2497c9366f3d03f4a7770c507abee023641327,NO INJURY / DRIVE AWAY,"OVER $1,500",2025-09-19T03:07:00.000,NO CONTROLS,PARKED MOTOR VEHICLE,,0,0,1,0,0,0,0,41.8842208916,"DARKNESS, LIGHTED ROAD",-87.6518671436,NO INDICATION OF INJURY,2,30,IMPROPER BACKING,ON SCENE,NO DEFECTS,DRY,FAILING TO REDUCE SPEED TO AVOID CRASH,W,RANDOLPH ST,953,NO CONTROLS,ONE-WAY,CLEAR,,,,,,,2,1,"{""coordinates"": [-87.651867143552, 41.884220891638], ""type"": ""Point""}","[""REAR-LEFT-CORNER""]","[""BACKING"", ""PARKED""]",[],"[""E"", ""N""]","[""DRIVER"", ""PARKED""]","[""NONE"", ""OTHER""]","[""PERSONAL""]","[""2010"", ""2018""]","[""32""]","[""NOT APPLICABLE""]","[""NONE""]","[""NO INDICATION OF INJURY""]","[""DRIVER""]","[""SAFETY BELT USED""]","[""M""]",[]
STRAIGHT AND LEVEL,912,2025-09-19T03:52:00.000,6,3,9,17d54dfdba44422fcc84297bd6ce82af97fced5996640d84b7c5dbd9713128a264c036505b21c20142e6dee13bbb2e055bd9635fbc3f56232868626a11e1baee,NO INJURY / DRIVE AWAY,"OVER $1,500",2025-09-19T16:11:00.000,NO CONTROLS,PARKED MOTOR VEHICLE,Y,,,,,,,,41.8314120097,DAYLIGHT,-87.6641728018,,2,30,UNABLE TO DETERMINE,ON SCENE,NO DEFECTS,DRY,NOT APPLICABLE,S,JUSTINE ST,3431,NO CONTROLS,NOT DIVIDED,CLEAR,,,,,,,2,,"{""coordinates"": [-87.664172801817, 41.831412009739], ""type"": ""Point""}","[""UNKNOWN""]","[""PARKED"", ""PARKED IN TRAFFIC LANE""]",[],"[""N""]","[""PARKED""]","[""UNKNOWN""]","[""PERSONAL""]","[""2006"", ""2021""]",,,,,,,,
STRAIGHT AND LEVEL,2424,2025-09-19T04:06:00.000,6,4,9,ac671913342225b316f27929fc514801ea745be26f9fb167743382b59a785475eca979b447ec09da5a11071a655e42bb59b70a8266c073636d6ca0b31a40dee2,NO INJURY / DRIVE AWAY,"OVER $1,500",2025-09-19T04:07:00.000,NO CONTROLS,PARKED MOTOR VEHICLE,,0,0,1,0,0,0,0,42.0124377595,"DARKNESS, LIGHTED ROAD",-87.6796371872,NO INDICATION OF INJURY,3,35,UNABLE TO DETERMINE,ON SCENE,UNKNOWN,DRY,UNABLE TO DETERMINE,W,TOUHY AVE,1937,NO CONTROLS,NOT DIVIDED,CLEAR,,,,,,,3,1,"{""coordinates"": [-87.679637187224, 42.012437759503], ""type"": ""Point""}","[""FRONT-LEFT-CORNER"", ""OTHER"", ""REAR""]","[""PARKED"", ""STRAIGHT AHEAD""]",[],"[""E""]","[""DRIVER"", ""PARKED""]","[""NONE"", ""UNKNOWN""]","[""UNKNOWN/NA""]","[""2012"", ""2020"", ""2021""]","[""25""]","[""DEPLOYMENT UNKNOWN""]","[""NONE""]","[""NO INDICATION OF INJURY""]","[""DRIVER""]","[""USAGE UNKNOWN""]","[""M""]",[]
STRAIGHT AND LEVEL,1131,2025-09-19T04:40:00.000,6,4,9,4fa10b7d2faa9d4502524794147f1ea74a3f2755f9465ed319b02c10f66e419cfa1af16595e919540ad2109a84e3a76db52234cd9720f505ddf0fcdbfe339319,INJURY AND / OR TOW DUE TO CRASH,"OVER $1,500",2025-09-19T04:45:00.000,NO CONTROLS,REAR TO FRONT,,0,0,2,0,0,0,0,41.8697377782,"DARKNESS, LIGHTED ROAD",-87.735239494,NO INDICATION OF INJURY,2,30,IMPROPER BACKING,ON SCENE,NO DEFECTS,DRY,NOT APPLICABLE,S,KOSTNER AVE,900,NO CONTROLS,TRAFFIC ROUTE,CLEAR,,,,,,,2,2,"{""coordinates"": [-87.735239494031, 41.869737778234], ""type"": ""Point""}","[""FRONT"", ""REAR""]","[""BACKING"", ""STRAIGHT AHEAD""]","[""Y""]","[""N"", ""S""]","[""DRIVER""]","[""NONE"", ""UNKNOWN""]","[""OTHER""]","[""2016"", ""2020""]","[""34"", ""58""]","[""NOT APPLICABLE""]","[""NONE""]","[""NO INDICATION OF INJURY""]","[""DRIVER""]","[""USAGE UNKNOWN""]","[""M""]",[]
STRAIGHT AND LEVEL,233,2025-09-19T05:00:00.000,6,5,9,49aec8abea88503113cdfb07d3e0387d86ead8d210f8895328a692f86e4618f2790062acef1fa16560ce2cdb7c3eab554e83fc6b0581b7e31fdc733951e9ab19,NO INJURY / DRIVE AWAY,$500 OR LESS,2025-09-19T05:08:00.000,NO CONTROLS,FIXED OBJECT,,0,0,1,0,0,0,0,,DARKNESS,,NO INDICATION OF INJURY,1,30,FAILING TO YIELD RIGHT-OF-WAY,ON SCENE,NO DEFECTS,DRY,FAILING TO YIELD RIGHT-OF-WAY,S,PAYNE DR,5998,NO CONTROLS,UNKNOWN,CLEAR,,,,,,,1,1,,"[""FRONT""]","[""STRAIGHT AHEAD""]",[],"[""E""]","[""DRIVER""]","[""NONE""]","[""PERSONAL""]",[],"[""51""]","[""NOT APPLICABLE""]","[""NONE""]","[""NO INDICATION OF INJURY""]","[""DRIVER""]","[""NONE PRESENT""]","[""F""]",[]
STRAIGHT AND LEVEL,1935,2025-09-19T05:46:00.000,6,5,9,6a0be7da14036d74845589a34ebdda202b7c13350cf4d1040c76c6b5d3f411a323da77a68079e0892aab1027d8b2867273642a056032e6c07b5e1dfde6b01683,NO INJURY / DRIVE AWAY,"$501 - $1,500",2025-09-19T05:46:00.000,FUNCTIONING PROPERLY,PARKED MOTOR VEHICLE,,0,0,1,0,0,0,0,41.9266881212,DAYLIGHT,-87.6409865802,NO INDICATION OF INJURY,2,20,DRIVING SKILLS/KNOWLEDGE/EXPERIENCE,ON SCENE,NO DEFECTS,DRY,NOT APPLICABLE,N,CLARK ST,2439,STOP SIGN/FLASHER,NOT DIVIDED,CLEAR,,,,,,,2,1,"{""coordinates"": [-87.640986580243, 41.926688121166], ""type"": ""Point""}","[""FRONT"", ""SIDE-LEFT-REAR""]","[""PARKED"", ""STRAIGHT AHEAD""]",[],"[""N""]","[""DRIVER"", ""PARKED""]","[""UNKNOWN""]","[""PERSONAL""]","[""2014"", ""2015""]","[""24""]","[""NOT APPLICABLE""]","[""NONE""]","[""NO INDICATION OF INJURY""]","[""DRIVER""]","[""SAFETY BELT NOT USED""]","[""F""]",[]
STRAIGHT AND LEVEL,113,2025-09-19T05:48:00.000,6,5,9,b6328a711f9f4a1ea0fc91dfb74d7d5651468d0f9846327103d4f575e7144ebbd9201f29fc3648c8f5404d35bbdf9bcfeb47313da5e73648c72a12cf8f3aff9b,NO INJURY / DRIVE AWAY,"OVER $1,500",2025-09-19T06:40:00.000,FUNCTIONING PROPERLY,TURNING,,0,0,2,0,0,0,0,41.8768332074,DAWN,-87.6294075903,NO INDICATION OF INJURY,2,30,FAILING TO YIELD RIGHT-OF-WAY,NOT ON SCENE (DESK REPORT),NO DEFECTS,DRY,IMPROPER TURNING/NO SIGNAL,S,DEARBORN ST,400,TRAFFIC SIGNAL,ONE-WAY,CLEAR,Y,,,,,,2,2,"{""coordinates"": [-87.629407590326, 41.876833207404], ""type"": ""Point""}","[""FRONT-RIGHT-CORNER"", ""SIDE-LEFT""]","[""TURNING LEFT""]",[],"[""N""]","[""DRIVER""]","[""NONE""]","[""COMMERCIAL - SINGLE UNIT"", ""PERSONAL""]","[""2024"", ""2025""]","[""32"", ""36""]","[""NOT APPLICABLE""]","[""NONE""]","[""NO INDICATION OF INJURY""]","[""DRIVER""]","[""SAFETY BELT USED""]","[""F"", ""M""]",[]
STRAIGHT AND LEVEL,1522,2025-09-19T06:00:00.000,6,6,9,c94bc7c8f2152a54af033b1fba98a473218393401f3f5f934bfb055a319dfe7d6b03cb9deda011ce7cae972e31442443023ffc9b174bcf17d6e3eee495897e54,NO INJURY / DRIVE AWAY,"OVER $1,500",2025-09-19T09:52:00.000,NO CONTROLS,PARKED MOTOR VEHICLE,Y,0,0,1,0,0,0,0,41.8785374659,UNKNOWN,-87.7585277171,NO INDICATION OF INJURY,2,15,UNABLE TO DETERMINE,NOT ON SCENE (DESK REPORT),UNKNOWN,UNKNOWN,NOT APPLICABLE,W,ADAMS ST,5322,NO CONTROLS,PARKING LOT,UNKNOWN,,Y,,,,,2,1,"{""coordinates"": [-87.758527717145, 41.878537465947], ""type"": ""Point""}","[""FRONT-LEFT-CORNER"", ""UNKNOWN""]","[""PARKED"", ""UNKNOWN/NA""]",[],"[""N"", ""UNKNOWN""]","[""DRIVER"", ""PARKED""]","[""NONE"", ""UNKNOWN""]","[""RIDESHARE SERVICE"", ""UNKNOWN/NA""]","[""2024""]",[],"[""DEPLOYMENT UNKNOWN""]","[""NONE""]","[""NO INDICATION OF INJURY""]","[""DRIVER""]","[""USAGE UNKNOWN""]","[""X""]",[]
STRAIGHT AND LEVEL,1113,2025-09-19T06:00:00.000,6,6,9,f1bfe4441a74f544f4cf887f9afa3fceb53df97bfc41298023630ed61a1fa8cf6a134cbe000bb3c41558c00ad2d10e44a2d4188ab3e3d6be84e9339fb0f06d12,NO INJURY / DRIVE AWAY,"OVER $1,500",2025-09-20T18:15:00.000,NO CONTROLS,SIDESWIPE SAME DIRECTION,,0,0,2,0,0,0,0,41.8854652386,DAYLIGHT,-87.7453103688,NO INDICATION OF INJURY,2,30,FAILING TO YIELD RIGHT-OF-WAY,NOT ON SCENE (DESK REPORT),NO DEFECTS,DRY,FAILING TO YIELD RIGHT-OF-WAY,N,CICERO AVE,303,NO CONTROLS,NOT DIVIDED,CLEAR,,,,,,,2,1,"{""coordinates"": [-87.745310368833, 41.885465238599], ""type"": ""Point""}","[""SIDE-LEFT"", ""UNKNOWN""]","[""MERGING"", ""STRAIGHT AHEAD""]",[],"[""S""]","[""DRIVER""]","[""NONE""]","[""PERSONAL""]","[""2011"", ""2018""]","[""27""]","[""NOT APPLICABLE""]","[""NONE""]","[""NO INDICATION OF INJURY""]","[""DRIVER""]","[""USAGE UNKNOWN""]","[""M""]",[]
STRAIGHT AND LEVEL,1532,2025-09-19T06:10:00.000,6,6,9,c467e3e338073916f58f4b23a2aa289b613364e38e0f6d04cff8655d5e5ebcb3c7403ddede8d4488501772dca96e8d7b1fe1b2c869f89e21279dbb47b6ada7fd,NO INJURY / DRIVE AWAY,"OVER $1,500",2025-09-19T18:00:00.000,NO CONTROLS,TURNING,,0,0,2,0,0,0,0,41.8857488699,DAYLIGHT,-87.7456159771,NO INDICATION OF INJURY,2,35,UNABLE TO DETERMINE,NOT ON SCENE (DESK REPORT),NO DEFECTS,DRY,UNABLE TO DETERMINE,N,CICERO AVE,310,NO CONTROLS,NOT DIVIDED,CLEAR,Y,,,,,,2,2,"{""coordinates"": [-87.745615977086, 41.885748869928], ""type"": ""Point""}","[""FRONT"", ""REAR-RIGHT-CORNER""]","[""STRAIGHT AHEAD"", ""TURNING RIGHT""]",[],"[""S"", ""W""]","[""DRIVER""]","[""NONE""]","[""PERSONAL""]","[""2011"", ""2018""]","[""27""]","[""DEPLOYMENT UNKNOWN"", ""NOT APPLICABLE""]","[""NONE"", ""UNKNOWN""]","[""NO INDICATION OF INJURY""]","[""DRIVER""]","[""HELMET NOT USED"", ""SAFETY BELT USED""]","[""M""]",[]
STRAIGHT AND LEVEL,922,2025-09-19T06:17:00.000,6,6,9,6459824b42fa4bd8891c28e5ade617a148a19dccd6b8683eb7320c9e17cd42c0b7e9eb808bd9a6c3f4d479e2caafd5424ff928e3d780a3278127f9dbc6d71bf7,NO INJURY / DRIVE AWAY,"$501 - $1,500",2025-09-19T08:30:00.000,NO CONTROLS,PEDALCYCLIST,Y,0,0,2,0,0,0,0,41.8147445587,DAYLIGHT,-87.6857315949,NO INDICATION OF INJURY,2,15,UNABLE TO DETERMINE,NOT ON SCENE (DESK REPORT),NO DEFECTS,DRY,UNABLE TO DETERMINE,S,ARTESIAN AVE,4331,NO CONTROLS,ALLEY,CLEAR,,,,,,,2,2,"{""coordinates"": [-87.685731594874, 41.81474455872], ""type"": ""Point""}","[""SIDE-LEFT""]","[""STRAIGHT AHEAD""]",[],"[""N""]","[""BICYCLE"", ""DRIVER""]","[""UNKNOWN""]","[""PERSONAL""]","[""2021""]","[""26""]","[""NOT APPLICABLE""]","[""NONE""]","[""NO INDICATION OF INJURY""]","[""BICYCLE"", ""DRIVER""]","[""HELMET NOT USED"", ""USAGE UNKNOWN""]","[""M""]",[]
STRAIGHT AND LEVEL,824,2025-09-19T06:30:00.000,6,6,9,b944969abae507582b6859093eb55de885dbe74833055805e1fdfb49bd4aa6a3940631b89b4a7e027c8f3a5d43e869f0173d10a7fec47d5eebf6c78e96b6c80a,NO INJURY / DRIVE AWAY,"OVER $1,500",2025-09-19T17:25:00.000,NO CONTROLS,PARKED MOTOR VEHICLE,Y,0,0,1,0,0,0,0,41.7846351945,UNKNOWN,-87.6971425978,NO INDICATION OF INJURY,2,25,UNABLE TO DETERMINE,NOT ON SCENE (DESK REPORT),NO DEFECTS,DRY,UNABLE TO DETERMINE,W,60TH ST,2930,NO CONTROLS,ONE-WAY,UNKNOWN,,,,,,,2,1,"{""coordinates"": [-87.697142597848, 41.784635194466], ""type"": ""Point""}","[""FRONT"", ""REAR""]","[""PARKED"", ""STRAIGHT AHEAD""]",[],"[""W""]","[""DRIVER"", ""PARKED""]","[""NONE""]","[""PERSONAL"", ""UNKNOWN/NA""]","[""2008"", ""2016""]",[],"[""DEPLOYMENT UNKNOWN""]","[""NONE""]","[""NO INDICATION OF INJURY""]","[""DRIVER""]","[""USAGE UNKNOWN""]","[""X""]",[]
STRAIGHT AND LEVEL,1614,2025-09-19T06:32:00.000,6,6,9,f978a52fa9790e46e70e753941fa09dbb266f3fc86f8816a6825b448ed3b463d1a9bd1c6b2cc51f07d43378b3a3d0b01657bf1c86bd217a463e5b68e2d0ff2cc,NO INJURY / DRIVE AWAY,"OVER $1,500",2025-09-19T06:47:00.000,NO CONTROLS,TURNING,,0,0,2,0,0,0,0,41.9811983912,DAYLIGHT,-87.837238725,NO INDICATION OF INJURY,2,30,UNABLE TO DETERMINE,ON SCENE,NO DEFECTS,DRY,UNABLE TO DETERMINE,W,BRYN MAWR AVE,8410,NO CONTROLS,DIVIDED - W/MEDIAN (NOT RAISED),CLEAR,,,,,,,2,2,"{""coordinates"": [-87.837238724969, 41.981198391229], ""type"": ""Point""}","[""FRONT"", ""SIDE-LEFT""]","[""STRAIGHT AHEAD"", ""TURNING LEFT""]",[],"[""SW"", ""W""]","[""DRIVER""]","[""NONE""]","[""OTHER"", ""PERSONAL""]","[""2015"", ""2024""]","[""39"", ""61""]","[""DID NOT DEPLOY"", ""NOT APPLICABLE""]","[""NONE""]","[""NO INDICATION OF INJURY""]","[""DRIVER""]","[""SAFETY BELT USED""]","[""M""]",[]
STRAIGHT AND LEVEL,1622,2025-09-19T06:40:00.000,6,6,9,85f70763aa8b6d0a98a8ad94a2a8f2c4e55a8525ce60eafae7fee2b019a59e91df99b8f23820c6160e61c0b2d57856b1e74f14a2588e4a73299b985e60c5069a,NO INJURY / DRIVE AWAY,"OVER $1,500",2025-09-19T17:45:00.000,NO CONTROLS,ANGLE,,0,0,2,0,0,0,0,41.9714505981,UNKNOWN,-87.7721867925,NO INDICATION OF INJURY,2,30,UNABLE TO DETERMINE,NOT ON SCENE (DESK REPORT),UNKNOWN,UNKNOWN,UNABLE TO DETERMINE,W,HIGGINS AVE,5739,NO CONTROLS,NOT DIVIDED,UNKNOWN,,,,,,,2,2,"{""coordinates"": [-87.772186792477, 41.971450598103], ""type"": ""Point""}","[""FRONT"", ""SIDE-RIGHT""]","[""STRAIGHT AHEAD""]",[],"[""E"", ""N""]","[""DRIVER""]","[""UNKNOWN""]","[""UNKNOWN/NA""]","[""2019"", ""2021""]","[""28"", ""36""]","[""NOT APPLICABLE""]","[""NONE""]","[""NO INDICATION OF INJURY""]","[""DRIVER""]","[""USAGE UNKNOWN""]","[""F"", ""M""]",[]
STRAIGHT AND LEVEL,1731,2025-09-19T06:45:00.000,6,6,9,196f9805ec6ad2950098946729af1901c319cef7a4232981ea9d4db962ae4743bca0ccc82fc761ae5d70dfaf1acca682271e3c17c986c926a97dde917fde18a1,NO INJURY / DRIVE AWAY,"OVER $1,500",2025-09-19T17:30:00.000,FUNCTIONING PROPERLY,SIDESWIPE SAME DIRECTION,,0,0,2,0,0,0,0,41.9411504293,DAYLIGHT,-87.7273930873,NO INDICATION OF INJURY,2,30,UNABLE TO DETERMINE,NOT ON SCENE (DESK REPORT),NO DEFECTS,DRY,UNABLE TO DETERMINE,N,PULASKI RD,3306,TRAFFIC SIGNAL,NOT DIVIDED,CLEAR,,,,,,,2,2,"{""coordinates"": [-87.727393087269, 41.941150429285], ""type"": ""Point""}","[""FRONT-LEFT-CORNER"", ""FRONT-RIGHT-CORNER""]","[""CHANGING LANES""]",[],"[""N""]","[""DRIVER""]","[""NONE""]","[""PERSONAL""]","[""2005""]","[""25"", ""30""]","[""DID NOT DEPLOY""]","[""NONE""]","[""NO INDICATION OF INJURY""]","[""DRIVER""]","[""SAFETY BELT USED""]","[""F"", ""M""]",[]
STRAIGHT AND LEVEL,1622,2025-09-19T06:45:00.000,6,6,9,1c364bfc1f41be2b8df1b848da8bb58695477af9fcca5d5cefa4699943ce1ef3f1d88597645f96b9fe4b392a023169475b2178cbe20c959b8e0eb297629fcf9c,NO INJURY / DRIVE AWAY,"OVER $1,500",2025-09-19T09:30:00.000,NO CONTROLS,ANGLE,,0,0,2,0,0,0,0,41.9715245976,DAYLIGHT,-87.7723472678,NO INDICATION OF INJURY,2,30,UNABLE TO DETERMINE,NOT ON SCENE (DESK REPORT),UNKNOWN,DRY,UNABLE TO DETERMINE,N,MANGO AVE,4970,NO CONTROLS,NOT DIVIDED,CLEAR,Y,,,,,,2,2,"{""coordinates"": [-87.772347267804, 41.971524597605], ""type"": ""Point""}","[""FRONT"", ""SIDE-RIGHT""]","[""AVOIDING VEHICLES/OBJECTS"", ""STRAIGHT AHEAD""]",[],"[""E"", ""N""]","[""DRIVER""]","[""UNKNOWN""]","[""PERSONAL""]","[""2019"", ""2021""]","[""28"", ""36""]","[""NOT APPLICABLE""]","[""NONE""]","[""NO INDICATION OF INJURY""]","[""DRIVER""]","[""SAFETY BELT USED""]","[""F"", ""M""]",[]
STRAIGHT AND LEVEL,1921,2025-09-19T06:45:00.000,6,6,9,ca1fdf58d6b0e71d131e69a8d12be33f148e4c4fc0e99035a42164ccb18473a1378f9d15cd8f5ab03894a75ef46e072d83c4fcc0e583360695a8371cbaa476ef,NO INJURY / DRIVE AWAY,"OVER $1,500",2025-09-19T07:07:00.000,FUNCTIONING PROPERLY,REAR END,,0,0,5,0,0,0,0,41.9468136089,DAYLIGHT,-87.6950865834,NO INDICATION OF INJURY,3,30,UNABLE TO DETERMINE,NOT ON SCENE (DESK REPORT),NO DEFECTS,DRY,UNABLE TO DETERMINE,W,ADDISON ST,2650,TRAFFIC SIGNAL,DIVIDED - W/MEDIAN (NOT RAISED),CLEAR,,,,,,,3,5,"{""coordinates"": [-87.695086583405, 41.9468136089], ""type"": ""Point""}","[""FRONT-RIGHT-CORNER"", ""REAR"", ""SIDE-LEFT""]","[""CHANGING LANES"", ""SLOW/STOP IN TRAFFIC"", ""STRAIGHT AHEAD""]",[],"[""E""]","[""DRIVER""]","[""NONE""]","[""OTHER"", ""PERSONAL""]","[""2012"", ""2015"", ""2024""]","[""26"", ""45"", ""61""]","[""DID NOT DEPLOY""]","[""NONE""]","[""NO INDICATION OF INJURY""]","[""DRIVER"", ""PASSENGER""]","[""SAFETY BELT USED""]","[""F"", ""M""]","[""1"", ""4""]"
STRAIGHT AND LEVEL,912,2025-09-19T06:46:00.000,6,6,9,600b8e5f086e426b8ae7747f6a1e3ee564b7bf28922d01fa503c6702d62cbf2541288820e37ee07899a37011bb5e746ae9599585eb9920b83e449decc6438f04,INJURY AND / OR TOW DUE TO CRASH,"OVER $1,500",2025-09-19T06:47:00.000,FUNCTIONING PROPERLY,HEAD ON,,0,0,2,1,0,1,0,41.8370868238,DAYLIGHT,-87.6655828525,NONINCAPACITATING INJURY,2,35,DISREGARDING TRAFFIC SIGNALS,ON SCENE,NO DEFECTS,DRY,FAILING TO REDUCE SPEED TO AVOID CRASH,S,ASHLAND AVE,3125,TRAFFIC SIGNAL,NOT DIVIDED,CLEAR,Y,,,,,,2,3,"{""coordinates"": [-87.665582852534, 41.837086823763], ""type"": ""Point""}","[""FRONT"", ""FRONT-LEFT-CORNER""]","[""STRAIGHT AHEAD""]",[],"[""N"", ""S""]","[""DRIVER""]","[""NONE"", ""UNKNOWN""]","[""PERSONAL""]","[""1998"", ""2016""]","[""26"", ""33""]","[""NOT APPLICABLE""]","[""NONE""]","[""NO INDICATION OF INJURY"", ""NONINCAPACITATING INJURY""]","[""DRIVER"", ""PASSENGER""]","[""NONE PRESENT"", ""USAGE UNKNOWN""]","[""F"", ""M""]","[""3""]"
STRAIGHT AND LEVEL,1431,2025-09-19T07:00:00.000,6,7,9,758acf9ef51a6d1f17ad67c472e987b17e51d2dcb44e511cda0cb0e7ab26aebf7c90f8b06d70aa0b9616f9d03548fc543147d19453e7302c6e43cb53f22066f2,NO INJURY / DRIVE AWAY,"OVER $1,500",2025-09-19T07:20:00.000,UNKNOWN,ANGLE,,0,0,2,0,0,0,0,41.9247457546,DAYLIGHT,-87.6923909839,NO INDICATION OF INJURY,2,25,UNABLE TO DETERMINE,NOT ON SCENE (DESK REPORT),NO DEFECTS,DRY,UNABLE TO DETERMINE,W,FULLERTON AVE,2565,UNKNOWN,PARKING LOT,CLEAR,,,,,,,2,2,"{""coordinates"": [-87.692390983885, 41.924745754637], ""type"": ""Point""}","[""REAR"", ""SIDE-LEFT-REAR""]","[""BACKING""]",[],"[""N"", ""W""]","[""DRIVER""]","[""NONE""]","[""PERSONAL""]","[""2014"", ""2015""]","[""22"", ""25""]","[""DID NOT DEPLOY""]","[""UNKNOWN""]","[""NO INDICATION OF INJURY""]","[""DRIVER""]","[""SAFETY BELT USED""]","[""F"", ""M""]",[]
STRAIGHT AND LEVEL,1432,2025-09-19T07:00:00.000,6,7,9,a419495a9011d90b756ec9d92f438b3059e9ceb2688e18589309898ac031a2c87a8edeee1d0f86af3a7e1488cd28ac6958d5426daa2a608ae1da2daf981fb270,NO INJURY / DRIVE AWAY,"$501 - $1,500",2025-09-19T07:05:00.000,NO CONTROLS,ANGLE,Y,0,0,2,0,0,0,0,41.925010656,DAYLIGHT,-87.6876177869,NO INDICATION OF INJURY,2,30,DISREGARDING OTHER TRAFFIC SIGNS,ON SCENE,NO DEFECTS,DRY,DISREGARDING OTHER TRAFFIC SIGNS,W,FULLERTON AVE,2398,NO CONTROLS,OTHER,CLEAR,,,,,,,2,2,"{""coordinates"": [-87.687617786941, 41.925010655979], ""type"": ""Point""}","[""FRONT"", ""SIDE-RIGHT""]","[""STRAIGHT AHEAD""]",[],"[""E"", ""NE""]","[""DRIVER""]","[""NONE"", ""UNKNOWN""]","[""OTHER"", ""UNKNOWN/NA""]","[""2012"", ""2021""]","[""27""]","[""DEPLOYMENT UNKNOWN"", ""NOT APPLICABLE""]","[""NONE""]","[""NO INDICATION OF INJURY""]","[""DRIVER""]","[""USAGE UNKNOWN""]","[""M""]",[]
STRAIGHT AND LEVEL,1733,2025-09-19T07:00:00.000,6,7,9,c2d8fe1894e040a849736bc3c458252dfcf1b7a076313d46ee2f28ab9518da4dff659efec24dab12f277572edd89eb184cb01179833bb5e2141794cc3dcfad55,NO INJURY / DRIVE AWAY,"OVER $1,500",2025-09-19T12:00:00.000,FUNCTIONING PROPERLY,ANGLE,,0,0,2,0,0,0,0,41.9394405612,DAYLIGHT,-87.7077185163,NO INDICATION OF INJURY,4,30,FAILING TO YIELD RIGHT-OF-WAY,NOT ON SCENE (DESK REPORT),NO DEFECTS,DRY,UNABLE TO DETERMINE,W,BELMONT AVE,3200,TRAFFIC SIGNAL,NOT DIVIDED,CLEAR,Y,,,,,,3,2,"{""coordinates"": [-87.707718516309, 41.939440561174], ""type"": ""Point""}","[""FRONT"", ""SIDE-RIGHT""]","[""STRAIGHT AHEAD""]",[],"[""E"", ""S""]","[""DRIVER""]","[""NONE"", ""UNKNOWN""]","[""PERSONAL""]","[""2017"", ""2021""]","[""32"", ""63""]","[""DID NOT DEPLOY""]","[""NONE""]","[""NO INDICATION OF INJURY""]","[""DRIVER""]","[""SAFETY BELT USED"", ""USAGE UNKNOWN""]","[""F"", ""M""]",[]