alignment,beat_of_occurrence,crash_date,crash_day_of_week,crash_hour,crash_month,crash_record_id,crash_type,damage,date_police_notified,device_condition,first_crash_type,hit_and_run_i,injuries_fatal,injuries_incapacitating,injuries_no_indication,injuries_non_incapacitating,injuries_reported_not_evident,injuries_total,injuries_unknown,latitude,lighting_condition,longitude,most_severe_injury,num_units,posted_speed_limit,prim_contributory_cause,report_type,road_defect,roadway_surface_cond,sec_contributory_cause,street_direction,street_name,street_no,traffic_control_device,trafficway_type,weather_condition,intersection_related_i,crash_date_est_i,private_property_i,statements_taken_i,photos_taken_i,work_zone_i,veh_count,ppl_count,location_json,veh_first_contact_point_list_json,veh_maneuver_list_json,veh_towed_i_list_json,veh_travel_direction_list_json,veh_unit_type_list_json,veh_vehicle_defect_list_json,veh_vehicle_use_list_json,veh_vehicle_year_list_json,ppl_age_list_json,ppl_airbag_deployed_list_json,ppl_ejection_list_json,ppl_injury_classification_list_json,ppl_person_type_list_json,ppl_safety_equipment_list_json,ppl_sex_list_json,ppl_seat_no_list_json
STRAIGHT AND LEVEL,711,2025-09-19T07:15:00.000,6,7,9,055b6e970164fc8966079cc5d29f842ba66fb32481cbd9976ba0694f42d0fe42bac99d5f355b4df7b0876936ee0e7c837d897a334c01602a1f2a6301c45f0a01,NO INJURY / DRIVE AWAY,"OVER $1,500",2025-09-19T17:50:00.000,NO CONTROLS,PARKED MOTOR VEHICLE,Y,0,0,1,0,0,0,0,41.7926463279,DAYLIGHT,-87.6319355381,NO INDICATION OF INJURY,2,30,IMPROPER LANE USAGE,NOT ON SCENE (DESK REPORT),UNKNOWN,DRY,UNABLE TO DETERMINE,S,WELLS ST,5554,NO CONTROLS,ONE-WAY,CLEAR,,N,,,,,2,1,"{""coordinates"": [-87.631935538081, 41.792646327872], ""type"": ""Point""}","[""SIDE-LEFT"", ""UNKNOWN""]","[""PARKED"", ""UNKNOWN/NA""]",[],"[""S"", ""UNKNOWN""]","[""DRIVER"", ""PARKED""]","[""UNKNOWN""]","[""PERSONAL"", ""UNKNOWN/NA""]","[""2009""]",[],"[""DEPLOYMENT UNKNOWN""]","[""NONE""]","[""NO INDICATION OF INJURY""]","[""DRIVER""]","[""USAGE UNKNOWN""]","[""X""]",[]
STRAIGHT AND LEVEL,921,2025-09-19T07:37:00.000,6,7,9,be8a26af369f2bdc7b72cd3e0aee11a0350a98f1e3122c3c6feca1f3e2058548e220a780af1e8f6700b0b86126664ff1c4f0ec792e6340ea97504d2c0cc155d9,INJURY AND / OR TOW DUE TO CRASH,"OVER $1,500",2025-09-19T07:40:00.000,FUNCTIONING PROPERLY,PARKED MOTOR VEHICLE,,0,0,1,0,0,0,0,41.8174814965,DAYLIGHT,-87.6942563767,NO INDICATION OF INJURY,3,30,IMPROPER TURNING/NO SIGNAL,ON SCENE,NO DEFECTS,DRY,FAILING TO YIELD RIGHT-OF-WAY,W,42ND ST,2754,TRAFFIC SIGNAL,FOUR WAY,CLEAR,Y,Y,,Y,,,3,1,"{""coordinates"": [-87.694256376681, 41.817481496521], ""type"": ""Point""}","[""FRONT-LEFT-CORNER"", ""REAR"", ""REAR-RIGHT-CORNER""]","[""PARKED"", ""TURNING LEFT""]","[""Y""]","[""E""]","[""DRIVER"", ""PARKED""]","[""NONE""]","[""NOT IN USE"", ""PERSONAL""]","[""2007"", ""2012"", ""2022""]","[""18""]","[""DEPLOYED, COMBINATION""]","[""NONE""]","[""NO INDICATION OF INJURY""]","[""DRIVER""]","[""USAGE UNKNOWN""]","[""M""]",[]
STRAIGHT AND LEVEL,1921,2025-09-19T07:45:00.000,6,7,9,73d3646568998ce85d1b6997fa0e982c03e09b7d1f65986110c46b9857c3b8cf58a86fe94e00b7f7a35b9ed2b52e5bcf772d13dcfc526be1cb9044dccb0a91cb,INJURY AND / OR TOW DUE TO CRASH,"$501 - $1,500",2025-09-19T08:00:00.000,NO CONTROLS,REAR END,,0,0,1,0,1,1,0,41.9425188714,DAYLIGHT,-87.6878825462,"REPORTED, NOT EVIDENT",2,30,FOLLOWING TOO CLOSELY,ON SCENE,NO DEFECTS,DRY,NOT APPLICABLE,N,WESTERN AVE,3341,NO CONTROLS,DIVIDED - W/MEDIAN BARRIER,CLEAR,,,,,,,2,2,"{""coordinates"": [-87.687882546192, 41.942518871394], ""type"": ""Point""}","[""FRONT"", ""REAR""]","[""SLOW/STOP IN TRAFFIC"", ""STRAIGHT AHEAD""]",[],"[""N""]","[""DRIVER""]","[""NONE""]","[""PERSONAL""]","[""2011"", ""2013""]","[""38"", ""61""]","[""NOT APPLICABLE""]","[""NONE""]","[""NO INDICATION OF INJURY"", ""REPORTED, NOT EVIDENT""]","[""DRIVER""]","[""USAGE UNKNOWN""]","[""F"", ""M""]",[]
STRAIGHT AND LEVEL,1713,2025-09-19T07:45:00.000,6,7,9,d4cb61223bea3b001ee59747d7f87a239b15df9d56b8e9f103462c1d67a22069412e55ac1bbf5db117daf9471c6fb769ce17146253b6292cde0f455417670851,NO INJURY / DRIVE AWAY,"$501 - $1,500",2025-09-19T08:15:00.000,NO CONTROLS,REAR END,,0,0,4,0,0,0,0,41.9682001817,DAYLIGHT,-87.7132084663,NO INDICATION OF INJURY,2,20,UNABLE TO DETERMINE,NOT ON SCENE (DESK REPORT),NO DEFECTS,DRY,UNABLE TO DETERMINE,N,KIMBALL AVE,4755,NO CONTROLS,NOT DIVIDED,CLEAR,,,,,,,2,4,"{""coordinates"": [-87.713208466279, 41.968200181677], ""type"": ""Point""}","[""FRONT"", ""REAR""]","[""STRAIGHT AHEAD""]",[],"[""S""]","[""DRIVER""]","[""NONE""]","[""PERSONAL""]","[""2007"", ""2013""]","[""16"", ""26"", ""3"", ""44""]","[""NOT APPLICABLE""]","[""NONE""]","[""NO INDICATION OF INJURY""]","[""DRIVER"", ""PASSENGER""]","[""CHILD RESTRAINT - TYPE UNKNOWN"", ""SAFETY BELT USED"", ""USAGE UNKNOWN""]","[""F"", ""M""]","[""3"", ""6""]"
STRAIGHT AND LEVEL,1424,2025-09-19T07:59:00.000,6,7,9,fa7a0d01988ffde6207c599e923ea35433a26a10e6de0af75456a10791a5b5b939e08ce53489fa1cdf45f54f4c1c47cbda5669444b2360f4f5bfb4fb3c98dbf4,INJURY AND / OR TOW DUE TO CRASH,"OVER $1,500",2025-09-19T07:59:00.000,NO CONTROLS,ANGLE,,0,0,2,0,0,0,0,41.9083514875,DAYLIGHT,-87.6782112208,NO INDICATION OF INJURY,2,10,DRIVING SKILLS/KNOWLEDGE/EXPERIENCE,ON SCENE,NO DEFECTS,DRY,NOT APPLICABLE,W,LE MOYNE ST,2018,NO CONTROLS,ALLEY,CLEAR,Y,,,,,,2,2,"{""coordinates"": [-87.678211220812, 41.908351487487], ""type"": ""Point""}","[""FRONT"", ""FRONT-RIGHT-CORNER""]","[""MERGING"", ""STRAIGHT AHEAD""]","[""Y""]","[""E"", ""S""]","[""DRIVER""]","[""NONE""]","[""PERSONAL""]","[""2012"", ""2017""]","[""24"", ""26""]","[""DID NOT DEPLOY""]","[""NONE""]","[""NO INDICATION OF INJURY""]","[""DRIVER""]","[""USAGE UNKNOWN""]","[""F"", ""M""]",[]
STRAIGHT AND LEVEL,1614,2025-09-19T08:00:00.000,6,8,9,480c69d89160bc8f9d6900e4b73af347476c13ac91984f3896a4d251659a556b60857405cd2b7461ee7463b3dc36b7aac7bddfbd86e795ac0ae07c7af177a19b,NO INJURY / DRIVE AWAY,"OVER $1,500",2025-09-19T08:10:00.000,NO CONTROLS,TURNING,,0,0,2,0,0,0,0,41.9736824216,DAYLIGHT,-87.8414379089,NO INDICATION OF INJURY,2,25,FAILING TO YIELD RIGHT-OF-WAY,ON SCENE,NO DEFECTS,DRY,NOT APPLICABLE,W,FOSTER AVE,8611,NO CONTROLS,NOT DIVIDED,CLEAR,,Y,,,,,2,2,"{""coordinates"": [-87.84143790893, 41.973682421577], ""type"": ""Point""}","[""FRONT-LEFT-CORNER"", ""FRONT-RIGHT-CORNER""]","[""STRAIGHT AHEAD"", ""TURNING RIGHT""]",[],"[""E"", ""N""]","[""DRIVER""]","[""NONE""]","[""PERSONAL""]","[""2008"", ""2021""]","[""23"", ""24""]","[""NOT APPLICABLE""]","[""NONE""]","[""NO INDICATION OF INJURY""]","[""DRIVER""]","[""USAGE UNKNOWN""]","[""F"", ""M""]",[]
STRAIGHT AND LEVEL,1213,2025-09-19T08:00:00.000,6,8,9,4d111f8078dbbfb0e651cf248aa3bd1b61281324fe60ebfa16d4f02424653478c56f2dd0c7ebd7c36fcaf3ba0762243cab82117aee53c6cdd33b1648ce5f53de,NO INJURY / DRIVE AWAY,"OVER $1,500",2025-09-22T10:30:00.000,NO CONTROLS,PARKED MOTOR VEHICLE,Y,0,0,1,0,0,0,0,41.8997473335,"DARKNESS, LIGHTED ROAD",-87.6719704076,NO INDICATION OF INJURY,2,30,DRIVING ON WRONG SIDE/WRONG WAY,NOT ON SCENE (DESK REPORT),NO DEFECTS,UNKNOWN,UNABLE TO DETERMINE,W,AUGUSTA BLVD,1754,NO CONTROLS,DIVIDED - W/MEDIAN (NOT RAISED),UNKNOWN,,Y,,,,,2,1,"{""coordinates"": [-87.671970407629, 41.899747333521], ""type"": ""Point""}","[""FRONT""]","[""DRIVING WRONG WAY"", ""PARKED""]",[],"[""E"", ""UNKNOWN""]","[""DRIVER"", ""PARKED""]","[""NONE"", ""UNKNOWN""]","[""NOT IN USE"", ""UNKNOWN/NA""]","[""2005"", ""2021""]",[],"[""DEPLOYMENT UNKNOWN""]","[""UNKNOWN""]","[""NO INDICATION OF INJURY""]","[""DRIVER""]","[""USAGE UNKNOWN""]","[""X""]",[]
STRAIGHT AND LEVEL,132,2025-09-19T08:00:00.000,6,8,9,74e0b4af0a32b0f9f97ba31e08d3651dfe6f62063b16a7889d92c30fe9ea08f40d7748b403b84fe0fc5f87149019d605e225919a7334bca43451348096cfccd9,NO INJURY / DRIVE AWAY,"OVER $1,500",2025-09-19T11:37:00.000,NO CONTROLS,PARKED MOTOR VEHICLE,,0,0,1,0,0,0,0,41.8663368786,DAYLIGHT,-87.6215000191,NO INDICATION OF INJURY,2,30,IMPROPER OVERTAKING/PASSING,NOT ON SCENE (DESK REPORT),NO DEFECTS,DRY,NOT APPLICABLE,S,PRAIRIE AVE,1211,NO CONTROLS,NOT DIVIDED,CLEAR,,,,,,,2,1,"{""coordinates"": [-87.621500019082, 41.866336878588], ""type"": ""Point""}","[""FRONT-LEFT-CORNER"", ""UNKNOWN""]","[""PARKED"", ""PASSING/OVERTAKING""]",[],"[""N""]","[""DRIVER"", ""PARKED""]","[""NONE"", ""UNKNOWN""]","[""PERSONAL"", ""UNKNOWN/NA""]","[""2016""]","[""63""]","[""DID NOT DEPLOY""]","[""NONE""]","[""NO INDICATION OF INJURY""]","[""DRIVER""]","[""SAFETY BELT USED""]","[""M""]",[]
STRAIGHT AND LEVEL,915,2025-09-19T08:00:00.000,6,8,9,8fc5255ad7ac7104ebf062fc00ee2a676df0e3d1bc3cf8a84617bc9900512d72a63ec34d02df7729cd13ace7463130bf0d9837957db32c7e340b5c72e2befde3,NO INJURY / DRIVE AWAY,"$501 - $1,500",2025-09-19T17:40:00.000,FUNCTIONING PROPERLY,ANGLE,,0,0,2,0,0,0,0,41.8270772819,DAYLIGHT,-87.6409921842,NO INDICATION OF INJURY,2,30,FAILING TO YIELD RIGHT-OF-WAY,NOT ON SCENE (DESK REPORT),NO DEFECTS,DRY,NOT APPLICABLE,S,WALLACE ST,3701,STOP SIGN/FLASHER,NOT DIVIDED,CLEAR,,,,,,,2,2,"{""coordinates"": [-87.640992184166, 41.82707728194], ""type"": ""Point""}","[""FRONT"", ""REAR-RIGHT-CORNER""]","[""STRAIGHT AHEAD""]",[],"[""N"", ""W""]","[""DRIVER""]","[""NONE""]","[""PERSONAL""]","[""2012""]","[""29"", ""36""]","[""DID NOT DEPLOY""]","[""NONE""]","[""NO INDICATION OF INJURY""]","[""DRIVER""]","[""SAFETY BELT USED""]","[""M""]",[]
STRAIGHT AND LEVEL,1654,2025-09-19T08:00:00.000,6,8,9,dc340ae2ad1805fc6e82a5f965da4b2999fbb5d00459b621e957fbf8d399af02c706ead967da5aa1a23e719cd99b4c63e05a45552dd0f006fc5e8bb7010477ad,NO INJURY / DRIVE AWAY,"$501 - $1,500",2025-09-19T13:15:00.000,NO CONTROLS,PARKED MOTOR VEHICLE,Y,0,0,1,0,0,0,0,,DAYLIGHT,,NO INDICATION OF INJURY,2,15,UNABLE TO DETERMINE,ON SCENE,NO DEFECTS,DRY,NOT APPLICABLE,W,PARKING LOT E SEC G ST,1,NO CONTROLS,PARKING LOT,CLEAR,,,,,,,2,1,,"[""SIDE-LEFT""]","[""OTHER"", ""PARKED""]",[],"[""E"", ""W""]","[""DRIVER"", ""PARKED""]","[""NONE""]","[""PERSONAL""]","[""2006"", ""2023""]",[],"[""DEPLOYMENT UNKNOWN""]","[""NONE""]","[""NO INDICATION OF INJURY""]","[""DRIVER""]","[""USAGE UNKNOWN""]","[""X""]",[]
STRAIGHT AND LEVEL,1034,2025-09-19T08:05:00.000,6,8,9,087f3acdbd08d041e59a19e1067833de20ea01c747b2eff49ddf5bfb6dd4acf20a32446c3abd225d94dd38d8ffe6f595cf5e8c364c0f8b5973841fc41084f057,NO INJURY / DRIVE AWAY,"OVER $1,500",2025-09-19T08:35:00.000,NO CONTROLS,SIDESWIPE SAME DIRECTION,,0,0,2,0,0,0,0,41.8482882316,DAYLIGHT,-87.6856462781,NO INDICATION OF INJURY,2,30,FAILING TO YIELD RIGHT-OF-WAY,NOT ON SCENE (DESK REPORT),NO DEFECTS,DRY,UNABLE TO DETERMINE,W,24TH ST,2401,NO CONTROLS,NOT DIVIDED,CLEAR,,,,,,,2,2,"{""coordinates"": [-87.685646278117, 41.848288231648], ""type"": ""Point""}","[""FRONT-LEFT-CORNER"", ""SIDE-RIGHT""]","[""MERGING"", ""STRAIGHT AHEAD""]",[],"[""W""]","[""DRIVER""]","[""NONE""]","[""PERSONAL""]","[""2013"", ""2023""]","[""24"", ""31""]","[""DID NOT DEPLOY""]","[""NONE""]","[""NO INDICATION OF INJURY""]","[""DRIVER""]","[""SAFETY BELT USED""]","[""F""]",[]
STRAIGHT AND LEVEL,1912,2025-09-19T08:05:00.000,6,8,9,7e93460e1aa1c600734cd73efda83e1913c1313a791c612b48271e3b951b4da5b7eaf97ccb1922a9a7ed6145bdd188f9e727f12f3c75a3ae74945cd2b71ba53a,NO INJURY / DRIVE AWAY,"$501 - $1,500",2025-09-19T08:23:00.000,NO CONTROLS,PARKED MOTOR VEHICLE,Y,0,0,1,0,0,0,0,41.9612764314,DAYLIGHT,-87.6690997779,NO INDICATION OF INJURY,2,30,UNABLE TO DETERMINE,NOT ON SCENE (DESK REPORT),NO DEFECTS,DRY,NOT APPLICABLE,N,ASHLAND AVE,4351,NO CONTROLS,NOT DIVIDED,CLEAR,,,,,,,2,1,"{""coordinates"": [-87.669099777879, 41.961276431397], ""type"": ""Point""}","[""REAR-LEFT-CORNER"", ""UNKNOWN""]","[""PARKED"", ""UNKNOWN/NA""]",[],"[""UNKNOWN""]","[""DRIVER"", ""PARKED""]","[""NONE"", ""UNKNOWN""]","[""COMMERCIAL - SINGLE UNIT"", ""UNKNOWN/NA""]","[""2020""]",[],"[""DEPLOYMENT UNKNOWN""]","[""NONE""]","[""NO INDICATION OF INJURY""]","[""DRIVER""]","[""USAGE UNKNOWN""]","[""X""]",[]
STRAIGHT AND LEVEL,1613,2025-09-19T08:10:00.000,6,8,9,15587e22f7efd0c9923559703e2504be826816ae0726cc84b96c557cd0763f4ec0e02341ea185ce7d879204d9e15009f6eec49d7adf6fd5662e8c10fbc037972,INJURY AND / OR TOW DUE TO CRASH,"OVER $1,500",2025-09-19T08:12:00.000,FUNCTIONING PROPERLY,ANGLE,,0,0,1,0,1,1,0,41.9743355646,DAYLIGHT,-87.8170638832,"REPORTED, NOT EVIDENT",2,30,FAILING TO YIELD RIGHT-OF-WAY,ON SCENE,NO DEFECTS,DRY,UNABLE TO DETERMINE,N,ORIOLE AVE,5200,STOP SIGN/FLASHER,FOUR WAY,CLEAR,Y,,,,,,2,2,"{""coordinates"": [-87.817063883232, 41.974335564577], ""type"": ""Point""}","[""FRONT"", ""SIDE-LEFT""]","[""STRAIGHT AHEAD""]","[""Y""]","[""N"", ""W""]","[""DRIVER""]","[""UNKNOWN""]","[""PERSONAL""]","[""2017"", ""2022""]","[""34"", ""39""]","[""DEPLOYMENT UNKNOWN""]","[""NONE""]","[""NO INDICATION OF INJURY"", ""REPORTED, NOT EVIDENT""]","[""DRIVER""]","[""USAGE UNKNOWN""]","[""F""]",[]
STRAIGHT AND LEVEL,2521,2025-09-19T08:10:00.000,6,8,9,7ac619e0a5955d0af4acdab2e49c8944694c240a37fc5ef6059d4a9c1e4b08b302eb17dc98b5fefe92ae37c272d6f4b699a0e50455399c9bab66e4b778f8a616,INJURY AND / OR TOW DUE TO CRASH,"OVER $1,500",2025-09-19T08:12:00.000,NO CONTROLS,PEDALCYCLIST,,0,0,1,1,0,1,0,41.9263864144,DAYLIGHT,-87.7536195857,NONINCAPACITATING INJURY,2,30,UNABLE TO DETERMINE,ON SCENE,NO DEFECTS,DRY,NOT APPLICABLE,N,LECLAIRE AVE,2511,NO CONTROLS,ONE-WAY,CLEAR,,,,,,,2,2,"{""coordinates"": [-87.753619585741, 41.92638641442], ""type"": ""Point""}","[""FRONT-RIGHT-CORNER""]","[""STRAIGHT AHEAD""]",[],"[""N""]","[""BICYCLE"", ""DRIVER""]","[""UNKNOWN""]","[""PERSONAL""]","[""2021""]","[""15"", ""31""]","[""DID NOT DEPLOY""]","[""NONE""]","[""NO INDICATION OF INJURY"", ""NONINCAPACITATING INJURY""]","[""BICYCLE"", ""DRIVER""]","[""HELMET NOT USED"", ""SAFETY BELT USED""]","[""M""]",[]
STRAIGHT AND LEVEL,821,2025-09-19T08:10:00.000,6,8,9,95b78b9ff5c9775abff2802c65fb13c0ebeed43bf8df4bfa628d122c3ff414880c62a05cac9fe52a9dfdf799f02d3ab14a7c8955b6c36ff4d17337870986ba42,INJURY AND / OR TOW DUE TO CRASH,"OVER $1,500",2025-09-19T18:20:00.000,NO CONTROLS,REAR END,,0,0,1,0,1,1,0,41.8180187462,DAYLIGHT,-87.7237903822,"REPORTED, NOT EVIDENT",2,30,FAILING TO REDUCE SPEED TO AVOID CRASH,ON SCENE,NO DEFECTS,DRY,UNABLE TO DETERMINE,S,PULASKI RD,4113,NO CONTROLS,NOT DIVIDED,CLEAR,,,,,,,2,2,"{""coordinates"": [-87.723790382171, 41.818018746165], ""type"": ""Point""}","[""FRONT"", ""REAR""]","[""STRAIGHT AHEAD""]",[],"[""N""]","[""DRIVER""]","[""OTHER"", ""UNKNOWN""]","[""PERSONAL""]","[""2012""]","[""28"", ""38""]","[""DEPLOYMENT UNKNOWN""]","[""UNKNOWN""]","[""NO INDICATION OF INJURY"", ""REPORTED, NOT EVIDENT""]","[""DRIVER""]","[""SAFETY BELT USED""]","[""M""]",[]
STRAIGHT AND LEVEL,1121,2025-09-19T08:15:00.000,6,8,9,36cc3cb9fc536372dda93caaf02aff63089b3f4f1a184f72f1cdc37e006c0330e98698ddc265e6c8f214f3c671d0d9064189e74e8eb3a0bb3a1aa8ef328ca59f,INJURY AND / OR TOW DUE TO CRASH,"OVER $1,500",2025-09-19T08:20:00.000,NO CONTROLS,FIXED OBJECT,,0,0,1,0,0,0,0,41.8990469325,DAYLIGHT,-87.7101496665,NO INDICATION OF INJURY,1,30,UNABLE TO DETERMINE,ON SCENE,NO DEFECTS,DRY,UNABLE TO DETERMINE,W,AUGUSTA BLVD,3339,NO CONTROLS,NOT DIVIDED,CLEAR,,,,,,,1,1,"{""coordinates"": [-87.710149666469, 41.899046932511], ""type"": ""Point""}","[""TOP""]","[""STRAIGHT AHEAD""]","[""Y""]","[""E""]","[""DRIVER""]","[""UNKNOWN""]","[""COMMERCIAL - MULTI-UNIT""]","[""2025""]","[""34""]","[""DID NOT DEPLOY""]","[""NONE""]","[""NO INDICATION OF INJURY""]","[""DRIVER""]","[""USAGE UNKNOWN""]","[""M""]",[]
STRAIGHT AND LEVEL,815,2025-09-19T08:15:00.000,6,8,9,cbd5dae5a9214d43ef6c3600faa9abef7d61c6ee27e7982a3a7be2080b42df6ff32b65e9583e3152551d55c57c8b898630bd8fa762f2bf330be49ab023320f23,NO INJURY / DRIVE AWAY,"OVER $1,500",2025-09-19T17:55:00.000,FUNCTIONING PROPERLY,ANGLE,,0,0,2,0,0,0,0,41.8150117417,DAYLIGHT,-87.7432134184,NO INDICATION OF INJURY,2,30,UNABLE TO DETERMINE,NOT ON SCENE (DESK REPORT),NO DEFECTS,DRY,UNABLE TO DETERMINE,S,CICERO AVE,4277,TRAFFIC SIGNAL,FOUR WAY,CLEAR,Y,,,,,,2,2,"{""coordinates"": [-87.743213418365, 41.815011741675], ""type"": ""Point""}","[""REAR"", ""UNKNOWN""]","[""SLOW/STOP IN TRAFFIC"", ""STRAIGHT AHEAD""]",[],"[""N"", ""W""]","[""DRIVER""]","[""NONE"", ""UNKNOWN""]","[""OTHER"", ""PERSONAL""]","[""2006"", ""2013""]","[""20""]","[""DID NOT DEPLOY"", ""NOT APPLICABLE""]","[""NONE""]","[""NO INDICATION OF INJURY""]","[""DRIVER""]","[""SAFETY BELT USED""]","[""M""]",[]
STRAIGHT AND LEVEL,1424,2025-09-19T08:15:00.000,6,8,9,ddb947755ef98b141ef99c431bac8c8358ffcdabf082bc138dd881ea702f89dbb9df9ccb4f50e3638acaca055a1a71fa00176050dd1cb718f6f7b8d8efd31895,INJURY AND / OR TOW DUE TO CRASH,"OVER $1,500",2025-09-19T12:33:00.000,UNKNOWN,PEDALCYCLIST,,0,0,1,0,1,1,0,41.9043800284,DAYLIGHT,-87.6774377054,"REPORTED, NOT EVIDENT",2,30,UNABLE TO DETERMINE,NOT ON SCENE (DESK REPORT),NO DEFECTS,DRY,UNABLE TO DETERMINE,N,DAMEN AVE,1238,UNKNOWN,NOT DIVIDED,CLEAR,,,,,,,2,2,"{""coordinates"": [-87.677437705421, 41.904380028356], ""type"": ""Point""}","[""SIDE-RIGHT""]","[""OTHER""]",[],"[""S""]","[""BICYCLE"", ""DRIVER""]","[""UNKNOWN""]","[""PERSONAL""]","[""2015""]","[""24"", ""39""]","[""NOT APPLICABLE""]","[""NONE"", ""UNKNOWN""]","[""NO INDICATION OF INJURY"", ""REPORTED, NOT EVIDENT""]","[""BICYCLE"", ""DRIVER""]","[""HELMET NOT USED"", ""USAGE UNKNOWN""]","[""F"", ""M""]",[]
STRAIGHT AND LEVEL,422,2025-09-19T08:16:00.000,6,8,9,4c9921c5693ed057f58f970eaeec034abffe9c0d2ff2c821115ba115fe69084800c29c40b7003198f8f541cb1b52a7ef8db8230b1ab26ce34681d9bb415ab21c,NO INJURY / DRIVE AWAY,"OVER $1,500",2025-09-19T09:30:00.000,NO CONTROLS,TURNING,Y,0,0,2,0,0,0,0,41.751723371,DAYLIGHT,-87.5586996353,NO INDICATION OF INJURY,2,30,UNABLE TO DETERMINE,NOT ON SCENE (DESK REPORT),NO DEFECTS,DRY,UNABLE TO DETERMINE,E,79TH ST,2705,NO CONTROLS,NOT DIVIDED,CLEAR,,,,,,,2,2,"{""coordinates"": [-87.558699635323, 41.751723371001], ""type"": ""Point""}","[""REAR-LEFT-CORNER"", ""UNKNOWN""]","[""STRAIGHT AHEAD"", ""TURNING LEFT""]",[],"[""E""]","[""DRIVER""]","[""NONE""]","[""OTHER"", ""PERSONAL""]","[""2023""]","[""24""]","[""DEPLOYMENT UNKNOWN"", ""NOT APPLICABLE""]","[""NONE""]","[""NO INDICATION OF INJURY""]","[""DRIVER""]","[""SAFETY BELT USED"", ""USAGE UNKNOWN""]","[""M"", ""X""]",[]
STRAIGHT AND LEVEL,814,2025-09-19T08:19:00.000,6,8,9,f5f28e70299a5f50a3033d42ab8f540adc613efd9ffc1130c61512e81c6cb623cc55e60c505fa9a69c19699529298a4304c078984b7bcd1076f99c784cefae9a,NO INJURY / DRIVE AWAY,"$501 - $1,500",2025-09-19T08:21:00.000,FUNCTIONING PROPERLY,SIDESWIPE SAME DIRECTION,,0,0,2,0,0,0,0,41.7955479617,DAYLIGHT,-87.7622503038,NO INDICATION OF INJURY,2,30,IMPROPER LANE USAGE,ON SCENE,NO DEFECTS,DRY,FAILING TO YIELD RIGHT-OF-WAY,S,CENTRAL AVE,5331,TRAFFIC SIGNAL,NOT DIVIDED,CLEAR,Y,,,,,,2,2,"{""coordinates"": [-87.762250303773, 41.795547961653], ""type"": ""Point""}","[""FRONT-RIGHT-CORNER"", ""SIDE-LEFT-REAR""]","[""CHANGING LANES"", ""STRAIGHT AHEAD""]",[],"[""N""]","[""DRIVER""]","[""UNKNOWN""]","[""COMMERCIAL - SINGLE UNIT"", ""PERSONAL""]","[""2013"", ""2023""]","[""20"", ""36""]","[""DID NOT DEPLOY""]","[""NONE""]","[""NO INDICATION OF INJURY""]","[""DRIVER""]","[""SAFETY BELT USED"", ""USAGE UNKNOWN""]","[""F"", ""M""]",[]
STRAIGHT AND LEVEL,114,2025-09-19T08:25:00.000,6,8,9,261deb71eee636c0a64f6ccf2f4a740b3fb60517d71e6836d11e9b34d5576b634a36a46e69668e9c43054f391a80f0afb15e41053815f5ccb34aed3389263aac,NO INJURY / DRIVE AWAY,"OVER $1,500",2025-09-19T09:05:00.000,FUNCTIONING PROPERLY,REAR END,,0,0,2,0,0,0,0,41.8782145144,DAYLIGHT,-87.6241621164,NO INDICATION OF INJURY,2,30,FAILING TO YIELD RIGHT-OF-WAY,NOT ON SCENE (DESK REPORT),NO DEFECTS,DRY,FAILING TO YIELD RIGHT-OF-WAY,S,MICHIGAN AVE,301,TRAFFIC SIGNAL,DIVIDED - W/MEDIAN (NOT RAISED),CLEAR,Y,,,,,,2,2,"{""coordinates"": [-87.624162116427, 41.878214514385], ""type"": ""Point""}","[""FRONT"", ""REAR""]","[""SLOW/STOP IN TRAFFIC"", ""STRAIGHT AHEAD""]",[],"[""N""]","[""DRIVER""]","[""NONE""]","[""PERSONAL""]","[""2020"", ""2024""]","[""36"", ""47""]","[""NOT APPLICABLE""]","[""NONE""]","[""NO INDICATION OF INJURY""]","[""DRIVER""]","[""SAFETY BELT USED""]","[""F"", ""M""]",[]
STRAIGHT AND LEVEL,2523,2025-09-19T08:30:00.000,6,8,9,6b638c7118f4b5fec22705633e8e8affbac24132a02006e5be898692aa79a1d7cb2eacae4d14b6ad410f3ced18d3d6487459d5888be5b8790e353e1b53ef9f7d,NO INJURY / DRIVE AWAY,"OVER $1,500",2025-09-23T18:50:00.000,NO CONTROLS,SIDESWIPE SAME DIRECTION,,0,0,2,0,0,0,0,41.9390206079,UNKNOWN,-87.7242515797,NO INDICATION OF INJURY,2,30,UNABLE TO DETERMINE,NOT ON SCENE (DESK REPORT),UNKNOWN,UNKNOWN,UNABLE TO DETERMINE,W,BELMONT AVE,3909,NO CONTROLS,DIVIDED - W/MEDIAN (NOT RAISED),UNKNOWN,,,,,,,2,2,"{""coordinates"": [-87.724251579729, 41.939020607869], ""type"": ""Point""}","[""SIDE-LEFT"", ""SIDE-RIGHT""]","[""STRAIGHT AHEAD""]",[],"[""E""]","[""DRIVER""]","[""NONE"", ""UNKNOWN""]","[""PERSONAL""]","[""2009"", ""2014""]","[""31"", ""38""]","[""NOT APPLICABLE""]","[""NONE""]","[""NO INDICATION OF INJURY""]","[""DRIVER""]","[""NONE PRESENT"", ""USAGE UNKNOWN""]","[""F"", ""M""]",[]