alignment,beat_of_occurrence,crash_date,crash_day_of_week,crash_hour,crash_month,crash_record_id,crash_type,damage,date_police_notified,device_condition,first_crash_type,hit_and_run_i,injuries_fatal,injuries_incapacitating,injuries_no_indication,injuries_non_incapacitating,injuries_reported_not_evident,injuries_total,injuries_unknown,latitude,lighting_condition,longitude,most_severe_injury,num_units,posted_speed_limit,prim_contributory_cause,report_type,road_defect,roadway_surface_cond,sec_contributory_cause,street_direction,street_name,street_no,traffic_control_device,trafficway_type,weather_condition,intersection_related_i,crash_date_est_i,private_property_i,statements_taken_i,photos_taken_i,work_zone_i,veh_count,ppl_count,location_json,veh_first_contact_point_list_json,veh_maneuver_list_json,veh_towed_i_list_json,veh_travel_direction_list_json,veh_unit_type_list_json,veh_vehicle_defect_list_json,veh_vehicle_use_list_json,veh_vehicle_year_list_json,ppl_age_list_json,ppl_airbag_deployed_list_json,ppl_ejection_list_json,ppl_injury_classification_list_json,ppl_person_type_list_json,ppl_safety_equipment_list_json,ppl_sex_list_json,ppl_seat_no_list_json
STRAIGHT AND LEVEL,1713,2025-09-19T08:46:00.000,6,8,9,912ee4fe6d7c5eb374cd083c07351632f7daf7b9d0ce98be092661ef5ca9250e2fdac5f6a39c8273d23a87b19cfc752aa02c74cfd16a91fa2834d261e94edfb6,NO INJURY / DRIVE AWAY,"OVER $1,500",2025-09-19T08:46:00.000,NO CONTROLS,PARKED MOTOR VEHICLE,,0,0,1,0,0,0,0,41.9654693169,DAYLIGHT,-87.7090806912,NO INDICATION OF INJURY,2,25,NOT APPLICABLE,ON SCENE,NO DEFECTS,DRY,NOT APPLICABLE,W,EASTWOOD AVE,3215,NO CONTROLS,ONE-WAY,CLEAR,,,,Y,,,2,1,"{""coordinates"": [-87.709080691225, 41.965469316862], ""type"": ""Point""}","[""FRONT-LEFT-CORNER"", ""NONE""]","[""BACKING"", ""PARKED""]",[],"[""E""]","[""DRIVER"", ""DRIVERLESS""]","[""OTHER"", ""UNKNOWN""]","[""COMMERCIAL - SINGLE UNIT"", ""PERSONAL""]","[""2016"", ""2019""]","[""64""]","[""NOT APPLICABLE""]","[""NONE""]","[""NO INDICATION OF INJURY""]","[""DRIVER""]","[""SAFETY BELT USED""]","[""F""]",[]
STRAIGHT AND LEVEL,1834,2025-09-19T08:50:00.000,6,8,9,fbf0da68c6620601a7b7ba84b6ce11c39a98101346e00d652101a5a438cedd3ed8b8c6fbe6f0e6ea625b2fe91d78f0770e0d0c58878bc7e2e639cae82d08280d,INJURY AND / OR TOW DUE TO CRASH,"$501 - $1,500",2025-09-19T08:50:00.000,FUNCTIONING PROPERLY,PARKED MOTOR VEHICLE,,0,0,0,0,1,1,0,41.891120593,DAYLIGHT,-87.6239887043,"REPORTED, NOT EVIDENT",2,35,UNABLE TO DETERMINE,ON SCENE,NO DEFECTS,DRY,UNABLE TO DETERMINE,N,MICHIGAN AVE,505,TRAFFIC SIGNAL,DIVIDED - W/MEDIAN BARRIER,CLEAR,,,,,,,2,1,"{""coordinates"": [-87.623988704323, 41.891120593049], ""type"": ""Point""}","[""SIDE-LEFT"", ""SIDE-RIGHT-FRONT""]","[""PARKED"", ""STRAIGHT AHEAD""]",[],"[""N""]","[""DRIVER"", ""PARKED""]","[""NONE""]","[""CTA"", ""TAXI/FOR HIRE""]","[""2006"", ""2015""]","[""54""]","[""DID NOT DEPLOY""]","[""NONE""]","[""REPORTED, NOT EVIDENT""]","[""DRIVER""]","[""SAFETY BELT USED""]","[""M""]",[]
STRAIGHT AND LEVEL,623,2025-09-19T08:55:00.000,6,8,9,fa550778357c578456bc8e281cbb9c97a3804852a894b93e66afc1e724d2bd83d34f8a6e13d1cf4a2fc679065e88f6c11bf82a5c7fcf8dc200cb5894caf87aa7,INJURY AND / OR TOW DUE TO CRASH,"OVER $1,500",2025-09-19T08:58:00.000,NO CONTROLS,ANGLE,,0,0,4,0,0,0,0,41.7582433464,DAYLIGHT,-87.6182206831,NO INDICATION OF INJURY,2,30,UNABLE TO DETERMINE,ON SCENE,NO DEFECTS,DRY,NOT APPLICABLE,E,75TH ST,301,NO CONTROLS,FOUR WAY,CLEAR,Y,,,,,,2,4,"{""coordinates"": [-87.618220683122, 41.758243346443], ""type"": ""Point""}","[""FRONT"", ""FRONT-LEFT-CORNER""]","[""STRAIGHT AHEAD""]","[""Y""]","[""E"", ""N""]","[""DRIVER""]","[""NONE""]","[""AGRICULTURE"", ""PERSONAL""]","[""2009"", ""2022""]","[""14"", ""16"", ""50"", ""59""]","[""DEPLOYMENT UNKNOWN"", ""NOT APPLICABLE""]","[""NONE""]","[""NO INDICATION OF INJURY""]","[""DRIVER"", ""PASSENGER""]","[""SAFETY BELT USED""]","[""F"", ""M""]","[""12"", ""3""]"
STRAIGHT AND LEVEL,2531,2025-09-19T08:58:00.000,6,8,9,432697777fe3f943dff11554abef20dda9784a5adc760f05f80ccdee089a3a307b0aa00cf171d237572c8365c8b566fb4e325b558e409bc892e98dc935f35454,INJURY AND / OR TOW DUE TO CRASH,"OVER $1,500",2025-09-19T09:34:00.000,NO CONTROLS,ANGLE,,0,0,2,0,0,0,0,41.9112735977,DAYLIGHT,-87.7657217898,NO INDICATION OF INJURY,2,20,FAILING TO YIELD RIGHT-OF-WAY,ON SCENE,NO DEFECTS,DRY,FAILING TO YIELD RIGHT-OF-WAY,N,CENTRAL AVE,1700,NO CONTROLS,FOUR WAY,CLEAR,Y,,,,,,2,2,"{""coordinates"": [-87.765721789825, 41.911273597738], ""type"": ""Point""}","[""FRONT"", ""SIDE-RIGHT-REAR""]","[""STRAIGHT AHEAD""]","[""Y""]","[""N"", ""W""]","[""DRIVER""]","[""UNKNOWN""]","[""PERSONAL""]","[""2004"", ""2011""]","[""23"", ""34""]","[""DID NOT DEPLOY""]","[""NONE""]","[""NO INDICATION OF INJURY""]","[""DRIVER""]","[""USAGE UNKNOWN""]","[""M""]",[]
STRAIGHT AND LEVEL,2412,2025-09-19T09:00:00.000,6,9,9,534aa7d9ef94a5390a24917083bce0a755abe5d3036d9e8a97718789df0b37cb3d6e5821af2a33bc37619b9202b71363980ec0cc3800fec98e3b3393dd9c8952,NO INJURY / DRIVE AWAY,"OVER $1,500",2025-09-19T09:30:00.000,NO CONTROLS,SIDESWIPE SAME DIRECTION,,0,0,2,0,0,0,0,42.003262469,DAYLIGHT,-87.6921521121,NO INDICATION OF INJURY,2,15,UNABLE TO DETERMINE,NOT ON SCENE (DESK REPORT),NO DEFECTS,DRY,NOT APPLICABLE,W,NORTH SHORE AVE,2452,NO CONTROLS,ONE-WAY,CLEAR,,,,,,,2,1,"{""coordinates"": [-87.692152112141, 42.003262468957], ""type"": ""Point""}","[""FRONT-LEFT-CORNER"", ""SIDE-RIGHT""]","[""ENTERING TRAFFIC LANE FROM PARKING"", ""STRAIGHT AHEAD""]",[],"[""W""]","[""DRIVER""]","[""NONE""]","[""PERSONAL""]","[""2012"", ""2018""]","[""26""]","[""DID NOT DEPLOY""]","[""NONE""]","[""NO INDICATION OF INJURY""]","[""DRIVER""]","[""SAFETY BELT USED""]","[""M""]",[]
STRAIGHT AND LEVEL,1225,2025-09-19T09:00:00.000,6,9,9,8327e0fc9babae0947a7a6f883d92f91ed1931f50916a9acd1ecec3d8b540a93fcb7c3e0f309188637786e903ecf6fb50beeb5026a9907eb4071f52adb26e1f7,NO INJURY / DRIVE AWAY,"OVER $1,500",2025-09-19T11:40:00.000,FUNCTIONING PROPERLY,TURNING,,0,0,2,0,0,0,0,41.8740893295,DAYLIGHT,-87.6766045617,NO INDICATION OF INJURY,2,30,FAILING TO YIELD RIGHT-OF-WAY,NOT ON SCENE (DESK REPORT),NO DEFECTS,DRY,UNABLE TO DETERMINE,S,DAMEN AVE,598,TRAFFIC SIGNAL,FOUR WAY,CLEAR,Y,,,,,,2,2,"{""coordinates"": [-87.676604561676, 41.874089329509], ""type"": ""Point""}","[""FRONT"", ""SIDE-LEFT-REAR""]","[""STRAIGHT AHEAD"", ""TURNING LEFT""]",[],"[""N"", ""S""]","[""DRIVER""]","[""UNKNOWN""]","[""PERSONAL"", ""UNKNOWN/NA""]","[""2019"", ""2021""]","[""19"", ""51""]","[""DEPLOYMENT UNKNOWN"", ""DID NOT DEPLOY""]","[""NONE""]","[""NO INDICATION OF INJURY""]","[""DRIVER""]","[""SAFETY BELT USED"", ""USAGE UNKNOWN""]","[""F"", ""M""]",[]
STRAIGHT AND LEVEL,631,2025-09-19T09:00:00.000,6,9,9,a797defcb52efd9c62e344845ee31196d622500884f5b89312ace68c1c840e626b63fdf888b30691c7881e2ff63e92c2c21c1b1e09be960b85b587864d2b74af,NO INJURY / DRIVE AWAY,"OVER $1,500",2025-09-19T09:40:00.000,NO CONTROLS,PARKED MOTOR VEHICLE,Y,0,0,1,0,0,0,0,41.7458195904,UNKNOWN,-87.6162494912,NO INDICATION OF INJURY,2,30,UNABLE TO DETERMINE,ON SCENE,NO DEFECTS,DRY,UNABLE TO DETERMINE,S,CALUMET AVE,8155,NO CONTROLS,ONE-WAY,CLEAR,,,,,,,2,1,"{""coordinates"": [-87.616249491183, 41.745819590396], ""type"": ""Point""}","[""SIDE-RIGHT"", ""UNKNOWN""]","[""PARKED"", ""STRAIGHT AHEAD""]",[],"[""S""]","[""DRIVER"", ""PARKED""]","[""NONE"", ""UNKNOWN""]","[""NOT IN USE"", ""UNKNOWN/NA""]","[""2016""]",[],"[""DEPLOYMENT UNKNOWN""]","[""NONE""]","[""NO INDICATION OF INJURY""]","[""DRIVER""]","[""USAGE UNKNOWN""]","[""X""]",[]
STRAIGHT AND LEVEL,2512,2025-09-19T09:05:00.000,6,9,9,9c438833145663a27cdf3ccfe3ae38e8effdd3846754cb608c076203a475fa52fc54c21d97e6ce25ed9e3ab37a2173c779920a3ecc76532c858a19f890f1412f,NO INJURY / DRIVE AWAY,"OVER $1,500",2025-09-19T09:51:00.000,NO CONTROLS,PARKED MOTOR VEHICLE,,0,0,2,0,0,0,0,41.9288472233,DAYLIGHT,-87.7857810192,NO INDICATION OF INJURY,2,30,IMPROPER BACKING,ON SCENE,NO DEFECTS,DRY,NOT APPLICABLE,N,NARRAGANSETT AVE,2650,NO CONTROLS,PARKING LOT,CLEAR,,,Y,,,,2,2,"{""coordinates"": [-87.785781019201, 41.928847223324], ""type"": ""Point""}","[""FRONT-RIGHT-CORNER"", ""SIDE-LEFT-REAR""]","[""PARKED"", ""STRAIGHT AHEAD""]",[],"[""UNKNOWN"", ""W""]","[""DRIVER"", ""PARKED""]","[""NONE""]","[""PERSONAL""]","[""2011"", ""2019""]","[""19"", ""60""]","[""NOT APPLICABLE""]","[""NONE""]","[""NO INDICATION OF INJURY""]","[""DRIVER"", ""PASSENGER""]","[""SAFETY BELT USED""]","[""F"", ""M""]","[""3""]"
STRAIGHT AND LEVEL,1511,2025-09-19T09:10:00.000,6,9,9,838a6c529768a577026f03d93b000463fea0094db560e9ecc9974f6d8dbc419bafcc852f5a948b1ccf67c351129ec2735fe74c0ede3c9d5ee92abcc70dd0641b,INJURY AND / OR TOW DUE TO CRASH,"$501 - $1,500",2025-09-19T09:15:00.000,NO CONTROLS,PEDESTRIAN,Y,0,0,1,1,0,1,0,41.8994384211,DAYLIGHT,-87.7693501371,NONINCAPACITATING INJURY,2,20,DRIVING SKILLS/KNOWLEDGE/EXPERIENCE,ON SCENE,NO DEFECTS,DRY,FAILING TO YIELD RIGHT-OF-WAY,N,MASSASOIT AVE,1032,NO CONTROLS,ALLEY,CLEAR,,Y,,,,,2,2,"{""coordinates"": [-87.769350137147, 41.899438421098], ""type"": ""Point""}","[""FRONT-RIGHT-CORNER""]","[""STRAIGHT AHEAD""]",[],"[""N""]","[""DRIVER"", ""PEDESTRIAN""]","[""UNKNOWN""]","[""UNKNOWN/NA""]",[],"[""36""]","[""DEPLOYMENT UNKNOWN""]","[""NONE""]","[""NO INDICATION OF INJURY"", ""NONINCAPACITATING INJURY""]","[""DRIVER"", ""PEDESTRIAN""]","[""NONE PRESENT"", ""USAGE UNKNOWN""]","[""M"", ""X""]",[]
STRAIGHT AND LEVEL,332,2025-09-19T09:15:00.000,6,9,9,1640d119f3b8c7159f1a5ebba0c4625e204a21496c7069c6848105a8b941955a30a282e88c4550cec833fac68696baec2ffa8e8edee1b8a3d362c05dcc3c1e29,INJURY AND / OR TOW DUE TO CRASH,"OVER $1,500",2025-09-19T09:20:00.000,FUNCTIONING PROPERLY,REAR END,Y,0,0,1,1,0,1,0,41.7732928959,DAYLIGHT,-87.5864423683,NONINCAPACITATING INJURY,2,30,FOLLOWING TOO CLOSELY,ON SCENE,NO DEFECTS,DRY,FOLLOWING TOO CLOSELY,S,STONY ISLAND AVE,6700,TRAFFIC SIGNAL,NOT DIVIDED,CLEAR,,,,,,,2,2,"{""coordinates"": [-87.586442368314, 41.773292895851], ""type"": ""Point""}","[""FRONT-LEFT-CORNER"", ""REAR-LEFT-CORNER""]","[""STRAIGHT AHEAD""]",[],"[""N""]","[""DRIVER""]","[""UNKNOWN""]","[""PERSONAL""]","[""2024""]","[""33""]","[""DID NOT DEPLOY"", ""NOT APPLICABLE""]","[""NONE""]","[""NO INDICATION OF INJURY"", ""NONINCAPACITATING INJURY""]","[""DRIVER""]","[""USAGE UNKNOWN""]","[""F""]",[]
STRAIGHT AND LEVEL,2411,2025-09-19T09:15:00.000,6,9,9,5732ee9e08da3aabc40ab19fb01921c925c950377cc475609ca3fe7095edbe06513a9f72e6a7e45fb552ec487a06df1e10a4fd3b2e151eef5bd0050018fc26cb,NO INJURY / DRIVE AWAY,"OVER $1,500",2025-09-19T09:40:00.000,FUNCTIONING PROPERLY,REAR END,,0,0,2,0,0,0,0,42.0123440616,DAYLIGHT,-87.6856508123,NO INDICATION OF INJURY,2,30,FOLLOWING TOO CLOSELY,NOT ON SCENE (DESK REPORT),NO DEFECTS,DRY,NOT APPLICABLE,W,TOUHY AVE,2170,TRAFFIC SIGNAL,NOT DIVIDED,CLEAR,,,,,,,2,2,"{""coordinates"": [-87.685650812294, 42.012344061637], ""type"": ""Point""}","[""FRONT"", ""REAR""]","[""SLOW/STOP IN TRAFFIC"", ""STRAIGHT AHEAD""]",[],"[""W""]","[""DRIVER""]","[""NONE""]","[""PERSONAL""]","[""2001"", ""2018""]","[""24"", ""37""]","[""DID NOT DEPLOY""]","[""NONE""]","[""NO INDICATION OF INJURY""]","[""DRIVER""]","[""SAFETY BELT USED""]","[""F"", ""M""]",[]
STRAIGHT AND LEVEL,1711,2025-09-19T09:20:00.000,6,9,9,c9c0b11f78f72b7aa2a3f3cd6262b86f47738c6c723189da23efe82ac26b6ccc7f2a7d79b28e399c2c15ce8e076c25a839da61c84a3eaf490b97aa0c94bb4709,NO INJURY / DRIVE AWAY,"$501 - $1,500",2025-09-21T14:40:00.000,UNKNOWN,SIDESWIPE SAME DIRECTION,Y,0,0,2,0,0,0,0,41.9899969809,DAYLIGHT,-87.7309523221,NO INDICATION OF INJURY,2,30,UNABLE TO DETERMINE,NOT ON SCENE (DESK REPORT),UNKNOWN,DRY,NOT APPLICABLE,W,PETERSON AVE,4059,NO CONTROLS,NOT DIVIDED,CLEAR,,Y,,,,,2,2,"{""coordinates"": [-87.730952322116, 41.989996980927], ""type"": ""Point""}","[""FRONT-RIGHT-CORNER"", ""REAR-LEFT-CORNER""]","[""STRAIGHT AHEAD""]",[],"[""E""]","[""DRIVER""]","[""UNKNOWN""]","[""PERSONAL"", ""UNKNOWN/NA""]","[""2013"", ""2018""]","[""64""]","[""DEPLOYMENT UNKNOWN"", ""DID NOT DEPLOY""]","[""NONE""]","[""NO INDICATION OF INJURY""]","[""DRIVER""]","[""USAGE UNKNOWN""]","[""F"", ""M""]",[]
STRAIGHT AND LEVEL,1234,2025-09-19T09:28:00.000,6,9,9,9f949cb8a27ffe57cf807ae5c0f82627ed72e17b881ba75564b7f5d563ef623eac7a7f44d439b5b5ad0bc6e3f61e8d5a31002f31aea12b457f50d72072f3e897,NO INJURY / DRIVE AWAY,"$501 - $1,500",2025-09-19T09:32:00.000,FUNCTIONING PROPERLY,SIDESWIPE SAME DIRECTION,,0,0,2,0,0,0,0,41.8524363568,DAYLIGHT,-87.6662289935,NO INDICATION OF INJURY,2,30,DRIVING SKILLS/KNOWLEDGE/EXPERIENCE,ON SCENE,NO DEFECTS,DRY,IMPROPER OVERTAKING/PASSING,W,CERMAK RD,1602,TRAFFIC SIGNAL,DIVIDED - W/MEDIAN (NOT RAISED),CLEAR,,,,,,,2,2,"{""coordinates"": [-87.666228993532, 41.852436356754], ""type"": ""Point""}","[""SIDE-LEFT"", ""UNKNOWN""]","[""STRAIGHT AHEAD""]",[],"[""E""]","[""DRIVER""]","[""NONE""]","[""PERSONAL""]","[""2014"", ""2019""]","[""25"", ""34""]","[""DID NOT DEPLOY""]","[""NONE""]","[""NO INDICATION OF INJURY""]","[""DRIVER""]","[""SAFETY BELT USED""]","[""F"", ""M""]",[]
STRAIGHT AND LEVEL,2532,2025-09-19T09:35:00.000,6,9,9,27ff228dd14f4b7808cb953a929cecf7195a02f9bb99ec09b7dfa71907171e57300ae431f99c51976220a04f7071981bf5eea3e922e0643ef7d4c87d2853eee7,NO INJURY / DRIVE AWAY,"OVER $1,500",2025-09-19T09:43:00.000,FUNCTIONING PROPERLY,PARKED MOTOR VEHICLE,,0,0,2,0,0,0,0,41.9061321411,DAYLIGHT,-87.7560130765,NO INDICATION OF INJURY,2,30,FAILING TO YIELD RIGHT-OF-WAY,ON SCENE,NO DEFECTS,DRY,UNABLE TO DETERMINE,N,LARAMIE AVE,1406,TRAFFIC SIGNAL,DIVIDED - W/MEDIAN (NOT RAISED),CLEAR,,,,,,,2,2,"{""coordinates"": [-87.756013076513, 41.906132141086], ""type"": ""Point""}","[""UNKNOWN""]","[""PARKED"", ""UNKNOWN/NA""]",[],"[""S"", ""UNKNOWN""]","[""DRIVER"", ""PARKED""]","[""UNKNOWN""]","[""UNKNOWN/NA""]","[""2018"", ""2020""]","[""17"", ""66""]","[""DID NOT DEPLOY""]","[""NONE""]","[""NO INDICATION OF INJURY""]","[""DRIVER"", ""PASSENGER""]","[""USAGE UNKNOWN""]","[""F"", ""M""]","[""3""]"
STRAIGHT AND LEVEL,2511,2025-09-19T09:37:00.000,6,9,9,887cadb8bf39b1c50bc1aed2501d4a013c08d5557848f3150f94b7b8e30e38f42a4daec9d1d42a5c4be2d856814f4f16de425b45ff130b9cd4fdcaf54f3733fa,NO INJURY / DRIVE AWAY,"OVER $1,500",2025-09-19T11:00:00.000,NO CONTROLS,REAR TO FRONT,,0,0,2,0,0,0,0,41.9358348074,DAYLIGHT,-87.8077458448,NO INDICATION OF INJURY,2,30,IMPROPER BACKING,NOT ON SCENE (DESK REPORT),UNKNOWN,DRY,FAILING TO REDUCE SPEED TO AVOID CRASH,N,OCONTO AVE,3045,NO CONTROLS,ONE-WAY,CLEAR,,,,,,,2,2,"{""coordinates"": [-87.807745844823, 41.935834807407], ""type"": ""Point""}","[""FRONT-LEFT-CORNER"", ""REAR-RIGHT-CORNER""]","[""BACKING"", ""SLOW/STOP IN TRAFFIC""]",[],"[""N"", ""S""]","[""DRIVER""]","[""UNKNOWN""]","[""PERSONAL""]","[""2020"", ""2024""]","[""21"", ""54""]","[""NOT APPLICABLE""]","[""NONE""]","[""NO INDICATION OF INJURY""]","[""DRIVER""]","[""USAGE UNKNOWN""]","[""F"", ""M""]",[]
STRAIGHT AND LEVEL,1434,2025-09-19T09:40:00.000,6,9,9,a8166825a5c6fe969e1d0df9f8ed35ccb1afa060f7153435662f0f6f0e836a7b3f888d845435c3ef700dcdcf19f8859d1864daf0f2c8205564156ce14d04a354,NO INJURY / DRIVE AWAY,"OVER $1,500",2025-09-19T09:48:00.000,FUNCTIONING PROPERLY,SIDESWIPE SAME DIRECTION,,0,0,3,0,0,0,0,41.9105884215,DAYLIGHT,-87.6776438203,NO INDICATION OF INJURY,2,30,IMPROPER OVERTAKING/PASSING,ON SCENE,NO DEFECTS,DRY,NOT APPLICABLE,N,DAMEN AVE,1600,TRAFFIC SIGNAL,"FIVE POINT, OR MORE",CLEAR,,,,,,,2,3,"{""coordinates"": [-87.677643820277, 41.91058842145], ""type"": ""Point""}","[""FRONT-RIGHT-CORNER"", ""SIDE-LEFT-FRONT""]","[""PASSING/OVERTAKING"", ""STRAIGHT AHEAD""]",[],"[""S""]","[""DRIVER""]","[""NONE""]","[""CONSTRUCTION/MAINTENANCE"", ""PERSONAL""]","[""2015"", ""2017""]","[""45"", ""50""]","[""DID NOT DEPLOY""]","[""NONE""]","[""NO INDICATION OF INJURY""]","[""DRIVER"", ""PASSENGER""]","[""USAGE UNKNOWN""]","[""F"", ""M""]","[""6""]"
STRAIGHT AND LEVEL,831,2025-09-19T09:45:00.000,6,9,9,7d318692aa675299a0cb7feaa92952e1e5c962ba1c17d11328ab94db3f98f3f8b0132013d1ae2228e67ec8a7cb38919936e2768064d0a5fcc82ccf6e0a0f4dca,NO INJURY / DRIVE AWAY,"$501 - $1,500",2025-09-19T10:03:00.000,NO CONTROLS,REAR END,,0,0,2,0,0,0,0,41.7682878456,DAYLIGHT,-87.693061792,NO INDICATION OF INJURY,2,20,UNABLE TO DETERMINE,ON SCENE,NO DEFECTS,DRY,UNABLE TO DETERMINE,W,LITHUANIAN PLAZA CT,2790,NO CONTROLS,DIVIDED - W/MEDIAN (NOT RAISED),CLEAR,,,,,,,2,2,"{""coordinates"": [-87.693061792008, 41.76828784564], ""type"": ""Point""}","[""FRONT-RIGHT-CORNER"", ""REAR""]","[""BACKING"", ""SLOW/STOP IN TRAFFIC""]",[],"[""W""]","[""DRIVER""]","[""NONE""]","[""PERSONAL"", ""POLICE""]","[""2002"", ""2010""]","[""58"", ""63""]","[""DID NOT DEPLOY""]","[""NONE""]","[""NO INDICATION OF INJURY""]","[""DRIVER""]","[""SAFETY BELT USED""]","[""M""]",[]
STRAIGHT AND LEVEL,2522,2025-09-19T09:55:00.000,6,9,9,94e7620e1d6dd99cd4690c029e291e0b7618741579f90426c31165d6e7592fb0b014bd4c323dba4ca9309e70826204eb33bc0507e8f1ca19cf41042b7d08aae6,NO INJURY / DRIVE AWAY,$500 OR LESS,2025-09-19T09:55:00.000,NO CONTROLS,REAR END,,0,0,2,0,0,0,0,41.9242092625,DAYLIGHT,-87.7403783554,NO INDICATION OF INJURY,2,30,UNABLE TO DETERMINE,ON SCENE,NO DEFECTS,DRY,UNABLE TO DETERMINE,W,FULLERTON AVE,4535,NO CONTROLS,NOT DIVIDED,CLEAR,,,,,,,2,2,"{""coordinates"": [-87.740378355409, 41.924209262493], ""type"": ""Point""}","[""FRONT"", ""REAR""]","[""OTHER"", ""STRAIGHT AHEAD""]",[],"[""E""]","[""DRIVER""]","[""UNKNOWN""]","[""CTA"", ""PERSONAL""]","[""2007"", ""2015""]","[""21"", ""52""]","[""DID NOT DEPLOY""]","[""NONE""]","[""NO INDICATION OF INJURY""]","[""DRIVER""]","[""USAGE UNKNOWN""]","[""M""]",[]
STRAIGHT AND LEVEL,711,2025-09-19T09:57:00.000,6,9,9,9822213497db7a2ddad45d90062a454fa17af6c54f73b3e2a2282d579acced99b9ac00416ef625dd4f4579ef3b4b4448d8b8cf7b4cc15c15403cc511f9f0eca9,NO INJURY / DRIVE AWAY,"OVER $1,500",2025-09-19T10:04:00.000,FUNCTIONING PROPERLY,TURNING,,0,0,2,0,0,0,0,41.7941225736,DAYLIGHT,-87.6316507107,NO INDICATION OF INJURY,2,30,IMPROPER LANE USAGE,ON SCENE,NO DEFECTS,DRY,NOT APPLICABLE,S,WELLS ST,5501,TRAFFIC SIGNAL,ONE-WAY,CLEAR,,,,,,,2,2,"{""coordinates"": [-87.631650710666, 41.794122573554], ""type"": ""Point""}","[""FRONT-RIGHT-CORNER"", ""REAR-LEFT-CORNER""]","[""TURNING LEFT""]",[],"[""S"", ""SE""]","[""DRIVER""]","[""NONE""]","[""PERSONAL""]","[""2019"", ""2024""]","[""74"", ""83""]","[""NOT APPLICABLE""]","[""NONE""]","[""NO INDICATION OF INJURY""]","[""DRIVER""]","[""USAGE UNKNOWN""]","[""F""]",[]
STRAIGHT AND LEVEL,1924,2025-09-19T09:59:00.000,6,9,9,e4746aef0158fd4d22eddc7331be74e6bc02f501c9d62910de9237453cdb522732b6da515ac21a2a200e74b2fdc39b30891f1d11fe558097bae699b92b6edc07,INJURY AND / OR TOW DUE TO CRASH,"OVER $1,500",2025-09-19T14:12:00.000,NO CONTROLS,PEDESTRIAN,,0,0,1,1,0,1,0,41.9441619209,DAYLIGHT,-87.6637905737,NONINCAPACITATING INJURY,2,25,NOT APPLICABLE,NOT ON SCENE (DESK REPORT),NO DEFECTS,DRY,NOT APPLICABLE,N,SOUTHPORT AVE,3423,NO CONTROLS,NOT DIVIDED,CLEAR,Y,,,,,,2,2,"{""coordinates"": [-87.663790573668, 41.94416192092], ""type"": ""Point""}","[""UNKNOWN""]","[""STRAIGHT AHEAD""]",[],"[""N""]","[""DRIVER"", ""PEDESTRIAN""]","[""NONE""]","[""PERSONAL""]","[""2017""]","[""25"", ""30""]","[""NOT APPLICABLE""]","[""NONE""]","[""NO INDICATION OF INJURY"", ""NONINCAPACITATING INJURY""]","[""DRIVER"", ""PEDESTRIAN""]","[""NONE PRESENT"", ""USAGE UNKNOWN""]","[""F"", ""M""]",[]
STRAIGHT AND LEVEL,632,2025-09-19T10:00:00.000,6,10,9,17aab95c99a312044a761cd7f5cb434f47ac55ef08dfcea0aa2a773c266c70c2e29a81bdca34365130ffecda21ee946eaa8b39dd7b393663f73a76fd8dc4b162,NO INJURY / DRIVE AWAY,"OVER $1,500",2025-09-19T11:05:00.000,NO CONTROLS,PARKED MOTOR VEHICLE,,0,0,1,0,0,0,0,41.7362094694,DAYLIGHT,-87.6243055191,NO INDICATION OF INJURY,2,10,IMPROPER BACKING,NOT ON SCENE (DESK REPORT),NO DEFECTS,DRY,NOT APPLICABLE,S,STATE ST,8700,NO CONTROLS,PARKING LOT,CLEAR,,,,,,,2,1,"{""coordinates"": [-87.624305519124, 41.736209469449], ""type"": ""Point""}","[""FRONT"", ""REAR""]","[""BACKING"", ""PARKED IN TRAFFIC LANE""]",[],"[""N""]","[""DRIVER"", ""PARKED""]","[""NONE"", ""UNKNOWN""]","[""PERSONAL"", ""UNKNOWN/NA""]","[""2020""]",[],"[""DEPLOYMENT UNKNOWN""]","[""NONE""]","[""NO INDICATION OF INJURY""]","[""DRIVER""]","[""USAGE UNKNOWN""]","[""X""]",[]
STRAIGHT AND LEVEL,815,2025-09-19T10:00:00.000,6,10,9,5909920dab466057e4401209a1f98abe72d1edfacea8cc22ff4cc2777aaecaec5dda6d70f06b564c79430fb6b47240fd03aa4fe12ceb72a16b5c4306ed3d8294,NO INJURY / DRIVE AWAY,"OVER $1,500",2025-09-19T10:16:00.000,FUNCTIONING PROPERLY,TURNING,,0,0,3,0,0,0,0,41.8077157678,DAYLIGHT,-87.7430068449,NO INDICATION OF INJURY,2,35,IMPROPER TURNING/NO SIGNAL,ON SCENE,NO DEFECTS,DRY,UNABLE TO DETERMINE,S,CICERO AVE,4689,TRAFFIC SIGNAL,FOUR WAY,CLEAR,Y,,,,,,2,3,"{""coordinates"": [-87.743006844919, 41.807715767819], ""type"": ""Point""}","[""FRONT"", ""SIDE-RIGHT""]","[""TURNING RIGHT""]",[],"[""W""]","[""DRIVER""]","[""NONE""]","[""PERSONAL""]","[""2017"", ""2024""]","[""39"", ""41"", ""62""]","[""DID NOT DEPLOY""]","[""NONE""]","[""NO INDICATION OF INJURY""]","[""DRIVER"", ""PASSENGER""]","[""SAFETY BELT USED""]","[""F"", ""M""]","[""3""]"