alignment,beat_of_occurrence,crash_date,crash_day_of_week,crash_hour,crash_month,crash_record_id,crash_type,damage,date_police_notified,device_condition,first_crash_type,hit_and_run_i,injuries_fatal,injuries_incapacitating,injuries_no_indication,injuries_non_incapacitating,injuries_reported_not_evident,injuries_total,injuries_unknown,latitude,lighting_condition,longitude,most_severe_injury,num_units,posted_speed_limit,prim_contributory_cause,report_type,road_defect,roadway_surface_cond,sec_contributory_cause,street_direction,street_name,street_no,traffic_control_device,trafficway_type,weather_condition,intersection_related_i,crash_date_est_i,private_property_i,statements_taken_i,photos_taken_i,work_zone_i,veh_count,ppl_count,location_json,veh_first_contact_point_list_json,veh_maneuver_list_json,veh_towed_i_list_json,veh_travel_direction_list_json,veh_unit_type_list_json,veh_vehicle_defect_list_json,veh_vehicle_use_list_json,veh_vehicle_year_list_json,ppl_age_list_json,ppl_airbag_deployed_list_json,ppl_ejection_list_json,ppl_injury_classification_list_json,ppl_person_type_list_json,ppl_safety_equipment_list_json,ppl_sex_list_json,ppl_seat_no_list_json
STRAIGHT AND LEVEL,1833,2025-09-19T10:00:00.000,6,10,9,74e2c4f0446ad623092ba6e1aaea7fc7e78863868cee74b41b1692aadbea27c545a4fff0634d60033d1dc41521c2ffec3065be9f18beb6f590a93a17b96b5ba7,NO INJURY / DRIVE AWAY,"OVER $1,500",2025-09-19T11:40:00.000,NO CONTROLS,SIDESWIPE SAME DIRECTION,,0,0,2,0,0,0,0,41.8974381951,DAYLIGHT,-87.6260203743,NO INDICATION OF INJURY,2,30,FAILING TO YIELD RIGHT-OF-WAY,NOT ON SCENE (DESK REPORT),UNKNOWN,DRY,UNABLE TO DETERMINE,E,PEARSON ST,55,NO CONTROLS,ONE-WAY,CLEAR,,,,,,,2,2,"{""coordinates"": [-87.626020374337, 41.897438195052], ""type"": ""Point""}","[""FRONT-LEFT-CORNER"", ""SIDE-RIGHT""]","[""STRAIGHT AHEAD""]",[],"[""E""]","[""DRIVER""]","[""OTHER"", ""UNKNOWN""]","[""PERSONAL""]","[""2019"", ""2025""]","[""45"", ""50""]","[""DID NOT DEPLOY""]","[""NONE""]","[""NO INDICATION OF INJURY""]","[""DRIVER""]","[""USAGE UNKNOWN""]","[""F"", ""M""]",[]
STRAIGHT AND LEVEL,2024,2025-09-19T10:00:00.000,6,10,9,9d22483da00b9a40f1c6552a8b05eeab9f5b3c6a81d56c3989a23ec09fd1f2b1d44b6c471f2dfedb09669b7b259a1d55b7e536897d3b82d523cd8d8354a4df54,NO INJURY / DRIVE AWAY,"$501 - $1,500",2025-09-19T17:37:00.000,NO CONTROLS,PARKED MOTOR VEHICLE,,0,0,1,0,0,0,0,41.9734507596,UNKNOWN,-87.6529540399,NO INDICATION OF INJURY,2,30,UNABLE TO DETERMINE,NOT ON SCENE (DESK REPORT),UNKNOWN,UNKNOWN,NOT APPLICABLE,W,ARGYLE ST,908,NO CONTROLS,PARKING LOT,UNKNOWN,,,,,,,2,1,"{""coordinates"": [-87.652954039908, 41.973450759648], ""type"": ""Point""}","[""FRONT-RIGHT-CORNER"", ""UNKNOWN""]","[""BACKING"", ""PARKED""]",[],"[""N"", ""UNKNOWN""]","[""DRIVER"", ""PARKED""]","[""NONE"", ""UNKNOWN""]","[""NOT IN USE"", ""UNKNOWN/NA""]","[""2015"", ""2024""]",[],"[""DEPLOYMENT UNKNOWN""]","[""NONE""]","[""NO INDICATION OF INJURY""]","[""DRIVER""]","[""USAGE UNKNOWN""]","[""M""]",[]
STRAIGHT AND LEVEL,2012,2025-09-19T10:00:00.000,6,10,9,a57b09b051a3e5732a87f9556b64047b2208f78dfec722d28c6052e335b9bc0f74b150e045d3eb94ff3038f40aed23a6e972cc30cbe2808d7b8829ea3f3bfaea,INJURY AND / OR TOW DUE TO CRASH,"OVER $1,500",2025-09-19T13:15:00.000,UNKNOWN,PARKED MOTOR VEHICLE,,0,0,1,0,0,0,0,41.9761827821,DAYLIGHT,-87.6765672269,NO INDICATION OF INJURY,2,30,UNABLE TO DETERMINE,NOT ON SCENE (DESK REPORT),UNKNOWN,UNKNOWN,UNABLE TO DETERMINE,W,FOSTER AVE,1902,UNKNOWN,NOT DIVIDED,CLEAR,,,,,,,2,1,"{""coordinates"": [-87.676567226891, 41.976182782076], ""type"": ""Point""}","[""FRONT"", ""REAR""]","[""PARKED"", ""STRAIGHT AHEAD""]","[""Y""]","[""W""]","[""DRIVER"", ""PARKED""]","[""UNKNOWN""]","[""NOT IN USE"", ""PERSONAL""]","[""2013"", ""2021""]","[""38""]","[""DID NOT DEPLOY""]","[""NONE""]","[""NO INDICATION OF INJURY""]","[""DRIVER""]","[""USAGE UNKNOWN""]","[""M""]",[]
STRAIGHT AND LEVEL,1712,2025-09-19T10:05:00.000,6,10,9,adbf42699e2046ef7a61a5351fbc44dc9fc11911a484bf407fc7913afd1186ced073187abad45f18c6279a616fbdf10751ca82de6b145ddbb71d55bdae11cec3,INJURY AND / OR TOW DUE TO CRASH,$500 OR LESS,2025-09-19T10:09:00.000,FUNCTIONING PROPERLY,PEDESTRIAN,,0,0,1,1,0,1,0,41.9702249876,DAYLIGHT,-87.7232573889,NONINCAPACITATING INJURY,2,25,FAILING TO YIELD RIGHT-OF-WAY,ON SCENE,NO DEFECTS,DRY,"VISION OBSCURED (SIGNS, TREE LIMBS, BUILDINGS, ETC.)",W,AINSLIE ST,3800,STOP SIGN/FLASHER,T-INTERSECTION,CLEAR,Y,,,,,,2,2,"{""coordinates"": [-87.72325738894, 41.970224987557], ""type"": ""Point""}","[""FRONT""]","[""TURNING LEFT""]",[],"[""S""]","[""DRIVER"", ""PEDESTRIAN""]","[""NONE""]","[""PERSONAL""]","[""2013""]","[""50"", ""77""]","[""DID NOT DEPLOY""]","[""NONE""]","[""NO INDICATION OF INJURY"", ""NONINCAPACITATING INJURY""]","[""DRIVER"", ""PEDESTRIAN""]","[""NONE PRESENT"", ""SAFETY BELT USED""]","[""F""]",[]
STRAIGHT AND LEVEL,2024,2025-09-19T10:07:00.000,6,10,9,6e46d300b053b81565522f36ccf52fe009f592313094a15371e6c818bdc2f0fc4f0e11ead795f157492beb1a05a40d5267def07d6ca1efb66f0dc8906135b0aa,NO INJURY / DRIVE AWAY,"OVER $1,500",2025-09-19T15:34:00.000,NO CONTROLS,PARKED MOTOR VEHICLE,Y,0,0,1,0,0,0,0,41.9732384371,DAYLIGHT,-87.6523832745,NO INDICATION OF INJURY,2,25,NOT APPLICABLE,NOT ON SCENE (DESK REPORT),NO DEFECTS,DRY,NOT APPLICABLE,W,ARGYLE ST,857,NO CONTROLS,NOT DIVIDED,CLEAR,,,,,,,2,1,"{""coordinates"": [-87.652383274528, 41.973238437146], ""type"": ""Point""}","[""FRONT-LEFT-CORNER"", ""UNKNOWN""]","[""BACKING"", ""PARKED""]",[],"[""E""]","[""DRIVER"", ""PARKED""]","[""NONE""]","[""PERSONAL"", ""TAXI/FOR HIRE""]","[""2016"", ""2019""]",[],"[""NOT APPLICABLE""]","[""NONE""]","[""NO INDICATION OF INJURY""]","[""DRIVER""]","[""NONE PRESENT""]","[""X""]",[]
STRAIGHT AND LEVEL,813,2025-09-19T10:15:00.000,6,10,9,dc95f6bf5cb5e0142c9e3aef40402fe81547dbe5b90ef0a2d61b6a6d3c7a46bf1dc1922834b7a1640635c3ae9b1d9d13e3f7f047bc1c142d6e6c09b8d942cc78,NO INJURY / DRIVE AWAY,"OVER $1,500",2025-09-19T10:45:00.000,FUNCTIONING PROPERLY,SIDESWIPE SAME DIRECTION,Y,0,0,3,0,0,0,0,41.7785179236,DAYLIGHT,-87.7424421884,NO INDICATION OF INJURY,2,30,UNABLE TO DETERMINE,ON SCENE,NO DEFECTS,DRY,IMPROPER OVERTAKING/PASSING,S,CICERO AVE,6280,TRAFFIC SIGNAL,TRAFFIC ROUTE,CLEAR,,,,,,,2,3,"{""coordinates"": [-87.742442188356, 41.778517923571], ""type"": ""Point""}","[""SIDE-LEFT-REAR"", ""SIDE-RIGHT""]","[""PASSING/OVERTAKING"", ""SLOW/STOP IN TRAFFIC""]",[],"[""S""]","[""DRIVER""]","[""NONE"", ""UNKNOWN""]","[""CTA"", ""UNKNOWN/NA""]","[""2023""]","[""56""]","[""DEPLOYMENT UNKNOWN"", ""NOT APPLICABLE""]","[""NONE""]","[""NO INDICATION OF INJURY""]","[""DRIVER"", ""PASSENGER""]","[""NONE PRESENT"", ""USAGE UNKNOWN""]","[""F"", ""M""]","[""3""]"
STRAIGHT AND LEVEL,431,2025-09-19T10:20:00.000,6,10,9,962386bf51a106b3fd8c98e70d023f5631298bd0354f518838e471dfa0312f43de0ac5bcff9f06e62602ada80678f213677399a77bfda9d4c6ca1e5ee45505bf,NO INJURY / DRIVE AWAY,"OVER $1,500",2025-09-19T10:40:00.000,NO CONTROLS,ANGLE,Y,0,0,2,0,0,0,0,41.7223623688,DAYLIGHT,-87.5750546574,NO INDICATION OF INJURY,2,35,DRIVING SKILLS/KNOWLEDGE/EXPERIENCE,NOT ON SCENE (DESK REPORT),NO DEFECTS,DRY,UNABLE TO DETERMINE,E,95TH ST,2007,NO CONTROLS,PARKING LOT,CLEAR,,,,,,,2,2,"{""coordinates"": [-87.575054657434, 41.722362368752], ""type"": ""Point""}","[""REAR"", ""SIDE-RIGHT""]","[""ENTERING TRAFFIC LANE FROM PARKING"", ""STRAIGHT AHEAD""]",[],"[""N"", ""UNKNOWN""]","[""DRIVER""]","[""NONE"", ""UNKNOWN""]","[""PERSONAL""]","[""2019""]","[""34""]","[""DEPLOYMENT UNKNOWN"", ""NOT APPLICABLE""]","[""NONE""]","[""NO INDICATION OF INJURY""]","[""DRIVER""]","[""SAFETY BELT USED"", ""USAGE UNKNOWN""]","[""M"", ""X""]",[]
STRAIGHT AND LEVEL,823,2025-09-19T10:25:00.000,6,10,9,018c578a2fb6fa56b64d6a0aabd93d87a0b30c043dbf878cc503c58893e0ebd59cfd62b284484ca56d480f621f50643bff652db80f66f704e21b542811da391a,INJURY AND / OR TOW DUE TO CRASH,"OVER $1,500",2025-09-19T10:30:00.000,FUNCTIONING PROPERLY,ANGLE,Y,0,0,3,0,0,0,0,41.7825899469,DAYLIGHT,-87.698511327,NO INDICATION OF INJURY,2,30,DISREGARDING STOP SIGN,ON SCENE,UNKNOWN,DRY,UNABLE TO DETERMINE,S,SACRAMENTO AVE,6100,STOP SIGN/FLASHER,FOUR WAY,CLEAR,Y,,,,,,2,3,"{""coordinates"": [-87.698511327021, 41.7825899469], ""type"": ""Point""}","[""FRONT"", ""SIDE-RIGHT""]","[""STRAIGHT AHEAD""]","[""Y""]","[""E"", ""N""]","[""DRIVER""]","[""UNKNOWN""]","[""PERSONAL"", ""UNKNOWN/NA""]","[""2022""]","[""30""]","[""DEPLOYED, COMBINATION"", ""DEPLOYMENT UNKNOWN"", ""DID NOT DEPLOY""]","[""NONE""]","[""NO INDICATION OF INJURY""]","[""DRIVER"", ""PASSENGER""]","[""SAFETY BELT USED"", ""USAGE UNKNOWN""]","[""M""]","[""3""]"
STRAIGHT AND LEVEL,2422,2025-09-19T10:35:00.000,6,10,9,15d98a436feb90ee5bbd6314bb7db28dee14dfac4d71332f2b7b7719bfa6e137b605b5ae3cafdb0de6aba7ace7d8a3a2e8c945c377840146421c9c5191892e2e,NO INJURY / DRIVE AWAY,"$501 - $1,500",2025-09-19T10:40:00.000,NO CONTROLS,SIDESWIPE OPPOSITE DIRECTION,,0,0,2,0,0,0,0,42.0212449696,DAYLIGHT,-87.6732247863,NO INDICATION OF INJURY,2,30,DRIVING SKILLS/KNOWLEDGE/EXPERIENCE,ON SCENE,NO DEFECTS,DRY,DRIVING SKILLS/KNOWLEDGE/EXPERIENCE,N,PAULINA ST,7700,NO CONTROLS,NOT DIVIDED,CLEAR,,,,,,,2,2,"{""coordinates"": [-87.673224786334, 42.021244969559], ""type"": ""Point""}","[""REAR-LEFT-CORNER"", ""REAR-RIGHT-CORNER""]","[""LEAVING TRAFFIC LANE TO PARK"", ""OTHER""]",[],"[""NW"", ""S""]","[""DRIVER""]","[""NONE""]","[""PERSONAL""]","[""2011"", ""2017""]","[""29"", ""30""]","[""DID NOT DEPLOY""]","[""NONE""]","[""NO INDICATION OF INJURY""]","[""DRIVER""]","[""SAFETY BELT USED""]","[""M""]",[]
STRAIGHT AND LEVEL,1834,2025-09-19T10:37:00.000,6,10,9,39e2f9dccf679a2ddbfa08980eb742e01836a5e94cdd433084a5959d9436c0d7422fc19728e9af657f40ac646293e957b9450ea34dc88b1804c818d6fe665619,NO INJURY / DRIVE AWAY,"OVER $1,500",2025-09-19T11:34:00.000,FUNCTIONING PROPERLY,SIDESWIPE SAME DIRECTION,,0,0,2,0,0,0,0,41.8925932255,DAYLIGHT,-87.6243340479,NO INDICATION OF INJURY,2,35,UNABLE TO DETERMINE,ON SCENE,NO DEFECTS,DRY,UNABLE TO DETERMINE,N,MICHIGAN AVE,600,TRAFFIC SIGNAL,DIVIDED - W/MEDIAN (NOT RAISED),CLEAR,,,,,,,2,2,"{""coordinates"": [-87.624334047949, 41.892593225538], ""type"": ""Point""}","[""FRONT-LEFT-CORNER"", ""REAR-RIGHT-CORNER""]","[""CHANGING LANES""]",[],"[""S""]","[""DRIVER""]","[""NONE""]","[""CTA"", ""OTHER""]","[""2008"", ""2020""]","[""29"", ""55""]","[""DID NOT DEPLOY""]","[""NONE""]","[""NO INDICATION OF INJURY""]","[""DRIVER""]","[""SAFETY BELT USED""]","[""M""]",[]
STRAIGHT AND LEVEL,923,2025-09-19T10:50:00.000,6,10,9,1f905b74acbebf3ab67fcddf36b8f74fd53b8f26cecf47029613a69cffe3023d1cc7816f55ff47f59b60c7903078cfa32aad2df31d651825bd808d90d70c9e9c,INJURY AND / OR TOW DUE TO CRASH,"OVER $1,500",2025-09-19T10:58:00.000,FUNCTIONING PROPERLY,TURNING,,0,0,6,0,0,0,0,41.8008956363,DAYLIGHT,-87.6941441217,NO INDICATION OF INJURY,4,30,DISREGARDING TRAFFIC SIGNALS,ON SCENE,NO DEFECTS,DRY,FAILING TO YIELD RIGHT-OF-WAY,S,CALIFORNIA AVE,5100,TRAFFIC SIGNAL,FOUR WAY,CLEAR,Y,Y,,Y,,,4,6,"{""coordinates"": [-87.694144121738, 41.800895636272], ""type"": ""Point""}","[""FRONT"", ""FRONT-RIGHT-CORNER"", ""REAR-LEFT-CORNER"", ""SIDE-LEFT""]","[""SLOW/STOP IN TRAFFIC"", ""STRAIGHT AHEAD"", ""TURNING LEFT""]","[""Y""]","[""E"", ""NW"", ""S""]","[""DRIVER""]","[""NONE"", ""UNKNOWN""]","[""PERSONAL""]","[""2006"", ""2011"", ""2021""]","[""19"", ""43"", ""51"", ""53"", ""54"", ""84""]","[""DEPLOYED, FRONT"", ""DID NOT DEPLOY""]","[""NONE""]","[""NO INDICATION OF INJURY""]","[""DRIVER"", ""PASSENGER""]","[""SAFETY BELT USED"", ""USAGE UNKNOWN""]","[""F"", ""M""]","[""3""]"
STRAIGHT AND LEVEL,513,2025-09-19T10:50:00.000,6,10,9,49645ead34ff81608366acec821257b7eb99c9287248a46a7352cee937a6488eb334b3bcc020ac0764fee820a0eb8e72cb650bb39b85edb2a24571f9c5091bf8,NO INJURY / DRIVE AWAY,"OVER $1,500",2025-09-24T14:24:00.000,NO CONTROLS,PARKED MOTOR VEHICLE,Y,0,0,1,0,0,0,0,41.6942779803,DAYLIGHT,-87.6246115715,NO INDICATION OF INJURY,2,30,UNABLE TO DETERMINE,NOT ON SCENE (DESK REPORT),UNKNOWN,DRY,NOT APPLICABLE,W,110TH ST,37,NO CONTROLS,ONE-WAY,CLEAR,,,,,,,2,1,"{""coordinates"": [-87.624611571467, 41.694277980327], ""type"": ""Point""}","[""SIDE-LEFT"", ""UNKNOWN""]","[""PARKED"", ""UNKNOWN/NA""]",[],"[""E"", ""UNKNOWN""]","[""DRIVER"", ""PARKED""]","[""NONE"", ""OTHER""]","[""PERSONAL"", ""UNKNOWN/NA""]","[""2020""]",[],"[""DEPLOYMENT UNKNOWN""]","[""NONE""]","[""NO INDICATION OF INJURY""]","[""DRIVER""]","[""USAGE UNKNOWN""]","[""X""]",[]
STRAIGHT AND LEVEL,1711,2025-09-19T10:54:00.000,6,10,9,2a707b0aea4be5faa4e54e03005171a24cb7a36cf2e5618090af829c6a1a454a26aab44b761bc1cbb40dc9a25e851be46e2a4011cc87d1932490d13cd33bdf67,INJURY AND / OR TOW DUE TO CRASH,$500 OR LESS,2025-09-19T10:54:00.000,FUNCTIONING PROPERLY,PEDALCYCLIST,,0,0,1,1,0,1,0,41.9829033459,DAYLIGHT,-87.7285813391,NONINCAPACITATING INJURY,2,30,FAILING TO YIELD RIGHT-OF-WAY,ON SCENE,NO DEFECTS,DRY,NOT APPLICABLE,N,PULASKI RD,5600,TRAFFIC SIGNAL,FOUR WAY,CLEAR,Y,,,,,,2,2,"{""coordinates"": [-87.728581339088, 41.982903345885], ""type"": ""Point""}","[""SIDE-RIGHT-FRONT""]","[""STRAIGHT AHEAD""]",[],"[""S""]","[""BICYCLE"", ""DRIVER""]","[""NONE""]","[""PERSONAL""]","[""2010""]","[""44"", ""78""]","[""DID NOT DEPLOY""]","[""NONE""]","[""NO INDICATION OF INJURY"", ""NONINCAPACITATING INJURY""]","[""BICYCLE"", ""DRIVER""]","[""BICYCLE HELMET (PEDACYCLIST INVOLVED ONLY)"", ""SAFETY BELT USED""]","[""F"", ""M""]",[]
STRAIGHT AND LEVEL,513,2025-09-19T11:00:00.000,6,11,9,5c8a0a2fad67281dfeafdd8dcf3e9ebcac164c9ba26a8f12662c0bcca738ae4c4f384e4979a63cff859637751f19b746344db0fe189e09191564e2415b96493b,NO INJURY / DRIVE AWAY,"OVER $1,500",2025-09-19T13:10:00.000,FUNCTIONING PROPERLY,TURNING,Y,0,0,2,0,0,0,0,41.6943760946,DAYLIGHT,-87.6233027362,NO INDICATION OF INJURY,2,30,FAILING TO YIELD RIGHT-OF-WAY,NOT ON SCENE (DESK REPORT),NO DEFECTS,DRY,DISREGARDING STOP SIGN,S,STATE ST,11000,STOP SIGN/FLASHER,NOT DIVIDED,CLEAR,,,,,,,2,2,"{""coordinates"": [-87.623302736216, 41.694376094551], ""type"": ""Point""}","[""FRONT-RIGHT-CORNER"", ""UNKNOWN""]","[""STRAIGHT AHEAD"", ""TURNING LEFT""]",[],"[""E"", ""W""]","[""DRIVER""]","[""NONE"", ""UNKNOWN""]","[""PERSONAL"", ""UNKNOWN/NA""]","[""2014""]","[""55""]","[""DEPLOYMENT UNKNOWN"", ""NOT APPLICABLE""]","[""NONE""]","[""NO INDICATION OF INJURY""]","[""DRIVER""]","[""SAFETY BELT USED"", ""USAGE UNKNOWN""]","[""F"", ""X""]",[]
STRAIGHT AND LEVEL,822,2025-09-19T11:00:00.000,6,11,9,7a4b79fa9167eec27e7a40764ad284571d37cb6e0e7e69bdba307075103f340da0ec4d5b20343c9a6b02434ad3e59a548afeff22baaeefa611f8d324b5a1a5b6,NO INJURY / DRIVE AWAY,$500 OR LESS,2025-09-19T11:35:00.000,NO CONTROLS,PEDALCYCLIST,Y,0,0,3,0,0,0,0,41.8006767048,DAYLIGHT,-87.7062687011,NO INDICATION OF INJURY,2,30,FAILING TO YIELD RIGHT-OF-WAY,ON SCENE,NO DEFECTS,DRY,IMPROPER TURNING/NO SIGNAL,W,51ST ST,3301,NO CONTROLS,NOT DIVIDED,CLEAR,,,,,,,2,3,"{""coordinates"": [-87.706268701145, 41.800676704771], ""type"": ""Point""}","[""FRONT""]","[""TURNING RIGHT""]",[],"[""E""]","[""BICYCLE"", ""DRIVER""]","[""UNKNOWN""]","[""PERSONAL""]",[],"[""27""]","[""NOT APPLICABLE""]","[""NONE""]","[""NO INDICATION OF INJURY""]","[""BICYCLE"", ""DRIVER"", ""PASSENGER""]","[""HELMET NOT USED"", ""USAGE UNKNOWN""]","[""F"", ""M""]","[""3""]"
STRAIGHT AND LEVEL,122,2025-09-19T11:00:00.000,6,11,9,a6d2bd1061e5a8fd4583aa09b26d13c7c80b3bdd615786afdcf1c2753afd28cc0e7a360580fd48dccb40ad5cc94b5b3cc76dde9cb384795b3debd413b59d4703,NO INJURY / DRIVE AWAY,"OVER $1,500",2025-09-19T11:40:00.000,NO CONTROLS,ANGLE,,0,0,2,0,0,0,0,41.8769652344,DAYLIGHT,-87.6334426102,NO INDICATION OF INJURY,2,30,FAILING TO YIELD RIGHT-OF-WAY,NOT ON SCENE (DESK REPORT),NO DEFECTS,DRY,FAILING TO YIELD RIGHT-OF-WAY,W,VAN BUREN ST,186,NO CONTROLS,ONE-WAY,CLEAR,,,,,,,2,2,"{""coordinates"": [-87.633442610197, 41.876965234383], ""type"": ""Point""}","[""FRONT"", ""SIDE-LEFT""]","[""STRAIGHT AHEAD""]",[],"[""N"", ""W""]","[""DRIVER""]","[""NONE"", ""UNKNOWN""]","[""PERSONAL"", ""UNKNOWN/NA""]","[""2011"", ""2024""]","[""37"", ""53""]","[""NOT APPLICABLE""]","[""NONE""]","[""NO INDICATION OF INJURY""]","[""DRIVER""]","[""SAFETY BELT USED"", ""USAGE UNKNOWN""]","[""M""]",[]
"CURVE, LEVEL",713,2025-09-19T11:05:00.000,6,11,9,a5ba4d155efef1ebd667c4fcdc13f7c03d19cb38a0a71ff672376be81676a0b89405d28c37677975b276563f4dc1baf28ed7859075e5497727dbeecfbdc1b6f1,NO INJURY / DRIVE AWAY,"OVER $1,500",2025-09-19T11:07:00.000,NO CONTROLS,FIXED OBJECT,,0,0,1,0,0,0,0,41.7797015696,DAYLIGHT,-87.6558847796,NO INDICATION OF INJURY,1,30,UNABLE TO DETERMINE,ON SCENE,WORN SURFACE,DRY,UNABLE TO DETERMINE,W,63RD ST,1234,NO CONTROLS,DRIVEWAY,CLEAR,,,Y,,,,1,1,"{""coordinates"": [-87.655884779554, 41.779701569578], ""type"": ""Point""}","[""SIDE-RIGHT""]","[""TURNING RIGHT""]",[],"[""W""]","[""DRIVER""]","[""NONE""]","[""OTHER""]","[""2015""]","[""69""]","[""NOT APPLICABLE""]","[""NONE""]","[""NO INDICATION OF INJURY""]","[""DRIVER""]","[""SAFETY BELT USED""]","[""M""]",[]
STRAIGHT AND LEVEL,632,2025-09-19T11:10:00.000,6,11,9,fa14915d8165e1152dcaa97585744b30190cea8b9feef69162a70e378ba05bf2f9fcd23ef6f28a467a8e7bb00876e070151637778a1230904e0a5591c28af7ef,NO INJURY / DRIVE AWAY,$500 OR LESS,2025-09-20T14:50:00.000,OTHER,REAR END,,0,0,2,0,0,0,0,41.7367161215,DAYLIGHT,-87.6078900773,NO INDICATION OF INJURY,2,5,IMPROPER BACKING,NOT ON SCENE (DESK REPORT),NO DEFECTS,OTHER,NOT APPLICABLE,E,87TH ST,644,NO CONTROLS,OTHER,OTHER,,,,,,,2,2,"{""coordinates"": [-87.607890077275, 41.73671612151], ""type"": ""Point""}","[""FRONT"", ""REAR""]","[""BACKING"", ""SLOW/STOP IN TRAFFIC""]",[],"[""N""]","[""DRIVER""]","[""UNKNOWN""]","[""PERSONAL""]","[""2019"", ""2023""]","[""34""]","[""DEPLOYMENT UNKNOWN"", ""DID NOT DEPLOY""]","[""NONE""]","[""NO INDICATION OF INJURY""]","[""DRIVER""]","[""USAGE UNKNOWN""]","[""F"", ""M""]",[]
STRAIGHT AND LEVEL,1922,2025-09-19T11:13:00.000,6,11,9,7ff2ff18090564339200ba413767049f6be9058a5f4ee19c1bd8b4d2ad1822996fbcfe742458102c1f630b4521b1d4976edef11c199fe2a05ceb9d98298df41e,INJURY AND / OR TOW DUE TO CRASH,$500 OR LESS,2025-09-19T11:14:00.000,FUNCTIONING PROPERLY,PEDALCYCLIST,,0,0,1,1,0,1,0,41.9468126469,DAYLIGHT,-87.6741150178,NONINCAPACITATING INJURY,2,30,UNABLE TO DETERMINE,ON SCENE,NO DEFECTS,DRY,UNABLE TO DETERMINE,W,ADDISON ST,1801,TRAFFIC SIGNAL,NOT DIVIDED,CLEAR,Y,,,,,,2,2,"{""coordinates"": [-87.674115017775, 41.946812646878], ""type"": ""Point""}","[""FRONT""]","[""STRAIGHT AHEAD""]",[],"[""E""]","[""BICYCLE"", ""DRIVER""]","[""UNKNOWN""]","[""PERSONAL""]","[""2015""]","[""31"", ""37""]","[""DID NOT DEPLOY""]","[""NONE"", ""TOTALLY EJECTED""]","[""NO INDICATION OF INJURY"", ""NONINCAPACITATING INJURY""]","[""BICYCLE"", ""DRIVER""]","[""BICYCLE HELMET (PEDACYCLIST INVOLVED ONLY)"", ""USAGE UNKNOWN""]","[""F"", ""M""]",[]
STRAIGHT AND LEVEL,1722,2025-09-19T11:31:00.000,6,11,9,2b077dba1bfbe2b302bb0fc332e68f7a1e2be9f0e48cc7a0d8c95dc7c090c6fe1137f5580bc287de5a9375af5718839f156de9c4804f632fd516fbe69b9c5434,NO INJURY / DRIVE AWAY,"OVER $1,500",2025-09-19T11:55:00.000,UNKNOWN,REAR END,,0,0,3,0,0,0,0,41.9610199247,DAYLIGHT,-87.7310714599,NO INDICATION OF INJURY,2,30,UNABLE TO DETERMINE,NOT ON SCENE (DESK REPORT),UNKNOWN,DRY,UNABLE TO DETERMINE,W,MONTROSE AVE,4128,TRAFFIC SIGNAL,FOUR WAY,CLEAR,,,,,,,2,3,"{""coordinates"": [-87.731071459856, 41.96101992466], ""type"": ""Point""}","[""FRONT-RIGHT-CORNER"", ""REAR-LEFT-CORNER""]","[""SLOW/STOP IN TRAFFIC"", ""STRAIGHT AHEAD""]",[],"[""W""]","[""DRIVER""]","[""UNKNOWN""]","[""PERSONAL"", ""UNKNOWN/NA""]","[""2010"", ""2012""]","[""28"", ""31""]","[""DID NOT DEPLOY"", ""NOT APPLICABLE""]","[""NONE""]","[""NO INDICATION OF INJURY""]","[""DRIVER"", ""PASSENGER""]","[""SAFETY BELT USED"", ""USAGE UNKNOWN""]","[""F"", ""M""]","[""3""]"
STRAIGHT AND LEVEL,1634,2025-09-19T11:39:00.000,6,11,9,e5c872e30bf3574afc9172a89d4c7f27f79f008b63297018f830c985b2b092038a062faaf438b23f337100c27fa37d047813125df77566fc23582f32368fa800,NO INJURY / DRIVE AWAY,"$501 - $1,500",2025-09-19T11:42:00.000,NO CONTROLS,PARKED MOTOR VEHICLE,,0,0,2,0,0,0,0,41.939222785,DAYLIGHT,-87.7470233693,NO INDICATION OF INJURY,2,30,UNABLE TO DETERMINE,ON SCENE,NO DEFECTS,DRY,UNABLE TO DETERMINE,N,CICERO AVE,3212,NO CONTROLS,DIVIDED - W/MEDIAN (NOT RAISED),CLEAR,,,,,,,2,2,"{""coordinates"": [-87.747023369284, 41.939222784966], ""type"": ""Point""}","[""OTHER""]","[""PARKED"", ""STRAIGHT AHEAD""]",[],"[""S"", ""UNKNOWN""]","[""DRIVER"", ""PARKED""]","[""NONE""]","[""OTHER"", ""PERSONAL""]","[""2017"", ""2020""]","[""28""]","[""DID NOT DEPLOY"", ""NOT APPLICABLE""]","[""NONE""]","[""NO INDICATION OF INJURY""]","[""DRIVER"", ""PASSENGER""]","[""SAFETY BELT USED""]","[""M""]","[""3""]"