alignment,beat_of_occurrence,crash_date,crash_day_of_week,crash_hour,crash_month,crash_record_id,crash_type,damage,date_police_notified,device_condition,first_crash_type,hit_and_run_i,injuries_fatal,injuries_incapacitating,injuries_no_indication,injuries_non_incapacitating,injuries_reported_not_evident,injuries_total,injuries_unknown,latitude,lighting_condition,longitude,most_severe_injury,num_units,posted_speed_limit,prim_contributory_cause,report_type,road_defect,roadway_surface_cond,sec_contributory_cause,street_direction,street_name,street_no,traffic_control_device,trafficway_type,weather_condition,intersection_related_i,crash_date_est_i,private_property_i,statements_taken_i,photos_taken_i,work_zone_i,veh_count,ppl_count,location_json,veh_first_contact_point_list_json,veh_maneuver_list_json,veh_towed_i_list_json,veh_travel_direction_list_json,veh_unit_type_list_json,veh_vehicle_defect_list_json,veh_vehicle_use_list_json,veh_vehicle_year_list_json,ppl_age_list_json,ppl_airbag_deployed_list_json,ppl_ejection_list_json,ppl_injury_classification_list_json,ppl_person_type_list_json,ppl_safety_equipment_list_json,ppl_sex_list_json,ppl_seat_no_list_json
STRAIGHT AND LEVEL,612,2025-09-19T11:45:00.000,6,11,9,103fed0ce49ef9464f114a9cdad7c705a302e144bf2444e13ada87afa4711664f19e2d5ce9d773d9ddfcdee4e7a4c2100b07954241512355b72f93930add68c7,NO INJURY / DRIVE AWAY,"OVER $1,500",2025-09-21T10:55:00.000,UNKNOWN,REAR END,Y,0,0,2,0,0,0,0,41.7504749298,DARKNESS,-87.6538833344,NO INDICATION OF INJURY,2,30,FOLLOWING TOO CLOSELY,NOT ON SCENE (DESK REPORT),UNKNOWN,DRY,FOLLOWING TOO CLOSELY,S,RACINE AVE,7900,STOP SIGN/FLASHER,NOT DIVIDED,CLEAR,,,,,,,2,2,"{""coordinates"": [-87.653883334391, 41.750474929778], ""type"": ""Point""}","[""FRONT"", ""REAR""]","[""STRAIGHT AHEAD""]",[],"[""N""]","[""DRIVER""]","[""UNKNOWN""]","[""PERSONAL""]","[""2014""]","[""33""]","[""DEPLOYMENT UNKNOWN""]","[""NONE"", ""UNKNOWN""]","[""NO INDICATION OF INJURY""]","[""DRIVER""]","[""USAGE UNKNOWN""]","[""M""]",[]
STRAIGHT AND LEVEL,813,2025-09-19T11:45:00.000,6,11,9,67d3ded465801f74796ccf50d9ba4d5a79b371f17bacdc5be4069bcdf0e0e9ccecc34cc50a2a3e9b39ca1eaadcf5b9151e9e08b6b99fb184dd935edbecc739e3,NO INJURY / DRIVE AWAY,"OVER $1,500",2025-09-19T13:05:00.000,FUNCTIONING PROPERLY,REAR END,,0,0,3,0,0,0,0,41.7787673901,DAYLIGHT,-87.7228231953,NO INDICATION OF INJURY,2,30,UNABLE TO DETERMINE,NOT ON SCENE (DESK REPORT),NO DEFECTS,DRY,NOT APPLICABLE,W,63RD ST,4000,TRAFFIC SIGNAL,NOT DIVIDED,CLEAR,Y,,,,,,2,3,"{""coordinates"": [-87.722823195304, 41.778767390084], ""type"": ""Point""}","[""FRONT"", ""UNKNOWN""]","[""STRAIGHT AHEAD""]",[],"[""E""]","[""DRIVER""]","[""NONE"", ""UNKNOWN""]","[""OTHER"", ""PERSONAL""]","[""2024""]","[""25"", ""34""]","[""DEPLOYMENT UNKNOWN"", ""DID NOT DEPLOY""]","[""NONE""]","[""NO INDICATION OF INJURY""]","[""DRIVER"", ""PASSENGER""]","[""SAFETY BELT USED"", ""USAGE UNKNOWN""]","[""F"", ""M""]","[""3""]"
STRAIGHT AND LEVEL,823,2025-09-19T11:45:00.000,6,11,9,9f7a082f39df61fd9045e4b9436eabd992b303cbc327d907bd6aee1ab5fb9d5c1e8c879ccbefc2cf9cbd3b72730b5e34c8d1970d54b410c849204bc84dff568d,INJURY AND / OR TOW DUE TO CRASH,"OVER $1,500",2025-09-20T11:45:00.000,FUNCTIONING PROPERLY,ANGLE,,0,0,2,0,0,0,0,41.7826067719,DAYLIGHT,-87.7106419023,NO INDICATION OF INJURY,2,30,DISREGARDING STOP SIGN,,NO DEFECTS,DRY,FAILING TO REDUCE SPEED TO AVOID CRASH,W,61ST ST,3500,STOP SIGN/FLASHER,FOUR WAY,CLEAR,Y,,,,,,2,2,"{""coordinates"": [-87.710641902265, 41.782606771925], ""type"": ""Point""}","[""FRONT"", ""SIDE-RIGHT""]","[""STRAIGHT AHEAD""]","[""Y""]","[""E"", ""N""]","[""DRIVER""]","[""NONE""]","[""PERSONAL""]","[""2007"", ""2025""]","[""33"", ""65""]","[""NOT APPLICABLE""]","[""NONE""]","[""NO INDICATION OF INJURY""]","[""DRIVER""]","[""USAGE UNKNOWN""]","[""F"", ""M""]",[]
STRAIGHT AND LEVEL,1935,2025-09-19T11:45:00.000,6,11,9,befbe5dba1a9da5d42e72900002aa824ed478a90a9975680fd0ab56d38539b953564d710b35fd6569d36a5ab61da6ec8ca29498006f9075913297186eb9c6bbf,NO INJURY / DRIVE AWAY,"OVER $1,500",2025-09-19T11:59:00.000,NO CONTROLS,SIDESWIPE SAME DIRECTION,Y,0,0,2,0,0,0,0,41.9272988839,DAYLIGHT,-87.6489738984,NO INDICATION OF INJURY,2,30,FAILING TO YIELD RIGHT-OF-WAY,ON SCENE,UNKNOWN,UNKNOWN,NOT APPLICABLE,N,HALSTED ST,2500,NO CONTROLS,NOT DIVIDED,CLEAR,,,,,,,2,2,"{""coordinates"": [-87.648973898381, 41.927298883899], ""type"": ""Point""}","[""SIDE-LEFT"", ""UNKNOWN""]","[""ENTERING TRAFFIC LANE FROM PARKING"", ""PASSING/OVERTAKING""]",[],"[""S""]","[""DRIVER""]","[""UNKNOWN""]","[""CTA"", ""UNKNOWN/NA""]","[""2024""]","[""45""]","[""DEPLOYMENT UNKNOWN"", ""DID NOT DEPLOY""]","[""NONE"", ""UNKNOWN""]","[""NO INDICATION OF INJURY""]","[""DRIVER""]","[""SAFETY BELT USED"", ""USAGE UNKNOWN""]","[""F"", ""M""]",[]
STRAIGHT AND LEVEL,2012,2025-09-19T11:50:00.000,6,11,9,72ee0cd3790f15be2a2c5d045ad85cea86687866e700d095a833f041535160ce0c50f4c939926c8b603414e84673782ea5b23635da06fc1ecd5593502e9fbb57,NO INJURY / DRIVE AWAY,"$501 - $1,500",2025-09-19T12:45:00.000,NO CONTROLS,REAR END,Y,0,0,2,0,0,0,0,41.990676795,DAYLIGHT,-87.6734189526,NO INDICATION OF INJURY,2,30,IMPROPER OVERTAKING/PASSING,NOT ON SCENE (DESK REPORT),NO DEFECTS,DRY,UNABLE TO DETERMINE,W,PETERSON AVE,1747,NO CONTROLS,NOT DIVIDED,CLEAR,,,,,,,2,2,"{""coordinates"": [-87.673418952576, 41.990676795005], ""type"": ""Point""}","[""FRONT-RIGHT-CORNER"", ""REAR""]","[""MERGING"", ""PASSING/OVERTAKING""]",[],"[""E""]","[""DRIVER""]","[""NONE""]","[""PERSONAL""]","[""2007"", ""2024""]","[""31""]","[""DEPLOYMENT UNKNOWN"", ""NOT APPLICABLE""]","[""NONE""]","[""NO INDICATION OF INJURY""]","[""DRIVER""]","[""SAFETY BELT USED"", ""USAGE UNKNOWN""]","[""M""]",[]
STRAIGHT AND LEVEL,1711,2025-09-19T11:55:00.000,6,11,9,1dcb4f2cda21a3a2023dc3e37a7a43f5233e336fea78b5f8351044375fa21772f3bbc1b622df6daba573660f732aa78165ca8515b26921ce72cb88bee11d876f,NO INJURY / DRIVE AWAY,"$501 - $1,500",2025-09-19T11:55:00.000,NO CONTROLS,PARKED MOTOR VEHICLE,Y,0,0,7,0,0,0,0,41.9844410925,DAYLIGHT,-87.7093997065,NO INDICATION OF INJURY,3,30,UNABLE TO DETERMINE,ON SCENE,NO DEFECTS,DRY,UNABLE TO DETERMINE,N,JERSEY AVE,5648,NO CONTROLS,DIVIDED - W/MEDIAN (NOT RAISED),CLEAR,,,,,,,3,7,"{""coordinates"": [-87.709399706537, 41.984441092458], ""type"": ""Point""}","[""FRONT"", ""FRONT-LEFT-CORNER"", ""SIDE-RIGHT-REAR""]","[""PARKED"", ""STRAIGHT AHEAD""]",[],"[""S""]","[""DRIVER"", ""PARKED""]","[""UNKNOWN""]","[""PERSONAL"", ""SCHOOL BUS"", ""UNKNOWN/NA""]","[""2001"", ""2020"", ""2025""]","[""21"", ""32""]","[""DEPLOYMENT UNKNOWN"", ""NOT APPLICABLE""]","[""NONE""]","[""NO INDICATION OF INJURY""]","[""DRIVER"", ""PASSENGER""]","[""USAGE UNKNOWN""]","[""F"", ""M""]","[""1"", ""10"", ""12"", ""4"", ""6"", ""7""]"
STRAIGHT AND LEVEL,1713,2025-09-19T11:55:00.000,6,11,9,5b48d1db4fcc471911f457b78ad55b5ecc9703c5fbc2b35e40702a167ab12b70831b3b03edf6532dfdbd5bbd1c1c40ab0934f2d49b96a1d42de02b066c2ad14d,NO INJURY / DRIVE AWAY,"OVER $1,500",2025-09-19T17:20:00.000,FUNCTIONING PROPERLY,PARKED MOTOR VEHICLE,Y,0,0,1,0,0,0,0,41.9656754244,DAYLIGHT,-87.710666281,NO INDICATION OF INJURY,2,30,UNABLE TO DETERMINE,NOT ON SCENE (DESK REPORT),NO DEFECTS,DRY,NOT APPLICABLE,W,EASTWOOD AVE,3256,STOP SIGN/FLASHER,ONE-WAY,CLEAR,,,,,,,2,1,"{""coordinates"": [-87.710666281049, 41.965675424405], ""type"": ""Point""}","[""SIDE-RIGHT-REAR"", ""UNKNOWN""]","[""PARKED"", ""UNKNOWN/NA""]",[],"[""E"", ""UNKNOWN""]","[""DRIVER"", ""PARKED""]","[""NONE"", ""UNKNOWN""]","[""PERSONAL"", ""UNKNOWN/NA""]","[""2015""]",[],"[""DEPLOYMENT UNKNOWN""]","[""NONE""]","[""NO INDICATION OF INJURY""]","[""DRIVER""]","[""USAGE UNKNOWN""]","[""X""]",[]
STRAIGHT AND LEVEL,1631,2025-09-19T11:56:00.000,6,11,9,80f1289cbee89bf8747ecbd52559be79dd9955262e1b93875e57987ce2139ba72bfb8cd789bb4d942f3eea94b73fd13c020ab7059549f4623859268118c78cee,INJURY AND / OR TOW DUE TO CRASH,"OVER $1,500",2025-09-19T12:02:00.000,NO CONTROLS,SIDESWIPE SAME DIRECTION,,0,0,2,0,0,0,0,41.952025833,DAYLIGHT,-87.8328737145,NO INDICATION OF INJURY,2,30,FAILING TO YIELD RIGHT-OF-WAY,ON SCENE,UNKNOWN,DRY,UNABLE TO DETERMINE,W,IRVING PARK RD,8225,NO CONTROLS,DIVIDED - W/MEDIAN (NOT RAISED),CLEAR,,,,,,,2,2,"{""coordinates"": [-87.832873714467, 41.952025832997], ""type"": ""Point""}","[""SIDE-LEFT"", ""SIDE-RIGHT""]","[""ENTERING TRAFFIC LANE FROM PARKING"", ""STRAIGHT AHEAD""]","[""Y""]","[""E""]","[""DRIVER""]","[""UNKNOWN""]","[""PERSONAL""]","[""2004"", ""2020""]","[""27"", ""80""]","[""DID NOT DEPLOY"", ""NOT APPLICABLE""]","[""NONE""]","[""NO INDICATION OF INJURY""]","[""DRIVER""]","[""USAGE UNKNOWN""]","[""M""]",[]
STRAIGHT AND LEVEL,1111,2025-09-19T12:00:00.000,6,12,9,ba7d5c636670707ced97263c2e15bd30ebbc3b6d1f2a42e8d0178000d20873b29c29976f487691773d755a6852f8cc6714015ef2e4a5e6584926022b8d810115,NO INJURY / DRIVE AWAY,"OVER $1,500",2025-09-21T12:03:00.000,NO CONTROLS,TURNING,,0,0,2,0,0,0,0,41.8951241768,DAYLIGHT,-87.7451637742,NO INDICATION OF INJURY,2,30,IMPROPER TURNING/NO SIGNAL,NOT ON SCENE (DESK REPORT),NO DEFECTS,DRY,IMPROPER TURNING/NO SIGNAL,W,CHICAGO AVE,4740,NO CONTROLS,DIVIDED - W/MEDIAN (NOT RAISED),CLEAR,,,,,,,2,2,"{""coordinates"": [-87.745163774205, 41.895124176847], ""type"": ""Point""}","[""FRONT-RIGHT-CORNER"", ""SIDE-RIGHT-FRONT""]","[""STRAIGHT AHEAD"", ""TURNING LEFT""]",[],"[""E"", ""W""]","[""DRIVER""]","[""NONE""]","[""PERSONAL""]","[""2004"", ""2013""]","[""29"", ""49""]","[""NOT APPLICABLE""]","[""NONE""]","[""NO INDICATION OF INJURY""]","[""DRIVER""]","[""USAGE UNKNOWN""]","[""F""]",[]
STRAIGHT AND LEVEL,822,2025-09-19T12:15:00.000,6,12,9,4bfb01470cad8d905fc5af116641a011fa93fcdc831b249902bb77324aeddd76fc262cc963df21f918920dd28bc0326f39230e3a6d4bcddcb7a2a87cd47bf59d,INJURY AND / OR TOW DUE TO CRASH,"OVER $1,500",2025-09-19T14:21:00.000,FUNCTIONING PROPERLY,TURNING,Y,0,0,1,1,0,1,0,41.8006219179,DAYLIGHT,-87.7112696171,NONINCAPACITATING INJURY,2,30,IMPROPER TURNING/NO SIGNAL,NOT ON SCENE (DESK REPORT),NO DEFECTS,DRY,CELL PHONE USE OTHER THAN TEXTING,S,ST LOUIS AVE,5100,TRAFFIC SIGNAL,NOT DIVIDED,CLEAR,,,,,,,2,2,"{""coordinates"": [-87.71126961707, 41.800621917861], ""type"": ""Point""}","[""FRONT-LEFT-CORNER"", ""SIDE-LEFT""]","[""SLOW/STOP IN TRAFFIC"", ""TURNING LEFT""]",[],"[""N"", ""W""]","[""DRIVER""]","[""NONE""]","[""PERSONAL""]","[""2015""]","[""59""]","[""DEPLOYMENT UNKNOWN"", ""NOT APPLICABLE""]","[""NONE""]","[""NO INDICATION OF INJURY"", ""NONINCAPACITATING INJURY""]","[""DRIVER""]","[""SAFETY BELT USED"", ""USAGE UNKNOWN""]","[""M"", ""X""]",[]
STRAIGHT AND LEVEL,1233,2025-09-19T12:25:00.000,6,12,9,012d1816d4106c53fecf3c7076147a09ae3d5bac5d4faa5cb3c20c6e5265cefa75dce405f8675ad85ed6e9b78a90de7f7133855ba3689f6e0e3cf702f1818563,NO INJURY / DRIVE AWAY,"OVER $1,500",2025-09-19T12:33:00.000,UNKNOWN,ANGLE,,0,0,2,0,0,0,0,41.8648305978,DAYLIGHT,-87.6760712313,NO INDICATION OF INJURY,2,30,FAILING TO YIELD RIGHT-OF-WAY,ON SCENE,NO DEFECTS,DRY,NOT APPLICABLE,W,13TH ST,1997,STOP SIGN/FLASHER,FOUR WAY,CLEAR,Y,,,,,,2,2,"{""coordinates"": [-87.676071231284, 41.864830597821], ""type"": ""Point""}","[""FRONT"", ""SIDE-RIGHT""]","[""STARTING IN TRAFFIC"", ""STRAIGHT AHEAD""]",[],"[""E"", ""N""]","[""DRIVER""]","[""NONE""]","[""PERSONAL""]","[""2001"", ""2017""]","[""55"", ""60""]","[""DID NOT DEPLOY""]","[""NONE""]","[""NO INDICATION OF INJURY""]","[""DRIVER""]","[""USAGE UNKNOWN""]","[""F"", ""M""]",[]
STRAIGHT AND LEVEL,1611,2025-09-19T12:30:00.000,6,12,9,65022880dc87dd3f9fbd9bca5282714bbbac84c23fffe834d671baaf6f2d80451e17506705fafa69f6c43c30eb6226ae9db76294faf85651f568dd243faaea0b,NO INJURY / DRIVE AWAY,"OVER $1,500",2025-09-19T13:00:00.000,UNKNOWN,TURNING,,0,0,2,0,0,0,0,41.9972472842,DAYLIGHT,-87.7873345187,NO INDICATION OF INJURY,2,30,UNABLE TO DETERMINE,NOT ON SCENE (DESK REPORT),UNKNOWN,UNKNOWN,UNABLE TO DETERMINE,W,DEVON AVE,6351,UNKNOWN,NOT DIVIDED,CLEAR,,,,,,,2,2,"{""coordinates"": [-87.787334518712, 41.997247284223], ""type"": ""Point""}","[""FRONT-LEFT-CORNER"", ""FRONT-RIGHT-CORNER""]","[""MERGING"", ""TURNING LEFT""]",[],"[""W""]","[""DRIVER""]","[""UNKNOWN""]","[""UNKNOWN/NA""]","[""2015""]","[""37"", ""39""]","[""NOT APPLICABLE""]","[""NONE""]","[""NO INDICATION OF INJURY""]","[""DRIVER""]","[""USAGE UNKNOWN""]","[""M""]",[]
STRAIGHT AND LEVEL,914,2025-09-19T12:30:00.000,6,12,9,d5d167409bcfaa7d77124bd452e9f45b67be8fce2cddbd54d9c353a1a3544b3187acdb38a7283e3295972d12b457fc5bcff6d3b58fa55e8a92165858774fe70d,NO INJURY / DRIVE AWAY,$500 OR LESS,2025-09-19T12:33:00.000,NO CONTROLS,REAR END,,0,0,2,0,0,0,0,41.8542414114,DAYLIGHT,-87.6362135049,NO INDICATION OF INJURY,2,30,IMPROPER BACKING,ON SCENE,NO DEFECTS,DRY,UNABLE TO DETERMINE,S,PRINCETON AVE,2100,NO CONTROLS,NOT DIVIDED,CLEAR,N,,,,,,2,2,"{""coordinates"": [-87.636213504871, 41.854241411407], ""type"": ""Point""}","[""FRONT"", ""REAR""]","[""ENTERING TRAFFIC LANE FROM PARKING"", ""STRAIGHT AHEAD""]",[],"[""N""]","[""DRIVER""]","[""NONE""]","[""PERSONAL""]","[""2011"", ""2017""]","[""31"", ""46""]","[""DID NOT DEPLOY"", ""NOT APPLICABLE""]","[""NONE""]","[""NO INDICATION OF INJURY""]","[""DRIVER""]","[""SAFETY BELT USED""]","[""M""]",[]
STRAIGHT AND LEVEL,123,2025-09-19T12:36:00.000,6,12,9,bee0a3a39c3021a44dcaeff455186ba2cf80c31e1793076394b12078c2f3e8c533159ca1980b3e70bc9010541c7dd50ea4154f31a5cc6e1c9bd9142d0784ae81,NO INJURY / DRIVE AWAY,"OVER $1,500",2025-09-19T13:30:00.000,NO CONTROLS,PARKED MOTOR VEHICLE,Y,0,0,1,0,0,0,0,41.8745201634,DAYLIGHT,-87.6259124567,NO INDICATION OF INJURY,2,15,UNABLE TO DETERMINE,ON SCENE,NO DEFECTS,DRY,NOT APPLICABLE,E,HARRISON ST,50,NO CONTROLS,PARKING LOT,CLEAR,,,,Y,,,2,1,"{""coordinates"": [-87.625912456668, 41.874520163406], ""type"": ""Point""}","[""FRONT-LEFT-CORNER"", ""UNKNOWN""]","[""PARKED"", ""UNKNOWN/NA""]",[],"[""UNKNOWN""]","[""DRIVER"", ""PARKED""]","[""UNKNOWN""]","[""OTHER"", ""UNKNOWN/NA""]",[],[],"[""DEPLOYMENT UNKNOWN""]","[""UNKNOWN""]","[""NO INDICATION OF INJURY""]","[""DRIVER""]","[""USAGE UNKNOWN""]","[""X""]",[]
"CURVE, LEVEL",2013,2025-09-19T12:37:00.000,6,12,9,b990011c14af0697b820ae849260d275e78523412cc09338c719455e77ad666c40970dc302c29cd96f9d3e03fea6661aab3d43383ed8be8cfed2b5d4a3139671,NO INJURY / DRIVE AWAY,$500 OR LESS,2025-09-19T12:37:00.000,NO CONTROLS,SIDESWIPE SAME DIRECTION,,0,0,2,0,0,0,0,41.9852667698,DAYLIGHT,-87.6625168041,NO INDICATION OF INJURY,2,30,IMPROPER OVERTAKING/PASSING,NOT ON SCENE (DESK REPORT),NO DEFECTS,DRY,IMPROPER LANE USAGE,N,RIDGE AVE,5679,NO CONTROLS,NOT DIVIDED,CLEAR,,,,,,,2,2,"{""coordinates"": [-87.662516804053, 41.985266769831], ""type"": ""Point""}","[""FRONT-LEFT-CORNER"", ""UNKNOWN""]","[""STRAIGHT AHEAD""]",[],"[""N""]","[""DRIVER""]","[""NONE""]","[""PERSONAL""]","[""2016"", ""2017""]","[""28""]","[""DID NOT DEPLOY""]","[""NONE""]","[""NO INDICATION OF INJURY""]","[""DRIVER""]","[""USAGE UNKNOWN""]","[""F""]",[]
STRAIGHT AND LEVEL,1922,2025-09-19T12:57:00.000,6,12,9,fb001ed88e8a692fd7571fbea9d51a4032f7e3d19dc0b2d3595abaa9e462f1d39b72d453cc0864de101c7c7293c06ab3057e641e2c7e8054b8d1383a8bee1da7,NO INJURY / DRIVE AWAY,"OVER $1,500",2025-09-19T19:35:00.000,NO CONTROLS,PARKED MOTOR VEHICLE,,0,0,1,0,0,0,0,41.9397446157,DAYLIGHT,-87.6685161011,NO INDICATION OF INJURY,2,30,UNABLE TO DETERMINE,NOT ON SCENE (DESK REPORT),UNKNOWN,DRY,NOT APPLICABLE,N,ASHLAND AVE,3201,STOP SIGN/FLASHER,PARKING LOT,CLEAR,,,,,,,2,1,"{""coordinates"": [-87.668516101064, 41.939744615735], ""type"": ""Point""}","[""FRONT-RIGHT-CORNER"", ""REAR-LEFT-CORNER""]","[""PARKED"", ""STRAIGHT AHEAD""]",[],"[""E""]","[""DRIVER"", ""PARKED""]","[""NONE"", ""UNKNOWN""]","[""NOT IN USE"", ""UNKNOWN/NA""]","[""2011"", ""2021""]","[""30""]","[""DEPLOYMENT UNKNOWN""]","[""UNKNOWN""]","[""NO INDICATION OF INJURY""]","[""DRIVER""]","[""USAGE UNKNOWN""]","[""F""]",[]
STRAIGHT AND LEVEL,2431,2025-09-19T12:58:00.000,6,12,9,3357c52e159e1f1a7863c9f089074727d7869d35f4b3e552c6a4ec38d9dabf151b5bf1d17d263dce205cbb36cf901ff510c78c2169500a9b8ec64a11bfe606de,INJURY AND / OR TOW DUE TO CRASH,$500 OR LESS,2025-09-19T15:00:00.000,NO CONTROLS,HEAD ON,,0,0,1,1,0,1,0,42.0059461214,DAYLIGHT,-87.6679453298,NONINCAPACITATING INJURY,2,25,UNABLE TO DETERMINE,,NO DEFECTS,DRY,UNABLE TO DETERMINE,N,GREENVIEW AVE,6816,NO CONTROLS,ONE-WAY,CLEAR,,,,,,,2,2,"{""coordinates"": [-87.667945329778, 42.005946121426], ""type"": ""Point""}","[""FRONT"", ""FRONT-LEFT-CORNER""]","[""MERGING"", ""STRAIGHT AHEAD""]",[],"[""N"", ""S""]","[""DRIVER""]","[""OTHER"", ""UNKNOWN""]","[""PERSONAL""]","[""2025""]","[""44""]","[""NOT APPLICABLE""]","[""NONE""]","[""NO INDICATION OF INJURY"", ""NONINCAPACITATING INJURY""]","[""DRIVER""]","[""USAGE UNKNOWN""]","[""F""]",[]
STRAIGHT AND LEVEL,722,2025-09-19T13:00:00.000,6,13,9,56666e4e1c78e114228169b0528c7d46f8bfbf0a96d66b967753fd7d5decce7e078628e23b4e0155f797fb608363db9855823541518decf3b1722592687375be,NO INJURY / DRIVE AWAY,"OVER $1,500",2025-09-19T13:02:00.000,NO CONTROLS,SIDESWIPE SAME DIRECTION,,0,0,4,0,0,0,0,41.7721372992,DAYLIGHT,-87.6388599197,NO INDICATION OF INJURY,2,20,IMPROPER LANE USAGE,ON SCENE,NO DEFECTS,DRY,IMPROPER LANE USAGE,S,PARNELL AVE,6712,NO CONTROLS,ONE-WAY,CLEAR,,,,,,,2,4,"{""coordinates"": [-87.63885991968, 41.772137299162], ""type"": ""Point""}","[""SIDE-LEFT"", ""SIDE-RIGHT""]","[""SLOW/STOP IN TRAFFIC"", ""STRAIGHT AHEAD""]",[],"[""S""]","[""DRIVER""]","[""NONE""]","[""PERSONAL"", ""RIDESHARE SERVICE""]","[""2015"", ""2023""]","[""27"", ""37"", ""40"", ""59""]","[""DID NOT DEPLOY"", ""NOT APPLICABLE""]","[""NONE""]","[""NO INDICATION OF INJURY""]","[""DRIVER"", ""PASSENGER""]","[""SAFETY BELT USED"", ""USAGE UNKNOWN""]","[""F"", ""M""]","[""4"", ""5""]"
STRAIGHT AND LEVEL,833,2025-09-19T13:00:00.000,6,13,9,6b8c9e91b980d948a1bb5c32b4464c3b8ae43ad5182da1badd62fc83f97e64c0c0b6379cca3e9d40ff06136fd5cbc2fa59080790f8a733b5b326f54279b2272a,NO INJURY / DRIVE AWAY,"OVER $1,500",2025-09-19T14:00:00.000,FUNCTIONING PROPERLY,ANGLE,,0,0,2,0,0,0,0,41.7714665717,DAYLIGHT,-87.7238550052,NO INDICATION OF INJURY,2,30,FAILING TO YIELD RIGHT-OF-WAY,NOT ON SCENE (DESK REPORT),NO DEFECTS,DRY,NOT APPLICABLE,W,MARQUETTE RD,4032,STOP SIGN/FLASHER,NOT DIVIDED,CLEAR,Y,,,,,,2,2,"{""coordinates"": [-87.723855005166, 41.771466571703], ""type"": ""Point""}","[""FRONT"", ""SIDE-LEFT""]","[""STRAIGHT AHEAD""]",[],"[""E"", ""N""]","[""DRIVER""]","[""NONE""]","[""PERSONAL""]","[""2009"", ""2022""]",[],"[""DID NOT DEPLOY""]","[""NONE""]","[""NO INDICATION OF INJURY""]","[""DRIVER""]","[""SAFETY BELT USED""]","[""F"", ""M""]",[]
STRAIGHT AND LEVEL,1634,2025-09-19T13:00:00.000,6,13,9,9cb7a57de8633d11a54687f8f10214c1493504919a908aabccd0fba28b729169e412bd5a5bd6666515a28176ad34093f9110cb7bbbd2d28eea28c309159d5b96,NO INJURY / DRIVE AWAY,"$501 - $1,500",2025-09-19T13:05:00.000,FUNCTIONING PROPERLY,SIDESWIPE SAME DIRECTION,,0,0,3,0,0,0,0,41.9457232406,DAYLIGHT,-87.7471975312,NO INDICATION OF INJURY,3,30,UNABLE TO DETERMINE,ON SCENE,NO DEFECTS,DRY,NOT APPLICABLE,N,CICERO AVE,3548,TRAFFIC SIGNAL,FOUR WAY,CLEAR,,,,,,,3,3,"{""coordinates"": [-87.747197531232, 41.945723240617], ""type"": ""Point""}","[""SIDE-LEFT"", ""SIDE-RIGHT""]","[""STRAIGHT AHEAD""]",[],"[""E"", ""S""]","[""DRIVER""]","[""OTHER"", ""UNKNOWN""]","[""PERSONAL""]","[""2009"", ""2018"", ""2020""]","[""38"", ""47"", ""53""]","[""DEPLOYMENT UNKNOWN"", ""DID NOT DEPLOY""]","[""NONE""]","[""NO INDICATION OF INJURY""]","[""DRIVER""]","[""SAFETY BELT USED""]","[""M""]",[]
STRAIGHT AND LEVEL,2232,2025-09-19T13:00:00.000,6,13,9,e21fcb5a9efe3ffb4a8bcfa5bac9e901e047765bfe26c7f8268dae8b56866d3add0c21147b19930e57576e6b5cfaa80ec993329d395b6d075c515ba6e66fdbe7,NO INJURY / DRIVE AWAY,"$501 - $1,500",2025-09-19T17:35:00.000,NO CONTROLS,PARKED MOTOR VEHICLE,Y,0,0,1,0,0,0,0,41.7088633734,DAYLIGHT,-87.6406025927,NO INDICATION OF INJURY,2,25,UNABLE TO DETERMINE,NOT ON SCENE (DESK REPORT),NO DEFECTS,DRY,NOT APPLICABLE,S,UNION AVE,10158,NO CONTROLS,NOT DIVIDED,CLEAR,,,,,,,2,1,"{""coordinates"": [-87.640602592676, 41.708863373352], ""type"": ""Point""}","[""SIDE-LEFT"", ""UNKNOWN""]","[""PARKED"", ""UNKNOWN/NA""]",[],"[""UNKNOWN"", ""W""]","[""DRIVER"", ""PARKED""]","[""UNKNOWN""]","[""OTHER"", ""PERSONAL""]","[""2022""]",[],"[""DEPLOYMENT UNKNOWN""]","[""NONE""]","[""NO INDICATION OF INJURY""]","[""DRIVER""]","[""USAGE UNKNOWN""]","[""M""]",[]
STRAIGHT AND LEVEL,1125,2025-09-19T13:00:00.000,6,13,9,e687e5958eea662aa4dc561c8a156f679989fe73820555f869d64de345d04a71049e7594fa5e85cfa28a1de5fcc5c081aa5a928ed08bd23eac1ed97d832ba649,NO INJURY / DRIVE AWAY,"$501 - $1,500",2025-09-19T13:30:00.000,NO CONTROLS,SIDESWIPE SAME DIRECTION,Y,0,0,2,0,0,0,0,41.8761534418,DAYLIGHT,-87.6864194629,NO INDICATION OF INJURY,2,30,UNABLE TO DETERMINE,NOT ON SCENE (DESK REPORT),NO DEFECTS,DRY,UNABLE TO DETERMINE,S,WESTERN AVE,350,NO CONTROLS,NOT DIVIDED,CLEAR,,,,,,,2,2,"{""coordinates"": [-87.686419462863, 41.876153441824], ""type"": ""Point""}","[""FRONT-LEFT-CORNER"", ""SIDE-RIGHT""]","[""CHANGING LANES"", ""STRAIGHT AHEAD""]",[],"[""S""]","[""DRIVER""]","[""NONE""]","[""PERSONAL""]","[""2006"", ""2014""]","[""38""]","[""DEPLOYMENT UNKNOWN"", ""DID NOT DEPLOY""]","[""NONE""]","[""NO INDICATION OF INJURY""]","[""DRIVER""]","[""SAFETY BELT USED"", ""USAGE UNKNOWN""]","[""F""]",[]