alignment,beat_of_occurrence,crash_date,crash_day_of_week,crash_hour,crash_month,crash_record_id,crash_type,damage,date_police_notified,device_condition,first_crash_type,hit_and_run_i,injuries_fatal,injuries_incapacitating,injuries_no_indication,injuries_non_incapacitating,injuries_reported_not_evident,injuries_total,injuries_unknown,latitude,lighting_condition,longitude,most_severe_injury,num_units,posted_speed_limit,prim_contributory_cause,report_type,road_defect,roadway_surface_cond,sec_contributory_cause,street_direction,street_name,street_no,traffic_control_device,trafficway_type,weather_condition,intersection_related_i,crash_date_est_i,private_property_i,statements_taken_i,photos_taken_i,work_zone_i,veh_count,ppl_count,location_json,veh_first_contact_point_list_json,veh_maneuver_list_json,veh_towed_i_list_json,veh_travel_direction_list_json,veh_unit_type_list_json,veh_vehicle_defect_list_json,veh_vehicle_use_list_json,veh_vehicle_year_list_json,ppl_age_list_json,ppl_airbag_deployed_list_json,ppl_ejection_list_json,ppl_injury_classification_list_json,ppl_person_type_list_json,ppl_safety_equipment_list_json,ppl_sex_list_json,ppl_seat_no_list_json
STRAIGHT AND LEVEL,213,2025-09-19T14:20:00.000,6,14,9,2d02ac502bea4ef9f2344bb98e592a1a79f5fbbdf5e4323cf0523bab3b854b82180de374fe986c90092944d8565f3c717920719c85a49aecb54afadf2aa7e7ee,INJURY AND / OR TOW DUE TO CRASH,"OVER $1,500",2025-09-20T12:00:00.000,FUNCTIONING PROPERLY,REAR END,,0,0,1,1,0,1,0,41.8309104584,DAYLIGHT,-87.6258925703,NONINCAPACITATING INJURY,2,30,FOLLOWING TOO CLOSELY,,NO DEFECTS,DRY,FAILING TO YIELD RIGHT-OF-WAY,E,35TH ST,15,TRAFFIC SIGNAL,NOT DIVIDED,CLEAR,,,,,,,2,2,"{""coordinates"": [-87.62589257032, 41.830910458403], ""type"": ""Point""}","[""FRONT"", ""REAR""]","[""SLOW/STOP IN TRAFFIC"", ""STRAIGHT AHEAD""]",[],"[""E""]","[""DRIVER""]","[""NONE""]","[""PERSONAL""]","[""2009"", ""2018""]","[""27"", ""50""]","[""NOT APPLICABLE""]","[""NONE""]","[""NO INDICATION OF INJURY"", ""NONINCAPACITATING INJURY""]","[""DRIVER""]","[""USAGE UNKNOWN""]","[""M""]",[]
STRAIGHT AND LEVEL,811,2025-09-19T14:25:00.000,6,14,9,92ff669107f2132b6b566be34d5f9b3a32e56c8af85e026b266e3c423af713e938d32198f19eb8653476feaf8a6a2df89d9ab8ddbdda20e2e81455fac4acfdb5,NO INJURY / DRIVE AWAY,$500 OR LESS,2025-09-19T16:00:00.000,NO CONTROLS,REAR TO REAR,,0,0,2,0,0,0,0,41.7918520654,DAYLIGHT,-87.8013777989,NO INDICATION OF INJURY,2,25,IMPROPER BACKING,NOT ON SCENE (DESK REPORT),NO DEFECTS,DRY,DRIVING SKILLS/KNOWLEDGE/EXPERIENCE,S,HARLEM AVE,5501,NO CONTROLS,PARKING LOT,CLEAR,,,Y,,,,2,2,"{""coordinates"": [-87.801377798929, 41.79185206544], ""type"": ""Point""}","[""SIDE-LEFT-REAR""]","[""SLOW/STOP IN TRAFFIC"", ""STRAIGHT AHEAD""]",[],"[""N"", ""S""]","[""DRIVER""]","[""NONE""]","[""PERSONAL""]","[""2021"", ""2023""]","[""34"", ""70""]","[""NOT APPLICABLE""]","[""NONE""]","[""NO INDICATION OF INJURY""]","[""DRIVER""]","[""SAFETY BELT USED""]","[""F"", ""M""]",[]
STRAIGHT AND LEVEL,2212,2025-09-19T14:25:00.000,6,14,9,b0cfc219fed5f069b911ec333e9a4e643644973e474cd2e628577b92dbc17adc2c1d9c89517336c96a720313640f5d189b6dbeaa4b8267ffe695d5d235e64239,NO INJURY / DRIVE AWAY,"$501 - $1,500",2025-09-19T14:40:00.000,NO CONTROLS,FIXED OBJECT,Y,0,0,2,0,0,0,0,41.6910968674,DAYLIGHT,-87.6674679052,NO INDICATION OF INJURY,2,30,UNABLE TO DETERMINE,NOT ON SCENE (DESK REPORT),UNKNOWN,DRY,NOT APPLICABLE,W,MONTEREY AVE,1806,NO CONTROLS,NOT DIVIDED,CLEAR,,,,,,,2,2,"{""coordinates"": [-87.667467905213, 41.691096867415], ""type"": ""Point""}","[""OTHER""]","[""STRAIGHT AHEAD""]",[],"[""W""]","[""DRIVER"", ""NON-MOTOR VEHICLE""]","[""UNKNOWN""]","[""PERSONAL""]","[""2014""]","[""89""]","[""NOT APPLICABLE""]","[""NONE"", ""UNKNOWN""]","[""NO INDICATION OF INJURY""]","[""DRIVER"", ""NON-MOTOR VEHICLE""]","[""NOT DOT COMPLIANT MOTORCYCLE HELMET"", ""SAFETY BELT USED""]","[""F"", ""X""]",[]
STRAIGHT AND LEVEL,1034,2025-09-19T14:27:00.000,6,14,9,1ab9ca5648e8f2bb2d983141dd8a8a819b626501b653ebbcfb4eafec1afb3bfd21e32b46d54ddf9698d6322a631621366578ce93a07382c1c1b271157579104b,NO INJURY / DRIVE AWAY,"OVER $1,500",2025-09-19T18:32:00.000,NO CONTROLS,ANGLE,Y,0,0,5,0,0,0,0,41.8457393671,DAYLIGHT,-87.6846243398,NO INDICATION OF INJURY,2,30,FAILING TO YIELD RIGHT-OF-WAY,NOT ON SCENE (DESK REPORT),NO DEFECTS,DRY,NOT APPLICABLE,S,CLAREMONT AVE,2526,NO CONTROLS,ONE-WAY,CLEAR,,,,,,,2,4,"{""coordinates"": [-87.684624339817, 41.845739367081], ""type"": ""Point""}","[""FRONT"", ""SIDE-LEFT""]","[""ENTER FROM DRIVE/ALLEY"", ""STRAIGHT AHEAD""]",[],"[""E"", ""N""]","[""DRIVER""]","[""NONE""]","[""PERSONAL""]","[""2006"", ""2024""]","[""35""]","[""DEPLOYMENT UNKNOWN"", ""DID NOT DEPLOY""]","[""NONE""]","[""NO INDICATION OF INJURY""]","[""DRIVER"", ""PASSENGER""]","[""SAFETY BELT USED"", ""USAGE UNKNOWN""]","[""F"", ""M""]","[""3"", ""4""]"
STRAIGHT AND LEVEL,1731,2025-09-19T14:27:00.000,6,14,9,24b6c12a8c60c70ee5bc331870fb6e681c96193db323d5b51a8aca5b86b2b50a36f7e5709205e8f5e2f7734b39568b6b42b224ac97d365e3aebd7e2f96bd407a,NO INJURY / DRIVE AWAY,"OVER $1,500",2025-09-19T14:27:00.000,NO CONTROLS,TURNING,,0,0,3,0,0,0,0,41.9391906586,DAYLIGHT,-87.7282269067,NO INDICATION OF INJURY,2,30,FAILING TO YIELD RIGHT-OF-WAY,,NO DEFECTS,DRY,NOT APPLICABLE,W,BELMONT AVE,4024,NO CONTROLS,NOT DIVIDED,CLEAR,,,,,,,2,3,"{""coordinates"": [-87.728226906732, 41.939190658576], ""type"": ""Point""}","[""FRONT"", ""FRONT-LEFT-CORNER""]","[""TURNING LEFT""]",[],"[""E"", ""NW""]","[""DRIVER""]","[""UNKNOWN""]","[""PERSONAL""]","[""2017"", ""2024""]","[""25"", ""30"", ""39""]","[""DID NOT DEPLOY""]","[""NONE""]","[""NO INDICATION OF INJURY""]","[""DRIVER"", ""PASSENGER""]","[""SAFETY BELT USED""]","[""F"", ""M""]","[""1""]"
STRAIGHT AND LEVEL,1914,2025-09-19T14:30:00.000,6,14,9,2245aa8977225369018b677140d05870768a48328efbcd150c9267c969800d7301726d34adbfa2785328134edf69286659c403f4fe286d279ae0efe9c5717993,NO INJURY / DRIVE AWAY,"OVER $1,500",2025-09-19T14:32:00.000,NO CONTROLS,REAR TO SIDE,,0,0,3,0,0,0,0,41.9658170916,DAYLIGHT,-87.6549374629,NO INDICATION OF INJURY,2,10,IMPROPER BACKING,ON SCENE,NO DEFECTS,DRY,UNABLE TO DETERMINE,N,SHERIDAN RD,4612,NO CONTROLS,PARKING LOT,CLEAR,,,,,,,2,3,"{""coordinates"": [-87.654937462873, 41.965817091646], ""type"": ""Point""}","[""REAR"", ""SIDE-RIGHT-FRONT""]","[""BACKING"", ""STRAIGHT AHEAD""]",[],"[""S"", ""W""]","[""DRIVER""]","[""NONE""]","[""PERSONAL""]","[""2005"", ""2021""]","[""29"", ""63""]","[""DID NOT DEPLOY"", ""NOT APPLICABLE""]","[""NONE""]","[""NO INDICATION OF INJURY""]","[""DRIVER"", ""PASSENGER""]","[""SAFETY BELT USED""]","[""F"", ""M""]","[""3""]"
STRAIGHT AND LEVEL,122,2025-09-19T14:30:00.000,6,14,9,357ab1336871b4cbe76dc2e7056260aec96b923a2e546ce4d2945361e41584a6f231d2cb5ab34034272b59b248c5b95d9db02be71e370fa74b4089f82518d89a,NO INJURY / DRIVE AWAY,"$501 - $1,500",2025-09-19T16:40:00.000,NO CONTROLS,PARKED MOTOR VEHICLE,,0,0,1,0,0,0,0,41.8777916481,"DARKNESS, LIGHTED ROAD",-87.6365243444,NO INDICATION OF INJURY,2,10,FOLLOWING TOO CLOSELY,NOT ON SCENE (DESK REPORT),NO DEFECTS,DRY,FOLLOWING TOO CLOSELY,S,WACKER DR,311,NO CONTROLS,PARKING LOT,CLEAR,,,Y,,,,2,1,"{""coordinates"": [-87.636524344435, 41.877791648104], ""type"": ""Point""}","[""FRONT-RIGHT-CORNER"", ""SIDE-LEFT-REAR""]","[""PARKED"", ""SLOW/STOP IN TRAFFIC""]",[],"[""UNKNOWN""]","[""DRIVER"", ""PARKED""]","[""NONE""]","[""PERSONAL""]","[""2017"", ""2024""]","[""23""]","[""NOT APPLICABLE""]","[""NONE""]","[""NO INDICATION OF INJURY""]","[""DRIVER""]","[""USAGE UNKNOWN""]","[""F""]",[]
STRAIGHT AND LEVEL,1824,2025-09-19T14:30:00.000,6,14,9,535f980325255504dd54db1e898ca524aa93b387de3275fb12124021c3ec33ff7e26ff8ad530e50cb875a521c5119fb7716bb5b21a0ffd2697aa96770a378a38,NO INJURY / DRIVE AWAY,"OVER $1,500",2025-09-19T15:03:00.000,UNKNOWN,SIDESWIPE SAME DIRECTION,,0,0,2,0,0,0,0,41.9079099261,UNKNOWN,-87.6257410883,NO INDICATION OF INJURY,2,25,NOT APPLICABLE,NOT ON SCENE (DESK REPORT),UNKNOWN,UNKNOWN,NOT APPLICABLE,N,LAKE SHORE DR SB,1400,UNKNOWN,DIVIDED - W/MEDIAN BARRIER,UNKNOWN,,,,,,,2,1,"{""coordinates"": [-87.625741088327, 41.90790992609], ""type"": ""Point""}","[""FRONT-RIGHT-CORNER"", ""SIDE-LEFT""]","[""STRAIGHT AHEAD"", ""UNKNOWN/NA""]",[],"[""UNKNOWN""]","[""DRIVER""]","[""UNKNOWN""]","[""PERSONAL""]","[""2012"", ""2025""]","[""23""]","[""NOT APPLICABLE""]","[""NONE""]","[""NO INDICATION OF INJURY""]","[""DRIVER""]","[""USAGE UNKNOWN""]","[""F""]",[]
STRAIGHT ON GRADE,832,2025-09-19T14:30:00.000,6,14,9,f7ad36b905b1e93bdd994dfd8b869f4a18271965992e821cf1b74ebd591c407fb1912bee99f9f5388c3ba7ce80fcbaa0c503932e915e2ad540ade63ed6540fc5,NO INJURY / DRIVE AWAY,"OVER $1,500",2025-09-24T13:30:00.000,NO CONTROLS,SIDESWIPE SAME DIRECTION,,0,0,2,0,0,0,0,41.7611254677,DAYLIGHT,-87.6842209161,NO INDICATION OF INJURY,2,30,UNABLE TO DETERMINE,NOT ON SCENE (DESK REPORT),UNKNOWN,DRY,NOT APPLICABLE,S,ARTESIAN AVE,7259,NO CONTROLS,ONE-WAY,CLEAR,,,,,,,2,2,"{""coordinates"": [-87.684220916147, 41.761125467688], ""type"": ""Point""}","[""FRONT-LEFT-CORNER"", ""SIDE-RIGHT""]","[""ENTERING TRAFFIC LANE FROM PARKING"", ""STRAIGHT AHEAD""]",[],"[""N""]","[""DRIVER""]","[""OTHER"", ""UNKNOWN""]","[""PERSONAL""]","[""2000"", ""2013""]","[""26"", ""40""]","[""DEPLOYMENT UNKNOWN""]","[""NONE""]","[""NO INDICATION OF INJURY""]","[""DRIVER""]","[""USAGE UNKNOWN""]","[""M""]",[]
STRAIGHT AND LEVEL,912,2025-09-19T14:32:00.000,6,14,9,02ce42da982459b7659aa7ed73034da76b9f027753dcf93dcf9e8d9048cf8b6224138dd34b48a5325cbe6cd3a88b9eb597464f47a1d06fd5a5f31d61ceb5e458,INJURY AND / OR TOW DUE TO CRASH,"OVER $1,500",2025-09-19T15:35:00.000,FUNCTIONING PROPERLY,REAR END,,0,0,1,1,0,1,0,41.8339634962,DAWN,-87.6755215865,NONINCAPACITATING INJURY,2,30,UNABLE TO DETERMINE,NOT ON SCENE (DESK REPORT),NO DEFECTS,DRY,NOT APPLICABLE,S,DAMEN AVE,3300,TRAFFIC SIGNAL,NOT DIVIDED,CLEAR,,,,,,,2,2,"{""coordinates"": [-87.675521586541, 41.833963496158], ""type"": ""Point""}","[""FRONT"", ""REAR""]","[""STRAIGHT AHEAD""]",[],"[""S""]","[""DRIVER""]","[""NONE""]","[""PERSONAL""]","[""2003"", ""2021""]","[""21"", ""38""]","[""NOT APPLICABLE""]","[""NONE""]","[""NO INDICATION OF INJURY"", ""NONINCAPACITATING INJURY""]","[""DRIVER""]","[""USAGE UNKNOWN""]","[""F"", ""M""]",[]
STRAIGHT AND LEVEL,1821,2025-09-19T14:40:00.000,6,14,9,5291cfcfcc340cb48cfb7d34f806ccedd4a9f7015615303ebb8f01e927483d27472966dada7b4fba98807adbcf6317ff27f63f9ee0d9709932c10c844070e72c,NO INJURY / DRIVE AWAY,"OVER $1,500",2025-09-21T12:00:00.000,NO CONTROLS,REAR END,,0,0,2,0,0,0,0,41.9110525372,DAYLIGHT,-87.6331169558,NO INDICATION OF INJURY,2,30,FOLLOWING TOO CLOSELY,NOT ON SCENE (DESK REPORT),NO DEFECTS,DRY,UNABLE TO DETERMINE,W,NORTH AVE,139,NO CONTROLS,DIVIDED - W/MEDIAN (NOT RAISED),CLEAR,,,,,,,2,2,"{""coordinates"": [-87.633116955786, 41.911052537197], ""type"": ""Point""}","[""FRONT"", ""REAR""]","[""STRAIGHT AHEAD""]",[],"[""E""]","[""DRIVER""]","[""NONE""]","[""PERSONAL""]","[""2007"", ""2014""]","[""51"", ""89""]","[""DEPLOYMENT UNKNOWN""]","[""NONE""]","[""NO INDICATION OF INJURY""]","[""DRIVER""]","[""SAFETY BELT USED""]","[""F""]",[]
STRAIGHT AND LEVEL,913,2025-09-19T14:40:00.000,6,14,9,cd80e7bddf4af89aa5b919bea68cab27c29db6b347168aa25ba159be7bf8cf9477c727a290da3afadf1f03115aceadd83f16dbf7e66a4083508abaf8efa34af4,NO INJURY / DRIVE AWAY,"OVER $1,500",2025-09-19T16:06:00.000,NO CONTROLS,TURNING,,0,0,2,0,0,0,0,41.8445000706,DUSK,-87.6465781173,NO INDICATION OF INJURY,2,35,UNABLE TO DETERMINE,NOT ON SCENE (DESK REPORT),NO DEFECTS,DRY,NOT APPLICABLE,S,HALSTED ST,2700,NO CONTROLS,DIVIDED - W/MEDIAN (NOT RAISED),CLEAR,,,,,,,2,2,"{""coordinates"": [-87.646578117316, 41.844500070578], ""type"": ""Point""}","[""SIDE-LEFT-REAR"", ""UNKNOWN""]","[""STRAIGHT AHEAD"", ""TURNING RIGHT""]",[],"[""E""]","[""DRIVER""]","[""NONE""]","[""PERSONAL""]","[""2022"", ""2025""]","[""18"", ""38""]","[""NOT APPLICABLE""]","[""NONE""]","[""NO INDICATION OF INJURY""]","[""DRIVER""]","[""NONE PRESENT""]","[""F"", ""M""]",[]
STRAIGHT AND LEVEL,122,2025-09-19T14:40:00.000,6,14,9,ce1bffe450d150a7303e12e8d1518304f9cfc3f30933ca1778bde5cae9d0365d0c0945588604d60c8a1dd4f10b686353016038598c251f3d0797e464eb7935da,NO INJURY / DRIVE AWAY,"OVER $1,500",2025-09-19T19:30:00.000,NO CONTROLS,SIDESWIPE SAME DIRECTION,,0,0,2,0,0,0,0,41.8833200223,DAYLIGHT,-87.6339332677,NO INDICATION OF INJURY,2,30,UNABLE TO DETERMINE,NOT ON SCENE (DESK REPORT),NO DEFECTS,DRY,UNABLE TO DETERMINE,W,WASHINGTON ST,200,NO CONTROLS,ONE-WAY,CLEAR,,,,,,,2,2,"{""coordinates"": [-87.633933267711, 41.883320022301], ""type"": ""Point""}","[""FRONT-LEFT-CORNER"", ""FRONT-RIGHT-CORNER""]","[""STRAIGHT AHEAD""]",[],"[""E""]","[""DRIVER""]","[""NONE""]","[""COMMERCIAL - SINGLE UNIT""]","[""2008"", ""2024""]","[""50""]","[""DEPLOYMENT UNKNOWN"", ""DID NOT DEPLOY""]","[""NONE""]","[""NO INDICATION OF INJURY""]","[""DRIVER""]","[""SAFETY BELT USED"", ""USAGE UNKNOWN""]","[""M""]",[]
STRAIGHT AND LEVEL,1232,2025-09-19T14:45:00.000,6,14,9,929824564174223852e8510dd7bcdffae31851fb1767f2da1cc428c3aca95115a8847287510fb3455a7be6b9a84c5d52f73cded5396fc11ff9bd50ffbab82152,NO INJURY / DRIVE AWAY,"OVER $1,500",2025-09-19T20:20:00.000,UNKNOWN,PARKED MOTOR VEHICLE,Y,0,0,1,0,0,0,0,41.871726473,DAYLIGHT,-87.6534871635,NO INDICATION OF INJURY,2,30,UNABLE TO DETERMINE,NOT ON SCENE (DESK REPORT),UNKNOWN,UNKNOWN,UNABLE TO DETERMINE,W,POLK ST,1057,UNKNOWN,NOT DIVIDED,CLEAR,,,,,,,2,1,"{""coordinates"": [-87.65348716348, 41.871726473041], ""type"": ""Point""}","[""FRONT-LEFT-CORNER"", ""UNKNOWN""]","[""PARKED"", ""UNKNOWN/NA""]",[],"[""UNKNOWN""]","[""DRIVER"", ""PARKED""]","[""UNKNOWN""]","[""NOT IN USE"", ""UNKNOWN/NA""]","[""2016""]",[],"[""DEPLOYMENT UNKNOWN""]","[""UNKNOWN""]","[""NO INDICATION OF INJURY""]","[""DRIVER""]","[""USAGE UNKNOWN""]","[""X""]",[]
STRAIGHT AND LEVEL,821,2025-09-19T14:45:00.000,6,14,9,f0dea6002287230711bd144c90895429ce8c5c7b189cc5656f574b83201812c97e7a2faa698e1a859cfb5a477b908cee48c4ec8a48dfe6ebb6733ae4d1b94817,INJURY AND / OR TOW DUE TO CRASH,"OVER $1,500",2025-09-19T15:05:00.000,FUNCTIONING PROPERLY,TURNING,,0,0,2,0,0,0,0,41.8052528706,DAYLIGHT,-87.7188706516,NO INDICATION OF INJURY,2,30,UNABLE TO DETERMINE,ON SCENE,NO DEFECTS,DRY,UNABLE TO DETERMINE,S,ARCHER AVE,4846,STOP SIGN/FLASHER,NOT DIVIDED,CLEAR,,,,,,,2,2,"{""coordinates"": [-87.718870651571, 41.805252870584], ""type"": ""Point""}","[""FRONT"", ""FRONT-RIGHT-CORNER""]","[""TURNING LEFT""]","[""Y""]","[""N"", ""S""]","[""DRIVER""]","[""NONE""]","[""PERSONAL""]","[""2008"", ""2016""]","[""39"", ""55""]","[""DID NOT DEPLOY""]","[""NONE""]","[""NO INDICATION OF INJURY""]","[""DRIVER""]","[""SAFETY BELT USED""]","[""M""]",[]
STRAIGHT AND LEVEL,114,2025-09-19T14:49:00.000,6,14,9,c86e80cfa2ce5892e171858e2e1f9f7430c269134fba3324ed111f725d10502336b8235079c7313fd0893022d53070f0ba35e551918172526ec3606a216b1696,NO INJURY / DRIVE AWAY,"OVER $1,500",2025-09-19T16:10:00.000,UNKNOWN,REAR END,Y,0,0,2,0,0,0,0,41.8770366926,DAYLIGHT,-87.6175463867,NO INDICATION OF INJURY,2,30,UNABLE TO DETERMINE,NOT ON SCENE (DESK REPORT),UNKNOWN,UNKNOWN,UNABLE TO DETERMINE,S,LAKE SHORE DR SB,400,UNKNOWN,DIVIDED - W/MEDIAN BARRIER,CLEAR,,,,,,,2,2,"{""coordinates"": [-87.617546386744, 41.877036692607], ""type"": ""Point""}","[""FRONT-LEFT-CORNER"", ""REAR-RIGHT-CORNER""]","[""STRAIGHT AHEAD""]",[],"[""UNKNOWN""]","[""DRIVER""]","[""UNKNOWN""]","[""PERSONAL""]","[""2013"", ""2025""]","[""50""]","[""DEPLOYMENT UNKNOWN""]","[""UNKNOWN""]","[""NO INDICATION OF INJURY""]","[""DRIVER""]","[""USAGE UNKNOWN""]","[""M"", ""X""]",[]
STRAIGHT AND LEVEL,222,2025-09-19T15:00:00.000,6,15,9,2111185eefefee2ca9a4c915f840706cbe24024913c502ba9baec44de1adcb79c3da97976d39350b797823d47946c5f5d571d1b988d874c366a7626321711a32,NO INJURY / DRIVE AWAY,"OVER $1,500",2025-09-19T15:25:00.000,NO CONTROLS,PARKED MOTOR VEHICLE,Y,0,0,1,0,0,0,0,41.8097503336,DAYLIGHT,-87.5969555534,NO INDICATION OF INJURY,2,10,UNABLE TO DETERMINE,NOT ON SCENE (DESK REPORT),UNKNOWN,DRY,UNABLE TO DETERMINE,E,47TH ST,1158,NO CONTROLS,OTHER,CLEAR,,,,,,,2,1,"{""coordinates"": [-87.596955553433, 41.809750333565], ""type"": ""Point""}","[""FRONT"", ""UNKNOWN""]","[""BACKING"", ""PARKED""]",[],"[""N"", ""S""]","[""DRIVER"", ""PARKED""]","[""UNKNOWN""]","[""PERSONAL"", ""UNKNOWN/NA""]","[""2010"", ""2019""]",[],"[""DEPLOYMENT UNKNOWN""]","[""NONE""]","[""NO INDICATION OF INJURY""]","[""DRIVER""]","[""USAGE UNKNOWN""]","[""F""]",[]
STRAIGHT AND LEVEL,1213,2025-09-19T15:00:00.000,6,15,9,24975acbdb47ab1c432ecbe8d5a011b855fa93cedf2c27804cd68526e7ed831284dea30d95530818aacf027e154e9e91dddb7a60a13f3991baf99229e3a38698,INJURY AND / OR TOW DUE TO CRASH,$500 OR LESS,2025-09-19T16:30:00.000,NO CONTROLS,PEDESTRIAN,Y,0,0,1,1,0,1,0,41.8961823242,DAYLIGHT,-87.6673560642,NONINCAPACITATING INJURY,2,30,UNABLE TO DETERMINE,ON SCENE,UNKNOWN,DRY,UNABLE TO DETERMINE,W,CHICAGO AVE,1600,NO CONTROLS,OTHER,CLEAR,,,,,,,2,2,"{""coordinates"": [-87.667356064232, 41.896182324222], ""type"": ""Point""}","[""REAR""]","[""BACKING""]",[],"[""N""]","[""DRIVER"", ""PEDESTRIAN""]","[""UNKNOWN""]","[""UNKNOWN/NA""]","[""2012""]","[""32""]","[""DEPLOYMENT UNKNOWN""]","[""NONE""]","[""NO INDICATION OF INJURY"", ""NONINCAPACITATING INJURY""]","[""DRIVER"", ""PEDESTRIAN""]","[""NONE PRESENT"", ""USAGE UNKNOWN""]","[""F""]",[]
STRAIGHT AND LEVEL,114,2025-09-19T15:00:00.000,6,15,9,6945005e66a6ecf2bfe1d8d4dd9817bfe5583dd1a5c89d9462ccf3ce70a48d8708bdf25bf716bd4b24b90a8285b568ab1b8cc8d8c22945cc1c9e9c0685b93f71,NO INJURY / DRIVE AWAY,"$501 - $1,500",2025-09-19T15:15:00.000,UNKNOWN,PARKED MOTOR VEHICLE,Y,0,0,1,0,0,0,0,41.88462754,DAYLIGHT,-87.6186430717,NO INDICATION OF INJURY,2,10,NOT APPLICABLE,ON SCENE,UNKNOWN,DRY,NOT APPLICABLE,E,RANDOLPH ST,360,UNKNOWN,NOT DIVIDED,CLEAR,,,,,,,2,1,"{""coordinates"": [-87.618643071712, 41.884627539983], ""type"": ""Point""}","[""FRONT"", ""FRONT-LEFT-CORNER""]","[""PARKED"", ""STRAIGHT AHEAD""]",[],"[""UNKNOWN""]","[""DRIVER"", ""PARKED""]","[""UNKNOWN""]","[""NOT IN USE"", ""PERSONAL""]","[""2018"", ""2023""]",[],"[""DEPLOYMENT UNKNOWN""]","[""NONE""]","[""NO INDICATION OF INJURY""]","[""DRIVER""]","[""USAGE UNKNOWN""]","[""M""]",[]
STRAIGHT AND LEVEL,634,2025-09-19T15:00:00.000,6,15,9,bb03669c0ba14576397a7172c03e3054f0dc8351f41c5b50400dc2df211571cee771ae2a566909fadbe2bbf7459b6d7073644dc74d01a63e0d3cd21f179c1cf2,NO INJURY / DRIVE AWAY,"OVER $1,500",2025-09-19T15:40:00.000,NO CONTROLS,SIDESWIPE SAME DIRECTION,,0,0,2,0,0,0,0,41.7217588571,DAYLIGHT,-87.6294641284,NO INDICATION OF INJURY,2,35,IMPROPER OVERTAKING/PASSING,NOT ON SCENE (DESK REPORT),NO DEFECTS,DRY,UNABLE TO DETERMINE,W,95TH ST,220,NO CONTROLS,DIVIDED - W/MEDIAN (NOT RAISED),CLEAR,,,,,,,2,2,"{""coordinates"": [-87.629464128377, 41.721758857058], ""type"": ""Point""}","[""SIDE-LEFT"", ""SIDE-RIGHT""]","[""OTHER"", ""PASSING/OVERTAKING""]",[],"[""SW"", ""W""]","[""DRIVER""]","[""NONE""]","[""OTHER"", ""PERSONAL""]","[""2000"", ""2016""]",[],"[""DID NOT DEPLOY""]","[""NONE""]","[""NO INDICATION OF INJURY""]","[""DRIVER""]","[""SAFETY BELT USED""]","[""F"", ""M""]",[]
STRAIGHT AND LEVEL,1921,2025-09-19T15:00:00.000,6,15,9,dc488de1dab89795df8fa4a7fd82530fdcf7c59886e4eda68afc4cede7b58db2fe319065e9bddf9768b02e478091cb8989603994a883f8f4f97e5d86c645761f,INJURY AND / OR TOW DUE TO CRASH,"OVER $1,500",2025-09-19T15:03:00.000,FUNCTIONING PROPERLY,ANGLE,,0,0,5,0,0,0,0,41.9396519315,DAYLIGHT,-87.6809032053,NO INDICATION OF INJURY,3,30,"VISION OBSCURED (SIGNS, TREE LIMBS, BUILDINGS, ETC.)",ON SCENE,NO DEFECTS,DRY,UNABLE TO DETERMINE,W,BELMONT AVE,2100,STOP SIGN/FLASHER,NOT DIVIDED,CLEAR,Y,,,,,,3,5,"{""coordinates"": [-87.680903205327, 41.939651931538], ""type"": ""Point""}","[""FRONT"", ""FRONT-LEFT-CORNER"", ""SIDE-LEFT""]","[""STRAIGHT AHEAD""]","[""Y""]","[""E"", ""S"", ""W""]","[""DRIVER""]","[""NONE""]","[""PERSONAL""]","[""2009"", ""2010"", ""2023""]","[""26"", ""40"", ""47"", ""70""]","[""DEPLOYED, SIDE"", ""DID NOT DEPLOY"", ""NOT APPLICABLE""]","[""NONE""]","[""NO INDICATION OF INJURY""]","[""DRIVER"", ""PASSENGER""]","[""SAFETY BELT USED""]","[""F"", ""M""]","[""3"", ""6""]"
STRAIGHT AND LEVEL,1024,2025-09-19T15:10:00.000,6,15,9,8d6d10c8659f2aac121c41160e82d23d9de8c74aa1b85dcdf8cb634b058f468c6dd5e3c2de461b65caec6b3f534a8e7d26fef2b2917f1c71e0a7c0c8d98874d5,NO INJURY / DRIVE AWAY,$500 OR LESS,2025-09-19T15:33:00.000,FUNCTIONING PROPERLY,PEDALCYCLIST,,0,0,2,0,0,0,0,41.8479698973,DAYLIGHT,-87.7113805243,NO INDICATION OF INJURY,2,20,UNABLE TO DETERMINE,ON SCENE,NO DEFECTS,DRY,UNABLE TO DETERMINE,S,TRUMBULL AVE,2400,STOP SIGN/FLASHER,T-INTERSECTION,CLEAR,Y,,,,,,2,2,"{""coordinates"": [-87.711380524348, 41.847969897273], ""type"": ""Point""}","[""FRONT-LEFT-CORNER""]","[""STRAIGHT AHEAD""]",[],"[""S""]","[""BICYCLE"", ""DRIVER""]","[""UNKNOWN""]","[""PERSONAL""]","[""2013""]","[""22"", ""29""]","[""NOT APPLICABLE""]","[""NONE""]","[""NO INDICATION OF INJURY""]","[""BICYCLE"", ""DRIVER""]","[""HELMET NOT USED"", ""SAFETY BELT USED""]","[""F""]",[]