alignment,beat_of_occurrence,crash_date,crash_day_of_week,crash_hour,crash_month,crash_record_id,crash_type,damage,date_police_notified,device_condition,first_crash_type,hit_and_run_i,injuries_fatal,injuries_incapacitating,injuries_no_indication,injuries_non_incapacitating,injuries_reported_not_evident,injuries_total,injuries_unknown,latitude,lighting_condition,longitude,most_severe_injury,num_units,posted_speed_limit,prim_contributory_cause,report_type,road_defect,roadway_surface_cond,sec_contributory_cause,street_direction,street_name,street_no,traffic_control_device,trafficway_type,weather_condition,intersection_related_i,crash_date_est_i,private_property_i,statements_taken_i,photos_taken_i,work_zone_i,veh_count,ppl_count,location_json,veh_first_contact_point_list_json,veh_maneuver_list_json,veh_towed_i_list_json,veh_travel_direction_list_json,veh_unit_type_list_json,veh_vehicle_defect_list_json,veh_vehicle_use_list_json,veh_vehicle_year_list_json,ppl_age_list_json,ppl_airbag_deployed_list_json,ppl_ejection_list_json,ppl_injury_classification_list_json,ppl_person_type_list_json,ppl_safety_equipment_list_json,ppl_sex_list_json,ppl_seat_no_list_json
STRAIGHT AND LEVEL,2432,2025-09-19T15:12:00.000,6,15,9,5d576be068068bef69a005d14947f681bb06624d87d539ae1266dbe06d26cac2b9fc6bd12e9f1120d81f94af9f0e9d4aa9910132c006bd60ae8357a592738f01,NO INJURY / DRIVE AWAY,"$501 - $1,500",2025-09-19T15:45:00.000,UNKNOWN,SIDESWIPE SAME DIRECTION,,0,0,2,0,0,0,0,42.0019723496,DAYLIGHT,-87.6721040084,NO INDICATION OF INJURY,2,30,UNABLE TO DETERMINE,NOT ON SCENE (DESK REPORT),UNKNOWN,UNKNOWN,NOT APPLICABLE,N,CLARK ST,6608,UNKNOWN,DIVIDED - W/MEDIAN (NOT RAISED),UNKNOWN,,,,,,,2,2,"{""coordinates"": [-87.672104008388, 42.001972349553], ""type"": ""Point""}","[""FRONT-LEFT-CORNER"", ""SIDE-RIGHT""]","[""STRAIGHT AHEAD"", ""UNKNOWN/NA""]",[],"[""S""]","[""DRIVER""]","[""UNKNOWN""]","[""UNKNOWN/NA""]","[""2013"", ""2020""]","[""30"", ""37""]","[""DEPLOYMENT UNKNOWN""]","[""NONE""]","[""NO INDICATION OF INJURY""]","[""DRIVER""]","[""USAGE UNKNOWN""]","[""F""]",[]
STRAIGHT AND LEVEL,2524,2025-09-19T15:14:00.000,6,15,9,db768150f0462fb2af175156fe7e081f2e7ee35608d422f93c7ec975212abd9f89344227ca7d8b699bda9c3effaddf7b63d5b9b6cbb30bf4c8d484a78c0a9af0,NO INJURY / DRIVE AWAY,"OVER $1,500",2025-09-19T16:30:00.000,FUNCTIONING PROPERLY,REAR END,Y,0,0,3,0,0,0,0,41.9288312849,DAYLIGHT,-87.7270414567,NO INDICATION OF INJURY,2,35,IMPROPER OVERTAKING/PASSING,NOT ON SCENE (DESK REPORT),NO DEFECTS,DRY,IMPROPER LANE USAGE,N,PULASKI RD,2622,TRAFFIC SIGNAL,NOT DIVIDED,CLEAR,,,,,,,2,3,"{""coordinates"": [-87.727041456748, 41.928831284906], ""type"": ""Point""}","[""FRONT-LEFT-CORNER"", ""REAR-RIGHT-CORNER""]","[""PASSING/OVERTAKING"", ""SLOW/STOP IN TRAFFIC""]",[],"[""S""]","[""DRIVER""]","[""NONE""]","[""PERSONAL"", ""UNKNOWN/NA""]","[""2006"", ""2015""]","[""38"", ""40""]","[""DEPLOYMENT UNKNOWN"", ""NOT APPLICABLE""]","[""NONE""]","[""NO INDICATION OF INJURY""]","[""DRIVER"", ""PASSENGER""]","[""SAFETY BELT USED"", ""USAGE UNKNOWN""]","[""F"", ""M""]","[""3""]"
STRAIGHT AND LEVEL,1034,2025-09-19T15:15:00.000,6,15,9,5b257acf1993d3b9f650c443bc4c909d4891333227abb420e06e0784c65089d814377e50b7fd8c9c497c28db1bf846892709a8234ea209125f48e24fa83a9615,NO INJURY / DRIVE AWAY,"$501 - $1,500",2025-09-19T16:48:00.000,NO CONTROLS,PEDALCYCLIST,Y,0,0,3,0,0,0,0,41.8483520422,DAYLIGHT,-87.6856819345,NO INDICATION OF INJURY,2,30,DRIVING SKILLS/KNOWLEDGE/EXPERIENCE,NOT ON SCENE (DESK REPORT),NO DEFECTS,DRY,NOT APPLICABLE,S,WESTERN AVE,2400,NO CONTROLS,NOT DIVIDED,CLEAR,,,,,,,2,3,"{""coordinates"": [-87.685681934492, 41.848352042192], ""type"": ""Point""}","[""FRONT-RIGHT-CORNER""]","[""STRAIGHT AHEAD""]",[],"[""S""]","[""BICYCLE"", ""DRIVER""]","[""NONE""]","[""RIDESHARE SERVICE""]","[""2020""]","[""41""]","[""DID NOT DEPLOY""]","[""NONE""]","[""NO INDICATION OF INJURY""]","[""BICYCLE"", ""DRIVER"", ""PASSENGER""]","[""HELMET NOT USED"", ""SAFETY BELT USED""]","[""F"", ""M""]","[""4""]"
STRAIGHT AND LEVEL,1224,2025-09-19T15:20:00.000,6,15,9,12971d0ec67d989a161cdbb692eef45a2836e9f80898c4e84131c9e637a457db8a5f14a0d56b84094f36d4c5a102b5ff4e76800b257d211f98009f7b4e5f2dd9,INJURY AND / OR TOW DUE TO CRASH,"OVER $1,500",2025-09-19T18:00:00.000,FUNCTIONING PROPERLY,ANGLE,,0,0,5,0,0,0,0,41.8801009025,DAYLIGHT,-87.6669018188,NO INDICATION OF INJURY,3,30,FAILING TO YIELD RIGHT-OF-WAY,NOT ON SCENE (DESK REPORT),NO DEFECTS,DRY,FAILING TO YIELD RIGHT-OF-WAY,S,ASHLAND AVE,100,TRAFFIC SIGNAL,FOUR WAY,CLEAR,Y,,,,,,3,5,"{""coordinates"": [-87.666901818788, 41.880100902477], ""type"": ""Point""}","[""FRONT"", ""UNKNOWN""]","[""STRAIGHT AHEAD""]","[""Y""]","[""E"", ""S"", ""W""]","[""DRIVER""]","[""UNKNOWN""]","[""PERSONAL""]","[""2008"", ""2022"", ""2023""]","[""40"", ""52"", ""64"", ""80""]","[""NOT APPLICABLE""]","[""NONE""]","[""NO INDICATION OF INJURY""]","[""DRIVER"", ""PASSENGER""]","[""USAGE UNKNOWN""]","[""F"", ""M""]","[""3""]"
STRAIGHT AND LEVEL,1233,2025-09-19T15:20:00.000,6,15,9,14207f7c195d722d40bd98a613e659d5749a87fbe6cd310194f40c4943798b8c30c2354b424ff3bc71cbaaf7eb01971abb5d57208fef7999579e1a9b12c90ddf,NO INJURY / DRIVE AWAY,"OVER $1,500",2025-09-19T16:00:00.000,NO CONTROLS,PARKED MOTOR VEHICLE,,0,0,1,0,0,0,0,41.8592083795,DAYLIGHT,-87.6575413397,NO INDICATION OF INJURY,2,30,FAILING TO YIELD RIGHT-OF-WAY,ON SCENE,NO DEFECTS,DRY,FAILING TO YIELD RIGHT-OF-WAY,S,ALLPORT ST,1617,NO CONTROLS,ONE-WAY,CLEAR,,,,,,,2,1,"{""coordinates"": [-87.657541339672, 41.859208379512], ""type"": ""Point""}","[""FRONT""]","[""BACKING"", ""PARKED""]",[],"[""UNKNOWN""]","[""DRIVER"", ""PARKED""]","[""UNKNOWN""]","[""OTHER"", ""PERSONAL""]","[""2005"", ""2017""]","[""32""]","[""NOT APPLICABLE""]","[""NONE""]","[""NO INDICATION OF INJURY""]","[""DRIVER""]","[""USAGE UNKNOWN""]","[""M""]",[]
STRAIGHT AND LEVEL,431,2025-09-19T15:20:00.000,6,15,9,694da19a5ff9b1e408e8f8aad0d22efa95f35cd83833e156aa280e33a7f953e0d5fb8ce59d3d1d0ac8b16ce1597e9451225a12599f2411b04548c87271871067,NO INJURY / DRIVE AWAY,$500 OR LESS,2025-09-19T15:20:00.000,NO CONTROLS,TURNING,,0,0,2,0,0,0,0,41.7222413167,DAYLIGHT,-87.5843801364,NO INDICATION OF INJURY,2,20,IMPROPER OVERTAKING/PASSING,ON SCENE,NO DEFECTS,DRY,NOT APPLICABLE,E,95TH ST,1617,STOP SIGN/FLASHER,PARKING LOT,CLEAR,,,,,,,2,2,"{""coordinates"": [-87.5843801364, 41.722241316659], ""type"": ""Point""}","[""FRONT-LEFT-CORNER"", ""REAR-RIGHT-CORNER""]","[""PASSING/OVERTAKING"", ""TURNING LEFT""]",[],"[""W""]","[""DRIVER""]","[""NONE"", ""UNKNOWN""]","[""PERSONAL"", ""POLICE""]","[""2023"", ""2025""]","[""26"", ""73""]","[""NOT APPLICABLE""]","[""NONE""]","[""NO INDICATION OF INJURY""]","[""DRIVER""]","[""SAFETY BELT USED""]","[""F"", ""M""]",[]
STRAIGHT AND LEVEL,2234,2025-09-19T15:24:00.000,6,15,9,2ccea96eb2094a260a3af99d6ec3f777897d106e3077e65161ee454046a97a816ef8dd38de23eddba01d751a4c8358930312e02f2198d951556f49ca31d5e5c4,INJURY AND / OR TOW DUE TO CRASH,"OVER $1,500",2025-09-19T15:33:00.000,FUNCTIONING PROPERLY,SIDESWIPE SAME DIRECTION,Y,0,0,8,0,0,0,0,41.6778366046,DAYLIGHT,-87.6626311185,NO INDICATION OF INJURY,5,30,"OPERATING VEHICLE IN ERRATIC, RECKLESS, CARELESS, NEGLIGENT OR AGGRESSIVE MANNER",ON SCENE,NO DEFECTS,DRY,NOT APPLICABLE,S,MARSHFIELD AVE,11850,TRAFFIC SIGNAL,OTHER,CLEAR,,,,,,,5,8,"{""coordinates"": [-87.662631118512, 41.677836604569], ""type"": ""Point""}","[""FRONT-LEFT-CORNER"", ""FRONT-RIGHT-CORNER"", ""SIDE-RIGHT"", ""UNKNOWN""]","[""OTHER"", ""SLOW/STOP IN TRAFFIC"", ""STRAIGHT AHEAD""]","[""Y""]","[""E"", ""S""]","[""DRIVER""]","[""UNKNOWN""]","[""PERSONAL"", ""POLICE"", ""UNKNOWN/NA""]","[""2005"", ""2017"", ""2018"", ""2024"", ""2025""]","[""26"", ""27"", ""35"", ""37"", ""41""]","[""DEPLOYMENT UNKNOWN"", ""DID NOT DEPLOY"", ""NOT APPLICABLE""]","[""NONE""]","[""NO INDICATION OF INJURY""]","[""DRIVER"", ""PASSENGER""]","[""SAFETY BELT USED"", ""USAGE UNKNOWN""]","[""F"", ""M""]","[""3""]"
STRAIGHT AND LEVEL,2422,2025-09-19T15:25:00.000,6,15,9,28a3b071ee99e4ade7a890ae01f5dac65b4ac94027d972bbd0db6dee93a07fc23010f7d9485dae6be79edc241827d99039b89c3bb9bc6259ea9647c0426b8661,NO INJURY / DRIVE AWAY,"$501 - $1,500",2025-09-19T16:30:00.000,UNKNOWN,SIDESWIPE SAME DIRECTION,,0,0,2,0,0,0,0,42.0191730738,DAYLIGHT,-87.6661662884,NO INDICATION OF INJURY,2,30,UNABLE TO DETERMINE,NOT ON SCENE (DESK REPORT),UNKNOWN,UNKNOWN,NOT APPLICABLE,N,SHERIDAN RD,7550,UNKNOWN,DIVIDED - W/MEDIAN (NOT RAISED),UNKNOWN,,,,,,,2,2,"{""coordinates"": [-87.666166288415, 42.019173073836], ""type"": ""Point""}","[""FRONT-LEFT-CORNER"", ""FRONT-RIGHT-CORNER""]","[""CHANGING LANES"", ""STRAIGHT AHEAD""]",[],"[""S""]","[""DRIVER""]","[""UNKNOWN""]","[""UNKNOWN/NA""]","[""2014"", ""2026""]","[""24"", ""59""]","[""DEPLOYMENT UNKNOWN""]","[""NONE""]","[""NO INDICATION OF INJURY""]","[""DRIVER""]","[""USAGE UNKNOWN""]","[""M""]",[]
STRAIGHT AND LEVEL,614,2025-09-19T15:30:00.000,6,15,9,1a661dbb39bb8971ca7feb5b60576f0740f1a895c4b930cf7e03e4bd7b74ae58063f4fa3a346545a2ecbcb486522a99c379d7539fe51d74564b8a009deb3fa13,NO INJURY / DRIVE AWAY,"$501 - $1,500",2025-09-19T16:14:00.000,FUNCTIONING PROPERLY,REAR END,Y,0,0,2,0,0,0,0,41.7356384439,DAYLIGHT,-87.682405788,NO INDICATION OF INJURY,2,35,FAILING TO REDUCE SPEED TO AVOID CRASH,ON SCENE,NO DEFECTS,DRY,FOLLOWING TOO CLOSELY,W,87TH ST,2384,TRAFFIC SIGNAL,FOUR WAY,CLEAR,Y,,,,Y,,2,2,"{""coordinates"": [-87.682405788023, 41.735638443917], ""type"": ""Point""}","[""FRONT"", ""REAR""]","[""STRAIGHT AHEAD""]",[],"[""W""]","[""DRIVER""]","[""UNKNOWN""]","[""PERSONAL""]","[""2014"", ""2015""]","[""64""]","[""DEPLOYMENT UNKNOWN"", ""DID NOT DEPLOY""]","[""NONE""]","[""NO INDICATION OF INJURY""]","[""DRIVER""]","[""USAGE UNKNOWN""]","[""F"", ""M""]",[]
STRAIGHT AND LEVEL,1722,2025-09-19T15:30:00.000,6,15,9,6f65038e08ff8a2b365556e45ae5aa99bb1e6dbee695a1ecb9e305ad58d1a606a195a42f1a941c99e551bf5d29455526d7f2aa9d43807cd5c07ff96e6698ec36,NO INJURY / DRIVE AWAY,"OVER $1,500",2025-09-20T09:20:00.000,NO CONTROLS,SIDESWIPE SAME DIRECTION,,0,0,2,0,0,0,0,41.9606194445,DAYLIGHT,-87.7470436407,NO INDICATION OF INJURY,2,30,UNABLE TO DETERMINE,NOT ON SCENE (DESK REPORT),UNKNOWN,DRY,UNABLE TO DETERMINE,W,MONTROSE AVE,4747,NO CONTROLS,DIVIDED - W/MEDIAN (NOT RAISED),CLOUDY/OVERCAST,,Y,,,,,2,2,"{""coordinates"": [-87.747043640697, 41.960619444457], ""type"": ""Point""}","[""SIDE-RIGHT"", ""SIDE-RIGHT-FRONT""]","[""MERGING"", ""STRAIGHT AHEAD""]",[],"[""E""]","[""DRIVER""]","[""UNKNOWN""]","[""PERSONAL"", ""UNKNOWN/NA""]","[""2006""]","[""58""]","[""NOT APPLICABLE""]","[""NONE""]","[""NO INDICATION OF INJURY""]","[""DRIVER""]","[""SAFETY BELT USED"", ""USAGE UNKNOWN""]","[""M""]",[]
STRAIGHT AND LEVEL,121,2025-09-19T15:30:00.000,6,15,9,94aa7a84b1712ba093766407d95847fb82e6248a9bdfe4e59dec8cbe9afc23ad8daefa4eb3bfa4fa8c436138d13807b715f51c99ac054603cd5a0414384e5733,NO INJURY / DRIVE AWAY,"OVER $1,500",2025-09-20T14:45:00.000,NO CONTROLS,SIDESWIPE SAME DIRECTION,,0,0,2,0,0,0,0,41.8808317282,DAYLIGHT,-87.6427752924,NO INDICATION OF INJURY,2,30,UNABLE TO DETERMINE,NOT ON SCENE (DESK REPORT),NO DEFECTS,DRY,UNABLE TO DETERMINE,S,JEFFERSON ST,32,NO CONTROLS,ONE-WAY,CLEAR,,Y,,,,,2,2,"{""coordinates"": [-87.642775292351, 41.880831728236], ""type"": ""Point""}","[""FRONT-RIGHT-CORNER"", ""SIDE-LEFT-REAR""]","[""STARTING IN TRAFFIC"", ""STRAIGHT AHEAD""]",[],"[""N""]","[""DRIVER""]","[""NONE""]","[""PERSONAL""]","[""2018"", ""2023""]","[""0"", ""68""]","[""NOT APPLICABLE""]","[""NONE""]","[""NO INDICATION OF INJURY""]","[""DRIVER""]","[""USAGE UNKNOWN""]","[""F"", ""M""]",[]
STRAIGHT AND LEVEL,1132,2025-09-19T15:30:00.000,6,15,9,9cd58525fdf0ad40867eec4b776bba4a4c1ccafd42f6969381f2cc8a322a976ba960359c2e949ef33db738ff1a5d93d7cbbde547713c5a21a78c9217913d01b1,NO INJURY / DRIVE AWAY,$500 OR LESS,2025-09-19T16:15:00.000,FUNCTIONING PROPERLY,REAR END,,0,0,2,0,0,0,0,41.8720691934,DAYLIGHT,-87.7252426162,NO INDICATION OF INJURY,2,30,FOLLOWING TOO CLOSELY,,NO DEFECTS,DRY,NOT APPLICABLE,S,PULASKI RD,715,TRAFFIC SIGNAL,FOUR WAY,CLEAR,Y,,,,,,2,2,"{""coordinates"": [-87.725242616193, 41.87206919337], ""type"": ""Point""}","[""FRONT"", ""REAR""]","[""STRAIGHT AHEAD""]",[],"[""N""]","[""DRIVER""]","[""NONE""]","[""PERSONAL""]","[""2009"", ""2010""]","[""32"", ""43""]","[""DID NOT DEPLOY""]","[""NONE""]","[""NO INDICATION OF INJURY""]","[""DRIVER""]","[""USAGE UNKNOWN""]","[""F"", ""M""]",[]
STRAIGHT AND LEVEL,1833,2025-09-19T15:30:00.000,6,15,9,eb52ddef76415f9464fd7002fbe29defd02fdba998cf3c77d82ea281443b6644ac7ef05d3d189854cff25e2a7617dbd1545b334e9a3f3f9a00b4971607d6710b,NO INJURY / DRIVE AWAY,"OVER $1,500",2025-09-19T18:01:00.000,UNKNOWN,SIDESWIPE SAME DIRECTION,Y,0,0,2,0,0,0,0,41.899248597,UNKNOWN,-87.6242749782,NO INDICATION OF INJURY,2,25,NOT APPLICABLE,NOT ON SCENE (DESK REPORT),UNKNOWN,UNKNOWN,NOT APPLICABLE,N,MICHIGAN AVE,900,UNKNOWN,NOT DIVIDED,UNKNOWN,,,,,,,2,2,"{""coordinates"": [-87.624274978205, 41.899248597036], ""type"": ""Point""}","[""FRONT-RIGHT-CORNER"", ""REAR-LEFT-CORNER""]","[""UNKNOWN/NA""]",[],"[""UNKNOWN""]","[""DRIVER""]","[""UNKNOWN""]","[""PERSONAL""]","[""2008"", ""2025""]","[""75""]","[""DEPLOYMENT UNKNOWN"", ""NOT APPLICABLE""]","[""NONE""]","[""NO INDICATION OF INJURY""]","[""DRIVER""]","[""USAGE UNKNOWN""]","[""F"", ""X""]",[]
STRAIGHT AND LEVEL,1411,2025-09-19T15:40:00.000,6,15,9,93c8f4684b423289fd7e192096b6c4b2a7f4363681480d2f85c4edf56e8a9221b15ec22bea723418678ac15a4ad152a03561c284d3c96254ff7c911924e95f9b,NO INJURY / DRIVE AWAY,"OVER $1,500",2025-09-19T16:55:00.000,NO CONTROLS,PARKED MOTOR VEHICLE,,0,0,1,0,0,0,0,41.9301061387,DAYLIGHT,-87.6950074931,NO INDICATION OF INJURY,2,30,UNABLE TO DETERMINE,NOT ON SCENE (DESK REPORT),UNKNOWN,DRY,NOT APPLICABLE,N,WASHTENAW AVE,2647,NO CONTROLS,DIVIDED - W/MEDIAN (NOT RAISED),CLEAR,,,,,,,2,1,"{""coordinates"": [-87.695007493055, 41.930106138713], ""type"": ""Point""}","[""REAR"", ""SIDE-LEFT""]","[""PARKED"", ""TURNING LEFT""]",[],"[""N""]","[""DRIVER"", ""PARKED""]","[""NONE"", ""UNKNOWN""]","[""NOT IN USE"", ""SCHOOL BUS""]","[""2014""]","[""31""]","[""DID NOT DEPLOY""]","[""UNKNOWN""]","[""NO INDICATION OF INJURY""]","[""DRIVER""]","[""SAFETY BELT USED""]","[""M""]",[]
STRAIGHT AND LEVEL,234,2025-09-19T15:45:00.000,6,15,9,0da20ee06526beec13251dcb2060d42b8136e445ad9dbbb68fa03221c0b1e0452b782ecf0332c4d2b13016b942a9c5df01ddc9f2f65048accc8e20700be893f9,NO INJURY / DRIVE AWAY,"$501 - $1,500",2025-09-20T09:00:00.000,NO CONTROLS,TURNING,Y,0,0,2,0,0,0,0,41.7976776793,DAYLIGHT,-87.5808641651,NO INDICATION OF INJURY,2,25,FAILING TO YIELD RIGHT-OF-WAY,ON SCENE,NO DEFECTS,DRY,UNABLE TO DETERMINE,S,SHORE DR,5400,NO CONTROLS,NOT DIVIDED,CLEAR,,,,,,,2,2,"{""coordinates"": [-87.580864165117, 41.797677679263], ""type"": ""Point""}","[""SIDE-LEFT-FRONT"", ""UNKNOWN""]","[""STRAIGHT AHEAD"", ""TURNING RIGHT""]",[],"[""N""]","[""DRIVER""]","[""UNKNOWN""]","[""PERSONAL""]","[""2012"", ""2023""]","[""37""]","[""DEPLOYMENT UNKNOWN"", ""DID NOT DEPLOY""]","[""NONE""]","[""NO INDICATION OF INJURY""]","[""DRIVER""]","[""USAGE UNKNOWN""]","[""F"", ""M""]",[]
STRAIGHT AND LEVEL,234,2025-09-19T15:45:00.000,6,15,9,2715d02b50049bd0be52a782034de79d5154546744651a60e35e44b54da9fbf6efc928cecb685c7e0b1f647026e8893c33ada2d1cecb8493eefb8770bd119a81,NO INJURY / DRIVE AWAY,"OVER $1,500",2025-09-20T12:15:00.000,FUNCTIONING PROPERLY,PARKED MOTOR VEHICLE,,0,0,1,0,0,0,0,41.7994686631,DAYLIGHT,-87.5892361927,NO INDICATION OF INJURY,2,30,UNABLE TO DETERMINE,NOT ON SCENE (DESK REPORT),NO DEFECTS,DRY,NOT APPLICABLE,S,HARPER AVE,5300,STOP SIGN/FLASHER,NOT DIVIDED,CLEAR,,,,,,,2,1,"{""coordinates"": [-87.589236192688, 41.799468663076], ""type"": ""Point""}","[""SIDE-LEFT"", ""SIDE-RIGHT""]","[""PARKED"", ""STRAIGHT AHEAD""]",[],"[""S""]","[""DRIVER"", ""PARKED""]","[""NONE"", ""UNKNOWN""]","[""NOT IN USE"", ""UNKNOWN/NA""]","[""2005"", ""2023""]","[""41""]","[""NOT APPLICABLE""]","[""NONE""]","[""NO INDICATION OF INJURY""]","[""DRIVER""]","[""USAGE UNKNOWN""]","[""F""]",[]
STRAIGHT AND LEVEL,1722,2025-09-19T15:45:00.000,6,15,9,62cf47d0b1e569e956eb69eca63b2903043010c581ab9840ee1dbba2342013a97c0f24fc549976fe114159c7c9e6de4cbc6b493c17062364f5d484bba2dab21d,NO INJURY / DRIVE AWAY,"OVER $1,500",2025-09-19T15:52:00.000,NO CONTROLS,SIDESWIPE SAME DIRECTION,Y,0,0,2,0,0,0,0,41.9606227836,DAYLIGHT,-87.7467523884,NO INDICATION OF INJURY,2,30,FAILING TO YIELD RIGHT-OF-WAY,NOT ON SCENE (DESK REPORT),NO DEFECTS,DRY,FAILING TO REDUCE SPEED TO AVOID CRASH,W,MONTROSE AVE,4739,NO CONTROLS,CENTER TURN LANE,CLOUDY/OVERCAST,,,,,,,2,2,"{""coordinates"": [-87.746752388385, 41.960622783578], ""type"": ""Point""}","[""FRONT-RIGHT-CORNER"", ""SIDE-LEFT-FRONT""]","[""CHANGING LANES"", ""STRAIGHT AHEAD""]",[],"[""E""]","[""DRIVER""]","[""UNKNOWN""]","[""COMMERCIAL - SINGLE UNIT"", ""UNKNOWN/NA""]","[""2022""]","[""67""]","[""DID NOT DEPLOY""]","[""NONE""]","[""NO INDICATION OF INJURY""]","[""DRIVER""]","[""SAFETY BELT USED"", ""USAGE UNKNOWN""]","[""M""]",[]
STRAIGHT AND LEVEL,822,2025-09-19T15:50:00.000,6,15,9,2112c7696d9db6f7f58a4354bd21f2a4e887326454e9aabb7dd1f32e7f6ee9fe4c8a927bf7799154c635f724ddf794f3c4b459f76302b48a40958888acb8644f,NO INJURY / DRIVE AWAY,"OVER $1,500",2025-09-19T21:20:00.000,NO CONTROLS,REAR END,,0,0,2,0,0,0,0,41.7933227252,DAYLIGHT,-87.7089759582,NO INDICATION OF INJURY,2,30,FAILING TO REDUCE SPEED TO AVOID CRASH,NOT ON SCENE (DESK REPORT),NO DEFECTS,DRY,UNABLE TO DETERMINE,W,55TH ST,3411,NO CONTROLS,NOT DIVIDED,CLEAR,,,,,,,2,2,"{""coordinates"": [-87.708975958244, 41.793322725209], ""type"": ""Point""}","[""FRONT"", ""REAR""]","[""STRAIGHT AHEAD""]",[],"[""W""]","[""DRIVER""]","[""NONE"", ""UNKNOWN""]","[""PERSONAL""]","[""2016"", ""2019""]","[""16"", ""59""]","[""DID NOT DEPLOY"", ""NOT APPLICABLE""]","[""NONE""]","[""NO INDICATION OF INJURY""]","[""DRIVER""]","[""USAGE UNKNOWN""]","[""F""]",[]
STRAIGHT AND LEVEL,411,2025-09-19T15:50:00.000,6,15,9,5dcbab5f7d6dfc2cb9bbd315f8186162b22117106fa50fe8c6cd5320339f9d64c5789e24a961aa6959c0f703a4a30dbe9657e3b81d660310ae413a5f13ccb399,NO INJURY / DRIVE AWAY,"OVER $1,500",2025-09-19T15:51:00.000,UNKNOWN,REAR END,,0,0,2,0,0,0,0,41.7512592202,DAYLIGHT,-87.5881181571,NO INDICATION OF INJURY,2,30,FOLLOWING TOO CLOSELY,ON SCENE,NO DEFECTS,DRY,FOLLOWING TOO CLOSELY,S,ANTHONY AVE,7901,UNKNOWN,ONE-WAY,CLEAR,,,,N,N,,2,2,"{""coordinates"": [-87.588118157134, 41.751259220233], ""type"": ""Point""}","[""FRONT"", ""REAR""]","[""STRAIGHT AHEAD""]",[],"[""E""]","[""DRIVER""]","[""UNKNOWN""]","[""PERSONAL"", ""TAXI/FOR HIRE""]","[""2015"", ""2016""]","[""53"", ""55""]","[""NOT APPLICABLE""]","[""NONE""]","[""NO INDICATION OF INJURY""]","[""DRIVER""]","[""USAGE UNKNOWN""]","[""F"", ""M""]",[]
STRAIGHT AND LEVEL,1013,2025-09-19T15:50:00.000,6,15,9,6be8756e61a9707c0f1c3bd09d10dc11a165c8e15935c030347dbafeda828913d04db5fb313269f65e23ccf46d92ac983a8e0d8d7b7f223a403d56d7ba62fe2b,NO INJURY / DRIVE AWAY,"OVER $1,500",2025-09-23T16:33:00.000,FUNCTIONING PROPERLY,TURNING,,0,0,2,0,0,0,0,41.8509579594,DAYLIGHT,-87.7247752232,NO INDICATION OF INJURY,2,30,UNABLE TO DETERMINE,NOT ON SCENE (DESK REPORT),NO DEFECTS,DRY,NOT APPLICABLE,W,OGDEN AVE,4001,TRAFFIC SIGNAL,NOT DIVIDED,CLEAR,Y,,,,,,2,2,"{""coordinates"": [-87.724775223225, 41.850957959368], ""type"": ""Point""}","[""FRONT-RIGHT-CORNER""]","[""STRAIGHT AHEAD"", ""TURNING LEFT""]",[],"[""W""]","[""DRIVER""]","[""NONE""]","[""PERSONAL""]","[""2013"", ""2014""]","[""20"", ""44""]","[""NOT APPLICABLE""]","[""NONE""]","[""NO INDICATION OF INJURY""]","[""DRIVER""]","[""SAFETY BELT USED""]","[""M""]",[]
STRAIGHT AND LEVEL,2011,2025-09-19T15:50:00.000,6,15,9,c7ccd150d5f804670535aae9fa518f2e3226c332d247d9bc455e03a639145ebed4a0464186af1296c044ab97e9599bd3f068443f85f202ace75ff8960ffe2c21,NO INJURY / DRIVE AWAY,"OVER $1,500",2025-09-19T16:10:00.000,NO CONTROLS,PARKED MOTOR VEHICLE,,0,0,1,0,0,0,0,41.9837546963,DAYLIGHT,-87.6920382539,NO INDICATION OF INJURY,2,25,DRIVING SKILLS/KNOWLEDGE/EXPERIENCE,ON SCENE,NO DEFECTS,DRY,PHYSICAL CONDITION OF DRIVER,N,CAMPBELL AVE,5618,NO CONTROLS,ONE-WAY,CLEAR,,,,,,,2,1,"{""coordinates"": [-87.692038253906, 41.983754696319], ""type"": ""Point""}","[""REAR-LEFT-CORNER"", ""SIDE-RIGHT-FRONT""]","[""PARKED"", ""STRAIGHT AHEAD""]",[],"[""S""]","[""DRIVER"", ""PARKED""]","[""UNKNOWN""]","[""OTHER""]","[""2006"", ""2018""]","[""29""]","[""DID NOT DEPLOY""]","[""NONE""]","[""NO INDICATION OF INJURY""]","[""DRIVER""]","[""USAGE UNKNOWN""]","[""M""]",[]
STRAIGHT AND LEVEL,712,2025-09-19T15:55:00.000,6,15,9,25c46570653be7d89ad568b2ee2804dde48a20f177f142386df2f261f952a5e11eab17070be89cd9b91a5955cdd835236a0d374fa63cc3168054a2353c07565d,NO INJURY / DRIVE AWAY,"OVER $1,500",2025-09-19T15:56:00.000,FUNCTIONING PROPERLY,SIDESWIPE SAME DIRECTION,Y,0,0,5,0,0,0,0,41.7797672322,DAYLIGHT,-87.6494990379,NO INDICATION OF INJURY,2,25,IMPROPER OVERTAKING/PASSING,ON SCENE,NO DEFECTS,DRY,UNABLE TO DETERMINE,S,MORGAN ST,6259,TRAFFIC SIGNAL,NOT DIVIDED,CLEAR,Y,,,,,,2,5,"{""coordinates"": [-87.649499037943, 41.779767232185], ""type"": ""Point""}","[""FRONT-RIGHT-CORNER"", ""REAR-LEFT-CORNER""]","[""BACKING"", ""PASSING/OVERTAKING""]",[],"[""S""]","[""DRIVER""]","[""NONE"", ""UNKNOWN""]","[""PERSONAL"", ""UNKNOWN/NA""]","[""2013"", ""2019""]","[""70""]","[""DID NOT DEPLOY"", ""NOT APPLICABLE""]","[""NONE""]","[""NO INDICATION OF INJURY""]","[""DRIVER"", ""PASSENGER""]","[""USAGE UNKNOWN""]","[""F"", ""M"", ""X""]","[""10"", ""11"", ""12""]"