alignment,beat_of_occurrence,crash_date,crash_day_of_week,crash_hour,crash_month,crash_record_id,crash_type,damage,date_police_notified,device_condition,first_crash_type,hit_and_run_i,injuries_fatal,injuries_incapacitating,injuries_no_indication,injuries_non_incapacitating,injuries_reported_not_evident,injuries_total,injuries_unknown,latitude,lighting_condition,longitude,most_severe_injury,num_units,posted_speed_limit,prim_contributory_cause,report_type,road_defect,roadway_surface_cond,sec_contributory_cause,street_direction,street_name,street_no,traffic_control_device,trafficway_type,weather_condition,intersection_related_i,crash_date_est_i,private_property_i,statements_taken_i,photos_taken_i,work_zone_i,veh_count,ppl_count,location_json,veh_first_contact_point_list_json,veh_maneuver_list_json,veh_towed_i_list_json,veh_travel_direction_list_json,veh_unit_type_list_json,veh_vehicle_defect_list_json,veh_vehicle_use_list_json,veh_vehicle_year_list_json,ppl_age_list_json,ppl_airbag_deployed_list_json,ppl_ejection_list_json,ppl_injury_classification_list_json,ppl_person_type_list_json,ppl_safety_equipment_list_json,ppl_sex_list_json,ppl_seat_no_list_json
STRAIGHT AND LEVEL,1224,2025-09-19T16:57:00.000,6,16,9,9e68989fa0f2060f6243a177ba38573f8e82bcb9e8b6057d72fa328bc8ec7aa400e4244394bee772b80ccf365588c7ae1f91bae5d8538d4869c200c45df53ae8,NO INJURY / DRIVE AWAY,"OVER $1,500",2025-09-19T18:11:00.000,FUNCTIONING PROPERLY,SIDESWIPE SAME DIRECTION,,0,0,2,0,0,0,0,41.8789586216,DAYLIGHT,-87.6666070887,NO INDICATION OF INJURY,2,30,FAILING TO YIELD RIGHT-OF-WAY,ON SCENE,NO DEFECTS,DRY,FOLLOWING TOO CLOSELY,S,ASHLAND AVE,199,TRAFFIC SIGNAL,FOUR WAY,CLEAR,,,,,,Y,2,2,"{""coordinates"": [-87.666607088725, 41.87895862161], ""type"": ""Point""}","[""FRONT-RIGHT-CORNER"", ""SIDE-LEFT-REAR""]","[""MERGING""]",[],"[""S""]","[""DRIVER""]","[""UNKNOWN""]","[""CTA"", ""PERSONAL""]","[""2007"", ""2015""]","[""20"", ""24""]","[""DID NOT DEPLOY""]","[""NONE""]","[""NO INDICATION OF INJURY""]","[""DRIVER""]","[""SAFETY BELT USED""]","[""F"", ""M""]",[]
STRAIGHT AND LEVEL,835,2025-09-19T16:58:00.000,6,16,9,e9b584fbd47f1712cbd504328602981676529622585b035ee192069b5f4a29ad19640c178ece7093cb76ca8df44c7dc3dcdb2136f85ccb14250a93a6b1a0215e,NO INJURY / DRIVE AWAY,"OVER $1,500",2025-09-19T17:01:00.000,FUNCTIONING PROPERLY,REAR END,,0,0,2,0,0,0,0,41.7427660706,DAYLIGHT,-87.6924980822,NO INDICATION OF INJURY,2,30,FOLLOWING TOO CLOSELY,ON SCENE,NO DEFECTS,DRY,FOLLOWING TOO CLOSELY,W,83RD ST,2800,UNKNOWN,NOT DIVIDED,CLOUDY/OVERCAST,Y,,,,,,2,2,"{""coordinates"": [-87.69249808222, 41.742766070612], ""type"": ""Point""}","[""FRONT"", ""REAR""]","[""STRAIGHT AHEAD"", ""UNKNOWN/NA""]",[],"[""W""]","[""DRIVER""]","[""UNKNOWN""]","[""PERSONAL""]","[""2016"", ""2023""]","[""28""]","[""DID NOT DEPLOY"", ""NOT APPLICABLE""]","[""NONE""]","[""NO INDICATION OF INJURY""]","[""DRIVER""]","[""SAFETY BELT USED""]","[""F""]",[]
STRAIGHT AND LEVEL,2412,2025-09-19T17:00:00.000,6,17,9,29562029e30f9aa2b8c7d0ba7df58b9c4ca0b6ce7e08e7d97dedeaa6ae970af8176b5ea93b3af8a0dca405c22d9a30f306e636bdbc9d9640b6578356922ea8a2,NO INJURY / DRIVE AWAY,"OVER $1,500",2025-09-22T17:00:00.000,UNKNOWN,REAR TO FRONT,,0,0,2,0,0,0,0,42.0022233751,UNKNOWN,-87.680128828,NO INDICATION OF INJURY,2,10,FAILING TO YIELD RIGHT-OF-WAY,NOT ON SCENE (DESK REPORT),UNKNOWN,UNKNOWN,UNABLE TO DETERMINE,N,DAMEN AVE,6623,UNKNOWN,PARKING LOT,UNKNOWN,,,Y,,,,2,2,"{""coordinates"": [-87.680128827981, 42.002223375062], ""type"": ""Point""}","[""FRONT"", ""REAR""]","[""BACKING"", ""UNKNOWN/NA""]",[],"[""UNKNOWN""]","[""DRIVER""]","[""UNKNOWN""]","[""UNKNOWN/NA""]","[""2020"", ""2022""]","[""49"", ""71""]","[""DEPLOYMENT UNKNOWN""]","[""NONE""]","[""NO INDICATION OF INJURY""]","[""DRIVER""]","[""USAGE UNKNOWN""]","[""F"", ""M""]",[]
STRAIGHT AND LEVEL,911,2025-09-19T17:00:00.000,6,17,9,683c2684f8a21cd53e306859cc09da55abc90176328d7870f2cb7b53bbe3c9592d20fc5873673124daef3cf31268f402e1166ee860b2aab667e1f3a0dd6b4f48,NO INJURY / DRIVE AWAY,"OVER $1,500",2025-09-19T17:57:00.000,NO CONTROLS,REAR END,Y,0,0,3,0,0,0,0,41.8254301434,DAWN,-87.6855197917,NO INDICATION OF INJURY,3,30,UNABLE TO DETERMINE,NOT ON SCENE (DESK REPORT),NO DEFECTS,DRY,NOT APPLICABLE,S,ARCHER AVE,3743,NO CONTROLS,NOT DIVIDED,CLEAR,,,,,,,3,3,"{""coordinates"": [-87.685519791733, 41.82543014344], ""type"": ""Point""}","[""FRONT-RIGHT-CORNER"", ""SIDE-LEFT"", ""SIDE-RIGHT""]","[""STRAIGHT AHEAD""]",[],"[""S""]","[""DRIVER""]","[""NONE""]","[""PERSONAL""]","[""2013"", ""2015"", ""2017""]","[""27"", ""75""]","[""DEPLOYMENT UNKNOWN"", ""NOT APPLICABLE""]","[""NONE"", ""UNKNOWN""]","[""NO INDICATION OF INJURY""]","[""DRIVER""]","[""USAGE UNKNOWN""]","[""M""]",[]
STRAIGHT AND LEVEL,2223,2025-09-19T17:00:00.000,6,17,9,8eb787b4e1e152c18aad5ec282d0eefa8164dfe2fc36e960ecb1f52354c86da2ff1695c63c1e5a31678afeda8cabf53e5099e1b48fbb1756035d9f59f20332cc,INJURY AND / OR TOW DUE TO CRASH,"OVER $1,500",2025-09-24T11:45:00.000,UNKNOWN,PARKED MOTOR VEHICLE,Y,0,0,1,0,0,0,0,41.7152908268,DAYLIGHT,-87.6407659765,NO INDICATION OF INJURY,2,25,UNABLE TO DETERMINE,NOT ON SCENE (DESK REPORT),UNKNOWN,UNKNOWN,UNABLE TO DETERMINE,S,UNION AVE,9820,UNKNOWN,ONE-WAY,UNKNOWN,,Y,,,,,2,1,"{""coordinates"": [-87.640765976461, 41.715290826848], ""type"": ""Point""}","[""REAR-LEFT-CORNER"", ""UNKNOWN""]","[""PARKED"", ""UNKNOWN/NA""]","[""Y""]","[""S""]","[""DRIVER"", ""PARKED""]","[""UNKNOWN""]","[""NOT IN USE"", ""UNKNOWN/NA""]","[""2015""]",[],"[""DEPLOYMENT UNKNOWN""]","[""UNKNOWN""]","[""NO INDICATION OF INJURY""]","[""DRIVER""]","[""USAGE UNKNOWN""]","[""X""]",[]
STRAIGHT AND LEVEL,1122,2025-09-19T17:00:00.000,6,17,9,de5ff05b03e24668185e16cad6b94fff2bd478c309ecef4de583c0526193197397d14a5feeda17aabe57bdc74c6b567d3f9f75530133178e94d5cc2f19967f6d,NO INJURY / DRIVE AWAY,"OVER $1,500",2025-09-20T12:37:00.000,NO CONTROLS,PARKED MOTOR VEHICLE,Y,0,0,1,0,0,0,0,41.8905644707,DAYLIGHT,-87.721201117,NO INDICATION OF INJURY,2,10,UNABLE TO DETERMINE,NOT ON SCENE (DESK REPORT),NO DEFECTS,DRY,NOT APPLICABLE,N,HAMLIN AVE,520,NO CONTROLS,PARKING LOT,CLEAR,,,,,,,2,1,"{""coordinates"": [-87.721201117023, 41.890564470738], ""type"": ""Point""}","[""FRONT-RIGHT-CORNER"", ""UNKNOWN""]","[""PARKED"", ""UNKNOWN/NA""]",[],"[""UNKNOWN""]","[""DRIVER"", ""PARKED""]","[""UNKNOWN""]","[""PERSONAL"", ""UNKNOWN/NA""]","[""2018""]",[],"[""DEPLOYMENT UNKNOWN""]","[""NONE""]","[""NO INDICATION OF INJURY""]","[""DRIVER""]","[""USAGE UNKNOWN""]","[""X""]",[]
STRAIGHT AND LEVEL,2532,2025-09-19T17:00:00.000,6,17,9,e544b456011e022c1292cb07cf55e3a11b71eb1d64d8611de73aea35c45984dc800a772f1d87da3c74ab3b80831ffdfc6d3e70e2f5d8aaf939cce4b08342acb4,NO INJURY / DRIVE AWAY,"OVER $1,500",2025-09-19T18:30:00.000,UNKNOWN,SIDESWIPE SAME DIRECTION,,0,0,2,0,0,0,0,41.909314052,UNKNOWN,-87.7617883453,NO INDICATION OF INJURY,2,35,IMPROPER OVERTAKING/PASSING,NOT ON SCENE (DESK REPORT),UNKNOWN,UNKNOWN,DRIVING ON WRONG SIDE/WRONG WAY,W,NORTH AVE,5431,UNKNOWN,NOT DIVIDED,UNKNOWN,,,,,,,2,2,"{""coordinates"": [-87.761788345261, 41.909314052039], ""type"": ""Point""}","[""FRONT-LEFT-CORNER"", ""REAR-RIGHT-CORNER""]","[""PASSING/OVERTAKING"", ""STRAIGHT AHEAD""]",[],"[""E""]","[""DRIVER""]","[""UNKNOWN""]","[""PERSONAL""]","[""2010"", ""2017""]","[""62""]","[""DEPLOYMENT UNKNOWN"", ""NOT APPLICABLE""]","[""NONE""]","[""NO INDICATION OF INJURY""]","[""DRIVER""]","[""USAGE UNKNOWN""]","[""F"", ""M""]",[]
STRAIGHT AND LEVEL,1213,2025-09-19T17:08:00.000,6,17,9,3ae831a37ca7d0c342e3d24bd92957523c05ef9e7c03ac2a55ee66128e02bf70e97848730b9d86b7bcd6cea2d3d76dc02dab0100046cf2afc3f8f85d6efdb039,NO INJURY / DRIVE AWAY,$500 OR LESS,2025-09-19T17:55:00.000,NO CONTROLS,SIDESWIPE SAME DIRECTION,,0,0,2,0,0,0,0,41.9032466066,DAYLIGHT,-87.6665362269,NO INDICATION OF INJURY,2,30,UNABLE TO DETERMINE,ON SCENE,UNKNOWN,DRY,UNABLE TO DETERMINE,N,MILWAUKEE AVE,1198,NO CONTROLS,NOT DIVIDED,CLEAR,,,,,,,2,2,"{""coordinates"": [-87.66653622688, 41.903246606611], ""type"": ""Point""}","[""SIDE-LEFT"", ""SIDE-RIGHT""]","[""STRAIGHT AHEAD""]",[],"[""W""]","[""DRIVER""]","[""UNKNOWN""]","[""UNKNOWN/NA""]","[""2024"", ""2025""]","[""26"", ""52""]","[""DID NOT DEPLOY""]","[""NONE""]","[""NO INDICATION OF INJURY""]","[""DRIVER""]","[""SAFETY BELT USED"", ""USAGE UNKNOWN""]","[""F""]",[]
STRAIGHT AND LEVEL,1612,2025-09-19T17:08:00.000,6,17,9,9d5fad2472a65a5b162216b1bf0f6e1bb20a62fa57dde905fc63883982e5eacc270509a1cb1bdd5ea944b6bee1da4638c20a2f60c156e8437a2794eb8df1e0ee,NO INJURY / DRIVE AWAY,"$501 - $1,500",2025-09-19T17:18:00.000,FUNCTIONING PROPERLY,TURNING,Y,0,0,2,0,0,0,0,41.9830196776,DAYLIGHT,-87.7878721451,NO INDICATION OF INJURY,2,30,IMPROPER TURNING/NO SIGNAL,ON SCENE,NO DEFECTS,DRY,IMPROPER OVERTAKING/PASSING,W,BRYN MAWR AVE,6402,TRAFFIC SIGNAL,OTHER,CLEAR,Y,,,,,,2,2,"{""coordinates"": [-87.787872145115, 41.983019677551], ""type"": ""Point""}","[""FRONT-LEFT-CORNER"", ""FRONT-RIGHT-CORNER""]","[""TURNING RIGHT""]",[],"[""S""]","[""DRIVER""]","[""NONE"", ""UNKNOWN""]","[""PERSONAL"", ""UNKNOWN/NA""]","[""2011"", ""2012""]","[""34""]","[""DEPLOYMENT UNKNOWN"", ""DID NOT DEPLOY""]","[""NONE""]","[""NO INDICATION OF INJURY""]","[""DRIVER""]","[""SAFETY BELT USED"", ""USAGE UNKNOWN""]","[""F""]",[]
STRAIGHT AND LEVEL,1433,2025-09-19T17:10:00.000,6,17,9,b247a9febaf52a3d169f62700b842e3ae4d5274df030a7f7a145a9f13f3ef23679123f7baeaca7fe90e2b69859a29e67b3e208029dff6187faf1646428a6b018,NO INJURY / DRIVE AWAY,$500 OR LESS,2025-09-19T18:30:00.000,NO CONTROLS,SIDESWIPE SAME DIRECTION,,0,0,2,0,0,0,0,41.9178065848,DAYLIGHT,-87.6691747959,NO INDICATION OF INJURY,2,10,UNABLE TO DETERMINE,NOT ON SCENE (DESK REPORT),NO DEFECTS,DRY,NOT APPLICABLE,W,ARMITAGE AVE,1645,NO CONTROLS,PARKING LOT,CLEAR,,,,,,,2,2,"{""coordinates"": [-87.669174795875, 41.917806584786], ""type"": ""Point""}","[""SIDE-LEFT-REAR"", ""SIDE-RIGHT-REAR""]","[""OTHER"", ""PASSING/OVERTAKING""]",[],"[""UNKNOWN""]","[""DRIVER""]","[""NONE"", ""UNKNOWN""]","[""PERSONAL""]","[""2011"", ""2018""]","[""63"", ""66""]","[""DID NOT DEPLOY""]","[""NONE""]","[""NO INDICATION OF INJURY""]","[""DRIVER""]","[""USAGE UNKNOWN""]","[""F""]",[]
STRAIGHT AND LEVEL,1833,2025-09-19T17:10:00.000,6,17,9,cb46a7362b648a4ffdef3f1e6db4131e3fca83c9f3994f2522b52f85a57656201fcf128140c6dfc6ed1595af7c05fc0f8988d3ea1840c93a08d6342be575d2b9,NO INJURY / DRIVE AWAY,"OVER $1,500",2025-09-21T10:40:00.000,NO CONTROLS,SIDESWIPE SAME DIRECTION,Y,0,0,2,0,0,0,0,41.897702581,DAYLIGHT,-87.6234619563,NO INDICATION OF INJURY,2,30,FAILING TO YIELD RIGHT-OF-WAY,NOT ON SCENE (DESK REPORT),NO DEFECTS,DRY,NOT APPLICABLE,E,PEARSON ST,160,NO CONTROLS,ONE-WAY,CLEAR,,,,,,,2,2,"{""coordinates"": [-87.623461956299, 41.897702580979], ""type"": ""Point""}","[""SIDE-RIGHT"", ""UNKNOWN""]","[""ENTERING TRAFFIC LANE FROM PARKING"", ""STRAIGHT AHEAD""]",[],"[""E""]","[""DRIVER""]","[""NONE"", ""UNKNOWN""]","[""PERSONAL"", ""UNKNOWN/NA""]","[""2024""]","[""51""]","[""DEPLOYMENT UNKNOWN"", ""NOT APPLICABLE""]","[""NONE""]","[""NO INDICATION OF INJURY""]","[""DRIVER""]","[""SAFETY BELT USED"", ""USAGE UNKNOWN""]","[""F"", ""M""]",[]
STRAIGHT AND LEVEL,723,2025-09-19T17:11:00.000,6,17,9,c28f45ae6abcfbf4412bc2f7d2875fc7abc05b2d54c1cb655c9c1f90937ba352d001ce24fdad13fbaf26e7cdb474533a50f3d58cd459722c54babdd8081ce0d3,INJURY AND / OR TOW DUE TO CRASH,"OVER $1,500",2025-09-19T17:13:00.000,NO CONTROLS,REAR END,Y,0,0,2,0,1,1,0,41.7705620429,DAYLIGHT,-87.6446972229,"REPORTED, NOT EVIDENT",2,25,UNABLE TO DETERMINE,ON SCENE,NO DEFECTS,DRY,UNABLE TO DETERMINE,S,HALSTED ST,6800,NO CONTROLS,NOT DIVIDED,CLEAR,Y,,,,,,2,3,"{""coordinates"": [-87.644697222903, 41.770562042929], ""type"": ""Point""}","[""FRONT"", ""REAR""]","[""STRAIGHT AHEAD""]","[""Y""]","[""N""]","[""DRIVER""]","[""NONE"", ""UNKNOWN""]","[""PERSONAL"", ""UNKNOWN/NA""]","[""2025""]","[""37"", ""4""]","[""DEPLOYMENT UNKNOWN"", ""NOT APPLICABLE""]","[""NONE""]","[""NO INDICATION OF INJURY"", ""REPORTED, NOT EVIDENT""]","[""DRIVER"", ""PASSENGER""]","[""USAGE UNKNOWN""]","[""F"", ""M""]","[""6""]"
STRAIGHT AND LEVEL,1222,2025-09-19T17:15:00.000,6,17,9,7486714671ffd7fee187913b01d4e4060319f98c1d0fdf63744baeac4699971fb895989b4b60b7d53d3f59f553164b05d206560dc1bc40a8f24ad85942a99cf6,INJURY AND / OR TOW DUE TO CRASH,$500 OR LESS,2025-09-19T18:30:00.000,NO CONTROLS,TURNING,,0,0,1,0,1,1,0,41.8880794794,DAYLIGHT,-87.7012612578,"REPORTED, NOT EVIDENT",2,30,FOLLOWING TOO CLOSELY,NOT ON SCENE (DESK REPORT),NO DEFECTS,DRY,NOT APPLICABLE,N,SACRAMENTO BLVD,355,NO CONTROLS,FOUR WAY,CLEAR,Y,,,,,,2,2,"{""coordinates"": [-87.701261257767, 41.888079479443], ""type"": ""Point""}","[""FRONT"", ""SIDE-LEFT""]","[""STRAIGHT AHEAD"", ""TURNING LEFT""]",[],"[""N"", ""SE""]","[""DRIVER""]","[""NONE""]","[""PERSONAL""]","[""2014"", ""2015""]","[""39"", ""45""]","[""DID NOT DEPLOY"", ""NOT APPLICABLE""]","[""NONE""]","[""NO INDICATION OF INJURY"", ""REPORTED, NOT EVIDENT""]","[""DRIVER""]","[""USAGE UNKNOWN""]","[""M""]",[]
STRAIGHT AND LEVEL,1433,2025-09-19T17:20:00.000,6,17,9,29eb95b8c9de658b252fc98419515b48265dbd0b385e6e806613025f9cf6bb5cfe2e8a49269823d0c9f9443d6202965bfbc3fb0f2d0789726186c55a28f883f8,NO INJURY / DRIVE AWAY,"OVER $1,500",2025-09-24T21:15:00.000,NO CONTROLS,REAR END,Y,0,0,2,0,0,0,0,41.9100574634,DAYLIGHT,-87.6615832998,NO INDICATION OF INJURY,2,30,FOLLOWING TOO CLOSELY,NOT ON SCENE (DESK REPORT),NO DEFECTS,DRY,FAILING TO REDUCE SPEED TO AVOID CRASH,N,ELSTON AVE,1535,NO CONTROLS,NOT DIVIDED,CLEAR,,,,,,,2,2,"{""coordinates"": [-87.661583299786, 41.910057463434], ""type"": ""Point""}","[""FRONT"", ""REAR""]","[""STRAIGHT AHEAD""]",[],"[""N""]","[""DRIVER""]","[""NONE"", ""UNKNOWN""]","[""PERSONAL"", ""UNKNOWN/NA""]","[""2011"", ""2018""]","[""50""]","[""DEPLOYMENT UNKNOWN"", ""NOT APPLICABLE""]","[""NONE""]","[""NO INDICATION OF INJURY""]","[""DRIVER""]","[""SAFETY BELT USED"", ""USAGE UNKNOWN""]","[""F""]",[]
STRAIGHT AND LEVEL,1221,2025-09-19T17:22:00.000,6,17,9,65b21bf047221ded5ea67f1e2ab0efeb297d1e932ac3d19d63c3de16736b96e1041991a8e382d8ccdb1eb3e5f3b0d2d63f8969692d8c060d56c4b71f1aa8e9e0,NO INJURY / DRIVE AWAY,"OVER $1,500",2025-09-19T17:23:00.000,NO CONTROLS,TURNING,Y,0,0,2,0,0,0,0,41.8954744615,DAYLIGHT,-87.6768927747,NO INDICATION OF INJURY,2,15,FAILING TO REDUCE SPEED TO AVOID CRASH,ON SCENE,NO DEFECTS,DRY,IMPROPER TURNING/NO SIGNAL,N,DAMEN AVE,745,NO CONTROLS,ALLEY,CLEAR,Y,,,,,,2,2,"{""coordinates"": [-87.676892774684, 41.895474461496], ""type"": ""Point""}","[""FRONT-LEFT-CORNER"", ""SIDE-LEFT""]","[""STRAIGHT AHEAD"", ""TURNING LEFT""]",[],"[""N"", ""W""]","[""DRIVER""]","[""NONE"", ""UNKNOWN""]","[""NOT IN USE"", ""PERSONAL""]","[""2007"", ""2018""]","[""31""]","[""DEPLOYMENT UNKNOWN"", ""NOT APPLICABLE""]","[""NONE""]","[""NO INDICATION OF INJURY""]","[""DRIVER""]","[""SAFETY BELT USED"", ""USAGE UNKNOWN""]","[""F"", ""M""]",[]
STRAIGHT AND LEVEL,2222,2025-09-19T17:30:00.000,6,17,9,250b49279ec56c06f5e0923531fb05c3de28c60e1224a17bcdb484520df2c420f201efe4be3ec29a77969233e056ab3a343ad03c5dc087e1f62676f3cab2170f,INJURY AND / OR TOW DUE TO CRASH,"OVER $1,500",2025-09-19T19:35:00.000,NO CONTROLS,PARKED MOTOR VEHICLE,,0,0,1,0,0,0,0,41.7245034555,DAWN,-87.6528776268,NO INDICATION OF INJURY,3,30,UNDER THE INFLUENCE OF ALCOHOL/DRUGS (USE WHEN ARREST IS EFFECTED),ON SCENE,NO DEFECTS,DRY,NOT APPLICABLE,S,RACINE AVE,9315,NO CONTROLS,NOT DIVIDED,CLEAR,,,,,,,3,1,"{""coordinates"": [-87.652877626837, 41.724503455483], ""type"": ""Point""}","[""FRONT"", ""REAR"", ""TOTAL (ALL AREAS)""]","[""PARKED"", ""STRAIGHT AHEAD""]","[""Y""]","[""N""]","[""DRIVER"", ""PARKED""]","[""UNKNOWN""]","[""NOT IN USE"", ""PERSONAL""]","[""2013"", ""2014"", ""2016""]","[""46""]","[""DEPLOYED, FRONT""]","[""NONE""]","[""NO INDICATION OF INJURY""]","[""DRIVER""]","[""SAFETY BELT USED""]","[""M""]",[]
STRAIGHT AND LEVEL,2011,2025-09-19T17:30:00.000,6,17,9,a5be6fb4e6e7423ecb3fdcf00a7dbd726704c6944d147aba0016036db57ac1e38c5cebbfb76c3f6941aacb6444e357297a8a252ef067782a7490b39851aff705,NO INJURY / DRIVE AWAY,"$501 - $1,500",2025-09-20T10:18:00.000,NO CONTROLS,REAR END,,0,0,2,0,0,0,0,41.9812519125,DAYLIGHT,-87.692128903,NO INDICATION OF INJURY,2,30,FOLLOWING TOO CLOSELY,NOT ON SCENE (DESK REPORT),UNKNOWN,UNKNOWN,UNABLE TO DETERMINE,W,CATALPA AVE,2507,NO CONTROLS,NOT DIVIDED,CLEAR,,,,,,,2,2,"{""coordinates"": [-87.692128902994, 41.981251912484], ""type"": ""Point""}","[""REAR"", ""UNKNOWN""]","[""SLOW/STOP IN TRAFFIC"", ""STRAIGHT AHEAD""]",[],"[""E""]","[""DRIVER""]","[""NONE"", ""UNKNOWN""]","[""PERSONAL"", ""UNKNOWN/NA""]","[""2014"", ""2015""]","[""32"", ""37""]","[""NOT APPLICABLE""]","[""NONE""]","[""NO INDICATION OF INJURY""]","[""DRIVER""]","[""SAFETY BELT USED"", ""USAGE UNKNOWN""]","[""F"", ""M""]",[]
STRAIGHT AND LEVEL,2521,2025-09-19T17:35:00.000,6,17,9,0a8bd8b73462968e1df8b4e41cd4f6fa48d733cb1eebed4a448878f00472d44324e5204cd164a66c916ddff4ccb24299482b904c2426138b42fb82c4b806824f,NO INJURY / DRIVE AWAY,"OVER $1,500",2025-09-19T17:43:00.000,UNKNOWN,TURNING,,0,0,2,0,0,0,0,41.9387584734,DAYLIGHT,-87.743920312,NO INDICATION OF INJURY,2,30,UNABLE TO DETERMINE,ON SCENE,UNKNOWN,DRY,UNABLE TO DETERMINE,W,BELMONT AVE,4645,NO CONTROLS,NOT DIVIDED,CLEAR,Y,,,,Y,,2,2,"{""coordinates"": [-87.743920312025, 41.93875847344], ""type"": ""Point""}","[""FRONT"", ""FRONT-RIGHT-CORNER""]","[""STRAIGHT AHEAD"", ""TURNING LEFT""]",[],"[""E"", ""W""]","[""DRIVER""]","[""UNKNOWN""]","[""PERSONAL""]","[""2020"", ""2025""]","[""18"", ""48""]","[""DEPLOYMENT UNKNOWN""]","[""NONE""]","[""NO INDICATION OF INJURY""]","[""DRIVER""]","[""USAGE UNKNOWN""]","[""M""]",[]
STRAIGHT AND LEVEL,834,2025-09-19T17:35:00.000,6,17,9,de09882d370b9cd7bfa882d02562ae07097e9a415407927c4f1e69b8272b59c792a7a27920dcc194e9202108635f6f93da5ba223258a5ef686ffa2e9b1a9553b,NO INJURY / DRIVE AWAY,"$501 - $1,500",2025-09-19T21:10:00.000,NO CONTROLS,SIDESWIPE SAME DIRECTION,Y,0,0,2,0,0,0,0,41.7380328,DAYLIGHT,-87.7213957409,NO INDICATION OF INJURY,2,30,IMPROPER OVERTAKING/PASSING,NOT ON SCENE (DESK REPORT),NO DEFECTS,DRY,UNABLE TO DETERMINE,S,PULASKI RD,8515,NO CONTROLS,NOT DIVIDED,CLEAR,,,,,,,2,2,"{""coordinates"": [-87.721395740937, 41.738032800013], ""type"": ""Point""}","[""FRONT-LEFT-CORNER"", ""FRONT-RIGHT-CORNER""]","[""PASSING/OVERTAKING"", ""STRAIGHT AHEAD""]",[],"[""N""]","[""DRIVER""]","[""NONE"", ""UNKNOWN""]","[""PERSONAL""]","[""2023""]","[""34""]","[""DEPLOYMENT UNKNOWN"", ""NOT APPLICABLE""]","[""NONE""]","[""NO INDICATION OF INJURY""]","[""DRIVER""]","[""SAFETY BELT USED"", ""USAGE UNKNOWN""]","[""F"", ""M""]",[]
STRAIGHT AND LEVEL,413,2025-09-19T17:35:00.000,6,17,9,f5d6d110108e6f7a9fd9999648b1ed80370802be84cadb81609a814a40088342a2c1d1a0b6fb2afa37ed41592981168afa25a3276abfc88e1cb655f0aca54d64,NO INJURY / DRIVE AWAY,"$501 - $1,500",2025-09-19T18:10:00.000,FUNCTIONING PROPERLY,REAR END,Y,0,0,2,0,0,0,0,41.7228670788,DAYLIGHT,-87.5852894796,NO INDICATION OF INJURY,2,30,FOLLOWING TOO CLOSELY,NOT ON SCENE (DESK REPORT),NO DEFECTS,DRY,IMPROPER LANE USAGE,S,STONY ISLAND AVE,9440,TRAFFIC SIGNAL,DIVIDED - W/MEDIAN BARRIER,CLEAR,,,,,,,2,2,"{""coordinates"": [-87.585289479627, 41.722867078775], ""type"": ""Point""}","[""FRONT"", ""REAR""]","[""SLOW/STOP IN TRAFFIC"", ""STRAIGHT AHEAD""]",[],"[""S""]","[""DRIVER""]","[""NONE"", ""UNKNOWN""]","[""PERSONAL""]","[""2013"", ""2017""]","[""67""]","[""DEPLOYMENT UNKNOWN"", ""DID NOT DEPLOY""]","[""NONE""]","[""NO INDICATION OF INJURY""]","[""DRIVER""]","[""SAFETY BELT USED"", ""USAGE UNKNOWN""]","[""M""]",[]
STRAIGHT AND LEVEL,1524,2025-09-19T17:40:00.000,6,17,9,e8e5e11dbcdf46e40f97bd6b71d3765fd9caf9864f3e5e19e152f36e8a0943b4df0201c3219ed584eadcab977216409b1ecfddfec4c97080f85de9f919bcb3db,NO INJURY / DRIVE AWAY,"OVER $1,500",2025-09-19T17:43:00.000,NO CONTROLS,PARKED MOTOR VEHICLE,Y,0,0,1,0,0,0,0,41.9020979225,DAYLIGHT,-87.759600383,NO INDICATION OF INJURY,2,30,"OPERATING VEHICLE IN ERRATIC, RECKLESS, CARELESS, NEGLIGENT OR AGGRESSIVE MANNER",ON SCENE,UNKNOWN,DRY,NOT APPLICABLE,W,DIVISION ST,5335,NO CONTROLS,DIVIDED - W/MEDIAN (NOT RAISED),CLEAR,,,,,,,2,1,"{""coordinates"": [-87.759600383011, 41.902097922545], ""type"": ""Point""}","[""REAR-LEFT-CORNER"", ""UNKNOWN""]","[""PARKED"", ""UNKNOWN/NA""]",[],"[""E"", ""UNKNOWN""]","[""DRIVER"", ""PARKED""]","[""NONE"", ""UNKNOWN""]","[""PERSONAL"", ""UNKNOWN/NA""]",[],[],"[""DEPLOYMENT UNKNOWN""]","[""NONE""]","[""NO INDICATION OF INJURY""]","[""DRIVER""]","[""USAGE UNKNOWN""]","[""X""]",[]