alignment,beat_of_occurrence,crash_date,crash_day_of_week,crash_hour,crash_month,crash_record_id,crash_type,damage,date_police_notified,device_condition,first_crash_type,hit_and_run_i,injuries_fatal,injuries_incapacitating,injuries_no_indication,injuries_non_incapacitating,injuries_reported_not_evident,injuries_total,injuries_unknown,latitude,lighting_condition,longitude,most_severe_injury,num_units,posted_speed_limit,prim_contributory_cause,report_type,road_defect,roadway_surface_cond,sec_contributory_cause,street_direction,street_name,street_no,traffic_control_device,trafficway_type,weather_condition,intersection_related_i,crash_date_est_i,private_property_i,statements_taken_i,photos_taken_i,work_zone_i,veh_count,ppl_count,location_json,veh_first_contact_point_list_json,veh_maneuver_list_json,veh_towed_i_list_json,veh_travel_direction_list_json,veh_unit_type_list_json,veh_vehicle_defect_list_json,veh_vehicle_use_list_json,veh_vehicle_year_list_json,ppl_age_list_json,ppl_airbag_deployed_list_json,ppl_ejection_list_json,ppl_injury_classification_list_json,ppl_person_type_list_json,ppl_safety_equipment_list_json,ppl_sex_list_json,ppl_seat_no_list_json
STRAIGHT AND LEVEL,114,2025-09-19T18:50:00.000,6,18,9,101abded6e21487684167251113264be8473482b72ba819dd36d2d4758fc6ea4339ab498eefb9b1e8f40104fcae40b8b4369c5e5868e68aed209d5650db61d69,INJURY AND / OR TOW DUE TO CRASH,"$501 - $1,500",2025-09-19T18:53:00.000,FUNCTIONING PROPERLY,TURNING,,0,0,2,0,0,0,0,41.8810297169,"DARKNESS, LIGHTED ROAD",-87.6172815664,NO INDICATION OF INJURY,2,30,FAILING TO YIELD RIGHT-OF-WAY,ON SCENE,NO DEFECTS,DRY,NOT APPLICABLE,E,MONROE DR,400,TRAFFIC SIGNAL,FOUR WAY,CLEAR,,,,,,,2,2,"{""coordinates"": [-87.617281566405, 41.881029716883], ""type"": ""Point""}","[""FRONT-LEFT-CORNER"", ""FRONT-RIGHT-CORNER""]","[""TURNING LEFT"", ""TURNING RIGHT""]","[""Y""]","[""SW"", ""W""]","[""DRIVER""]","[""NONE""]","[""PERSONAL""]","[""2022"", ""2025""]","[""52"", ""57""]","[""DEPLOYED, FRONT"", ""NOT APPLICABLE""]","[""NONE""]","[""NO INDICATION OF INJURY""]","[""DRIVER""]","[""SAFETY BELT USED""]","[""F"", ""M""]",[]
STRAIGHT AND LEVEL,2525,2025-09-19T18:55:00.000,6,18,9,54aca99139c43f2db553def549fdd50b80a7bdc9637dc796b4036b2665066bf4911a3dbd159626dae013a3ad8eca997df8d992af6ba9ec80a5665d052705e8dd,NO INJURY / DRIVE AWAY,$500 OR LESS,2025-09-19T19:10:00.000,NO CONTROLS,PARKED MOTOR VEHICLE,Y,0,0,1,0,0,0,0,41.9209873118,DAWN,-87.7301932505,NO INDICATION OF INJURY,2,20,UNABLE TO DETERMINE,ON SCENE,UNKNOWN,UNKNOWN,NOT APPLICABLE,N,KEDVALE AVE,2205,NO CONTROLS,ONE-WAY,CLEAR,,,,,,,2,1,"{""coordinates"": [-87.730193250525, 41.92098731184], ""type"": ""Point""}","[""FRONT-RIGHT-CORNER"", ""SIDE-LEFT""]","[""PARKED"", ""STRAIGHT AHEAD""]",[],"[""N"", ""S""]","[""DRIVER"", ""PARKED""]","[""UNKNOWN""]","[""PERSONAL"", ""UNKNOWN/NA""]","[""2010""]",[],"[""DEPLOYMENT UNKNOWN""]","[""NONE""]","[""NO INDICATION OF INJURY""]","[""DRIVER""]","[""USAGE UNKNOWN""]","[""M""]",[]
STRAIGHT AND LEVEL,2013,2025-09-19T19:00:00.000,6,19,9,d62c5f4c5dca58d4900a2b3a8cdfb93c86860d0c18d14f712e2fe0eebf2bb98348d5dc4872dee21f439b2ef3d4f7a37691c9556e1a7c529b1baeda29318d1b5b,INJURY AND / OR TOW DUE TO CRASH,"OVER $1,500",2025-09-19T19:11:00.000,FUNCTIONING PROPERLY,SIDESWIPE SAME DIRECTION,,0,0,4,1,0,1,0,41.9764121429,"DARKNESS, LIGHTED ROAD",-87.6600150821,NONINCAPACITATING INJURY,3,30,UNABLE TO DETERMINE,ON SCENE,NO DEFECTS,DRY,UNABLE TO DETERMINE,N,BROADWAY,5200,TRAFFIC SIGNAL,DIVIDED - W/MEDIAN (NOT RAISED),CLEAR,,,,,,,3,5,"{""coordinates"": [-87.660015082054, 41.976412142948], ""type"": ""Point""}","[""FRONT"", ""REAR"", ""REAR-LEFT-CORNER""]","[""SLOW/STOP IN TRAFFIC"", ""STRAIGHT AHEAD""]","[""Y""]","[""S""]","[""DRIVER""]","[""NONE"", ""UNKNOWN""]","[""PERSONAL"", ""TAXI/FOR HIRE"", ""UNKNOWN/NA""]","[""2015"", ""2016"", ""2024""]","[""27"", ""29"", ""59"", ""64"", ""8""]","[""DEPLOYED, FRONT"", ""DID NOT DEPLOY"", ""NOT APPLICABLE""]","[""NONE""]","[""NO INDICATION OF INJURY"", ""NONINCAPACITATING INJURY""]","[""DRIVER"", ""PASSENGER""]","[""BOOSTER SEAT"", ""SAFETY BELT USED"", ""USAGE UNKNOWN""]","[""F"", ""M""]","[""3"", ""4""]"
STRAIGHT AND LEVEL,2523,2025-09-19T19:09:00.000,6,19,9,9d7429d9c24bd43e4a24868fb4be2963551b28710a75056b27fd3924cb46449b4ccbbf452f8ba61b6eeff401a70aff5a04453fab0d1c84439aa46a59e01ebdd4,INJURY AND / OR TOW DUE TO CRASH,$500 OR LESS,2025-09-19T19:14:00.000,UNKNOWN,PEDALCYCLIST,,0,0,0,1,0,1,0,41.9389735115,"DARKNESS, LIGHTED ROAD",-87.7280682776,NONINCAPACITATING INJURY,2,30,UNABLE TO DETERMINE,ON SCENE,UNKNOWN,UNKNOWN,NOT APPLICABLE,W,BELMONT AVE,4021,UNKNOWN,NOT DIVIDED,CLEAR,,,,,,,2,1,"{""coordinates"": [-87.728068277569, 41.938973511509], ""type"": ""Point""}","[""SIDE-LEFT""]","[""PARKED IN TRAFFIC LANE""]",[],"[""UNKNOWN""]","[""BICYCLE"", ""PARKED""]","[""UNKNOWN""]","[""NOT IN USE""]","[""2017""]","[""16""]",[],"[""UNKNOWN""]","[""NONINCAPACITATING INJURY""]","[""BICYCLE""]","[""HELMET NOT USED""]","[""M""]",[]
STRAIGHT AND LEVEL,1722,2025-09-19T19:10:00.000,6,19,9,65fe4b4ff716b8011962707ccd0b247140498e5ec2a4ee62aa586bf03afcbf1bda2b7afdeeeee4faa43673fc60880047ed608e350a941e2ee73580a8ba5ed87a,NO INJURY / DRIVE AWAY,"$501 - $1,500",2025-09-19T19:50:00.000,FUNCTIONING PROPERLY,REAR END,,0,0,3,0,0,0,0,41.9574350571,"DARKNESS, LIGHTED ROAD",-87.7472803974,NO INDICATION OF INJURY,3,30,FOLLOWING TOO CLOSELY,NOT ON SCENE (DESK REPORT),NO DEFECTS,DRY,UNABLE TO DETERMINE,N,CICERO AVE,4211,TRAFFIC SIGNAL,NOT DIVIDED,CLEAR,,,,,,,3,3,"{""coordinates"": [-87.747280397358, 41.957435057144], ""type"": ""Point""}","[""FRONT"", ""REAR""]","[""STRAIGHT AHEAD""]",[],"[""S""]","[""DRIVER""]","[""NONE"", ""UNKNOWN""]","[""PERSONAL"", ""UNKNOWN/NA""]","[""2012"", ""2019""]","[""35""]","[""DID NOT DEPLOY"", ""NOT APPLICABLE""]","[""NONE""]","[""NO INDICATION OF INJURY""]","[""DRIVER""]","[""SAFETY BELT USED"", ""USAGE UNKNOWN""]","[""F"", ""M""]",[]
STRAIGHT AND LEVEL,2513,2025-09-19T19:10:00.000,6,19,9,c592b4958591b64559d5b06dcac9128e5cff2810d303199eb74faf12b73294723b0f29eebd2310c1ba6755cc8c069d7b040f414c6f998c9101badca0e7f81044,NO INJURY / DRIVE AWAY,"OVER $1,500",2025-09-19T20:00:00.000,NO CONTROLS,SIDESWIPE OPPOSITE DIRECTION,Y,0,0,2,0,0,0,0,41.9103350965,DAYLIGHT,-87.7754034742,NO INDICATION OF INJURY,2,30,UNABLE TO DETERMINE,ON SCENE,UNKNOWN,DRY,NOT APPLICABLE,N,AUSTIN AVE,1636,NO CONTROLS,NOT DIVIDED,CLEAR,,,,,,,2,2,"{""coordinates"": [-87.775403474179, 41.910335096547], ""type"": ""Point""}","[""FRONT-LEFT-CORNER"", ""UNKNOWN""]","[""BACKING"", ""STRAIGHT AHEAD""]",[],"[""N"", ""S""]","[""DRIVER""]","[""UNKNOWN""]","[""PERSONAL"", ""UNKNOWN/NA""]","[""2002"", ""2012""]","[""37""]","[""DEPLOYMENT UNKNOWN"", ""DID NOT DEPLOY""]","[""NONE"", ""UNKNOWN""]","[""NO INDICATION OF INJURY""]","[""DRIVER""]","[""SAFETY BELT USED"", ""USAGE UNKNOWN""]","[""M""]",[]
STRAIGHT AND LEVEL,1622,2025-09-19T19:30:00.000,6,19,9,07284ca03160ad4a0efc8b668c056a18c225f088bba19a071303544e97be01e12239b2b1dec0c6b0dc20ef024adcfd2000f8336050d4a457249a48030fbdbbca,NO INJURY / DRIVE AWAY,"OVER $1,500",2025-09-19T19:40:00.000,UNKNOWN,REAR END,Y,0,0,2,0,0,0,0,41.9828829463,"DARKNESS, LIGHTED ROAD",-87.787588155,NO INDICATION OF INJURY,2,30,UNABLE TO DETERMINE,NOT ON SCENE (DESK REPORT),UNKNOWN,UNKNOWN,UNABLE TO DETERMINE,N,NAGLE AVE,5599,UNKNOWN,NOT DIVIDED,CLEAR,,,,,,,2,2,"{""coordinates"": [-87.787588154962, 41.982882946329], ""type"": ""Point""}","[""FRONT"", ""REAR""]","[""STRAIGHT AHEAD""]",[],"[""N""]","[""DRIVER""]","[""UNKNOWN""]","[""UNKNOWN/NA""]","[""2024""]","[""34""]","[""DEPLOYMENT UNKNOWN"", ""NOT APPLICABLE""]","[""NONE""]","[""NO INDICATION OF INJURY""]","[""DRIVER""]","[""USAGE UNKNOWN""]","[""F""]",[]
STRAIGHT AND LEVEL,1613,2025-09-19T19:30:00.000,6,19,9,cc67753459c5d372ea2d341b394734e87bdb3e404d5e31c765525d705d2c1590f9d84b4bae963117353f89262a0bd6ee8a3175deea32ca12eb8a749be49c6118,NO INJURY / DRIVE AWAY,"OVER $1,500",2025-09-19T20:10:00.000,UNKNOWN,SIDESWIPE SAME DIRECTION,Y,0,0,2,0,0,0,0,41.9754825192,"DARKNESS, LIGHTED ROAD",-87.7952054393,NO INDICATION OF INJURY,2,30,UNABLE TO DETERMINE,NOT ON SCENE (DESK REPORT),UNKNOWN,UNKNOWN,UNABLE TO DETERMINE,W,FOSTER AVE,6701,UNKNOWN,NOT DIVIDED,CLEAR,,,,,,,2,2,"{""coordinates"": [-87.795205439268, 41.975482519238], ""type"": ""Point""}","[""FRONT-RIGHT-CORNER"", ""SIDE-LEFT""]","[""CHANGING LANES"", ""STRAIGHT AHEAD""]",[],"[""W""]","[""DRIVER""]","[""UNKNOWN""]","[""UNKNOWN/NA""]","[""1998"", ""2025""]","[""43""]","[""DEPLOYMENT UNKNOWN"", ""NOT APPLICABLE""]","[""NONE""]","[""NO INDICATION OF INJURY""]","[""DRIVER""]","[""USAGE UNKNOWN""]","[""F"", ""M""]",[]
STRAIGHT AND LEVEL,913,2025-09-19T19:40:00.000,6,19,9,50d959b0ec975e44032916a8dc8bdc067eac14b8d6d086b9a73b5ccafa7561f9e4a4b4fd3b09ff66b3257b0ea4941c706f0d77191cb6da1699961f0f195b3da8,INJURY AND / OR TOW DUE TO CRASH,$500 OR LESS,2025-09-19T19:42:00.000,NO CONTROLS,REAR END,Y,0,0,1,0,1,1,0,41.8307880824,"DARKNESS, LIGHTED ROAD",-87.6514559053,"REPORTED, NOT EVIDENT",2,30,FAILING TO REDUCE SPEED TO AVOID CRASH,ON SCENE,NO DEFECTS,DRY,FAILING TO REDUCE SPEED TO AVOID CRASH,W,35TH ST,1010,NO CONTROLS,NOT DIVIDED,CLEAR,,,,,,,2,2,"{""coordinates"": [-87.65145590533, 41.830788082381], ""type"": ""Point""}","[""FRONT"", ""REAR""]","[""STRAIGHT AHEAD""]",[],"[""W""]","[""DRIVER""]","[""NONE"", ""UNKNOWN""]","[""PERSONAL"", ""UNKNOWN/NA""]","[""2012"", ""2019""]","[""37""]","[""DEPLOYMENT UNKNOWN"", ""DID NOT DEPLOY""]","[""NONE"", ""UNKNOWN""]","[""NO INDICATION OF INJURY"", ""REPORTED, NOT EVIDENT""]","[""DRIVER""]","[""SAFETY BELT USED"", ""USAGE UNKNOWN""]","[""F""]",[]
STRAIGHT AND LEVEL,2515,2025-09-19T19:42:00.000,6,19,9,bbac714e09a0aad5dfdabb75cc879b742f2b8e31fb122777f2a26f089bb6eb07bacc5390941009ecf1bef4fee890157fc804988210e4c1cb3ef1be642a70485c,INJURY AND / OR TOW DUE TO CRASH,"OVER $1,500",2025-09-19T19:59:00.000,NO CONTROLS,TURNING,Y,0,0,2,0,0,0,0,41.9195265945,"DARKNESS, LIGHTED ROAD",-87.769375827,NO INDICATION OF INJURY,2,30,"OPERATING VEHICLE IN ERRATIC, RECKLESS, CARELESS, NEGLIGENT OR AGGRESSIVE MANNER",ON SCENE,UNKNOWN,DRY,IMPROPER TURNING/NO SIGNAL,W,GRAND AVE,5726,NO CONTROLS,DIVIDED - W/MEDIAN (NOT RAISED),CLEAR,Y,,,,,,2,2,"{""coordinates"": [-87.769375827013, 41.919526594497], ""type"": ""Point""}","[""FRONT"", ""SIDE-LEFT""]","[""STRAIGHT AHEAD"", ""U-TURN""]","[""Y""]","[""E"", ""W""]","[""DRIVER""]","[""NONE"", ""UNKNOWN""]","[""PERSONAL""]","[""2010"", ""2019""]",[],"[""DEPLOYMENT UNKNOWN"", ""DID NOT DEPLOY""]","[""NONE""]","[""NO INDICATION OF INJURY""]","[""DRIVER""]","[""SAFETY BELT USED"", ""USAGE UNKNOWN""]","[""F"", ""M""]",[]
STRAIGHT AND LEVEL,1213,2025-09-19T19:54:00.000,6,19,9,7cc37b90834ea70421a7fecb27cfbaa3c88711408cc9e093df2de1c01c4b4e3dcf833996e983a7806dc3ad0a7362aae70f18b53111dbc70114d550f64625d3cd,NO INJURY / DRIVE AWAY,$500 OR LESS,2025-09-19T19:54:00.000,FUNCTIONING PROPERLY,REAR END,,0,0,3,0,0,0,0,41.9032453067,"DARKNESS, LIGHTED ROAD",-87.6668368625,NO INDICATION OF INJURY,2,25,"OPERATING VEHICLE IN ERRATIC, RECKLESS, CARELESS, NEGLIGENT OR AGGRESSIVE MANNER",ON SCENE,NO DEFECTS,DRY,DRIVING SKILLS/KNOWLEDGE/EXPERIENCE,W,DIVISION ST,1543,TRAFFIC SIGNAL,DIVIDED - W/MEDIAN BARRIER,CLEAR,,,,,,,2,3,"{""coordinates"": [-87.66683686254, 41.903245306703], ""type"": ""Point""}","[""FRONT"", ""REAR""]","[""OTHER""]",[],"[""E""]","[""DRIVER""]","[""NONE"", ""UNKNOWN""]","[""PERSONAL"", ""POLICE""]","[""2017""]","[""26""]","[""NOT APPLICABLE""]","[""NONE""]","[""NO INDICATION OF INJURY""]","[""DRIVER"", ""PASSENGER""]","[""HELMET NOT USED"", ""SAFETY BELT USED""]","[""M""]","[""3""]"
STRAIGHT AND LEVEL,813,2025-09-19T19:58:00.000,6,19,9,2658330c5e10eddd2f43abb992b86ddb8ea664ca204cc4e0cd89ad55354074020e92ffc871363a8606dfa69e2ff5e2b426f1860dfb90108a78ff90fc319a9cba,INJURY AND / OR TOW DUE TO CRASH,"OVER $1,500",2025-09-19T20:00:00.000,FUNCTIONING PROPERLY,REAR END,,0,0,2,0,0,0,0,41.7856433239,"DARKNESS, LIGHTED ROAD",-87.7414857784,NO INDICATION OF INJURY,2,35,FAILING TO REDUCE SPEED TO AVOID CRASH,ON SCENE,NO DEFECTS,DRY,NOT APPLICABLE,S,CICERO AVE,5900,TRAFFIC SIGNAL,NOT DIVIDED,CLEAR,,,,,,,2,2,"{""coordinates"": [-87.741485778405, 41.785643323876], ""type"": ""Point""}","[""FRONT-LEFT-CORNER"", ""REAR""]","[""SLOW/STOP IN TRAFFIC"", ""STRAIGHT AHEAD""]","[""Y""]","[""S""]","[""DRIVER""]","[""NONE""]","[""PERSONAL""]","[""2022"", ""2025""]","[""35"", ""75""]","[""DEPLOYED, COMBINATION"", ""DID NOT DEPLOY""]","[""NONE""]","[""NO INDICATION OF INJURY""]","[""DRIVER""]","[""SAFETY BELT USED""]","[""F""]",[]
STRAIGHT AND LEVEL,1713,2025-09-19T20:00:00.000,6,20,9,bafa4a2c5682b70ade327ae9d67f18c082e1cfe82462876e9bc94c44e5541f14eb8ca447ca3f8c19b31c7bb979b7df239c7db8ed6cc385d9dc0e45a0bd34182a,NO INJURY / DRIVE AWAY,"OVER $1,500",2025-09-19T20:50:00.000,NO CONTROLS,PARKED MOTOR VEHICLE,,0,0,1,0,0,0,0,41.9692219423,DAYLIGHT,-87.705907124,NO INDICATION OF INJURY,2,20,NOT APPLICABLE,NOT ON SCENE (DESK REPORT),NO DEFECTS,DRY,NOT APPLICABLE,N,ALBANY AVE,4825,NO CONTROLS,ONE-WAY,CLEAR,,,,,,,2,1,"{""coordinates"": [-87.705907123998, 41.96922194235], ""type"": ""Point""}","[""FRONT-RIGHT-CORNER"", ""SIDE-LEFT""]","[""PARKED"", ""UNKNOWN/NA""]",[],"[""S"", ""UNKNOWN""]","[""DRIVER"", ""DRIVERLESS""]","[""NONE"", ""UNKNOWN""]","[""NOT IN USE"", ""TAXI/FOR HIRE""]","[""2017"", ""2022""]","[""62""]","[""NOT APPLICABLE""]","[""NONE""]","[""NO INDICATION OF INJURY""]","[""DRIVER""]","[""USAGE UNKNOWN""]","[""M""]",[]
STRAIGHT AND LEVEL,613,2025-09-19T20:08:00.000,6,20,9,87ef9bdab94aea80d98f523ca10e94766e6572c7d36273c3edc967b5742054eaf0d40cc22687e3495821bc84eacc651e437c8a05aae357d86c270751aec17097,INJURY AND / OR TOW DUE TO CRASH,"OVER $1,500",2025-09-19T20:13:00.000,FUNCTIONING PROPERLY,PEDESTRIAN,Y,0,0,1,1,0,1,0,41.7379677711,DARKNESS,-87.6438184099,NONINCAPACITATING INJURY,2,30,FAILING TO YIELD RIGHT-OF-WAY,ON SCENE,NO DEFECTS,DRY,NOT APPLICABLE,S,HALSTED ST,8600,TRAFFIC SIGNAL,Y-INTERSECTION,CLEAR,,,,Y,Y,,2,2,"{""coordinates"": [-87.643818409916, 41.737967771056], ""type"": ""Point""}","[""FRONT-LEFT-CORNER""]","[""STRAIGHT AHEAD""]",[],"[""W""]","[""DRIVER"", ""PEDESTRIAN""]","[""UNKNOWN""]","[""PERSONAL""]","[""2012""]","[""24"", ""5""]","[""DEPLOYMENT UNKNOWN""]","[""NONE""]","[""NO INDICATION OF INJURY"", ""NONINCAPACITATING INJURY""]","[""DRIVER"", ""PEDESTRIAN""]","[""NONE PRESENT"", ""USAGE UNKNOWN""]","[""F"", ""M""]",[]
STRAIGHT AND LEVEL,1122,2025-09-19T20:10:00.000,6,20,9,892c973244c53c36292e3bbef12368d1e566a63fc9e9fa0e7fb1943000c69dd5333e76cb114389ba333786e9d255a4214e22f493d2a3e842e60f41044add9fdd,INJURY AND / OR TOW DUE TO CRASH,"OVER $1,500",2025-09-19T20:10:00.000,NO CONTROLS,SIDESWIPE OPPOSITE DIRECTION,Y,0,0,1,1,0,1,0,41.8807043032,"DARKNESS, LIGHTED ROAD",-87.7189399326,NONINCAPACITATING INJURY,2,30,IMPROPER TURNING/NO SIGNAL,ON SCENE,NO DEFECTS,DRY,NOT APPLICABLE,W,MADISON ST,3715,NO CONTROLS,NOT DIVIDED,CLEAR,,,,,,,2,2,"{""coordinates"": [-87.718939932622, 41.88070430317], ""type"": ""Point""}","[""FRONT"", ""UNKNOWN""]","[""STRAIGHT AHEAD"", ""UNKNOWN/NA""]",[],"[""UNKNOWN""]","[""DRIVER""]","[""UNKNOWN""]","[""PERSONAL"", ""UNKNOWN/NA""]",[],"[""29""]","[""DEPLOYMENT UNKNOWN"", ""NOT APPLICABLE""]","[""NONE"", ""UNKNOWN""]","[""NO INDICATION OF INJURY"", ""NONINCAPACITATING INJURY""]","[""DRIVER""]","[""NONE PRESENT"", ""USAGE UNKNOWN""]","[""M"", ""X""]",[]
STRAIGHT AND LEVEL,1612,2025-09-19T20:15:00.000,6,20,9,3fda98340972da48425df1c9354939a1e627b715ab4247ab57ba52300df739552d01cbab1912d01b5f7321c9d5d2492edc471f9255f211d46a9b9b648a393404,INJURY AND / OR TOW DUE TO CRASH,"OVER $1,500",2025-09-19T20:23:00.000,NO CONTROLS,PARKED MOTOR VEHICLE,,0,0,1,0,0,0,0,41.996911817,"DARKNESS, LIGHTED ROAD",-87.8149412137,NO INDICATION OF INJURY,2,30,FAILING TO REDUCE SPEED TO AVOID CRASH,ON SCENE,NO DEFECTS,DRY,UNABLE TO DETERMINE,W,DEVON AVE,7533,NO CONTROLS,NOT DIVIDED,CLEAR,,,,,,,2,1,"{""coordinates"": [-87.814941213681, 41.996911816997], ""type"": ""Point""}","[""FRONT-RIGHT-CORNER"", ""REAR-LEFT-CORNER""]","[""CHANGING LANES"", ""PARKED""]","[""Y""]","[""E"", ""UNKNOWN""]","[""DRIVER"", ""PARKED""]","[""NONE""]","[""NOT IN USE"", ""PERSONAL""]","[""2008"", ""2023""]","[""16""]","[""DID NOT DEPLOY""]","[""NONE""]","[""NO INDICATION OF INJURY""]","[""DRIVER""]","[""SAFETY BELT USED""]","[""M""]",[]
STRAIGHT AND LEVEL,733,2025-09-19T20:16:00.000,6,20,9,ddec6a7d9127f694bd5b7df5bb9bd32429560fa6c689140a0036b586d3503bfa341c959e19503b18dac00a8ed9645a977a9528258adeecc439697b213e6cb120,INJURY AND / OR TOW DUE TO CRASH,"OVER $1,500",2025-09-19T20:20:00.000,NO CONTROLS,HEAD ON,,0,0,0,0,3,3,0,41.7686721195,"DARKNESS, LIGHTED ROAD",-87.648282526,"REPORTED, NOT EVIDENT",2,30,IMPROPER LANE USAGE,ON SCENE,NO DEFECTS,DRY,NOT APPLICABLE,W,69TH ST,935,NO CONTROLS,NOT DIVIDED,CLEAR,,,,,,,2,3,"{""coordinates"": [-87.648282525974, 41.768672119525], ""type"": ""Point""}","[""FRONT""]","[""STRAIGHT AHEAD""]","[""Y""]","[""E"", ""W""]","[""DRIVER""]","[""NONE""]","[""PERSONAL""]","[""2012"", ""2015""]","[""18"", ""19"", ""72""]","[""DEPLOYED, FRONT""]","[""NONE""]","[""REPORTED, NOT EVIDENT""]","[""DRIVER"", ""PASSENGER""]","[""USAGE UNKNOWN""]","[""F"", ""M""]","[""3""]"
STRAIGHT AND LEVEL,133,2025-09-19T20:30:00.000,6,20,9,8ac360e0d8dbee81fcfdd5ca6f25db41740ce74954ca4a493fbd8fedc75bee8a34a48cf519e7b600d178ad1f8d311806a91bbccac98187b9f07dac34dc8531d9,NO INJURY / DRIVE AWAY,"OVER $1,500",2025-09-20T19:20:00.000,NO CONTROLS,PARKED MOTOR VEHICLE,Y,0,0,1,0,0,0,0,41.8401846133,UNKNOWN,-87.617006543,NO INDICATION OF INJURY,2,15,UNABLE TO DETERMINE,NOT ON SCENE (DESK REPORT),UNKNOWN,UNKNOWN,UNABLE TO DETERMINE,S,DR MARTIN LUTHER KING JR DR,3001,NO CONTROLS,PARKING LOT,UNKNOWN,,,,,,,2,1,"{""coordinates"": [-87.617006543002, 41.84018461325], ""type"": ""Point""}","[""UNKNOWN""]","[""PARKED"", ""UNKNOWN/NA""]",[],"[""N"", ""UNKNOWN""]","[""DRIVER"", ""PARKED""]","[""UNKNOWN""]","[""PERSONAL"", ""UNKNOWN/NA""]","[""2019""]",[],"[""DEPLOYMENT UNKNOWN""]","[""UNKNOWN""]","[""NO INDICATION OF INJURY""]","[""DRIVER""]","[""USAGE UNKNOWN""]","[""X""]",[]
STRAIGHT AND LEVEL,1024,2025-09-19T20:30:00.000,6,20,9,a916fb0112280561bfaaff36dde2739a33920d5067f9591e83158e1755f0d6f0226c31c1dea06edaf5c324ccb6709c89f51b3a2ae37baa337b003d4562a9d28e,INJURY AND / OR TOW DUE TO CRASH,"OVER $1,500",2025-09-20T12:11:00.000,NO CONTROLS,PARKED MOTOR VEHICLE,Y,0,0,1,0,0,0,0,41.8481550385,UNKNOWN,-87.7136157765,NO INDICATION OF INJURY,2,30,UNABLE TO DETERMINE,ON SCENE,UNKNOWN,UNKNOWN,NOT APPLICABLE,W,24TH ST,3524,NO CONTROLS,ONE-WAY,UNKNOWN,,Y,,,,,2,1,"{""coordinates"": [-87.713615776456, 41.848155038454], ""type"": ""Point""}","[""SIDE-RIGHT-REAR"", ""UNKNOWN""]","[""PARKED"", ""STRAIGHT AHEAD""]","[""Y""]","[""E""]","[""DRIVER"", ""PARKED""]","[""UNKNOWN""]","[""PERSONAL"", ""UNKNOWN/NA""]","[""2025""]",[],"[""DEPLOYMENT UNKNOWN""]","[""NONE""]","[""NO INDICATION OF INJURY""]","[""DRIVER""]","[""USAGE UNKNOWN""]","[""X""]",[]
STRAIGHT AND LEVEL,311,2025-09-19T20:30:00.000,6,20,9,e40ac275000daf7dbf5e0efece31260104c46c21e6d52c89a60ff2bb1fd13f7eef9a7cab0b1da2848e15195bd07f48d04a2c9d375cf8abb65ad110eac9cb926f,INJURY AND / OR TOW DUE TO CRASH,"OVER $1,500",2025-09-19T20:31:00.000,NO CONTROLS,TURNING,,0,0,1,0,1,1,0,41.7801211093,"DARKNESS, LIGHTED ROAD",-87.6235474971,"REPORTED, NOT EVIDENT",2,30,FAILING TO YIELD RIGHT-OF-WAY,ON SCENE,NO DEFECTS,DRY,NOT APPLICABLE,E,63RD ST,46,NO CONTROLS,NOT DIVIDED,CLEAR,,,,Y,,,2,2,"{""coordinates"": [-87.623547497106, 41.780121109292], ""type"": ""Point""}","[""FRONT""]","[""STRAIGHT AHEAD"", ""TURNING LEFT""]","[""Y""]","[""E"", ""W""]","[""DRIVER""]","[""UNKNOWN""]","[""PERSONAL""]","[""2014"", ""2024""]","[""27"", ""40""]","[""DEPLOYED, COMBINATION""]","[""NONE""]","[""NO INDICATION OF INJURY"", ""REPORTED, NOT EVIDENT""]","[""DRIVER""]","[""SAFETY BELT USED"", ""USAGE UNKNOWN""]","[""F"", ""M""]",[]
STRAIGHT AND LEVEL,323,2025-09-19T20:36:00.000,6,20,9,66d4e4fce1b77e81c16acbe27ba66f7d959f1d715f924eb57ad99de32f1de99aaf8251f63d0dcbcd901fb4508c21c7e8e489076e85e12970c89ea016e57c1f4f,NO INJURY / DRIVE AWAY,"OVER $1,500",2025-09-19T21:45:00.000,NO CONTROLS,PARKED MOTOR VEHICLE,Y,0,0,1,0,0,0,0,,"DARKNESS, LIGHTED ROAD",,NO INDICATION OF INJURY,2,55,FAILING TO REDUCE SPEED TO AVOID CRASH,ON SCENE,WORN SURFACE,DRY,NOT APPLICABLE,S,CHICAGO SKYWAY OB,7100,NO CONTROLS,DIVIDED - W/MEDIAN BARRIER,CLEAR,,,Y,,,,2,1,,"[""FRONT-RIGHT-CORNER"", ""REAR-LEFT-CORNER""]","[""PARKED"", ""STRAIGHT AHEAD""]",[],"[""E""]","[""DRIVER"", ""PARKED""]","[""NONE"", ""UNKNOWN""]","[""PERSONAL"", ""UNKNOWN/NA""]","[""2017""]",[],"[""DEPLOYMENT UNKNOWN""]","[""NONE""]","[""NO INDICATION OF INJURY""]","[""DRIVER""]","[""USAGE UNKNOWN""]","[""X""]",[]