alignment,beat_of_occurrence,crash_date,crash_day_of_week,crash_hour,crash_month,crash_record_id,crash_type,damage,date_police_notified,device_condition,first_crash_type,hit_and_run_i,injuries_fatal,injuries_incapacitating,injuries_no_indication,injuries_non_incapacitating,injuries_reported_not_evident,injuries_total,injuries_unknown,latitude,lighting_condition,longitude,most_severe_injury,num_units,posted_speed_limit,prim_contributory_cause,report_type,road_defect,roadway_surface_cond,sec_contributory_cause,street_direction,street_name,street_no,traffic_control_device,trafficway_type,weather_condition,intersection_related_i,crash_date_est_i,private_property_i,statements_taken_i,photos_taken_i,work_zone_i,veh_count,ppl_count,location_json,veh_first_contact_point_list_json,veh_maneuver_list_json,veh_towed_i_list_json,veh_travel_direction_list_json,veh_unit_type_list_json,veh_vehicle_defect_list_json,veh_vehicle_use_list_json,veh_vehicle_year_list_json,ppl_age_list_json,ppl_airbag_deployed_list_json,ppl_ejection_list_json,ppl_injury_classification_list_json,ppl_person_type_list_json,ppl_safety_equipment_list_json,ppl_sex_list_json,ppl_seat_no_list_json
STRAIGHT AND LEVEL,331,2025-09-20T00:42:00.000,7,0,9,b669462bd6780abdad68397667c19b4f64102906aff272e814e3d3ef967b4a10b7653c03f2bf9788244d9d5eb32fe0c7d2711d1797c726675603f9c3ffa9819d,INJURY AND / OR TOW DUE TO CRASH,"OVER $1,500",2025-09-20T00:42:00.000,NO CONTROLS,PARKED MOTOR VEHICLE,,0,0,0,1,0,1,0,41.7699448901,"DARKNESS, LIGHTED ROAD",-87.5733022981,NONINCAPACITATING INJURY,4,15,NOT APPLICABLE,ON SCENE,NO DEFECTS,DRY,NOT APPLICABLE,E,69TH ST,2114,NO CONTROLS,ONE-WAY,CLEAR,,Y,,,,,4,1,"{""coordinates"": [-87.573302298067, 41.769944890068], ""type"": ""Point""}","[""FRONT"", ""REAR"", ""REAR-LEFT-CORNER"", ""SIDE-LEFT""]","[""PARKED IN TRAFFIC LANE"", ""STRAIGHT AHEAD""]","[""Y""]","[""E""]","[""DRIVER"", ""DRIVERLESS""]","[""NONE"", ""UNKNOWN""]","[""PERSONAL""]","[""2007"", ""2014"", ""2017"", ""2022""]","[""49""]","[""DEPLOYED, COMBINATION""]","[""NONE""]","[""NONINCAPACITATING INJURY""]","[""DRIVER""]","[""USAGE UNKNOWN""]","[""F""]",[]
STRAIGHT AND LEVEL,813,2025-09-20T00:55:00.000,7,0,9,44d8ba50ab136244d7deea5cdee4bded261a61c69f4296299a0c1c58e78ccca03b05d68b4dece7d3828b1850763e90ae091accfcdd52532d7936a57acc04eb53,INJURY AND / OR TOW DUE TO CRASH,"OVER $1,500",2025-09-20T01:00:00.000,NO CONTROLS,PARKED MOTOR VEHICLE,,0,0,0,1,0,1,0,41.7930728684,DARKNESS,-87.727912168,NONINCAPACITATING INJURY,5,30,FAILING TO REDUCE SPEED TO AVOID CRASH,ON SCENE,NO DEFECTS,DRY,CELL PHONE USE OTHER THAN TEXTING,S,KEELER AVE,5501,NO CONTROLS,ONE-WAY,CLEAR,,,,,,,5,1,"{""coordinates"": [-87.727912167965, 41.79307286836], ""type"": ""Point""}","[""FRONT-LEFT-CORNER"", ""OTHER"", ""REAR-RIGHT-CORNER"", ""SIDE-RIGHT""]","[""PARKED"", ""STRAIGHT AHEAD""]","[""Y""]","[""S""]","[""DRIVER"", ""PARKED""]","[""NONE""]","[""PERSONAL""]","[""2003"", ""2007"", ""2015"", ""2016""]","[""28""]","[""NOT APPLICABLE""]","[""NONE""]","[""NONINCAPACITATING INJURY""]","[""DRIVER""]","[""USAGE UNKNOWN""]","[""M""]",[]
STRAIGHT AND LEVEL,1524,2025-09-20T01:00:00.000,7,1,9,68363281ed009bda4123521b6ce4d9569d89de457f5dac9e897953badc8cc7776f44dbb663564108e077e4d39cd1e33291908b533e25694463009fbcec253b9c,INJURY AND / OR TOW DUE TO CRASH,"OVER $1,500",2025-09-20T01:38:00.000,FUNCTIONING PROPERLY,FIXED OBJECT,N,0,0,1,0,0,0,0,41.8947483495,DARKNESS,-87.7650569613,NO INDICATION OF INJURY,1,35,UNABLE TO DETERMINE,ON SCENE,NO DEFECTS,DRY,UNABLE TO DETERMINE,W,CHICAGO AVE,5535,TRAFFIC SIGNAL,DIVIDED - W/MEDIAN (NOT RAISED),CLEAR,,Y,,,,,1,1,"{""coordinates"": [-87.765056961292, 41.894748349499], ""type"": ""Point""}","[""FRONT""]","[""UNKNOWN/NA""]","[""Y""]","[""E""]","[""DRIVER""]","[""NONE""]","[""PERSONAL""]","[""2009""]",[],"[""DEPLOYMENT UNKNOWN""]","[""NONE""]","[""NO INDICATION OF INJURY""]","[""DRIVER""]","[""USAGE UNKNOWN""]","[""X""]",[]
STRAIGHT AND LEVEL,822,2025-09-20T01:00:00.000,7,1,9,72cab98be7a0bc8fd2878a44caa73db237b3c1915d8bf5e77cc27468d4aa3af92d82a8f97a216af4102a8497f479e9edd0bce2d92a52ea0034d49501f8a023aa,INJURY AND / OR TOW DUE TO CRASH,"OVER $1,500",2025-09-20T01:05:00.000,NO CONTROLS,OTHER OBJECT,,0,0,2,0,0,0,0,41.7991664566,"DARKNESS, LIGHTED ROAD",-87.7231861266,NO INDICATION OF INJURY,1,35,DRIVING SKILLS/KNOWLEDGE/EXPERIENCE,ON SCENE,NO DEFECTS,DRY,NOT APPLICABLE,S,PULASKI RD,5145,NO CONTROLS,NOT DIVIDED,CLEAR,,,,,,,1,2,"{""coordinates"": [-87.723186126595, 41.7991664566], ""type"": ""Point""}","[""FRONT""]","[""STRAIGHT AHEAD""]","[""Y""]","[""S""]","[""DRIVER""]","[""UNKNOWN""]","[""PERSONAL""]","[""2024""]","[""22"", ""23""]","[""DEPLOYED, FRONT"", ""NOT APPLICABLE""]","[""NONE""]","[""NO INDICATION OF INJURY""]","[""DRIVER"", ""PASSENGER""]","[""USAGE UNKNOWN""]","[""F"", ""M""]","[""3""]"
STRAIGHT AND LEVEL,122,2025-09-20T01:00:00.000,7,1,9,be48ad6e286955c32c5bd21d4fa3520625039017790ac9d5af277761e77a74822729d0bc2cba57c03c6a9eb2272035df5b11e02db980a8a5c9e07f1735f3816c,INJURY AND / OR TOW DUE TO CRASH,"OVER $1,500",2025-09-20T01:22:00.000,UNKNOWN,FIXED OBJECT,,0,0,0,1,0,1,0,41.8763701904,UNKNOWN,-87.6362985373,NONINCAPACITATING INJURY,1,30,DRIVING SKILLS/KNOWLEDGE/EXPERIENCE,NOT ON SCENE (DESK REPORT),UNKNOWN,UNKNOWN,UNABLE TO DETERMINE,S,LOWER WACKER DR,425,UNKNOWN,ONE-WAY,UNKNOWN,,,,,,,1,1,"{""coordinates"": [-87.636298537345, 41.876370190394], ""type"": ""Point""}","[""UNKNOWN""]","[""STRAIGHT AHEAD""]",[],"[""S""]","[""DRIVER""]","[""UNKNOWN""]","[""UNKNOWN/NA""]","[""2025""]","[""21""]","[""DEPLOYED, SIDE""]","[""UNKNOWN""]","[""NONINCAPACITATING INJURY""]","[""DRIVER""]","[""USAGE UNKNOWN""]","[""M""]",[]
STRAIGHT AND LEVEL,312,2025-09-20T01:05:00.000,7,1,9,58611df156f261acca8dbc3f4d52708c77ab3cd6e50b7dab40e087d4a2ec5cd7a32ff753e237ef477a6f38059539f0b17e825c95a3b098ad7e460dc8a7b04451,INJURY AND / OR TOW DUE TO CRASH,"OVER $1,500",2025-09-20T01:10:00.000,NO CONTROLS,SIDESWIPE OPPOSITE DIRECTION,Y,0,0,2,0,0,0,0,41.7730803104,"DARKNESS, LIGHTED ROAD",-87.6153926216,NO INDICATION OF INJURY,2,25,FOLLOWING TOO CLOSELY,ON SCENE,NO DEFECTS,DRY,NOT APPLICABLE,E,MARQUETTE RD,400,NO CONTROLS,DIVIDED - W/MEDIAN (NOT RAISED),CLEAR,N,Y,,,,,2,2,"{""coordinates"": [-87.615392621573, 41.773080310407], ""type"": ""Point""}","[""SIDE-RIGHT"", ""UNKNOWN""]","[""STRAIGHT AHEAD""]","[""Y""]","[""E"", ""W""]","[""DRIVER""]","[""NONE"", ""UNKNOWN""]","[""PERSONAL""]","[""2013""]","[""45""]","[""DEPLOYMENT UNKNOWN"", ""DID NOT DEPLOY""]","[""NONE""]","[""NO INDICATION OF INJURY""]","[""DRIVER""]","[""SAFETY BELT USED"", ""USAGE UNKNOWN""]","[""F"", ""M""]",[]
STRAIGHT AND LEVEL,2423,2025-09-20T01:30:00.000,7,1,9,3f13e349f572068906474c98d88856f2daf6ac65c4a52830178ebccb7a113174672c048b41e5ef1fa239cea15d9ac7a764bd834e6d5bfc366ae737e8917054ea,INJURY AND / OR TOW DUE TO CRASH,"$501 - $1,500",2025-09-24T13:40:00.000,FUNCTIONING PROPERLY,PEDESTRIAN,Y,0,0,1,0,1,1,0,42.0139577767,"DARKNESS, LIGHTED ROAD",-87.6642432364,"REPORTED, NOT EVIDENT",2,30,FAILING TO YIELD RIGHT-OF-WAY,NOT ON SCENE (DESK REPORT),NO DEFECTS,DRY,NOT APPLICABLE,N,SHERIDAN RD,7300,TRAFFIC SIGNAL,NOT DIVIDED,CLEAR,Y,,,,,,2,2,"{""coordinates"": [-87.664243236398, 42.013957776681], ""type"": ""Point""}","[""FRONT""]","[""STRAIGHT AHEAD""]",[],"[""N""]","[""DRIVER"", ""PEDESTRIAN""]","[""UNKNOWN""]","[""UNKNOWN/NA""]",[],"[""65""]","[""DEPLOYMENT UNKNOWN""]","[""NONE""]","[""NO INDICATION OF INJURY"", ""REPORTED, NOT EVIDENT""]","[""DRIVER"", ""PEDESTRIAN""]","[""NONE PRESENT"", ""USAGE UNKNOWN""]","[""F""]",[]
STRAIGHT AND LEVEL,623,2025-09-20T01:30:00.000,7,1,9,5507b396bebd2c641d7886a963ba7006f706894cd76c9cdaa3f4b45afb317a420714e9d53b687a2b61673f22fa68d998ed5ec42491558c1d4f2fbe8d6766bb4a,INJURY AND / OR TOW DUE TO CRASH,"OVER $1,500",2025-09-20T01:35:00.000,UNKNOWN,ANGLE,,0,0,2,0,0,0,0,41.7564030926,"DARKNESS, LIGHTED ROAD",-87.6245765157,NO INDICATION OF INJURY,2,30,UNABLE TO DETERMINE,,UNKNOWN,DRY,NOT APPLICABLE,S,STATE ST,7601,UNKNOWN,FOUR WAY,CLEAR,,,,,,,2,2,"{""coordinates"": [-87.624576515698, 41.756403092616], ""type"": ""Point""}","[""UNKNOWN""]","[""STRAIGHT AHEAD"", ""UNKNOWN/NA""]","[""Y""]","[""UNKNOWN""]","[""DRIVER""]","[""UNKNOWN""]","[""UNKNOWN/NA""]","[""2017"", ""2022""]","[""24""]","[""DEPLOYMENT UNKNOWN""]","[""NONE"", ""UNKNOWN""]","[""NO INDICATION OF INJURY""]","[""DRIVER""]","[""USAGE UNKNOWN""]","[""F"", ""M""]",[]
STRAIGHT AND LEVEL,1122,2025-09-20T01:43:00.000,7,1,9,24be80af8495c69dd8fd5b1e93b422a3d2ab4da34575aa63d7dc44c759002d2ec1ff38d335092ee25a90ec3cf8039d3e36ec830f851e11078bb685a1e28e0e06,INJURY AND / OR TOW DUE TO CRASH,"OVER $1,500",2025-09-20T01:44:00.000,OTHER,FIXED OBJECT,,0,0,1,0,0,0,0,41.8853988964,DARKNESS,-87.7224004638,NO INDICATION OF INJURY,1,25,DISTRACTION - FROM OUTSIDE VEHICLE,ON SCENE,UNKNOWN,UNKNOWN,NOT APPLICABLE,W,LAKE ST,3836,OTHER,DIVIDED - W/MEDIAN (NOT RAISED),CLEAR,,Y,,,,,1,1,"{""coordinates"": [-87.722400463848, 41.885398896366], ""type"": ""Point""}","[""FRONT""]","[""OTHER""]","[""Y""]","[""W""]","[""DRIVER""]","[""UNKNOWN""]","[""PERSONAL""]","[""2019""]","[""52""]","[""DEPLOYMENT UNKNOWN""]","[""NONE""]","[""NO INDICATION OF INJURY""]","[""DRIVER""]","[""USAGE UNKNOWN""]","[""M""]",[]
STRAIGHT AND LEVEL,2514,2025-09-20T01:49:00.000,7,1,9,7a6cdebb223f024ad8ffc1876427a5b846e28f2499b68b715ee96a76a09f0f2c7a22b4e40a380e4ad821833959dff7de10dd65d6742710fd85655d751849124e,INJURY AND / OR TOW DUE TO CRASH,"OVER $1,500",2025-09-20T01:50:00.000,FUNCTIONING PROPERLY,TURNING,,0,1,2,1,0,2,0,41.9350160299,"DARKNESS, LIGHTED ROAD",-87.766522647,INCAPACITATING INJURY,2,30,DISREGARDING TRAFFIC SIGNALS,ON SCENE,NO DEFECTS,DRY,NOT APPLICABLE,N,CENTRAL AVE,3000,TRAFFIC SIGNAL,DIVIDED - W/MEDIAN (NOT RAISED),CLEAR,Y,,,,,,2,4,"{""coordinates"": [-87.766522646964, 41.935016029873], ""type"": ""Point""}","[""FRONT"", ""FRONT-LEFT-CORNER""]","[""STRAIGHT AHEAD"", ""TURNING LEFT""]","[""Y""]","[""E"", ""S""]","[""DRIVER""]","[""UNKNOWN""]","[""PERSONAL""]","[""2020""]","[""19"", ""20""]","[""DEPLOYED, COMBINATION"", ""DID NOT DEPLOY""]","[""NONE""]","[""INCAPACITATING INJURY"", ""NO INDICATION OF INJURY"", ""NONINCAPACITATING INJURY""]","[""DRIVER"", ""PASSENGER""]","[""USAGE UNKNOWN""]","[""F"", ""M""]","[""3"", ""6""]"
STRAIGHT AND LEVEL,912,2025-09-20T01:50:00.000,7,1,9,04be9e3a3e8b9ce8b9b2d949d8db9def1978aad5a266fcbed3e91367ef219e01b41a9cd2402c93ed153baf908c000c137f846e8da02e88fc5c395e4b934ceb80,INJURY AND / OR TOW DUE TO CRASH,"$501 - $1,500",2025-09-20T18:34:00.000,NO CONTROLS,SIDESWIPE SAME DIRECTION,,0,0,6,0,0,0,0,41.8363940339,DUSK,-87.675288946,NO INDICATION OF INJURY,2,30,IMPROPER OVERTAKING/PASSING,NOT ON SCENE (DESK REPORT),NO DEFECTS,DRY,NOT APPLICABLE,S,DAMEN AVE,3143,NO CONTROLS,NOT DIVIDED,CLEAR,,,,,,,2,6,"{""coordinates"": [-87.675288946, 41.836394033868], ""type"": ""Point""}","[""SIDE-LEFT"", ""SIDE-RIGHT""]","[""PASSING/OVERTAKING"", ""STRAIGHT AHEAD""]","[""Y""]","[""S""]","[""DRIVER""]","[""NONE""]","[""PERSONAL""]","[""2016"", ""2021""]","[""22"", ""24""]","[""DID NOT DEPLOY""]","[""NONE""]","[""NO INDICATION OF INJURY""]","[""DRIVER"", ""PASSENGER""]","[""SAFETY BELT NOT USED"", ""SAFETY BELT USED""]","[""M""]","[""3"", ""4"", ""5"", ""6""]"
STRAIGHT AND LEVEL,112,2025-09-20T01:53:00.000,7,1,9,673faf1de9ab990a2aa25420d56946fa1dc15822b5a9f6c1f5bc425dbe4aa4584ef7f01a2646d73ece665f27d7cec529ceff1c0fa80834729e5944a793f3cc23,INJURY AND / OR TOW DUE TO CRASH,"OVER $1,500",2025-09-20T02:39:00.000,FUNCTIONING PROPERLY,ANGLE,,0,0,2,2,0,2,0,41.88318198,"DARKNESS, LIGHTED ROAD",-87.6307587298,NONINCAPACITATING INJURY,2,35,DISREGARDING TRAFFIC SIGNALS,ON SCENE,UNKNOWN,DRY,NOT APPLICABLE,N,CLARK ST,99,TRAFFIC SIGNAL,T-INTERSECTION,CLEAR,Y,,,,,,2,4,"{""coordinates"": [-87.63075872977, 41.883181980027], ""type"": ""Point""}","[""FRONT""]","[""STRAIGHT AHEAD""]","[""Y""]","[""E"", ""S""]","[""DRIVER""]","[""UNKNOWN""]","[""PERSONAL""]","[""2006"", ""2023""]","[""0"", ""31"", ""44""]","[""DEPLOYED, FRONT"", ""DEPLOYMENT UNKNOWN""]","[""NONE""]","[""NO INDICATION OF INJURY"", ""NONINCAPACITATING INJURY""]","[""DRIVER"", ""PASSENGER""]","[""USAGE UNKNOWN""]","[""M""]","[""1""]"
STRAIGHT AND LEVEL,2411,2025-09-20T01:54:00.000,7,1,9,101c154b280aedd95332960e2c13dcf3dc4a42365b066140e6ef5ff30ef5adf360869be5bab71aa2a1d35c43c03cb8b65da5b41cb45d6ee7c3c0a4f324fbf49a,INJURY AND / OR TOW DUE TO CRASH,"OVER $1,500",2025-09-20T06:52:00.000,FUNCTIONING PROPERLY,PARKED MOTOR VEHICLE,Y,0,0,1,0,0,0,0,42.0159129553,"DARKNESS, LIGHTED ROAD",-87.6949923831,NO INDICATION OF INJURY,3,25,UNABLE TO DETERMINE,ON SCENE,NO DEFECTS,DRY,UNABLE TO DETERMINE,W,JARVIS AVE,2600,STOP SIGN/FLASHER,NOT DIVIDED,CLEAR,,,,,,,3,1,"{""coordinates"": [-87.694992383056, 42.015912955277], ""type"": ""Point""}","[""FRONT-RIGHT-CORNER"", ""REAR"", ""REAR-LEFT-CORNER""]","[""PARKED"", ""UNKNOWN/NA""]","[""Y""]","[""W""]","[""DRIVER"", ""PARKED""]","[""NONE"", ""UNKNOWN""]","[""NOT IN USE"", ""UNKNOWN/NA""]","[""2008"", ""2010"", ""2019""]",[],"[""DEPLOYMENT UNKNOWN""]","[""UNKNOWN""]","[""NO INDICATION OF INJURY""]","[""DRIVER""]","[""USAGE UNKNOWN""]","[""X""]",[]
STRAIGHT AND LEVEL,1832,2025-09-20T01:55:00.000,7,1,9,9ddb90eb0e8255c6784cc811a23f3db9d538d0f53c83917eb6d9a46ad491e090c7dc992dc6675bee8106201f37d97fe831141c1c91c666d95277aeaab7f86936,NO INJURY / DRIVE AWAY,"OVER $1,500",2025-09-20T13:25:00.000,UNKNOWN,SIDESWIPE SAME DIRECTION,N,0,0,2,0,0,0,0,41.8924452824,"DARKNESS, LIGHTED ROAD",-87.6327553744,NO INDICATION OF INJURY,2,30,UNABLE TO DETERMINE,NOT ON SCENE (DESK REPORT),NO DEFECTS,WET,UNABLE TO DETERMINE,N,LA SALLE DR,600,UNKNOWN,DIVIDED - W/MEDIAN (NOT RAISED),RAIN,,,,,,,2,2,"{""coordinates"": [-87.632755374411, 41.892445282365], ""type"": ""Point""}","[""SIDE-RIGHT"", ""UNKNOWN""]","[""STRAIGHT AHEAD""]",[],"[""N""]","[""DRIVER""]","[""NONE"", ""UNKNOWN""]","[""PERSONAL"", ""UNKNOWN/NA""]","[""2008""]","[""77""]","[""DEPLOYMENT UNKNOWN"", ""DID NOT DEPLOY""]","[""NONE""]","[""NO INDICATION OF INJURY""]","[""DRIVER""]","[""SAFETY BELT USED"", ""USAGE UNKNOWN""]","[""F"", ""M""]",[]
STRAIGHT AND LEVEL,1222,2025-09-20T01:55:00.000,7,1,9,b476c9bc04573f8fd51c89f22b34f34c97523058487162416b7eaaed852abca9d79801bfc723a2eb10a8ec81b11463646f07062915d20abd3d2e955df374ecb6,INJURY AND / OR TOW DUE TO CRASH,"OVER $1,500",2025-09-20T02:01:00.000,FUNCTIONING PROPERLY,REAR END,,1,0,0,1,0,2,0,41.8819202942,"DARKNESS, LIGHTED ROAD",-87.6921738425,FATAL,2,30,FAILING TO REDUCE SPEED TO AVOID CRASH,ON SCENE,NO DEFECTS,DRY,DISREGARDING STOP SIGN,W,WARREN BLVD,2631,STOP SIGN/FLASHER,ONE-WAY,CLEAR,N,,,,,,2,2,"{""coordinates"": [-87.692173842453, 41.881920294172], ""type"": ""Point""}","[""FRONT"", ""REAR""]","[""SLOW/STOP IN TRAFFIC"", ""STRAIGHT AHEAD""]","[""Y""]","[""E""]","[""DRIVER""]","[""NONE"", ""UNKNOWN""]","[""PERSONAL"", ""UNKNOWN/NA""]","[""2020"", ""2021""]","[""30"", ""42""]","[""DEPLOYED, COMBINATION""]","[""NONE""]","[""FATAL"", ""NONINCAPACITATING INJURY""]","[""DRIVER""]","[""SAFETY BELT USED"", ""USAGE UNKNOWN""]","[""M""]",[]
STRAIGHT AND LEVEL,733,2025-09-20T02:02:00.000,7,2,9,6f1e22783757eeaa409b859e32fd012aaa873f947a1a96f8e8e78da2f9abdec712d3de7facccd4834f7f6ead1a7f4a7708844891bb91abe71f9eb7a2849fee0a,NO INJURY / DRIVE AWAY,"OVER $1,500",2025-09-20T02:50:00.000,UNKNOWN,ANGLE,Y,0,0,2,0,0,0,0,41.7687443409,"DARKNESS, LIGHTED ROAD",-87.6446513782,NO INDICATION OF INJURY,2,30,FAILING TO YIELD RIGHT-OF-WAY,NOT ON SCENE (DESK REPORT),UNKNOWN,UNKNOWN,FAILING TO YIELD RIGHT-OF-WAY,S,HALSTED ST,6900,TRAFFIC SIGNAL,FOUR WAY,CLEAR,Y,,,,,,2,2,"{""coordinates"": [-87.644651378169, 41.768744340933], ""type"": ""Point""}","[""FRONT-LEFT-CORNER"", ""FRONT-RIGHT-CORNER""]","[""STRAIGHT AHEAD""]",[],"[""E"", ""S""]","[""DRIVER""]","[""UNKNOWN""]","[""PERSONAL"", ""UNKNOWN/NA""]","[""2018"", ""2022""]","[""46""]","[""DEPLOYMENT UNKNOWN"", ""NOT APPLICABLE""]","[""NONE""]","[""NO INDICATION OF INJURY""]","[""DRIVER""]","[""SAFETY BELT USED"", ""USAGE UNKNOWN""]","[""F"", ""M""]",[]
STRAIGHT AND LEVEL,2422,2025-09-20T02:12:00.000,7,2,9,6e01f9a196d538a9966e07b77571aa2c16ed0934d70d6af9894b2d9482201aecfe8ce96dc2ff81ebf51422c186362e480e3932ea45f0fa7542cbc57774186734,INJURY AND / OR TOW DUE TO CRASH,"OVER $1,500",2025-09-20T02:12:00.000,NO CONTROLS,FIXED OBJECT,,0,0,1,0,0,0,0,42.0226602681,"DARKNESS, LIGHTED ROAD",-87.6766472381,NO INDICATION OF INJURY,1,35,UNABLE TO DETERMINE,ON SCENE,NO DEFECTS,DRY,UNABLE TO DETERMINE,W,JUNEWAY TER,1832,NO CONTROLS,NOT DIVIDED,CLEAR,,,,,,,1,1,"{""coordinates"": [-87.67664723812, 42.022660268078], ""type"": ""Point""}","[""FRONT""]","[""TURNING LEFT""]","[""Y""]","[""S""]","[""DRIVER""]","[""UNKNOWN""]","[""PERSONAL""]","[""2015""]","[""51""]","[""DEPLOYED, COMBINATION""]","[""NONE""]","[""NO INDICATION OF INJURY""]","[""DRIVER""]","[""USAGE UNKNOWN""]","[""M""]",[]
STRAIGHT AND LEVEL,2515,2025-09-20T02:30:00.000,7,2,9,3e2a19a9391287c0a42e1b0e0685fbd038b7255b0227a46573661dbaeae1c07fd09bd9557e6ad7c0d3d6a59b9d4bb6f96537e62ae00b3ae5580a44d9147835c5,INJURY AND / OR TOW DUE TO CRASH,"$501 - $1,500",2025-09-20T11:15:00.000,NO CONTROLS,PARKED MOTOR VEHICLE,Y,0,0,1,0,0,0,0,41.9258928802,"DARKNESS, LIGHTED ROAD",-87.7662048258,NO INDICATION OF INJURY,2,30,UNABLE TO DETERMINE,NOT ON SCENE (DESK REPORT),NO DEFECTS,DRY,UNABLE TO DETERMINE,N,CENTRAL AVE,2500,NO CONTROLS,NOT DIVIDED,CLEAR,,,,,,,2,1,"{""coordinates"": [-87.766204825838, 41.925892880213], ""type"": ""Point""}","[""FRONT"", ""REAR""]","[""PARKED"", ""UNKNOWN/NA""]","[""Y""]","[""S"", ""UNKNOWN""]","[""DRIVER"", ""PARKED""]","[""NONE""]","[""PERSONAL"", ""UNKNOWN/NA""]","[""2019""]",[],"[""DEPLOYMENT UNKNOWN""]","[""NONE""]","[""NO INDICATION OF INJURY""]","[""DRIVER""]","[""USAGE UNKNOWN""]","[""X""]",[]
STRAIGHT AND LEVEL,215,2025-09-20T02:41:00.000,7,2,9,20391483e12aeb52a26a20fbac7909282173da88b9a06ea0497a726df52c82e95250be528d15acb628eb78abf1ca422d51185658e7eaafc7cd9e1f5960bfa86f,NO INJURY / DRIVE AWAY,"OVER $1,500",2025-09-20T03:06:00.000,NO CONTROLS,PARKED MOTOR VEHICLE,Y,0,0,1,0,0,0,0,41.8112317508,"DARKNESS, LIGHTED ROAD",-87.6214363327,NO INDICATION OF INJURY,2,30,UNABLE TO DETERMINE,ON SCENE,NO DEFECTS,DRY,UNABLE TO DETERMINE,E,46TH ST,132,NO CONTROLS,NOT DIVIDED,CLEAR,,,,,,,2,1,"{""coordinates"": [-87.621436332721, 41.811231750827], ""type"": ""Point""}","[""FRONT-RIGHT-CORNER"", ""UNKNOWN""]","[""PARKED"", ""UNKNOWN/NA""]",[],"[""E"", ""W""]","[""DRIVER"", ""PARKED""]","[""NONE"", ""UNKNOWN""]","[""NOT IN USE"", ""UNKNOWN/NA""]","[""2023""]",[],"[""DEPLOYMENT UNKNOWN""]","[""NONE""]","[""NO INDICATION OF INJURY""]","[""DRIVER""]","[""USAGE UNKNOWN""]","[""M""]",[]
STRAIGHT AND LEVEL,2411,2025-09-20T03:00:00.000,7,3,9,068236b495b1d2e260865fbadc00fee66726a53b8e0ed127642655260cb27759d68eaaccaaa5e6cf5274db7ac99b12eb3168be9df1d8e5c736f5171793848630,INJURY AND / OR TOW DUE TO CRASH,"OVER $1,500",2025-09-20T08:46:00.000,NO CONTROLS,FIXED OBJECT,Y,0,0,1,0,0,0,0,42.0103095549,"DARKNESS, LIGHTED ROAD",-87.6995977859,NO INDICATION OF INJURY,1,30,UNABLE TO DETERMINE,ON SCENE,"RUT, HOLES",DRY,NOT APPLICABLE,N,CALIFORNIA AVE,7101,NO CONTROLS,DIVIDED - W/MEDIAN (NOT RAISED),CLEAR,N,,,,,,1,1,"{""coordinates"": [-87.699597785882, 42.010309554903], ""type"": ""Point""}","[""FRONT""]","[""UNKNOWN/NA""]","[""Y""]","[""N""]","[""DRIVER""]","[""UNKNOWN""]","[""PERSONAL""]","[""2010""]",[],"[""DEPLOYED, FRONT""]","[""NONE""]","[""NO INDICATION OF INJURY""]","[""DRIVER""]","[""USAGE UNKNOWN""]","[""M""]",[]
STRAIGHT AND LEVEL,332,2025-09-20T03:00:00.000,7,3,9,2a63396ad6a9f8184438826519a56319352b40c9ec47a563b25182117386ab18d1742f964107d81d1e17ea89b3c759c3f0a385eb64b81a8119200bbbaa3530c7,INJURY AND / OR TOW DUE TO CRASH,$500 OR LESS,2025-09-20T09:21:00.000,NO CONTROLS,OTHER OBJECT,Y,0,0,1,0,0,0,0,41.7728835824,DARKNESS,-87.5824880537,NO INDICATION OF INJURY,1,30,UNABLE TO DETERMINE,ON SCENE,OTHER,UNKNOWN,NOT APPLICABLE,S,RIDGELAND AVE,6715,NO CONTROLS,ALLEY,CLEAR,,,,,,,1,1,"{""coordinates"": [-87.58248805369, 41.7728835824], ""type"": ""Point""}","[""FRONT-RIGHT-CORNER""]","[""UNKNOWN/NA""]","[""Y""]","[""UNKNOWN""]","[""DRIVER""]","[""NONE""]","[""PERSONAL""]","[""2011""]",[],"[""DEPLOYMENT UNKNOWN""]","[""NONE""]","[""NO INDICATION OF INJURY""]","[""DRIVER""]","[""USAGE UNKNOWN""]","[""X""]",[]
STRAIGHT AND LEVEL,1111,2025-09-20T03:00:00.000,7,3,9,74a0d9491c385b082a7ab4d57f8bf2b1dc1262a0c8d1cfd4f43b5179bf4ca1b989b8c5660a76777d30bbad5c62c25471d130cf9a3fe7074a717c8d8d94f594af,NO INJURY / DRIVE AWAY,"OVER $1,500",2025-09-20T11:15:00.000,NO CONTROLS,PARKED MOTOR VEHICLE,Y,0,0,1,0,0,0,0,41.9009902105,"DARKNESS, LIGHTED ROAD",-87.7264008187,NO INDICATION OF INJURY,2,30,UNABLE TO DETERMINE,NOT ON SCENE (DESK REPORT),NO DEFECTS,WET,NOT APPLICABLE,N,PULASKI RD,1102,NO CONTROLS,NOT DIVIDED,RAIN,,,,,,,2,1,"{""coordinates"": [-87.726400818739, 41.900990210482], ""type"": ""Point""}","[""REAR"", ""UNKNOWN""]","[""PARKED"", ""UNKNOWN/NA""]",[],"[""N"", ""UNKNOWN""]","[""DRIVER"", ""PARKED""]","[""NONE"", ""UNKNOWN""]","[""PERSONAL"", ""UNKNOWN/NA""]","[""2013""]",[],"[""DEPLOYMENT UNKNOWN""]","[""NONE""]","[""NO INDICATION OF INJURY""]","[""DRIVER""]","[""USAGE UNKNOWN""]","[""X""]",[]