alignment,beat_of_occurrence,crash_date,crash_day_of_week,crash_hour,crash_month,crash_record_id,crash_type,damage,date_police_notified,device_condition,first_crash_type,hit_and_run_i,injuries_fatal,injuries_incapacitating,injuries_no_indication,injuries_non_incapacitating,injuries_reported_not_evident,injuries_total,injuries_unknown,latitude,lighting_condition,longitude,most_severe_injury,num_units,posted_speed_limit,prim_contributory_cause,report_type,road_defect,roadway_surface_cond,sec_contributory_cause,street_direction,street_name,street_no,traffic_control_device,trafficway_type,weather_condition,intersection_related_i,crash_date_est_i,private_property_i,statements_taken_i,photos_taken_i,work_zone_i,veh_count,ppl_count,location_json,veh_first_contact_point_list_json,veh_maneuver_list_json,veh_towed_i_list_json,veh_travel_direction_list_json,veh_unit_type_list_json,veh_vehicle_defect_list_json,veh_vehicle_use_list_json,veh_vehicle_year_list_json,ppl_age_list_json,ppl_airbag_deployed_list_json,ppl_ejection_list_json,ppl_injury_classification_list_json,ppl_person_type_list_json,ppl_safety_equipment_list_json,ppl_sex_list_json,ppl_seat_no_list_json
STRAIGHT AND LEVEL,1925,2025-09-20T03:00:00.000,7,3,9,7f099d87e00ed4638e47d34cabe85159936a3722873af544eb7e966348afb4d9dd0f96071b2350290235fca176835be2e82caa220d8774a72565325477f7036e,NO INJURY / DRIVE AWAY,"OVER $1,500",2025-09-20T03:10:00.000,NO CONTROLS,PARKED MOTOR VEHICLE,Y,0,0,1,0,0,0,0,41.9401316375,"DARKNESS, LIGHTED ROAD",-87.6460285793,NO INDICATION OF INJURY,2,20,UNABLE TO DETERMINE,ON SCENE,NO DEFECTS,DRY,UNABLE TO DETERMINE,W,BELMONT AVE,644,NO CONTROLS,NOT DIVIDED,CLEAR,,,,,,,2,1,"{""coordinates"": [-87.646028579267, 41.940131637509], ""type"": ""Point""}","[""FRONT-RIGHT-CORNER"", ""SIDE-LEFT""]","[""PARKED"", ""STRAIGHT AHEAD""]",[],"[""W""]","[""DRIVER"", ""PARKED""]","[""UNKNOWN""]","[""PERSONAL"", ""UNKNOWN/NA""]","[""2011""]",[],"[""DEPLOYMENT UNKNOWN""]","[""NONE""]","[""NO INDICATION OF INJURY""]","[""DRIVER""]","[""USAGE UNKNOWN""]","[""M""]",[]
STRAIGHT AND LEVEL,623,2025-09-20T03:15:00.000,7,3,9,78617410184b3391c7fa184cae4a5b625441ff91e156cacfd0ff8b982d2e259e55e2807382b0028a73bf60314025441b61fbba5b5b50dc3cf217a7c90a9545c8,INJURY AND / OR TOW DUE TO CRASH,"OVER $1,500",2025-09-20T03:25:00.000,NO CONTROLS,PARKED MOTOR VEHICLE,,0,0,1,0,1,1,0,41.7564030926,"DARKNESS, LIGHTED ROAD",-87.6245765157,"REPORTED, NOT EVIDENT",2,0,IMPROPER BACKING,ON SCENE,UNKNOWN,WET,IMPROPER BACKING,S,STATE ST,7601,NO CONTROLS,OTHER,RAIN,,,,,,,2,2,"{""coordinates"": [-87.624576515698, 41.756403092616], ""type"": ""Point""}","[""FRONT"", ""REAR""]","[""BACKING"", ""PARKED""]",[],"[""UNKNOWN""]","[""DRIVER"", ""PARKED""]","[""UNKNOWN""]","[""NOT IN USE"", ""UNKNOWN/NA""]","[""2007"", ""2009""]","[""35"", ""39""]","[""DID NOT DEPLOY""]","[""NONE""]","[""NO INDICATION OF INJURY"", ""REPORTED, NOT EVIDENT""]","[""DRIVER"", ""PASSENGER""]","[""NONE PRESENT""]","[""F"", ""M""]","[""1""]"
STRAIGHT AND LEVEL,234,2025-09-20T03:15:00.000,7,3,9,f4cd76a605d4cc9cd3b05c2af58af671dce2b335677817ee7d785ff315cf733ec760f3079999ea4af5e6f4573a1e370611733d051c78c88ab3bee818ab768719,NO INJURY / DRIVE AWAY,"OVER $1,500",2025-09-20T03:45:00.000,UNKNOWN,REAR TO SIDE,Y,0,0,2,0,0,0,0,41.8023797296,UNKNOWN,-87.5879794066,NO INDICATION OF INJURY,2,30,UNABLE TO DETERMINE,NOT ON SCENE (DESK REPORT),UNKNOWN,UNKNOWN,NOT APPLICABLE,S,LAKE PARK AVE,5100,UNKNOWN,UNKNOWN,UNKNOWN,,,,,,,2,2,"{""coordinates"": [-87.587979406628, 41.802379729614], ""type"": ""Point""}","[""FRONT-LEFT-CORNER"", ""REAR-LEFT-CORNER""]","[""UNKNOWN/NA""]",[],"[""UNKNOWN""]","[""DRIVER""]","[""UNKNOWN""]","[""UNKNOWN/NA""]","[""2017""]","[""42""]","[""DEPLOYMENT UNKNOWN""]","[""UNKNOWN""]","[""NO INDICATION OF INJURY""]","[""DRIVER""]","[""USAGE UNKNOWN""]","[""F"", ""X""]",[]
STRAIGHT AND LEVEL,923,2025-09-20T03:20:00.000,7,3,9,8f4f3090a252ad86542c31dafd2a4774714d22770fc0d28eb4ef1748e50aa499e9eb136349e861cec4e062dad23e6ed3ad1f7a65a0bc4874405e9694b43327ec,NO INJURY / DRIVE AWAY,"OVER $1,500",2025-09-20T03:25:00.000,NO CONTROLS,TURNING,Y,0,0,2,0,0,0,0,41.7952959821,"DARKNESS, LIGHTED ROAD",-87.7034649215,NO INDICATION OF INJURY,2,30,FAILING TO REDUCE SPEED TO AVOID CRASH,ON SCENE,NO DEFECTS,DRY,FOLLOWING TOO CLOSELY,S,KEDZIE AVE,5401,NO CONTROLS,NOT DIVIDED,CLEAR,,,,Y,,,2,2,"{""coordinates"": [-87.703464921522, 41.795295982115], ""type"": ""Point""}","[""FRONT"", ""REAR""]","[""STRAIGHT AHEAD"", ""TURNING LEFT""]",[],"[""S""]","[""DRIVER""]","[""UNKNOWN""]","[""PERSONAL"", ""UNKNOWN/NA""]","[""2013""]","[""28""]","[""DEPLOYMENT UNKNOWN"", ""DID NOT DEPLOY""]","[""NONE"", ""UNKNOWN""]","[""NO INDICATION OF INJURY""]","[""DRIVER""]","[""USAGE UNKNOWN""]","[""M"", ""X""]",[]
STRAIGHT AND LEVEL,524,2025-09-20T03:30:00.000,7,3,9,6d55806d4b754c8c5c2b6aefb0c4c2700cbe2b45a114d3ae9349147c5b34146e1f1d6056a8d4f2c88e6ef15a2131be4f81fb2f78a7bfc052f19e646b1db839d1,INJURY AND / OR TOW DUE TO CRASH,"OVER $1,500",2025-09-20T14:45:00.000,FUNCTIONING PROPERLY,PARKED MOTOR VEHICLE,Y,0,0,1,0,0,0,0,41.6847765205,DARKNESS,-87.6581007189,NO INDICATION OF INJURY,2,30,IMPROPER OVERTAKING/PASSING,NOT ON SCENE (DESK REPORT),NO DEFECTS,DRY,NOT APPLICABLE,S,BISHOP ST,11500,STOP SIGN/FLASHER,NOT DIVIDED,CLEAR,,,,,,,2,1,"{""coordinates"": [-87.658100718891, 41.684776520537], ""type"": ""Point""}","[""FRONT"", ""UNKNOWN""]","[""PARKED"", ""STRAIGHT AHEAD""]","[""Y""]","[""E"", ""W""]","[""DRIVER"", ""PARKED""]","[""NONE"", ""UNKNOWN""]","[""PERSONAL""]","[""2020""]",[],"[""NOT APPLICABLE""]","[""UNKNOWN""]","[""NO INDICATION OF INJURY""]","[""DRIVER""]","[""USAGE UNKNOWN""]","[""X""]",[]
STRAIGHT AND LEVEL,1031,2025-09-20T03:33:00.000,7,3,9,1b6a5fef421722913debc097ba42f19b8d6bd0544374166484ef9021761f838cb89ae30ed84e2ff8a428d89eb7e658cf90925943193db13f1d3015a547a33135,INJURY AND / OR TOW DUE TO CRASH,"OVER $1,500",2025-09-20T03:34:00.000,FUNCTIONING PROPERLY,REAR END,,0,0,1,2,0,2,0,41.8287180645,"DARKNESS, LIGHTED ROAD",-87.7243206046,NONINCAPACITATING INJURY,3,30,FAILING TO REDUCE SPEED TO AVOID CRASH,ON SCENE,NO DEFECTS,WET,UNABLE TO DETERMINE,S,PULASKI RD,3600,TRAFFIC SIGNAL,NOT DIVIDED,RAIN,,,,,,,3,3,"{""coordinates"": [-87.724320604623, 41.828718064452], ""type"": ""Point""}","[""FRONT"", ""REAR""]","[""STRAIGHT AHEAD""]","[""Y""]","[""N""]","[""DRIVER""]","[""NONE"", ""UNKNOWN""]","[""OTHER"", ""PERSONAL""]","[""2014"", ""2021""]","[""23"", ""30"", ""38""]","[""DEPLOYED, COMBINATION"", ""DEPLOYED, FRONT"", ""DEPLOYMENT UNKNOWN""]","[""NONE""]","[""NO INDICATION OF INJURY"", ""NONINCAPACITATING INJURY""]","[""DRIVER""]","[""USAGE UNKNOWN""]","[""M""]",[]
STRAIGHT AND LEVEL,332,2025-09-20T03:42:00.000,7,3,9,291221ec4ba5db2997717364a5588c0ee2c60c77db3b356473de210b4ea49ca7fab81becc6f674b46804fc4a6e9c6735a21acae4135c0ed163e34a3f7a867248,INJURY AND / OR TOW DUE TO CRASH,"OVER $1,500",2025-09-20T03:42:00.000,NO CONTROLS,FIXED OBJECT,,0,0,1,0,1,1,0,41.7726629333,"DARKNESS, LIGHTED ROAD",-87.5864428015,"REPORTED, NOT EVIDENT",1,30,UNABLE TO DETERMINE,,NO DEFECTS,WET,UNABLE TO DETERMINE,S,STONY ISLAND AVE,6720,UNKNOWN,OTHER,RAIN,,,,,,,1,2,"{""coordinates"": [-87.586442801524, 41.772662933288], ""type"": ""Point""}","[""FRONT""]","[""STRAIGHT AHEAD""]","[""Y""]","[""S""]","[""DRIVER""]","[""UNKNOWN""]","[""UNKNOWN/NA""]","[""2024""]","[""47""]","[""DEPLOYED, FRONT"", ""DEPLOYMENT UNKNOWN""]","[""NONE""]","[""NO INDICATION OF INJURY"", ""REPORTED, NOT EVIDENT""]","[""DRIVER"", ""PASSENGER""]","[""USAGE UNKNOWN""]","[""F""]","[""3""]"
STRAIGHT AND LEVEL,225,2025-09-20T04:00:00.000,7,4,9,652b636bad112b7843242f1a9dd8edc94c7d892d221d21e7beb659a56da97528cc8caf7319c62b4c1bc8deadb89e90b9179a68ccdb7c5eb221415725d4383fec,INJURY AND / OR TOW DUE TO CRASH,"OVER $1,500",2025-09-20T04:12:00.000,FUNCTIONING PROPERLY,TURNING,,0,0,2,0,2,2,0,41.7945705114,DARKNESS,-87.6303626345,"REPORTED, NOT EVIDENT",2,35,UNABLE TO DETERMINE,ON SCENE,NO DEFECTS,WET,UNABLE TO DETERMINE,S,WENTWORTH AVE,5463,TRAFFIC SIGNAL,DIVIDED - W/MEDIAN (NOT RAISED),RAIN,,,,,,,2,4,"{""coordinates"": [-87.630362634526, 41.794570511442], ""type"": ""Point""}","[""FRONT"", ""FRONT-LEFT-CORNER""]","[""STRAIGHT AHEAD"", ""TURNING RIGHT""]","[""Y""]","[""N"", ""W""]","[""DRIVER""]","[""NONE"", ""UNKNOWN""]","[""PERSONAL""]","[""2002"", ""2007""]","[""19"", ""25"", ""27"", ""36""]","[""DID NOT DEPLOY"", ""NOT APPLICABLE""]","[""NONE""]","[""NO INDICATION OF INJURY"", ""REPORTED, NOT EVIDENT""]","[""DRIVER"", ""PASSENGER""]","[""USAGE UNKNOWN""]","[""F"", ""M""]","[""3"", ""6""]"
STRAIGHT AND LEVEL,414,2025-09-20T04:00:00.000,7,4,9,798a2f3242336b1387604946fac1ae98201c25371f9eeb798053bb007e5e37bedaca9dc0c88ac0b17d3a9c11db6b004b0128abdb6bdaa7b82e8ea402a222fbc2,NO INJURY / DRIVE AWAY,"OVER $1,500",2025-09-20T04:05:00.000,NO CONTROLS,REAR END,Y,0,0,2,0,0,0,0,41.7524849996,"DARKNESS, LIGHTED ROAD",-87.5761518197,NO INDICATION OF INJURY,2,30,FOLLOWING TOO CLOSELY,ON SCENE,NO DEFECTS,WET,NOT APPLICABLE,S,JEFFERY BLVD,7830,NO CONTROLS,NOT DIVIDED,RAIN,,,,,,,2,2,"{""coordinates"": [-87.576151819675, 41.752484999643], ""type"": ""Point""}","[""FRONT"", ""REAR""]","[""OTHER"", ""STRAIGHT AHEAD""]",[],"[""S""]","[""DRIVER""]","[""UNKNOWN""]","[""PERSONAL"", ""UNKNOWN/NA""]","[""2019""]","[""34""]","[""DEPLOYMENT UNKNOWN"", ""NOT APPLICABLE""]","[""NONE""]","[""NO INDICATION OF INJURY""]","[""DRIVER""]","[""USAGE UNKNOWN""]","[""M""]",[]
STRAIGHT AND LEVEL,522,2025-09-20T04:00:00.000,7,4,9,b7e120f551ea90213cbaf154d928470ff1251ec23ab3b05d39d907fc95a10b3a9d90863340540c943887a35e3366527799e558d39bb4da0c95466b981f28c3db,INJURY AND / OR TOW DUE TO CRASH,"OVER $1,500",2025-09-20T07:35:00.000,NO CONTROLS,SIDESWIPE SAME DIRECTION,,0,0,1,1,0,1,0,41.6853253243,DAWN,-87.631758015,NONINCAPACITATING INJURY,3,30,FAILING TO REDUCE SPEED TO AVOID CRASH,ON SCENE,NO DEFECTS,WET,WEATHER,W,115TH ST,342,NO CONTROLS,NOT DIVIDED,RAIN,,,,,,,3,2,"{""coordinates"": [-87.631758014962, 41.685325324316], ""type"": ""Point""}","[""FRONT"", ""SIDE-LEFT"", ""UNKNOWN""]","[""ENTERING TRAFFIC LANE FROM PARKING"", ""STRAIGHT AHEAD""]",[],"[""W""]","[""DRIVER"", ""PARKED""]","[""NONE"", ""UNKNOWN""]","[""PERSONAL""]","[""2006"", ""2019"", ""2020""]","[""35""]","[""DEPLOYED, FRONT""]","[""NONE""]","[""NO INDICATION OF INJURY"", ""NONINCAPACITATING INJURY""]","[""DRIVER""]","[""NONE PRESENT"", ""USAGE UNKNOWN""]","[""M"", ""X""]",[]
STRAIGHT AND LEVEL,1713,2025-09-20T04:10:00.000,7,4,9,24a29f52b26b8b0ae837bd36bdf85250ef032477b4639840041dd0c88cec6f00ebd3ad8d060a26d40dd4ebccdfac13299561d2540fc8e3d7dee48d5d3d86d4c1,INJURY AND / OR TOW DUE TO CRASH,"OVER $1,500",2025-09-20T04:20:00.000,FUNCTIONING PROPERLY,REAR END,,0,0,1,0,1,1,0,41.9699575396,"DARKNESS, LIGHTED ROAD",-87.7083728782,"REPORTED, NOT EVIDENT",2,30,FOLLOWING TOO CLOSELY,ON SCENE,NO DEFECTS,WET,WEATHER,N,KEDZIE AVE,4851,TRAFFIC SIGNAL,NOT DIVIDED,RAIN,,,,,,,2,2,"{""coordinates"": [-87.708372878221, 41.969957539645], ""type"": ""Point""}","[""FRONT"", ""REAR""]","[""STRAIGHT AHEAD""]","[""N"", ""Y""]","[""N""]","[""DRIVER""]","[""NONE"", ""UNKNOWN""]","[""PERSONAL""]","[""2013"", ""2014""]","[""27"", ""28""]","[""DEPLOYED, FRONT"", ""DID NOT DEPLOY""]","[""NONE""]","[""NO INDICATION OF INJURY"", ""REPORTED, NOT EVIDENT""]","[""DRIVER""]","[""SAFETY BELT USED""]","[""M""]",[]
STRAIGHT AND LEVEL,411,2025-09-20T04:12:00.000,7,4,9,7d71465be0973f27274aabfd548cc88fa88714161e88b496884cb0cb4feb80688725d885ca163402e99a1c90d7a188240db3695573e14f2adeee508d1bf9e5ba,INJURY AND / OR TOW DUE TO CRASH,"OVER $1,500",2025-09-20T04:13:00.000,FUNCTIONING PROPERLY,PARKED MOTOR VEHICLE,,0,0,1,0,0,0,0,41.756868368,"DARKNESS, LIGHTED ROAD",-87.5846865381,NO INDICATION OF INJURY,3,30,WEATHER,ON SCENE,NO DEFECTS,WET,NOT APPLICABLE,S,CORNELL AVE,7600,STOP SIGN/FLASHER,DIVIDED - W/MEDIAN (NOT RAISED),RAIN,,,,,,,3,1,"{""coordinates"": [-87.584686538118, 41.756868367996], ""type"": ""Point""}","[""FRONT"", ""OTHER""]","[""PARKED"", ""TURNING LEFT""]","[""Y""]","[""E"", ""W""]","[""DRIVER"", ""PARKED""]","[""NONE"", ""UNKNOWN""]","[""PERSONAL""]","[""2016"", ""2024"", ""2025""]","[""27""]","[""DEPLOYED, COMBINATION""]","[""NONE""]","[""NO INDICATION OF INJURY""]","[""DRIVER""]","[""USAGE UNKNOWN""]","[""M""]",[]
STRAIGHT AND LEVEL,1013,2025-09-20T04:15:00.000,7,4,9,c16a74495cff5a39a9617a62770f139127792807b973afda2e560b1328e131857af30c137c0f366714f773d83899c56751d9fe63d473bdadd7772c7f0f3a7585,INJURY AND / OR TOW DUE TO CRASH,"OVER $1,500",2025-09-20T04:23:00.000,FUNCTIONING PROPERLY,ANGLE,,0,0,1,1,0,1,0,41.8515214423,DARKNESS,-87.7249047867,NONINCAPACITATING INJURY,2,30,DISREGARDING TRAFFIC SIGNALS,ON SCENE,OTHER,WET,NOT APPLICABLE,S,PULASKI RD,2200,TRAFFIC SIGNAL,T-INTERSECTION,RAIN,,,,,,,2,2,"{""coordinates"": [-87.72490478675, 41.851521442331], ""type"": ""Point""}","[""SIDE-RIGHT"", ""UNKNOWN""]","[""STRAIGHT AHEAD""]",[],"[""E"", ""S""]","[""DRIVER""]","[""NONE"", ""UNKNOWN""]","[""PERSONAL"", ""TOW TRUCK""]","[""2006""]","[""64""]","[""DEPLOYED, SIDE"", ""DEPLOYMENT UNKNOWN""]","[""NONE"", ""UNKNOWN""]","[""NO INDICATION OF INJURY"", ""NONINCAPACITATING INJURY""]","[""DRIVER""]","[""USAGE UNKNOWN""]","[""F"", ""X""]",[]
STRAIGHT AND LEVEL,1122,2025-09-20T04:26:00.000,7,4,9,635d58f0210f8112f56963d22f2b11c04607ee2498b8e664b08551e0e37542c43c05957308381dcef2f18d2ce238de318793e38c07cda37722feffa60930b1a2,INJURY AND / OR TOW DUE TO CRASH,"OVER $1,500",2025-09-20T04:26:00.000,NO CONTROLS,SIDESWIPE OPPOSITE DIRECTION,Y,0,0,5,0,0,0,0,41.8772866866,"DARKNESS, LIGHTED ROAD",-87.7184384848,NO INDICATION OF INJURY,2,30,IMPROPER OVERTAKING/PASSING,ON SCENE,NO DEFECTS,WET,FAILING TO REDUCE SPEED TO AVOID CRASH,W,JACKSON BLVD,3658,NO CONTROLS,NOT DIVIDED,RAIN,,,,,,,2,5,"{""coordinates"": [-87.718438484783, 41.877286686554], ""type"": ""Point""}","[""FRONT-LEFT-CORNER"", ""REAR-LEFT-CORNER""]","[""PASSING/OVERTAKING"", ""STRAIGHT AHEAD""]","[""Y""]","[""E"", ""W""]","[""DRIVER""]","[""NONE"", ""UNKNOWN""]","[""PERSONAL"", ""UNKNOWN/NA""]","[""2017""]","[""34"", ""37""]","[""DEPLOYED, FRONT"", ""NOT APPLICABLE""]","[""NONE"", ""UNKNOWN""]","[""NO INDICATION OF INJURY""]","[""DRIVER"", ""PASSENGER""]","[""SAFETY BELT USED"", ""USAGE UNKNOWN""]","[""F"", ""M"", ""X""]","[""3"", ""4""]"
STRAIGHT AND LEVEL,821,2025-09-20T04:30:00.000,7,4,9,4bdc51c6647d8c95759bc59ee8ceb2a746b62bea8d4b4f92ba684245debc5c69e41b46350e591fd2914e1c37a7f971bac2f97d0af13b92c6e4cf4602ecd0f4b3,INJURY AND / OR TOW DUE TO CRASH,"OVER $1,500",2025-09-20T04:31:00.000,NO CONTROLS,PARKED MOTOR VEHICLE,,0,0,1,0,0,0,0,41.8082146939,"DARKNESS, LIGHTED ROAD",-87.7051253407,NO INDICATION OF INJURY,3,30,PHYSICAL CONDITION OF DRIVER,ON SCENE,NO DEFECTS,WET,UNABLE TO DETERMINE,W,47TH ST,3226,NO CONTROLS,DIVIDED - W/MEDIAN (NOT RAISED),RAIN,,,,,,,3,1,"{""coordinates"": [-87.705125340721, 41.808214693918], ""type"": ""Point""}","[""FRONT-LEFT-CORNER"", ""REAR"", ""REAR-RIGHT-CORNER""]","[""PARKED"", ""STRAIGHT AHEAD""]","[""Y""]","[""E""]","[""DRIVER"", ""PARKED""]","[""NONE"", ""UNKNOWN""]","[""UNKNOWN/NA""]","[""2006"", ""2012"", ""2023""]","[""25""]","[""DEPLOYED, COMBINATION""]","[""NONE""]","[""NO INDICATION OF INJURY""]","[""DRIVER""]","[""USAGE UNKNOWN""]","[""F""]",[]
STRAIGHT AND LEVEL,1814,2025-09-20T04:36:00.000,7,4,9,56452a0b59ae4c3d02962d4bdd19fd83accace6a0335db228e3ed796d356c0a52da548dce258dd84d8b1d3c3c67ad01f52c06c8ffd8e1e0f6767ac6b1013c1aa,INJURY AND / OR TOW DUE TO CRASH,"OVER $1,500",2025-09-20T04:36:00.000,FUNCTIONING PROPERLY,ANGLE,,0,0,2,0,0,0,0,41.9112496561,"DARKNESS, LIGHTED ROAD",-87.6333002484,NO INDICATION OF INJURY,2,30,FAILING TO YIELD RIGHT-OF-WAY,ON SCENE,NO DEFECTS,WET,NOT APPLICABLE,N,LA SALLE DR,1600,TRAFFIC SIGNAL,FOUR WAY,RAIN,Y,,,,,,2,2,"{""coordinates"": [-87.633300248411, 41.911249656053], ""type"": ""Point""}","[""FRONT"", ""FRONT-LEFT-CORNER""]","[""STRAIGHT AHEAD""]","[""Y""]","[""N"", ""W""]","[""DRIVER""]","[""NONE""]","[""OTHER"", ""PERSONAL""]","[""2011"", ""2019""]","[""30"", ""33""]","[""DID NOT DEPLOY""]","[""NONE""]","[""NO INDICATION OF INJURY""]","[""DRIVER""]","[""USAGE UNKNOWN""]","[""M""]",[]
STRAIGHT AND LEVEL,2514,2025-09-20T04:40:00.000,7,4,9,9e19930eb7244b37b2382b8c2f9457c4e05d393e84b3c724cb34cbead0dd88fc48cab604c4ee236c7f618cc2a639458ff23c5d734af7b916a550674888cb0dce,INJURY AND / OR TOW DUE TO CRASH,"OVER $1,500",2025-09-20T07:04:00.000,NO CONTROLS,PARKED MOTOR VEHICLE,Y,0,0,1,0,0,0,0,41.9363585305,"DARKNESS, LIGHTED ROAD",-87.7567520048,NO INDICATION OF INJURY,5,30,DRIVING SKILLS/KNOWLEDGE/EXPERIENCE,ON SCENE,NO DEFECTS,WET,NOT APPLICABLE,N,LARAMIE AVE,3042,NO CONTROLS,DIVIDED - W/MEDIAN (NOT RAISED),RAIN,,,,,,,4,1,"{""coordinates"": [-87.756752004784, 41.936358530466], ""type"": ""Point""}","[""FRONT-RIGHT-CORNER"", ""REAR"", ""REAR-RIGHT-CORNER"", ""SIDE-LEFT-FRONT""]","[""PARKED"", ""STRAIGHT AHEAD""]","[""Y""]","[""S""]","[""DRIVER"", ""PARKED""]","[""UNKNOWN""]","[""PERSONAL""]","[""2005"", ""2013"", ""2015"", ""2023""]","[""36""]","[""DID NOT DEPLOY""]","[""NONE""]","[""NO INDICATION OF INJURY""]","[""DRIVER""]","[""USAGE UNKNOWN""]","[""M""]",[]
STRAIGHT AND LEVEL,1723,2025-09-20T04:47:00.000,7,4,9,058f5c43578f3e64d64e31a9819baa574e63f9aef590061de944af57755b45a8fa7e1de8aa57be8cf5ff51b53719d524939c4dd6c98da55d1848d155f6a65aaa,INJURY AND / OR TOW DUE TO CRASH,"OVER $1,500",2025-09-20T05:05:00.000,FUNCTIONING PROPERLY,TURNING,Y,0,0,2,0,0,0,0,41.961238465,"DARKNESS, LIGHTED ROAD",-87.713199375,NO INDICATION OF INJURY,2,30,UNABLE TO DETERMINE,ON SCENE,NO DEFECTS,WET,NOT APPLICABLE,W,MONTROSE AVE,3400,TRAFFIC SIGNAL,T-INTERSECTION,RAIN,Y,,,,,,2,2,"{""coordinates"": [-87.713199374979, 41.961238465013], ""type"": ""Point""}","[""FRONT-LEFT-CORNER"", ""UNKNOWN""]","[""STRAIGHT AHEAD"", ""TURNING RIGHT""]","[""Y""]","[""E"", ""W""]","[""DRIVER""]","[""NONE"", ""UNKNOWN""]","[""PERSONAL""]","[""2013""]","[""30""]","[""DEPLOYMENT UNKNOWN"", ""NOT APPLICABLE""]","[""NONE""]","[""NO INDICATION OF INJURY""]","[""DRIVER""]","[""USAGE UNKNOWN""]","[""M"", ""X""]",[]
STRAIGHT AND LEVEL,821,2025-09-20T05:00:00.000,7,5,9,25ded3395c4caa2f83f04ae4a5d16d68c6670f70d1b5cea59c20c1eddef2c3a2a266f2b40e41a9a6df5969df5daee7b8c04a3f5dcab0d3176964ea08db8e0b5f,NO INJURY / DRIVE AWAY,"OVER $1,500",2025-09-20T06:47:00.000,NO CONTROLS,REAR END,,0,0,2,0,0,0,0,41.8190522897,DAYLIGHT,-87.7238192216,NO INDICATION OF INJURY,2,30,UNABLE TO DETERMINE,NOT ON SCENE (DESK REPORT),NO DEFECTS,WET,UNABLE TO DETERMINE,S,PULASKI RD,4001,NO CONTROLS,NOT DIVIDED,RAIN,,,,,,,2,2,"{""coordinates"": [-87.723819221579, 41.819052289717], ""type"": ""Point""}","[""FRONT"", ""REAR""]","[""SLOW/STOP IN TRAFFIC"", ""STRAIGHT AHEAD""]",[],"[""N""]","[""DRIVER""]","[""NONE""]","[""PERSONAL""]","[""2005"", ""2023""]",[],"[""DID NOT DEPLOY""]","[""NONE""]","[""NO INDICATION OF INJURY""]","[""DRIVER""]","[""SAFETY BELT USED"", ""USAGE UNKNOWN""]","[""M""]",[]
STRAIGHT AND LEVEL,531,2025-09-20T05:00:00.000,7,5,9,3dffa48777e06e135849624229040005c72cf1c91d933930b846adeee17294fc1d6f5bf9fabb67c7ac4bda5a8d951df102ec0467cad8da043ebc1c793015b010,NO INJURY / DRIVE AWAY,"OVER $1,500",2025-09-22T12:35:00.000,NO CONTROLS,PARKED MOTOR VEHICLE,,0,0,1,0,0,0,0,41.690915524,DARKNESS,-87.6202272575,NO INDICATION OF INJURY,3,30,PHYSICAL CONDITION OF DRIVER,NOT ON SCENE (DESK REPORT),NO DEFECTS,WET,PHYSICAL CONDITION OF DRIVER,E,112TH ST,118,NO CONTROLS,NOT DIVIDED,RAIN,,,,,,,3,1,"{""coordinates"": [-87.620227257461, 41.690915524021], ""type"": ""Point""}","[""FRONT"", ""REAR"", ""REAR-LEFT-CORNER""]","[""PARKED"", ""STRAIGHT AHEAD""]",[],"[""E""]","[""DRIVER"", ""PARKED""]","[""NONE"", ""UNKNOWN""]","[""PERSONAL""]","[""2007"", ""2010"", ""2013""]","[""42""]","[""DID NOT DEPLOY""]","[""NONE""]","[""NO INDICATION OF INJURY""]","[""DRIVER""]","[""SAFETY BELT USED""]","[""M""]",[]
STRAIGHT AND LEVEL,511,2025-09-20T05:00:00.000,7,5,9,4690e9db705eb5d5141a020d0c6e0b27dfe3bb4b7eb2b70dbc5256aa7ca21dbca3864cccccb723c2f58e60d645d1608e1f42742b93e2e922e03286c71abb52d8,INJURY AND / OR TOW DUE TO CRASH,"$501 - $1,500",2025-09-20T05:00:00.000,NO CONTROLS,PARKED MOTOR VEHICLE,,0,0,1,0,0,0,0,41.7215662926,DARKNESS,-87.6251695177,NO INDICATION OF INJURY,3,25,UNABLE TO DETERMINE,ON SCENE,NO DEFECTS,WET,NOT APPLICABLE,S,LAFAYETTE AVE,9500,NO CONTROLS,NOT DIVIDED,RAIN,,,,,,,3,1,"{""coordinates"": [-87.625169517699, 41.721566292573], ""type"": ""Point""}","[""REAR-RIGHT-CORNER"", ""TOP""]","[""PARKED"", ""STRAIGHT AHEAD""]","[""Y""]","[""UNKNOWN"", ""W""]","[""DRIVER"", ""PARKED""]","[""NONE""]","[""PERSONAL""]","[""2009""]","[""33""]","[""DEPLOYED, COMBINATION""]","[""NONE""]","[""NO INDICATION OF INJURY""]","[""DRIVER""]","[""USAGE UNKNOWN""]","[""M""]",[]