alignment,beat_of_occurrence,crash_date,crash_day_of_week,crash_hour,crash_month,crash_record_id,crash_type,damage,date_police_notified,device_condition,first_crash_type,hit_and_run_i,injuries_fatal,injuries_incapacitating,injuries_no_indication,injuries_non_incapacitating,injuries_reported_not_evident,injuries_total,injuries_unknown,latitude,lighting_condition,longitude,most_severe_injury,num_units,posted_speed_limit,prim_contributory_cause,report_type,road_defect,roadway_surface_cond,sec_contributory_cause,street_direction,street_name,street_no,traffic_control_device,trafficway_type,weather_condition,intersection_related_i,crash_date_est_i,private_property_i,statements_taken_i,photos_taken_i,work_zone_i,veh_count,ppl_count,location_json,veh_first_contact_point_list_json,veh_maneuver_list_json,veh_towed_i_list_json,veh_travel_direction_list_json,veh_unit_type_list_json,veh_vehicle_defect_list_json,veh_vehicle_use_list_json,veh_vehicle_year_list_json,ppl_age_list_json,ppl_airbag_deployed_list_json,ppl_ejection_list_json,ppl_injury_classification_list_json,ppl_person_type_list_json,ppl_safety_equipment_list_json,ppl_sex_list_json,ppl_seat_no_list_json
STRAIGHT ON HILLCREST,814,2025-09-20T05:30:00.000,7,5,9,ed3d109109e9611469a7b4833fbacf06000f64648a727d2fa8ec6e90db24825e50e73d22cf8647d0fd9b3eb027581ed821f9a6a2ce084251eed8dd9c04088e04,NO INJURY / DRIVE AWAY,"OVER $1,500",2025-09-20T07:15:00.000,FUNCTIONING PROPERLY,REAR END,,0,0,2,0,0,0,0,41.8167293867,DUSK,-87.7435367125,NO INDICATION OF INJURY,2,30,"VISION OBSCURED (SIGNS, TREE LIMBS, BUILDINGS, ETC.)",NOT ON SCENE (DESK REPORT),UNKNOWN,WET,WEATHER,S,CICERO AVE,4200,TRAFFIC SIGNAL,FOUR WAY,RAIN,Y,,,,,,2,2,"{""coordinates"": [-87.743536712476, 41.816729386747], ""type"": ""Point""}","[""FRONT"", ""REAR""]","[""SLOW/STOP IN TRAFFIC"", ""STRAIGHT AHEAD""]",[],"[""S""]","[""DRIVER""]","[""UNKNOWN""]","[""COMMERCIAL - SINGLE UNIT"", ""PERSONAL""]","[""1998"", ""2022""]","[""36"", ""61""]","[""DID NOT DEPLOY"", ""NOT APPLICABLE""]","[""NONE""]","[""NO INDICATION OF INJURY""]","[""DRIVER""]","[""SAFETY BELT USED""]","[""M""]",[]
STRAIGHT AND LEVEL,1611,2025-09-20T05:33:00.000,7,5,9,34729c1fd4e4787c373c6da977ccd82787f27e646a0293c215578c6fbe310a11a6ee360be74d2d8c157385148b31ccf1b2a9c5742f8f65b1152ca69e4463aacf,INJURY AND / OR TOW DUE TO CRASH,"OVER $1,500",2025-09-20T05:35:00.000,FUNCTIONING PROPERLY,TURNING,,0,0,1,0,1,1,0,41.9972461041,"DARKNESS, LIGHTED ROAD",-87.7874486366,"REPORTED, NOT EVIDENT",2,30,IMPROPER TURNING/NO SIGNAL,ON SCENE,NO DEFECTS,WET,WEATHER,W,DEVON AVE,6355,STOP SIGN/FLASHER,NOT DIVIDED,RAIN,Y,,,,,,2,2,"{""coordinates"": [-87.787448636565, 41.997246104118], ""type"": ""Point""}","[""FRONT-LEFT-CORNER"", ""FRONT-RIGHT-CORNER""]","[""TURNING RIGHT""]","[""Y""]","[""E""]","[""DRIVER""]","[""NONE""]","[""PERSONAL"", ""UNKNOWN/NA""]","[""2019"", ""2023""]","[""25"", ""38""]","[""DEPLOYED, COMBINATION"", ""DID NOT DEPLOY""]","[""NONE""]","[""NO INDICATION OF INJURY"", ""REPORTED, NOT EVIDENT""]","[""DRIVER""]","[""USAGE UNKNOWN""]","[""M""]",[]
STRAIGHT AND LEVEL,211,2025-09-20T06:01:00.000,7,6,9,3fcd83fd8582909ecd77807f579a274bdaa51d9ebb097ad9c9469c122a2119fa2fdf594d938d0468e70a3f5ec6d34faa11d27d12484ccb8c6de0c6f1cc165f19,NO INJURY / DRIVE AWAY,"OVER $1,500",2025-09-20T06:23:00.000,NO CONTROLS,SIDESWIPE SAME DIRECTION,Y,0,0,3,0,0,0,0,41.8383932992,UNKNOWN,-87.6087495204,NO INDICATION OF INJURY,2,30,IMPROPER LANE USAGE,ON SCENE,UNKNOWN,WET,NOT APPLICABLE,S,LAKE SHORE DR SB,3100,NO CONTROLS,DIVIDED - W/MEDIAN BARRIER,RAIN,,,,,,,2,3,"{""coordinates"": [-87.608749520406, 41.838393299151], ""type"": ""Point""}","[""SIDE-LEFT"", ""SIDE-RIGHT""]","[""STRAIGHT AHEAD""]",[],"[""S"", ""UNKNOWN""]","[""DRIVER""]","[""UNKNOWN""]","[""PERSONAL"", ""UNKNOWN/NA""]","[""2022"", ""2024""]","[""49""]","[""DEPLOYMENT UNKNOWN"", ""NOT APPLICABLE""]","[""NONE""]","[""NO INDICATION OF INJURY""]","[""DRIVER"", ""PASSENGER""]","[""SAFETY BELT USED"", ""USAGE UNKNOWN""]","[""M"", ""X""]","[""3""]"
STRAIGHT AND LEVEL,333,2025-09-20T06:19:00.000,7,6,9,e872c745123c3ccb2e85327ae500e3f6186e2c619c0e21401026206ca8c9205ae7094325b3599fd56ef1af09cc16bb0b6a666a49399d77d1f6079702bbea1dfd,NO INJURY / DRIVE AWAY,"OVER $1,500",2025-09-20T06:35:00.000,UNKNOWN,SIDESWIPE SAME DIRECTION,Y,0,0,2,0,0,0,0,41.7660277795,DAYLIGHT,-87.5764431228,NO INDICATION OF INJURY,2,30,NOT APPLICABLE,NOT ON SCENE (DESK REPORT),UNKNOWN,WET,NOT APPLICABLE,S,JEFFERY BLVD,7100,UNKNOWN,NOT DIVIDED,RAIN,,,,,,,2,2,"{""coordinates"": [-87.576443122779, 41.766027779516], ""type"": ""Point""}","[""SIDE-RIGHT-REAR"", ""UNKNOWN""]","[""STARTING IN TRAFFIC"", ""STRAIGHT AHEAD""]",[],"[""N""]","[""DRIVER""]","[""UNKNOWN""]","[""PERSONAL"", ""UNKNOWN/NA""]","[""2015""]","[""54""]","[""DEPLOYMENT UNKNOWN"", ""DID NOT DEPLOY""]","[""NONE""]","[""NO INDICATION OF INJURY""]","[""DRIVER""]","[""NONE PRESENT"", ""USAGE UNKNOWN""]","[""F"", ""X""]",[]
STRAIGHT AND LEVEL,821,2025-09-20T06:21:00.000,7,6,9,c22564afab3802f6ae5370d538e1a6c06ebf33cd2bc2ccbe9a46c179e06e572b9a771e095ded83431983461da243eb01b445c04c5ff6a1b6a08c288eb5df3a49,INJURY AND / OR TOW DUE TO CRASH,"OVER $1,500",2025-09-20T07:40:00.000,NO CONTROLS,HEAD ON,,0,0,2,0,0,0,0,41.8171506357,DAYLIGHT,-87.7044755805,NO INDICATION OF INJURY,2,30,EQUIPMENT - VEHICLE CONDITION,ON SCENE,NO DEFECTS,WET,WEATHER,S,KEDZIE AVE,4200,NO CONTROLS,NOT DIVIDED,CLOUDY/OVERCAST,,,,,,,2,2,"{""coordinates"": [-87.70447558046, 41.817150635743], ""type"": ""Point""}","[""FRONT-RIGHT-CORNER""]","[""STRAIGHT AHEAD""]","[""N"", ""Y""]","[""N"", ""S""]","[""DRIVER""]","[""NONE"", ""TIRES""]","[""PERSONAL""]","[""2011"", ""2025""]","[""18"", ""62""]","[""DEPLOYED, COMBINATION""]","[""NONE""]","[""NO INDICATION OF INJURY""]","[""DRIVER""]","[""USAGE UNKNOWN""]","[""M""]",[]
"CURVE, LEVEL",1824,2025-09-20T06:35:00.000,7,6,9,0beae969f91d955040a048eec9ba02f8f33e094305748b62d759bfea775e925bfa5cef20fd98f1cadcc2c4961f65135d83b25ec5991ccd7a2695d43a33c31fe4,INJURY AND / OR TOW DUE TO CRASH,"$501 - $1,500",2025-09-20T07:00:00.000,NO CONTROLS,REAR END,,0,0,1,0,1,1,0,41.900752974,DAYLIGHT,-87.6242349998,"REPORTED, NOT EVIDENT",2,30,UNABLE TO DETERMINE,ON SCENE,UNKNOWN,WET,NOT APPLICABLE,N,LAKE SHORE DR,1000,NO CONTROLS,DIVIDED - W/MEDIAN BARRIER,RAIN,,,,,,,2,2,"{""coordinates"": [-87.62423499978, 41.900752974042], ""type"": ""Point""}","[""FRONT"", ""FRONT-RIGHT-CORNER""]","[""NEGOTIATING A CURVE"", ""STRAIGHT AHEAD""]","[""Y""]","[""N""]","[""DRIVER""]","[""UNKNOWN""]","[""PERSONAL""]","[""2011"", ""2015""]","[""33"", ""36""]","[""DID NOT DEPLOY""]","[""NONE""]","[""NO INDICATION OF INJURY"", ""REPORTED, NOT EVIDENT""]","[""DRIVER""]","[""SAFETY BELT USED""]","[""F"", ""M""]",[]
STRAIGHT AND LEVEL,331,2025-09-20T06:35:00.000,7,6,9,17ee62546488f914f4374d4eb9ff26ccbef43443b1feab53f7452ca1ba8cfa81001b348a31a7495ff2eb04833b9c2da7ebe69ca23d3c4d18baa2d589c68908e1,INJURY AND / OR TOW DUE TO CRASH,"OVER $1,500",2025-09-20T06:36:00.000,FUNCTIONING PROPERLY,OTHER OBJECT,Y,0,0,1,0,0,0,0,41.7915339165,DAYLIGHT,-87.5802087355,NO INDICATION OF INJURY,1,40,UNABLE TO DETERMINE,ON SCENE,NO DEFECTS,WET,UNABLE TO DETERMINE,S,LAKE SHORE DR SB,5698,TRAFFIC SIGNAL,FOUR WAY,OTHER,,,,,,,1,1,"{""coordinates"": [-87.580208735455, 41.791533916538], ""type"": ""Point""}","[""FRONT-RIGHT-CORNER""]","[""UNKNOWN/NA""]","[""Y""]","[""UNKNOWN""]","[""DRIVER""]","[""UNKNOWN""]","[""PERSONAL""]","[""2018""]",[],"[""DEPLOYED, COMBINATION""]","[""NONE""]","[""NO INDICATION OF INJURY""]","[""DRIVER""]","[""USAGE UNKNOWN""]","[""M""]",[]
STRAIGHT AND LEVEL,811,2025-09-20T06:40:00.000,7,6,9,b769e9633c536729842f9823e4604140a5e9ed844b12ea930b8790dd9c7246131fdbb16ca59557ce10a3eb7f0fd761bb2a6c176e54b7b667834c212914201533,NO INJURY / DRIVE AWAY,"OVER $1,500",2025-09-20T07:00:00.000,NO CONTROLS,REAR END,,0,0,2,0,0,0,0,41.7928227301,DAYLIGHT,-87.7635877506,NO INDICATION OF INJURY,2,30,FOLLOWING TOO CLOSELY,ON SCENE,NO DEFECTS,WET,FOLLOWING TOO CLOSELY,W,55TH ST,5632,NO CONTROLS,DIVIDED - W/MEDIAN (NOT RAISED),CLEAR,Y,,,,,,2,2,"{""coordinates"": [-87.763587750611, 41.792822730075], ""type"": ""Point""}","[""FRONT"", ""REAR""]","[""STRAIGHT AHEAD""]",[],"[""W""]","[""DRIVER""]","[""NONE""]","[""PERSONAL""]","[""2005"", ""2006""]","[""20"", ""51""]","[""DID NOT DEPLOY""]","[""NONE""]","[""NO INDICATION OF INJURY""]","[""DRIVER""]","[""SAFETY BELT USED""]","[""F"", ""M""]",[]
STRAIGHT AND LEVEL,1411,2025-09-20T06:45:00.000,7,6,9,bd448e38b0cfd2bcb40b3f5c2e7fb7909e2020b5906e567ddbff641b7d9c6f6ff78f11cacef75653bd1127f3b2f53271a6e55cac2c88371f85f7c22a8394de57,NO INJURY / DRIVE AWAY,"OVER $1,500",2025-09-24T19:08:00.000,FUNCTIONING PROPERLY,REAR END,,0,0,3,0,0,0,0,41.9286697899,DAYLIGHT,-87.6879222355,NO INDICATION OF INJURY,2,30,FOLLOWING TOO CLOSELY,NOT ON SCENE (DESK REPORT),NO DEFECTS,WET,DRIVING SKILLS/KNOWLEDGE/EXPERIENCE,N,WESTERN AVE,2600,TRAFFIC SIGNAL,NOT DIVIDED,CLEAR,Y,,,,,,2,3,"{""coordinates"": [-87.687922235539, 41.92866978991], ""type"": ""Point""}","[""FRONT"", ""REAR""]","[""SLOW/STOP IN TRAFFIC"", ""STRAIGHT AHEAD""]",[],"[""S""]","[""DRIVER""]","[""NONE"", ""UNKNOWN""]","[""PERSONAL"", ""UNKNOWN/NA""]","[""2017"", ""2021""]","[""28"", ""42""]","[""DID NOT DEPLOY""]","[""NONE""]","[""NO INDICATION OF INJURY""]","[""DRIVER"", ""PASSENGER""]","[""SAFETY BELT USED"", ""USAGE UNKNOWN""]","[""F"", ""M""]","[""3""]"
"CURVE, LEVEL",1824,2025-09-20T06:50:00.000,7,6,9,e31717a7dff4201a978b072ebd982b40e2c38bc947233583ab04a47c057fbcd0ebe88bc0e2a2fc7878675101687f0eb62e8cc332a3ba2ad8e7d3784ba633e834,INJURY AND / OR TOW DUE TO CRASH,"$501 - $1,500",2025-09-20T07:00:00.000,NO CONTROLS,SIDESWIPE SAME DIRECTION,Y,0,0,2,0,0,0,0,41.900752974,DAYLIGHT,-87.6242349998,NO INDICATION OF INJURY,2,30,IMPROPER OVERTAKING/PASSING,ON SCENE,UNKNOWN,WET,NOT APPLICABLE,N,LAKE SHORE DR,1000,NO CONTROLS,DIVIDED - W/MEDIAN BARRIER,RAIN,,,,,,,2,2,"{""coordinates"": [-87.62423499978, 41.900752974042], ""type"": ""Point""}","[""FRONT-RIGHT-CORNER"", ""UNKNOWN""]","[""CHANGING LANES"", ""NEGOTIATING A CURVE""]","[""Y""]","[""N""]","[""DRIVER""]","[""UNKNOWN""]","[""PERSONAL"", ""UNKNOWN/NA""]","[""2005"", ""2017""]","[""50""]","[""DEPLOYMENT UNKNOWN"", ""DID NOT DEPLOY""]","[""NONE""]","[""NO INDICATION OF INJURY""]","[""DRIVER""]","[""SAFETY BELT USED"", ""USAGE UNKNOWN""]","[""F"", ""M""]",[]
STRAIGHT AND LEVEL,1432,2025-09-20T07:15:00.000,7,7,9,343024186a7d7b1f9159aefbc29cbbf602413fec10a6bd1dfcaa5b74fed99c9d614f81f61e15289bec1beb41b14ead4bc6d8de8126b6593492a1a1e57a73f6e7,NO INJURY / DRIVE AWAY,"OVER $1,500",2025-09-22T08:05:00.000,FUNCTIONING PROPERLY,SIDESWIPE SAME DIRECTION,,0,0,2,0,0,0,0,41.925010656,DAYLIGHT,-87.6876177869,NO INDICATION OF INJURY,2,30,FAILING TO REDUCE SPEED TO AVOID CRASH,NOT ON SCENE (DESK REPORT),UNKNOWN,UNKNOWN,IMPROPER OVERTAKING/PASSING,W,FULLERTON AVE,2358,TRAFFIC SIGNAL,FOUR WAY,UNKNOWN,Y,,,,,,2,2,"{""coordinates"": [-87.687617786941, 41.925010655979], ""type"": ""Point""}","[""REAR-LEFT-CORNER"", ""SIDE-RIGHT""]","[""CHANGING LANES"", ""SLOW/STOP IN TRAFFIC""]",[],"[""W""]","[""DRIVER""]","[""NONE"", ""UNKNOWN""]","[""PERSONAL"", ""UNKNOWN/NA""]","[""2019"", ""2025""]","[""29"", ""30""]","[""NOT APPLICABLE""]","[""NONE""]","[""NO INDICATION OF INJURY""]","[""DRIVER""]","[""SAFETY BELT USED"", ""USAGE UNKNOWN""]","[""F"", ""M""]",[]
STRAIGHT AND LEVEL,1713,2025-09-20T07:30:00.000,7,7,9,8fff23ea787769ed7be8abb03f127a644c540186de080429b82fc53a3091bce719cb4a8937d750bc981b58680f8b4a294b8a20e0be341b19d1ed4f0d0ecdb93f,NO INJURY / DRIVE AWAY,"$501 - $1,500",2025-09-20T08:25:00.000,NO CONTROLS,PARKED MOTOR VEHICLE,Y,0,0,1,0,0,0,0,41.9701539337,DAYLIGHT,-87.7092628152,NO INDICATION OF INJURY,3,25,UNABLE TO DETERMINE,NOT ON SCENE (DESK REPORT),NO DEFECTS,DRY,UNABLE TO DETERMINE,W,AINSLIE ST,3217,NO CONTROLS,ONE-WAY,CLEAR,,Y,,,,,3,1,"{""coordinates"": [-87.709262815235, 41.970153933727], ""type"": ""Point""}","[""SIDE-LEFT"", ""UNKNOWN""]","[""PARKED"", ""UNKNOWN/NA""]",[],"[""E""]","[""DRIVER"", ""PARKED""]","[""UNKNOWN""]","[""NOT IN USE"", ""UNKNOWN/NA""]","[""2010"", ""2014""]",[],"[""DEPLOYMENT UNKNOWN""]","[""UNKNOWN""]","[""NO INDICATION OF INJURY""]","[""DRIVER""]","[""USAGE UNKNOWN""]","[""X""]",[]
STRAIGHT AND LEVEL,1022,2025-09-20T07:30:00.000,7,7,9,bc82c3fd40a05dfe4071ff40ccb355f022d166dc2c1665ad28bb8991171dd220e9c911cab773bec6af91b5980e604946a4fa7e550500075a9f0c75d690bb4829,NO INJURY / DRIVE AWAY,"OVER $1,500",2025-09-22T17:10:00.000,NO CONTROLS,PARKED MOTOR VEHICLE,Y,0,0,1,0,0,0,0,41.8614210938,DAYLIGHT,-87.7049782985,NO INDICATION OF INJURY,2,30,UNABLE TO DETERMINE,NOT ON SCENE (DESK REPORT),NO DEFECTS,DRY,UNABLE TO DETERMINE,W,15TH ST,3148,NO CONTROLS,NOT DIVIDED,CLEAR,,,,,,,2,1,"{""coordinates"": [-87.704978298518, 41.861421093784], ""type"": ""Point""}","[""FRONT-LEFT-CORNER"", ""UNKNOWN""]","[""PARKED"", ""UNKNOWN/NA""]",[],"[""UNKNOWN"", ""W""]","[""DRIVER"", ""PARKED""]","[""NONE"", ""UNKNOWN""]","[""PERSONAL"", ""UNKNOWN/NA""]","[""2021""]",[],"[""DEPLOYMENT UNKNOWN""]","[""NONE""]","[""NO INDICATION OF INJURY""]","[""DRIVER""]","[""USAGE UNKNOWN""]","[""X""]",[]
"CURVE, LEVEL",1824,2025-09-20T07:39:00.000,7,7,9,410708f4d8cffc685d2911c48a7d383ad50e52b560ca26ad73e4edc190b005756412735e645118b729cdfd9c3c07fdd624000cfc1190202bceeeed639ae7a604,NO INJURY / DRIVE AWAY,"OVER $1,500",2025-09-20T07:45:00.000,NO CONTROLS,FIXED OBJECT,,0,0,2,0,0,0,0,41.9040692034,DAYLIGHT,-87.6248733259,NO INDICATION OF INJURY,1,35,WEATHER,ON SCENE,NO DEFECTS,WET,WEATHER,N,LAKE SHORE DR,1201,NO CONTROLS,DIVIDED - W/MEDIAN BARRIER,CLEAR,,,,,,,1,2,"{""coordinates"": [-87.624873325877, 41.904069203407], ""type"": ""Point""}","[""FRONT-RIGHT-CORNER""]","[""STRAIGHT AHEAD""]",[],"[""N""]","[""DRIVER""]","[""NONE""]","[""PERSONAL""]","[""2017""]","[""45"", ""48""]","[""DEPLOYED, FRONT"", ""DID NOT DEPLOY""]","[""NONE""]","[""NO INDICATION OF INJURY""]","[""DRIVER"", ""PASSENGER""]","[""SAFETY BELT USED""]","[""F"", ""M""]","[""3""]"
STRAIGHT AND LEVEL,1621,2025-09-20T07:45:00.000,7,7,9,c970bae5402bee8721214b3a5de00b719cab66ab98ae8b26c7c2905ea9152be2a6c86c5822c2b54ccc7ef9f9520833ec5596c19b762e6e1239b6f3b129e98f3b,NO INJURY / DRIVE AWAY,"OVER $1,500",2025-09-20T07:50:00.000,FUNCTIONING PROPERLY,SIDESWIPE SAME DIRECTION,,0,0,2,0,0,0,0,41.9974571264,DAYLIGHT,-87.7658207187,NO INDICATION OF INJURY,2,30,UNABLE TO DETERMINE,ON SCENE,NO DEFECTS,DRY,NOT APPLICABLE,W,DEVON AVE,5500,TRAFFIC SIGNAL,FOUR WAY,CLEAR,Y,,,,,,2,2,"{""coordinates"": [-87.765820718749, 41.997457126378], ""type"": ""Point""}","[""FRONT-LEFT-CORNER"", ""REAR-RIGHT-CORNER""]","[""STRAIGHT AHEAD""]",[],"[""E""]","[""DRIVER""]","[""NONE""]","[""PERSONAL""]","[""2008"", ""2017""]","[""34"", ""57""]","[""NOT APPLICABLE""]","[""NONE""]","[""NO INDICATION OF INJURY""]","[""DRIVER""]","[""SAFETY BELT USED""]","[""M""]",[]
STRAIGHT AND LEVEL,1023,2025-09-20T08:00:00.000,7,8,9,805335bb8ed2161ee3018c150bd89f66338851101777147a56fe0c2f7d7440d55bea4d5dfa337a20804fba97e6c10bf9abf0a5242e3b5e1596d36dca6ee64eae,NO INJURY / DRIVE AWAY,"OVER $1,500",2025-09-20T08:10:00.000,NO CONTROLS,PARKED MOTOR VEHICLE,,0,0,1,0,0,0,0,41.8646467296,DAYLIGHT,-87.6860025122,NO INDICATION OF INJURY,2,15,DRIVING SKILLS/KNOWLEDGE/EXPERIENCE,ON SCENE,NO DEFECTS,WET,"OPERATING VEHICLE IN ERRATIC, RECKLESS, CARELESS, NEGLIGENT OR AGGRESSIVE MANNER",W,OGDEN AVE,2401,NO CONTROLS,PARKING LOT,CLEAR,,,Y,,,,2,1,"{""coordinates"": [-87.686002512195, 41.864646729616], ""type"": ""Point""}","[""SIDE-RIGHT-FRONT"", ""SIDE-RIGHT-REAR""]","[""LEAVING TRAFFIC LANE TO PARK"", ""PARKED""]",[],"[""E"", ""N""]","[""DRIVER"", ""PARKED""]","[""NONE""]","[""OTHER""]","[""2024"", ""2025""]","[""29""]","[""DID NOT DEPLOY""]","[""NONE""]","[""NO INDICATION OF INJURY""]","[""DRIVER""]","[""SAFETY BELT USED""]","[""M""]",[]
STRAIGHT AND LEVEL,1125,2025-09-20T08:08:00.000,7,8,9,7e111e777f4a53057e3cf7c4b51190254871b59c4ca2a35aff8a45d6c55deae45de4e3f0f1e71e39c4cd851d45aaeb14dabfb249a2db17c2fd852e86cd9e6961,INJURY AND / OR TOW DUE TO CRASH,"OVER $1,500",2025-09-20T08:08:00.000,FUNCTIONING PROPERLY,OTHER OBJECT,Y,0,0,1,0,0,0,0,41.8770964027,UNKNOWN,-87.6938990626,NO INDICATION OF INJURY,1,25,UNABLE TO DETERMINE,ON SCENE,NO DEFECTS,DRY,UNABLE TO DETERMINE,S,WASHTENAW AVE,310,STOP SIGN/FLASHER,NOT DIVIDED,UNKNOWN,,Y,,,,,1,1,"{""coordinates"": [-87.693899062559, 41.877096402729], ""type"": ""Point""}","[""FRONT""]","[""UNKNOWN/NA""]","[""Y""]","[""SW""]","[""DRIVER""]","[""UNKNOWN""]","[""PERSONAL""]","[""2015""]",[],"[""DEPLOYMENT UNKNOWN""]","[""UNKNOWN""]","[""NO INDICATION OF INJURY""]","[""DRIVER""]","[""USAGE UNKNOWN""]","[""X""]",[]
CURVE ON GRADE,1824,2025-09-20T08:15:00.000,7,8,9,893304da2e1c193bfca69f4df5ce070c4e62a80e363b390d72225e143a0f9a4eb045465fa81397fc5e2c8ebbcd46324dd17a5deeddabb23c68b04945d5e59c05,NO INJURY / DRIVE AWAY,"OVER $1,500",2025-09-20T08:20:00.000,NO CONTROLS,FIXED OBJECT,,0,0,1,0,0,0,0,41.9040692034,DARKNESS,-87.6248733259,NO INDICATION OF INJURY,1,35,WEATHER,ON SCENE,NO DEFECTS,WET,WEATHER,N,LAKE SHORE DR,1201,NO CONTROLS,DIVIDED - W/MEDIAN BARRIER,CLEAR,,,,,,,1,1,"{""coordinates"": [-87.624873325877, 41.904069203407], ""type"": ""Point""}","[""FRONT-RIGHT-CORNER""]","[""STRAIGHT AHEAD""]",[],"[""N""]","[""DRIVER""]","[""NONE""]","[""PERSONAL""]","[""2007""]","[""43""]","[""NOT APPLICABLE""]","[""NONE""]","[""NO INDICATION OF INJURY""]","[""DRIVER""]","[""SAFETY BELT USED""]","[""M""]",[]
STRAIGHT AND LEVEL,1824,2025-09-20T08:15:00.000,7,8,9,e0b1c11dacc48e7697246954fbdda44f6b1da8c9bac3b557ed5a12705d2fc39481e7121f6f5ad154def27bea95c945987dafe8d621ef2e024f3f8e5bf3c9de1c,NO INJURY / DRIVE AWAY,"OVER $1,500",2025-09-20T09:08:00.000,NO CONTROLS,SIDESWIPE SAME DIRECTION,,0,0,2,0,0,0,0,41.900752974,DAYLIGHT,-87.6242349998,NO INDICATION OF INJURY,2,30,UNABLE TO DETERMINE,NOT ON SCENE (DESK REPORT),NO DEFECTS,DRY,NOT APPLICABLE,N,LAKE SHORE DR,1000,NO CONTROLS,NOT DIVIDED,CLEAR,,,,,,,2,2,"{""coordinates"": [-87.62423499978, 41.900752974042], ""type"": ""Point""}","[""FRONT-LEFT-CORNER"", ""FRONT-RIGHT-CORNER""]","[""AVOIDING VEHICLES/OBJECTS"", ""CHANGING LANES""]",[],"[""S""]","[""DRIVER""]","[""UNKNOWN""]","[""PERSONAL""]","[""2018"", ""2022""]","[""47"", ""60""]","[""DID NOT DEPLOY""]","[""NONE""]","[""NO INDICATION OF INJURY""]","[""DRIVER""]","[""USAGE UNKNOWN""]","[""F"", ""M""]",[]
STRAIGHT AND LEVEL,1833,2025-09-20T08:30:00.000,7,8,9,505a7e53805e24b56f63c649a2296584fbc2093d2c4a0a91cd6baa07c0e915314f969b7310e68b97b003257aeb196c211d64d420e826f2acda379eddf31e2c4f,INJURY AND / OR TOW DUE TO CRASH,"OVER $1,500",2025-09-21T14:15:00.000,NO CONTROLS,REAR END,Y,0,0,3,0,1,1,0,41.898341319,"DARKNESS, LIGHTED ROAD",-87.618057856,"REPORTED, NOT EVIDENT",2,25,UNABLE TO DETERMINE,NOT ON SCENE (DESK REPORT),UNKNOWN,UNKNOWN,NOT APPLICABLE,N,LAKE SHORE DR SB,860,NO CONTROLS,DIVIDED - W/MEDIAN BARRIER,UNKNOWN,,,,,,,2,4,"{""coordinates"": [-87.618057855957, 41.898341319021], ""type"": ""Point""}","[""REAR"", ""UNKNOWN""]","[""SLOW/STOP IN TRAFFIC"", ""STRAIGHT AHEAD""]",[],"[""S""]","[""DRIVER""]","[""UNKNOWN""]","[""PERSONAL"", ""UNKNOWN/NA""]","[""2012""]","[""52""]","[""DEPLOYMENT UNKNOWN"", ""DID NOT DEPLOY""]","[""NONE"", ""UNKNOWN""]","[""NO INDICATION OF INJURY"", ""REPORTED, NOT EVIDENT""]","[""DRIVER"", ""PASSENGER""]","[""USAGE UNKNOWN""]","[""F"", ""X""]","[""3"", ""6""]"
STRAIGHT ON GRADE,225,2025-09-20T08:35:00.000,7,8,9,af030ee3a0428f01d424d7eadee1d276144fa5519db89bd2739983b3cb7cc1973bd74381bf4c72d7e8f2136678726148d6403bbb8c924068dae2a27465f3a846,INJURY AND / OR TOW DUE TO CRASH,"OVER $1,500",2025-09-20T08:35:00.000,FUNCTIONING PROPERLY,ANGLE,,0,0,1,1,1,2,0,41.7942603437,DAYLIGHT,-87.6242244193,NONINCAPACITATING INJURY,2,30,DISREGARDING TRAFFIC SIGNALS,ON SCENE,UNKNOWN,DRY,DISREGARDING TRAFFIC SIGNALS,S,WABASH AVE,5500,TRAFFIC SIGNAL,DIVIDED - W/MEDIAN BARRIER,CLEAR,Y,,,,,,2,3,"{""coordinates"": [-87.624224419257, 41.794260343739], ""type"": ""Point""}","[""FRONT"", ""TOTAL (ALL AREAS)""]","[""STRAIGHT AHEAD""]","[""Y""]","[""E"", ""N""]","[""DRIVER""]","[""UNKNOWN""]","[""UNKNOWN/NA""]","[""2024"", ""2025""]","[""27"", ""36"", ""54""]","[""DEPLOYED, COMBINATION"", ""DEPLOYED, FRONT""]","[""NONE""]","[""NO INDICATION OF INJURY"", ""NONINCAPACITATING INJURY"", ""REPORTED, NOT EVIDENT""]","[""DRIVER"", ""PASSENGER""]","[""USAGE UNKNOWN""]","[""F"", ""M""]","[""3""]"
STRAIGHT AND LEVEL,1524,2025-09-20T08:41:00.000,7,8,9,d10e6407bfe35cd227076c646dbbb23dceea09a8eac90c473ca44634f5ba13b7c75b6500a507b14f9a36d5af6c499a0c5bdc0955cd5c3b3a6db3cde7b2b59bff,NO INJURY / DRIVE AWAY,"$501 - $1,500",2025-09-20T08:41:00.000,NO CONTROLS,PARKED MOTOR VEHICLE,,0,0,1,0,0,0,0,41.8950285471,DAYLIGHT,-87.7571243807,NO INDICATION OF INJURY,2,30,"VISION OBSCURED (SIGNS, TREE LIMBS, BUILDINGS, ETC.)",NOT ON SCENE (DESK REPORT),NO DEFECTS,WET,NOT APPLICABLE,W,CHICAGO AVE,5236,NO CONTROLS,DIVIDED - W/MEDIAN BARRIER,CLEAR,,,,,,,2,1,"{""coordinates"": [-87.757124380669, 41.895028547118], ""type"": ""Point""}","[""REAR-LEFT-CORNER"", ""SIDE-RIGHT""]","[""PARKED"", ""TURNING LEFT""]",[],"[""W""]","[""DRIVER"", ""PARKED""]","[""NONE""]","[""NOT IN USE"", ""POLICE""]","[""2014"", ""2021""]","[""49""]","[""NOT APPLICABLE""]","[""NONE""]","[""NO INDICATION OF INJURY""]","[""DRIVER""]","[""SAFETY BELT USED""]","[""M""]",[]