alignment,beat_of_occurrence,crash_date,crash_day_of_week,crash_hour,crash_month,crash_record_id,crash_type,damage,date_police_notified,device_condition,first_crash_type,hit_and_run_i,injuries_fatal,injuries_incapacitating,injuries_no_indication,injuries_non_incapacitating,injuries_reported_not_evident,injuries_total,injuries_unknown,latitude,lighting_condition,longitude,most_severe_injury,num_units,posted_speed_limit,prim_contributory_cause,report_type,road_defect,roadway_surface_cond,sec_contributory_cause,street_direction,street_name,street_no,traffic_control_device,trafficway_type,weather_condition,intersection_related_i,crash_date_est_i,private_property_i,statements_taken_i,photos_taken_i,work_zone_i,veh_count,ppl_count,location_json,veh_first_contact_point_list_json,veh_maneuver_list_json,veh_towed_i_list_json,veh_travel_direction_list_json,veh_unit_type_list_json,veh_vehicle_defect_list_json,veh_vehicle_use_list_json,veh_vehicle_year_list_json,ppl_age_list_json,ppl_airbag_deployed_list_json,ppl_ejection_list_json,ppl_injury_classification_list_json,ppl_person_type_list_json,ppl_safety_equipment_list_json,ppl_sex_list_json,ppl_seat_no_list_json
STRAIGHT AND LEVEL,924,2025-09-20T08:49:00.000,7,8,9,12167bc4224ac45d82cf6abafe6cd3f50c7b21e16b9fd0429476f7eca7f36100947c7a9b4f1bc18e43dd8f689ecc93661d814345d99aeb878b00d4cffff600d4,INJURY AND / OR TOW DUE TO CRASH,"OVER $1,500",2025-09-20T08:49:00.000,FUNCTIONING PROPERLY,ANGLE,,0,0,2,1,1,2,0,41.8159388307,DAYLIGHT,-87.6554788685,NONINCAPACITATING INJURY,2,30,IMPROPER OVERTAKING/PASSING,ON SCENE,NO DEFECTS,DRY,FAILING TO REDUCE SPEED TO AVOID CRASH,S,RACINE AVE,4300,TRAFFIC SIGNAL,FOUR WAY,CLEAR,Y,,,,,,2,4,"{""coordinates"": [-87.655478868506, 41.81593883068], ""type"": ""Point""}","[""FRONT"", ""SIDE-LEFT-REAR""]","[""STRAIGHT AHEAD""]","[""Y""]","[""E"", ""N""]","[""DRIVER""]","[""NONE""]","[""PERSONAL""]","[""2010"", ""2011""]","[""25"", ""27"", ""44"", ""69""]","[""DEPLOYED, COMBINATION"", ""DEPLOYED, FRONT""]","[""NONE""]","[""NO INDICATION OF INJURY"", ""NONINCAPACITATING INJURY"", ""REPORTED, NOT EVIDENT""]","[""DRIVER"", ""PASSENGER""]","[""USAGE UNKNOWN""]","[""F"", ""M""]","[""4"", ""6""]"
STRAIGHT AND LEVEL,1935,2025-09-20T09:00:00.000,7,9,9,2b99f1d7307b67bb61afad17fc3d849f4c7abc2b87a6960d68007bc94b41017adb8de957a43380b147dbf537be98474a953c80e76b4e8c26189162d792c09418,NO INJURY / DRIVE AWAY,"OVER $1,500",2025-09-20T09:22:00.000,NO CONTROLS,REAR TO REAR,,0,0,2,0,0,0,0,41.929545167,DAYLIGHT,-87.6429731778,NO INDICATION OF INJURY,2,30,"VISION OBSCURED (SIGNS, TREE LIMBS, BUILDINGS, ETC.)",ON SCENE,NO DEFECTS,DRY,UNABLE TO DETERMINE,N,CLARK ST,2598,NO CONTROLS,PARKING LOT,CLEAR,,,,,,,2,2,"{""coordinates"": [-87.642973177798, 41.929545166985], ""type"": ""Point""}","[""SIDE-LEFT-REAR""]","[""BACKING""]",[],"[""N"", ""S""]","[""DRIVER""]","[""UNKNOWN""]","[""PERSONAL""]","[""2014"", ""2017""]","[""43"", ""62""]","[""NOT APPLICABLE""]","[""NONE""]","[""NO INDICATION OF INJURY""]","[""DRIVER""]","[""SAFETY BELT USED""]","[""F"", ""M""]",[]
STRAIGHT AND LEVEL,1621,2025-09-20T09:00:00.000,7,9,9,b0202072a35443e30fcdb97d7d5e7fa61b870ab9fd8a09f85878c029d5a7ac59fe902451e667488bd31652f60786712d187f354d6d085c5db309836a2af36cce,NO INJURY / DRIVE AWAY,$500 OR LESS,2025-09-20T09:00:00.000,NO CONTROLS,PARKED MOTOR VEHICLE,Y,0,0,1,0,0,0,0,41.9787102644,DAYLIGHT,-87.757153772,NO INDICATION OF INJURY,2,10,DRIVING SKILLS/KNOWLEDGE/EXPERIENCE,NOT ON SCENE (DESK REPORT),NO DEFECTS,WET,NOT APPLICABLE,N,ELSTON AVE,5353,NO CONTROLS,PARKING LOT,CLEAR,,,,,,,2,1,"{""coordinates"": [-87.757153772042, 41.978710264377], ""type"": ""Point""}","[""REAR-RIGHT-CORNER"", ""UNKNOWN""]","[""PARKED"", ""UNKNOWN/NA""]",[],"[""S"", ""UNKNOWN""]","[""DRIVER"", ""PARKED""]","[""NONE""]","[""PERSONAL""]","[""2013""]",[],"[""DEPLOYMENT UNKNOWN""]","[""NONE""]","[""NO INDICATION OF INJURY""]","[""DRIVER""]","[""USAGE UNKNOWN""]","[""X""]",[]
STRAIGHT AND LEVEL,2522,2025-09-20T09:00:00.000,7,9,9,df0c7aec9f092151418524fabfba270c441ca25fa2fecd1e83a192909a7e3f17368ef52bc6603c840b1eae05327116955791f8939939d5f347fcd6b12dda5955,NO INJURY / DRIVE AWAY,"OVER $1,500",2025-09-20T14:36:00.000,NO CONTROLS,PARKED MOTOR VEHICLE,Y,0,0,1,0,0,0,0,41.9170691133,UNKNOWN,-87.7438185051,NO INDICATION OF INJURY,2,30,UNABLE TO DETERMINE,NOT ON SCENE (DESK REPORT),NO DEFECTS,DRY,UNABLE TO DETERMINE,W,ARMITAGE AVE,4700,NO CONTROLS,NOT DIVIDED,UNKNOWN,,,,,,,2,1,"{""coordinates"": [-87.743818505092, 41.917069113336], ""type"": ""Point""}","[""FRONT-LEFT-CORNER"", ""UNKNOWN""]","[""PARKED"", ""UNKNOWN/NA""]",[],"[""E"", ""UNKNOWN""]","[""DRIVER"", ""PARKED""]","[""NONE"", ""UNKNOWN""]","[""PERSONAL"", ""UNKNOWN/NA""]","[""2013""]",[],"[""DEPLOYMENT UNKNOWN""]","[""UNKNOWN""]","[""NO INDICATION OF INJURY""]","[""DRIVER""]","[""USAGE UNKNOWN""]","[""X""]",[]
STRAIGHT AND LEVEL,1712,2025-09-20T09:10:00.000,7,9,9,1b05bdc1a8ea8bab10095ab3a1c89d03b46ed7071293b26ad5ee8541ff1dd864ec1a05ab35524c9793ababf54e30d366f8f4362aeb334525720a784e818024f2,NO INJURY / DRIVE AWAY,"$501 - $1,500",2025-09-20T09:20:00.000,NO CONTROLS,PARKED MOTOR VEHICLE,,0,0,2,0,0,0,0,41.9719812207,DAYLIGHT,-87.7279868979,NO INDICATION OF INJURY,2,10,UNABLE TO DETERMINE,NOT ON SCENE (DESK REPORT),NO DEFECTS,DRY,UNABLE TO DETERMINE,N,PULASKI RD,5001,NO CONTROLS,PARKING LOT,CLEAR,,,,,,,2,2,"{""coordinates"": [-87.727986897856, 41.97198122069], ""type"": ""Point""}","[""FRONT-RIGHT-CORNER""]","[""BACKING"", ""PARKED""]",[],"[""N""]","[""DRIVER"", ""PARKED""]","[""NONE""]","[""PERSONAL""]","[""2003"", ""2009""]",[],"[""DEPLOYMENT UNKNOWN"", ""NOT APPLICABLE""]","[""NONE""]","[""NO INDICATION OF INJURY""]","[""DRIVER"", ""PASSENGER""]","[""SAFETY BELT USED"", ""USAGE UNKNOWN""]","[""M""]","[""1""]"
STRAIGHT AND LEVEL,822,2025-09-20T09:15:00.000,7,9,9,086016f01e9d416a9b640548af6efd98f403c66257bf28cd0953c1cad460de37f12616c0b85e16ffe9a351b9827ac22a519df4bb8a8cf86d98c277f5bb7babd5,NO INJURY / DRIVE AWAY,"$501 - $1,500",2025-09-20T09:55:00.000,NO CONTROLS,SIDESWIPE SAME DIRECTION,,0,0,2,0,0,0,0,41.7933811797,DAYLIGHT,-87.7050076416,NO INDICATION OF INJURY,2,30,UNABLE TO DETERMINE,NOT ON SCENE (DESK REPORT),NO DEFECTS,DRY,UNABLE TO DETERMINE,W,55TH ST,3237,NO CONTROLS,DIVIDED - W/MEDIAN (NOT RAISED),CLEAR,,,,,,,2,2,"{""coordinates"": [-87.705007641611, 41.793381179736], ""type"": ""Point""}","[""FRONT-LEFT-CORNER"", ""FRONT-RIGHT-CORNER""]","[""ENTERING TRAFFIC LANE FROM PARKING"", ""STRAIGHT AHEAD""]",[],"[""E""]","[""DRIVER""]","[""NONE"", ""UNKNOWN""]","[""PERSONAL""]","[""2011"", ""2013""]","[""23"", ""45""]","[""NOT APPLICABLE""]","[""NONE""]","[""NO INDICATION OF INJURY""]","[""DRIVER""]","[""SAFETY BELT USED""]","[""F"", ""M""]",[]
STRAIGHT AND LEVEL,1413,2025-09-20T09:15:00.000,7,9,9,4fe5b577843fea5bd237d08850efe186b0d16f07241bd2b159df8dd4573cf315edfdfdb3830e72c856a1c56c1a8f7fb3c8eaff6be3a6d94b1739cd4e1595aa28,NO INJURY / DRIVE AWAY,"OVER $1,500",2025-09-22T17:30:00.000,NO CONTROLS,PARKED MOTOR VEHICLE,Y,0,0,1,0,0,0,0,41.9211391685,UNKNOWN,-87.7096644676,NO INDICATION OF INJURY,2,30,UNABLE TO DETERMINE,NOT ON SCENE (DESK REPORT),UNKNOWN,UNKNOWN,UNABLE TO DETERMINE,W,PALMER ST,3256,NO CONTROLS,NOT DIVIDED,UNKNOWN,,Y,,,,,2,1,"{""coordinates"": [-87.709664467589, 41.921139168485], ""type"": ""Point""}","[""SIDE-LEFT"", ""UNKNOWN""]","[""PARKED"", ""UNKNOWN/NA""]",[],"[""UNKNOWN"", ""W""]","[""DRIVER"", ""PARKED""]","[""UNKNOWN""]","[""PERSONAL"", ""UNKNOWN/NA""]","[""2018""]",[],"[""DEPLOYMENT UNKNOWN""]","[""NONE""]","[""NO INDICATION OF INJURY""]","[""DRIVER""]","[""USAGE UNKNOWN""]","[""X""]",[]
STRAIGHT AND LEVEL,1131,2025-09-20T09:15:00.000,7,9,9,6308c36710369ca19e0cb9357a6596ae74ec43556bae1767e65ec2b85104e0ab030d330a997858ffca4b7d212f2620b2124556cff8302b881ff7fce36a4ff117,NO INJURY / DRIVE AWAY,"OVER $1,500",2025-09-20T10:00:00.000,FUNCTIONING PROPERLY,TURNING,,0,0,2,0,0,0,0,41.8712306388,DAYLIGHT,-87.744779014,NO INDICATION OF INJURY,2,20,UNABLE TO DETERMINE,,NO DEFECTS,DRY,UNABLE TO DETERMINE,S,CICERO AVE,733,TRAFFIC SIGNAL,DIVIDED - W/MEDIAN (NOT RAISED),CLEAR,,,,,,,2,2,"{""coordinates"": [-87.744779014014, 41.871230638761], ""type"": ""Point""}","[""FRONT-RIGHT-CORNER"", ""REAR-RIGHT-CORNER""]","[""STRAIGHT AHEAD"", ""TURNING LEFT""]",[],"[""N"", ""SE""]","[""DRIVER""]","[""NONE""]","[""PERSONAL""]","[""2016""]","[""58""]","[""DEPLOYMENT UNKNOWN"", ""DID NOT DEPLOY""]","[""NONE""]","[""NO INDICATION OF INJURY""]","[""DRIVER""]","[""SAFETY BELT USED"", ""USAGE UNKNOWN""]","[""F"", ""M""]",[]
STRAIGHT AND LEVEL,1621,2025-09-20T09:15:00.000,7,9,9,97e57a3ef5a5d9eee9638540e22e9c200d4f00661b5f3561f4ba9fc43a057d38133258cbf1d6abf297cd394691f9c7ec1bc0beccd7dc04ebf04e0ea00490501d,NO INJURY / DRIVE AWAY,"OVER $1,500",2025-09-20T15:00:00.000,NO CONTROLS,PARKED MOTOR VEHICLE,Y,0,0,1,0,0,0,0,41.9787102644,DAYLIGHT,-87.757153772,NO INDICATION OF INJURY,2,15,UNABLE TO DETERMINE,NOT ON SCENE (DESK REPORT),NO DEFECTS,DRY,UNABLE TO DETERMINE,N,ELSTON AVE,5353,NO CONTROLS,PARKING LOT,CLEAR,,Y,,,,,2,1,"{""coordinates"": [-87.757153772042, 41.978710264377], ""type"": ""Point""}","[""FRONT-LEFT-CORNER"", ""UNKNOWN""]","[""PARKED"", ""UNKNOWN/NA""]",[],"[""NE"", ""UNKNOWN""]","[""DRIVER"", ""PARKED""]","[""NONE"", ""UNKNOWN""]","[""PERSONAL"", ""UNKNOWN/NA""]","[""2006""]",[],"[""DEPLOYMENT UNKNOWN""]","[""NONE""]","[""NO INDICATION OF INJURY""]","[""DRIVER""]","[""USAGE UNKNOWN""]","[""F""]",[]
STRAIGHT AND LEVEL,321,2025-09-20T09:22:00.000,7,9,9,e631722302382a7e65725363c546a371d632df72b451aff361a37145bebb20d46bdbf6e51969730dcea9aaeb3e401d59a6b7a0283f9c0263a547fec7359c2a87,NO INJURY / DRIVE AWAY,"OVER $1,500",2025-09-20T09:28:00.000,NO CONTROLS,PARKED MOTOR VEHICLE,,0,0,1,0,0,0,0,41.7749412583,DAYLIGHT,-87.6120477963,NO INDICATION OF INJURY,2,30,UNABLE TO DETERMINE,ON SCENE,NO DEFECTS,DRY,UNABLE TO DETERMINE,S,RHODES AVE,6598,NO CONTROLS,FOUR WAY,CLEAR,Y,,,N,,,2,1,"{""coordinates"": [-87.612047796271, 41.774941258338], ""type"": ""Point""}","[""FRONT-RIGHT-CORNER"", ""REAR-LEFT-CORNER""]","[""PARKED"", ""TURNING RIGHT""]",[],"[""S"", ""SE""]","[""DRIVER"", ""PARKED""]","[""UNKNOWN""]","[""PERSONAL"", ""UNKNOWN/NA""]","[""2019"", ""2021""]","[""29""]","[""NOT APPLICABLE""]","[""NONE""]","[""NO INDICATION OF INJURY""]","[""DRIVER""]","[""USAGE UNKNOWN""]","[""M""]",[]
STRAIGHT AND LEVEL,815,2025-09-20T09:25:00.000,7,9,9,2d8b26c5bd155b1ca5739006b85a868ae89a3815a39ff2fa758ef41c3647a831453e3d65974714938482eac234001d18337fb446aaa0b2b9f1baab660f5f23b6,NO INJURY / DRIVE AWAY,"OVER $1,500",2025-09-20T09:58:00.000,NO CONTROLS,TURNING,,0,0,2,0,0,0,0,41.8004075978,DAYLIGHT,-87.7258855476,NO INDICATION OF INJURY,2,30,UNABLE TO DETERMINE,NOT ON SCENE (DESK REPORT),NO DEFECTS,DRY,UNABLE TO DETERMINE,W,51ST ST,4101,NO CONTROLS,NOT DIVIDED,CLEAR,,,,,,,2,1,"{""coordinates"": [-87.725885547638, 41.800407597773], ""type"": ""Point""}","[""FRONT-LEFT-CORNER"", ""FRONT-RIGHT-CORNER""]","[""STRAIGHT AHEAD"", ""TURNING RIGHT""]",[],"[""SW"", ""W""]","[""DRIVER""]","[""NONE""]","[""PERSONAL""]","[""2008"", ""2015""]",[],"[""DID NOT DEPLOY""]","[""NONE""]","[""NO INDICATION OF INJURY""]","[""DRIVER""]","[""SAFETY BELT USED""]","[""M""]",[]
STRAIGHT AND LEVEL,114,2025-09-20T09:28:00.000,7,9,9,6f53694532626538b952df169e68884d84066432ec7d2e749d851f97abf5b5b6dc6babe0a9d0dbc7eb2358c7185d91813d8063b97e721abc4b6f5320061c9caf,INJURY AND / OR TOW DUE TO CRASH,"OVER $1,500",2025-09-20T09:42:00.000,FUNCTIONING PROPERLY,TURNING,,0,0,4,0,0,0,0,41.8783843055,DAYLIGHT,-87.6208316342,NO INDICATION OF INJURY,2,30,IMPROPER TURNING/NO SIGNAL,ON SCENE,NO DEFECTS,DRY,IMPROPER TURNING/NO SIGNAL,S,COLUMBUS DR,298,TRAFFIC SIGNAL,DIVIDED - W/MEDIAN (NOT RAISED),CLEAR,Y,,,,,,2,4,"{""coordinates"": [-87.620831634157, 41.87838430551], ""type"": ""Point""}","[""FRONT-LEFT-CORNER"", ""FRONT-RIGHT-CORNER""]","[""STRAIGHT AHEAD"", ""U-TURN""]","[""Y""]","[""S""]","[""DRIVER""]","[""UNKNOWN""]","[""PERSONAL""]","[""2022"", ""2023""]","[""1"", ""33"", ""34"", ""47""]","[""DEPLOYED, COMBINATION"", ""NOT APPLICABLE""]","[""NONE""]","[""NO INDICATION OF INJURY""]","[""DRIVER"", ""PASSENGER""]","[""CHILD RESTRAINT - REAR FACING"", ""USAGE UNKNOWN""]","[""F"", ""M""]","[""3"", ""6""]"
STRAIGHT AND LEVEL,1524,2025-09-20T09:30:00.000,7,9,9,5896336d8f6aa75448054f3df99608af2f95e41b03232e295fdfa30dd0ed1c0da41feee84d741ef8412632861320b12d0034311442c3e89f8a164531a65f4c98,NO INJURY / DRIVE AWAY,"OVER $1,500",2025-09-20T10:15:00.000,NO CONTROLS,SIDESWIPE SAME DIRECTION,Y,0,0,2,0,0,0,0,41.8965654523,DAYLIGHT,-87.7653655667,NO INDICATION OF INJURY,2,20,IMPROPER OVERTAKING/PASSING,NOT ON SCENE (DESK REPORT),NO DEFECTS,DRY,UNABLE TO DETERMINE,W,IOWA ST,5559,NO CONTROLS,ONE-WAY,CLEAR,,,,,,,2,2,"{""coordinates"": [-87.765365566661, 41.896565452257], ""type"": ""Point""}","[""FRONT"", ""FRONT-LEFT-CORNER""]","[""ENTERING TRAFFIC LANE FROM PARKING"", ""STRAIGHT AHEAD""]",[],"[""E"", ""NE""]","[""DRIVER""]","[""NONE"", ""UNKNOWN""]","[""PERSONAL"", ""UNKNOWN/NA""]","[""2007"", ""2015""]","[""61""]","[""DEPLOYMENT UNKNOWN""]","[""NONE""]","[""NO INDICATION OF INJURY""]","[""DRIVER""]","[""SAFETY BELT USED"", ""USAGE UNKNOWN""]","[""F"", ""M""]",[]
STRAIGHT AND LEVEL,915,2025-09-20T09:35:00.000,7,9,9,0910bc93f3402f183a48c61af6f70290dce1fec14470057ca7e20f0158604f83bb39b8acbac57eb5c9b7500f87cc692a680102dbb55ccfa7aff187aaf6d10103,NO INJURY / DRIVE AWAY,"OVER $1,500",2025-09-20T09:35:00.000,NO CONTROLS,ANGLE,,0,0,3,0,0,0,0,41.8235035927,DAYLIGHT,-87.6506663765,NO INDICATION OF INJURY,2,15,"VISION OBSCURED (SIGNS, TREE LIMBS, BUILDINGS, ETC.)",ON SCENE,NO DEFECTS,UNKNOWN,"VISION OBSCURED (SIGNS, TREE LIMBS, BUILDINGS, ETC.)",W,PERSHING RD,970,NO CONTROLS,PARKING LOT,CLEAR,,,Y,,,,2,3,"{""coordinates"": [-87.650666376522, 41.823503592662], ""type"": ""Point""}","[""FRONT"", ""SIDE-LEFT""]","[""OTHER"", ""STRAIGHT AHEAD""]",[],"[""NE"", ""S""]","[""DRIVER""]","[""UNKNOWN""]","[""PERSONAL""]","[""2019"", ""2023""]","[""20"", ""35""]","[""DID NOT DEPLOY""]","[""NONE""]","[""NO INDICATION OF INJURY""]","[""DRIVER"", ""PASSENGER""]","[""SAFETY BELT USED""]","[""F"", ""M""]","[""3""]"
STRAIGHT AND LEVEL,123,2025-09-20T09:50:00.000,7,9,9,274a897b84eedf0bd9f9f6f9e7a56587d9e1f44fce85257b28198e75838513564a45d363c9076291a14c0717677726198019a07723e9afa8c64a24d62afe3585,NO INJURY / DRIVE AWAY,"OVER $1,500",2025-09-20T19:03:00.000,NO CONTROLS,REAR END,,0,0,2,0,0,0,0,41.8755010875,DAYLIGHT,-87.6306566361,NO INDICATION OF INJURY,2,30,UNABLE TO DETERMINE,NOT ON SCENE (DESK REPORT),NO DEFECTS,DRY,UNABLE TO DETERMINE,W,IDA B WELLS DR,87,NO CONTROLS,NOT DIVIDED,CLEAR,,,,,,,2,2,"{""coordinates"": [-87.630656636144, 41.875501087479], ""type"": ""Point""}","[""FRONT"", ""UNKNOWN""]","[""CHANGING LANES"", ""STRAIGHT AHEAD""]",[],"[""E""]","[""DRIVER""]","[""NONE"", ""UNKNOWN""]","[""PERSONAL"", ""UNKNOWN/NA""]","[""2010""]","[""19"", ""45""]","[""DID NOT DEPLOY""]","[""NONE""]","[""NO INDICATION OF INJURY""]","[""DRIVER""]","[""USAGE UNKNOWN""]","[""F"", ""M""]",[]
STRAIGHT AND LEVEL,812,2025-09-20T10:00:00.000,7,10,9,0269b74caeb20c74bf96d8c17b31e1d83f4aae92b8ddd71de491378cf15a7aac3e0447d28fcb5444ceb7df97c9b8fac75b66d107e47e14f96c25769cfb5121a0,NO INJURY / DRIVE AWAY,"OVER $1,500",2025-09-20T11:49:00.000,UNKNOWN,TURNING,,0,0,2,0,0,0,0,41.7787991601,DAYLIGHT,-87.7777863375,NO INDICATION OF INJURY,2,30,UNABLE TO DETERMINE,,UNKNOWN,DRY,UNABLE TO DETERMINE,S,MERRIMAC AVE,6224,UNKNOWN,UNKNOWN,CLEAR,Y,,,,,,2,2,"{""coordinates"": [-87.777786337548, 41.778799160148], ""type"": ""Point""}","[""FRONT-LEFT-CORNER"", ""REAR-LEFT-CORNER""]","[""TURNING LEFT"", ""UNKNOWN/NA""]",[],"[""E"", ""N""]","[""DRIVER""]","[""UNKNOWN""]","[""PERSONAL""]","[""2009"", ""2020""]","[""16"", ""25""]","[""NOT APPLICABLE""]","[""NONE""]","[""NO INDICATION OF INJURY""]","[""DRIVER""]","[""USAGE UNKNOWN""]","[""F""]",[]
STRAIGHT AND LEVEL,411,2025-09-20T10:20:00.000,7,10,9,9111f24488d7cc2a2a80920d50ada9576381489c3f843a358cca85c367a45b21f39b67edea7ff2d5d385028201e779a293dfa64088aced301762bb977eead016,INJURY AND / OR TOW DUE TO CRASH,"$501 - $1,500",2025-09-20T22:55:00.000,FUNCTIONING PROPERLY,PEDESTRIAN,Y,0,1,2,0,0,1,0,41.7514606032,"DARKNESS, LIGHTED ROAD",-87.585971993,INCAPACITATING INJURY,2,30,"OPERATING VEHICLE IN ERRATIC, RECKLESS, CARELESS, NEGLIGENT OR AGGRESSIVE MANNER",ON SCENE,NO DEFECTS,WET,"OPERATING VEHICLE IN ERRATIC, RECKLESS, CARELESS, NEGLIGENT OR AGGRESSIVE MANNER",S,STONY ISLAND AVE,7900,TRAFFIC SIGNAL,"FIVE POINT, OR MORE",CLEAR,Y,Y,,,,,2,3,"{""coordinates"": [-87.585971992965, 41.751460603167], ""type"": ""Point""}","[""FRONT""]","[""STRAIGHT AHEAD""]",[],"[""S""]","[""DRIVER"", ""PEDESTRIAN""]","[""NONE""]","[""UNKNOWN/NA""]",[],"[""18""]","[""DEPLOYMENT UNKNOWN"", ""NOT APPLICABLE""]","[""NONE""]","[""INCAPACITATING INJURY"", ""NO INDICATION OF INJURY""]","[""DRIVER"", ""PASSENGER"", ""PEDESTRIAN""]","[""NONE PRESENT"", ""USAGE UNKNOWN""]","[""F"", ""M""]","[""3""]"
STRAIGHT AND LEVEL,1631,2025-09-20T10:28:00.000,7,10,9,4aeaa5536fe07d37b5cff1124eec419f6e2be195a2a90ab479354eafa972b01e37904143851650fe7d2669334224a34228432b39fe150113a168467310982f26,NO INJURY / DRIVE AWAY,"$501 - $1,500",2025-09-20T10:37:00.000,FUNCTIONING PROPERLY,ANGLE,,0,0,3,0,0,0,0,41.95254355,DAYLIGHT,-87.8121574956,NO INDICATION OF INJURY,2,30,FAILING TO YIELD RIGHT-OF-WAY,ON SCENE,UNKNOWN,DRY,DRIVING SKILLS/KNOWLEDGE/EXPERIENCE,W,IRVING PARK RD,7359,STOP SIGN/FLASHER,FOUR WAY,CLEAR,Y,,,,,,2,3,"{""coordinates"": [-87.812157495595, 41.952543550011], ""type"": ""Point""}","[""FRONT-RIGHT-CORNER"", ""REAR""]","[""SLOW/STOP IN TRAFFIC"", ""STRAIGHT AHEAD""]",[],"[""E"", ""N""]","[""DRIVER""]","[""NONE"", ""UNKNOWN""]","[""PERSONAL""]","[""2020"", ""2023""]","[""25"", ""30"", ""35""]","[""DID NOT DEPLOY""]","[""NONE""]","[""NO INDICATION OF INJURY""]","[""DRIVER"", ""PASSENGER""]","[""USAGE UNKNOWN""]","[""F"", ""M""]","[""3""]"
STRAIGHT AND LEVEL,815,2025-09-20T10:30:00.000,7,10,9,2f301baf37fb4a199a3323e6599e19472cf915bdb77df07b0da180cfc5c021ea0f0aa5a84c6d8e60a7faef22c5a4ebb70e72527ea55805cf9b7a1802646b69f3,NO INJURY / DRIVE AWAY,"OVER $1,500",2025-09-20T10:30:00.000,NO CONTROLS,TURNING,,0,0,2,0,0,0,0,41.7995426274,DAYLIGHT,-87.7332893009,NO INDICATION OF INJURY,2,30,UNABLE TO DETERMINE,NOT ON SCENE (DESK REPORT),NO DEFECTS,DRY,UNABLE TO DETERMINE,S,KOSTNER AVE,5130,NO CONTROLS,NOT DIVIDED,CLEAR,,,,,,,2,2,"{""coordinates"": [-87.733289300926, 41.799542627387], ""type"": ""Point""}","[""FRONT-LEFT-CORNER"", ""FRONT-RIGHT-CORNER""]","[""STRAIGHT AHEAD"", ""TURNING RIGHT""]",[],"[""E"", ""S""]","[""DRIVER""]","[""NONE""]","[""PERSONAL""]","[""2000"", ""2012""]",[],"[""DID NOT DEPLOY""]","[""NONE"", ""UNKNOWN""]","[""NO INDICATION OF INJURY""]","[""DRIVER""]","[""SAFETY BELT USED""]","[""M""]",[]
STRAIGHT AND LEVEL,913,2025-09-20T10:33:00.000,7,10,9,b004551a5bc14ae2674acc7e0c58265140074822a576a9d406dfecb51f6cbcbddc80e2030d2091fef090e5e4efd655e244c8495128838d4bfe06ad772fd9eae6,NO INJURY / DRIVE AWAY,$500 OR LESS,2025-09-20T13:40:00.000,NO CONTROLS,PARKED MOTOR VEHICLE,Y,0,0,2,0,0,0,0,41.8413773872,DAYLIGHT,-87.6587848021,NO INDICATION OF INJURY,2,30,UNABLE TO DETERMINE,NOT ON SCENE (DESK REPORT),NO DEFECTS,DRY,NOT APPLICABLE,S,ARCHER AVE,2928,NO CONTROLS,NOT DIVIDED,CLEAR,,,,,,,2,2,"{""coordinates"": [-87.658784802083, 41.841377387172], ""type"": ""Point""}","[""OTHER""]","[""OTHER"", ""PARKED""]",[],"[""SW""]","[""DRIVER"", ""PARKED""]","[""NONE"", ""UNKNOWN""]","[""OTHER"", ""UNKNOWN/NA""]","[""2020""]","[""33""]","[""DEPLOYMENT UNKNOWN"", ""DID NOT DEPLOY""]","[""NONE""]","[""NO INDICATION OF INJURY""]","[""DRIVER"", ""PASSENGER""]","[""USAGE UNKNOWN""]","[""F"", ""X""]","[""1""]"
STRAIGHT AND LEVEL,433,2025-09-20T10:35:00.000,7,10,9,330cfd680651793272bd988dd08ee711a790e2a3a41eb0f294106504e6f43a6a5741337707ea444a4a773635b9a60911f8a34ef87a77379973fe318210d58ed2,NO INJURY / DRIVE AWAY,"$501 - $1,500",2025-09-20T10:43:00.000,NO CONTROLS,SIDESWIPE SAME DIRECTION,,0,0,2,0,0,0,0,41.6505576154,DAYLIGHT,-87.5483973518,NO INDICATION OF INJURY,2,30,UNABLE TO DETERMINE,ON SCENE,NO DEFECTS,DRY,UNABLE TO DETERMINE,S,BRAINARD AVE,13455,NO CONTROLS,DIVIDED - W/MEDIAN (NOT RAISED),CLEAR,,,,,,,2,2,"{""coordinates"": [-87.548397351797, 41.650557615403], ""type"": ""Point""}","[""FRONT-RIGHT-CORNER"", ""REAR-LEFT-CORNER""]","[""STRAIGHT AHEAD""]",[],"[""SE""]","[""DRIVER""]","[""UNKNOWN""]","[""PERSONAL""]","[""1996"", ""2013""]","[""40"", ""71""]","[""DID NOT DEPLOY""]","[""NONE""]","[""NO INDICATION OF INJURY""]","[""DRIVER""]","[""USAGE UNKNOWN""]","[""M""]",[]