alignment,beat_of_occurrence,crash_date,crash_day_of_week,crash_hour,crash_month,crash_record_id,crash_type,damage,date_police_notified,device_condition,first_crash_type,hit_and_run_i,injuries_fatal,injuries_incapacitating,injuries_no_indication,injuries_non_incapacitating,injuries_reported_not_evident,injuries_total,injuries_unknown,latitude,lighting_condition,longitude,most_severe_injury,num_units,posted_speed_limit,prim_contributory_cause,report_type,road_defect,roadway_surface_cond,sec_contributory_cause,street_direction,street_name,street_no,traffic_control_device,trafficway_type,weather_condition,intersection_related_i,crash_date_est_i,private_property_i,statements_taken_i,photos_taken_i,work_zone_i,veh_count,ppl_count,location_json,veh_first_contact_point_list_json,veh_maneuver_list_json,veh_towed_i_list_json,veh_travel_direction_list_json,veh_unit_type_list_json,veh_vehicle_defect_list_json,veh_vehicle_use_list_json,veh_vehicle_year_list_json,ppl_age_list_json,ppl_airbag_deployed_list_json,ppl_ejection_list_json,ppl_injury_classification_list_json,ppl_person_type_list_json,ppl_safety_equipment_list_json,ppl_sex_list_json,ppl_seat_no_list_json
STRAIGHT AND LEVEL,1013,2025-09-20T10:45:00.000,7,10,9,014610118409027a61b54efd0a635ba889d37e452b26e0f02aabc144f897987432811c2dfbe1b8c42f7fcf077246fe9ff9f6e4e15c499c8526cc10d43639d8a1,NO INJURY / DRIVE AWAY,"OVER $1,500",2025-09-20T11:22:00.000,NO CONTROLS,TURNING,Y,0,0,2,0,0,0,0,41.8511195666,DAYLIGHT,-87.7243009044,NO INDICATION OF INJURY,2,30,UNABLE TO DETERMINE,ON SCENE,NO DEFECTS,DRY,UNABLE TO DETERMINE,W,OGDEN AVE,3953,NO CONTROLS,NOT DIVIDED,CLEAR,,,Y,,,,2,2,"{""coordinates"": [-87.724300904448, 41.851119566636], ""type"": ""Point""}","[""FRONT"", ""SIDE-RIGHT-FRONT""]","[""STRAIGHT AHEAD"", ""TURNING LEFT""]",[],"[""E"", ""N""]","[""DRIVER""]","[""NONE"", ""UNKNOWN""]","[""PERSONAL"", ""UNKNOWN/NA""]","[""2015"", ""2025""]","[""27"", ""43""]","[""DEPLOYMENT UNKNOWN"", ""DID NOT DEPLOY""]","[""NONE""]","[""NO INDICATION OF INJURY""]","[""DRIVER""]","[""SAFETY BELT USED"", ""USAGE UNKNOWN""]","[""F"", ""M""]",[]
STRAIGHT AND LEVEL,432,2025-09-20T10:45:00.000,7,10,9,22ab624dfc59469bab81f6dd659a93d5e40316d427e5a7cf80db634b74c2b42eb85c0addff714c86962c806836b78d639362081d2060a83b134ca9582022299e,NO INJURY / DRIVE AWAY,"$501 - $1,500",2025-09-20T11:25:00.000,UNKNOWN,SIDESWIPE SAME DIRECTION,,0,0,2,0,0,0,0,41.702649053,UNKNOWN,-87.5424165979,NO INDICATION OF INJURY,2,35,UNABLE TO DETERMINE,NOT ON SCENE (DESK REPORT),UNKNOWN,UNKNOWN,NOT APPLICABLE,E,106TH ST,3335,UNKNOWN,UNKNOWN,UNKNOWN,,,,,,,2,2,"{""coordinates"": [-87.542416597903, 41.702649053001], ""type"": ""Point""}","[""UNKNOWN""]","[""UNKNOWN/NA""]",[],"[""UNKNOWN""]","[""DRIVER""]","[""UNKNOWN""]","[""UNKNOWN/NA""]","[""2008"", ""2023""]","[""64""]","[""DEPLOYMENT UNKNOWN""]","[""UNKNOWN""]","[""NO INDICATION OF INJURY""]","[""DRIVER""]","[""USAGE UNKNOWN""]","[""F"", ""X""]",[]
STRAIGHT AND LEVEL,2512,2025-09-20T11:00:00.000,7,11,9,139cc9b3eaeca8ca75f535d61830eb2807fd93259869227f6bd718f1176accb604f9318771870c924fdc82fbf5920d3a5f8b59d22e4cd6c9cbbd8aa2c6edc270,NO INJURY / DRIVE AWAY,$500 OR LESS,2025-09-20T12:00:00.000,NO CONTROLS,PARKED MOTOR VEHICLE,,0,0,3,0,0,0,0,41.9239022891,DAYLIGHT,-87.7779334965,NO INDICATION OF INJURY,2,30,IMPROPER BACKING,NOT ON SCENE (DESK REPORT),NO DEFECTS,DRY,NOT APPLICABLE,W,FULLERTON AVE,6054,NO CONTROLS,NOT DIVIDED,CLEAR,,,,,,,2,3,"{""coordinates"": [-87.77793349649, 41.923902289129], ""type"": ""Point""}","[""REAR"", ""SIDE-LEFT""]","[""BACKING"", ""PARKED""]",[],"[""UNKNOWN""]","[""DRIVER"", ""PARKED""]","[""NONE""]","[""PERSONAL""]","[""2024""]","[""18"", ""39""]","[""NOT APPLICABLE""]","[""NONE""]","[""NO INDICATION OF INJURY""]","[""DRIVER"", ""PASSENGER""]","[""NONE PRESENT"", ""SAFETY BELT USED""]","[""F"", ""M""]","[""1"", ""3""]"
STRAIGHT AND LEVEL,1932,2025-09-20T11:00:00.000,7,11,9,50dffbb0dc075cf4aeab0cd8daa52cb6d8f3aac10d1cd835a68f24a0c1523b30e38d4a58baf9cec26bc46bf4ec4c08a22216c20949b8f0478fd428c8d217a62d,NO INJURY / DRIVE AWAY,"$501 - $1,500",2025-09-23T17:00:00.000,NO CONTROLS,PARKED MOTOR VEHICLE,,0,0,3,0,0,0,0,41.9253028981,DAYLIGHT,-87.6650847859,NO INDICATION OF INJURY,2,30,IMPROPER BACKING,NOT ON SCENE (DESK REPORT),NO DEFECTS,DRY,UNABLE TO DETERMINE,W,FULLERTON AVE,1444,NO CONTROLS,NOT DIVIDED,CLEAR,,,,,,,2,3,"{""coordinates"": [-87.665084785943, 41.92530289811], ""type"": ""Point""}","[""FRONT"", ""REAR""]","[""BACKING"", ""PARKED""]",[],"[""E"", ""W""]","[""DRIVER"", ""PARKED""]","[""NONE""]","[""PERSONAL""]","[""2017"", ""2024""]","[""13"", ""42"", ""53""]","[""NOT APPLICABLE""]","[""NONE""]","[""NO INDICATION OF INJURY""]","[""DRIVER"", ""PASSENGER""]","[""SAFETY BELT USED""]","[""F""]","[""1"", ""6""]"
STRAIGHT AND LEVEL,233,2025-09-20T11:15:00.000,7,11,9,5853a69189caaa9f38a1cf37df760748737f56e80b6057763e11e30f10601f64fe1cd34b635778e6b5d04a55470f580b481ac3ffcb68c69aad60d754bd171d1d,INJURY AND / OR TOW DUE TO CRASH,"OVER $1,500",2025-09-21T11:20:00.000,NO CONTROLS,SIDESWIPE SAME DIRECTION,,0,0,3,0,0,0,0,41.7919261565,DAYLIGHT,-87.6063131686,NO INDICATION OF INJURY,2,30,FAILING TO YIELD RIGHT-OF-WAY,ON SCENE,NO DEFECTS,DRY,UNABLE TO DETERMINE,S,COTTAGE GROVE AVE,5640,NO CONTROLS,DIVIDED - W/MEDIAN (NOT RAISED),CLEAR,,,,,,,2,3,"{""coordinates"": [-87.606313168633, 41.791926156501], ""type"": ""Point""}","[""FRONT-LEFT-CORNER"", ""SIDE-RIGHT-FRONT""]","[""ENTERING TRAFFIC LANE FROM PARKING"", ""STRAIGHT AHEAD""]","[""Y""]","[""S""]","[""DRIVER""]","[""NONE"", ""UNKNOWN""]","[""PERSONAL""]","[""2017"", ""2025""]","[""31"", ""51""]","[""DID NOT DEPLOY""]","[""NONE""]","[""NO INDICATION OF INJURY""]","[""DRIVER"", ""PASSENGER""]","[""BOOSTER SEAT"", ""SAFETY BELT USED""]","[""F"", ""M""]","[""6""]"
STRAIGHT AND LEVEL,1113,2025-09-20T11:15:00.000,7,11,9,92910e3f5fd20d159d203a1a03affb28d55026d449ece2b71a80041535ee5dd0b58e387a2a79c290f85cf2082e975ec6296fe771b3346af466a66a18e7227a84,NO INJURY / DRIVE AWAY,"OVER $1,500",2025-09-20T15:35:00.000,NO CONTROLS,PARKED MOTOR VEHICLE,Y,0,0,1,0,0,0,0,41.8770536197,UNKNOWN,-87.7372216966,NO INDICATION OF INJURY,2,30,UNABLE TO DETERMINE,NOT ON SCENE (DESK REPORT),UNKNOWN,UNKNOWN,UNABLE TO DETERMINE,W,JACKSON BLVD,4446,NO CONTROLS,NOT DIVIDED,UNKNOWN,,,,,,,2,1,"{""coordinates"": [-87.737221696645, 41.87705361973], ""type"": ""Point""}","[""FRONT-LEFT-CORNER"", ""UNKNOWN""]","[""PARKED"", ""UNKNOWN/NA""]",[],"[""UNKNOWN"", ""W""]","[""DRIVER"", ""PARKED""]","[""NONE"", ""UNKNOWN""]","[""NOT IN USE"", ""UNKNOWN/NA""]","[""2020""]",[],"[""DEPLOYMENT UNKNOWN""]","[""NONE""]","[""NO INDICATION OF INJURY""]","[""DRIVER""]","[""USAGE UNKNOWN""]","[""X""]",[]
STRAIGHT AND LEVEL,811,2025-09-20T11:30:00.000,7,11,9,94fd60070322e857aa5881365f1c2bbc7f18d91b25b0a4f4f8945449c1bab555db71d0c4f727e6d13e25258d02fef699151d93d77122f26d567348fdf2e7728c,NO INJURY / DRIVE AWAY,"OVER $1,500",2025-09-20T16:50:00.000,NO CONTROLS,PARKED MOTOR VEHICLE,Y,0,0,1,0,0,0,0,41.7919321154,UNKNOWN,-87.7779896159,NO INDICATION OF INJURY,2,30,"OPERATING VEHICLE IN ERRATIC, RECKLESS, CARELESS, NEGLIGENT OR AGGRESSIVE MANNER",NOT ON SCENE (DESK REPORT),NO DEFECTS,UNKNOWN,NOT APPLICABLE,S,MERRIMAC AVE,5515,NO CONTROLS,ONE-WAY,CLEAR,,Y,,,,,2,1,"{""coordinates"": [-87.777989615919, 41.791932115428], ""type"": ""Point""}","[""SIDE-RIGHT"", ""UNKNOWN""]","[""PARKED"", ""UNKNOWN/NA""]",[],"[""S"", ""UNKNOWN""]","[""DRIVER"", ""PARKED""]","[""NONE"", ""UNKNOWN""]","[""NOT IN USE"", ""UNKNOWN/NA""]","[""2023""]",[],"[""DEPLOYMENT UNKNOWN""]","[""NONE""]","[""NO INDICATION OF INJURY""]","[""DRIVER""]","[""USAGE UNKNOWN""]","[""X""]",[]
STRAIGHT AND LEVEL,333,2025-09-20T11:40:00.000,7,11,9,ec4a8e4a50acf44a10e1ab55b37c29ac24f8b923c8b583ef6a210317eb9809bc610484bb5169ab03481b380f9e4af21dd746e32d7523bf7e82f1fa961e715db2,NO INJURY / DRIVE AWAY,"$501 - $1,500",2025-09-20T13:59:00.000,NO CONTROLS,REAR END,,0,0,2,0,0,0,0,41.7660355727,DAYLIGHT,-87.5715156531,NO INDICATION OF INJURY,2,30,UNABLE TO DETERMINE,NOT ON SCENE (DESK REPORT),NO DEFECTS,DRY,UNABLE TO DETERMINE,S,PAXTON AVE,7100,NO CONTROLS,DIVIDED - W/MEDIAN BARRIER,CLEAR,,,,,,,2,2,"{""coordinates"": [-87.571515653135, 41.766035572702], ""type"": ""Point""}","[""FRONT"", ""REAR""]","[""STRAIGHT AHEAD""]",[],"[""E""]","[""DRIVER""]","[""NONE"", ""UNKNOWN""]","[""PERSONAL"", ""UNKNOWN/NA""]","[""2015"", ""2022""]","[""24"", ""26""]","[""DEPLOYMENT UNKNOWN"", ""DID NOT DEPLOY""]","[""NONE""]","[""NO INDICATION OF INJURY""]","[""DRIVER""]","[""USAGE UNKNOWN""]","[""F""]",[]
STRAIGHT AND LEVEL,2213,2025-09-20T11:42:00.000,7,11,9,f4247f411247b49947ede44ac15040bfd33bc0cc9c86f8f79acbc8d792ce7a451eba495c2e9314f4d2665f92c5c2acdcaf8e5f3eea974f6f22cd166301f3c6bb,NO INJURY / DRIVE AWAY,"OVER $1,500",2025-09-20T13:35:00.000,UNKNOWN,SIDESWIPE OPPOSITE DIRECTION,Y,0,0,3,0,0,0,0,41.7064862488,UNKNOWN,-87.6813103437,NO INDICATION OF INJURY,2,30,UNABLE TO DETERMINE,NOT ON SCENE (DESK REPORT),UNKNOWN,UNKNOWN,NOT APPLICABLE,W,103RD ST,2352,UNKNOWN,DIVIDED - W/MEDIAN BARRIER,UNKNOWN,,,,,,,2,3,"{""coordinates"": [-87.681310343655, 41.706486248838], ""type"": ""Point""}","[""FRONT-LEFT-CORNER"", ""UNKNOWN""]","[""SLOW/STOP IN TRAFFIC"", ""UNKNOWN/NA""]",[],"[""E"", ""W""]","[""DRIVER""]","[""UNKNOWN""]","[""UNKNOWN/NA""]","[""2012"", ""2025""]","[""42""]","[""DEPLOYMENT UNKNOWN""]","[""UNKNOWN""]","[""NO INDICATION OF INJURY""]","[""DRIVER"", ""PASSENGER""]","[""USAGE UNKNOWN""]","[""F"", ""M"", ""X""]","[""3""]"
STRAIGHT AND LEVEL,323,2025-09-20T11:50:00.000,7,11,9,0377f8054b310c58d56e1350b23f6d1df0b6d245685278466172804171c6c4441b83dd7740788adfdcbdfc11cc78a95bd5342bfd4105c3defc7cbad9cbee7f90,INJURY AND / OR TOW DUE TO CRASH,"OVER $1,500",2025-09-20T12:30:00.000,UNKNOWN,PEDESTRIAN,Y,0,0,1,0,1,1,0,41.7621362769,DAYLIGHT,-87.6056334905,"REPORTED, NOT EVIDENT",2,30,UNABLE TO DETERMINE,ON SCENE,NO DEFECTS,DRY,UNABLE TO DETERMINE,S,COTTAGE GROVE AVE,7300,TRAFFIC SIGNAL,FOUR WAY,CLEAR,,,,,,,2,2,"{""coordinates"": [-87.605633490465, 41.762136276864], ""type"": ""Point""}","[""UNKNOWN""]","[""UNKNOWN/NA""]",[],"[""UNKNOWN""]","[""DRIVER"", ""PEDESTRIAN""]","[""OTHER""]","[""UNKNOWN/NA""]",[],"[""35""]","[""DEPLOYMENT UNKNOWN""]","[""UNKNOWN""]","[""NO INDICATION OF INJURY"", ""REPORTED, NOT EVIDENT""]","[""DRIVER"", ""PEDESTRIAN""]","[""USAGE UNKNOWN"", ""WHEELCHAIR""]","[""F"", ""X""]",[]
STRAIGHT AND LEVEL,2012,2025-09-20T11:50:00.000,7,11,9,99d4a1210e20a550f8a596816bb2168856adc11460a84d920dd13f914c123720c7512415500ea4cb3002aab570c63d6c39fdd5a46e8f58414879953b130c1aad,NO INJURY / DRIVE AWAY,$500 OR LESS,2025-09-20T11:50:00.000,NO CONTROLS,REAR END,N,0,0,2,0,0,0,0,41.9901302642,DAYLIGHT,-87.670592054,NO INDICATION OF INJURY,2,30,DRIVING SKILLS/KNOWLEDGE/EXPERIENCE,NOT ON SCENE (DESK REPORT),UNKNOWN,UNKNOWN,UNABLE TO DETERMINE,N,RIDGE AVE,5961,NO CONTROLS,NOT DIVIDED,CLEAR,,,,,,,2,2,"{""coordinates"": [-87.670592053975, 41.990130264225], ""type"": ""Point""}","[""FRONT"", ""REAR""]","[""SLOW/STOP IN TRAFFIC"", ""STRAIGHT AHEAD""]",[],"[""NE"", ""UNKNOWN""]","[""DRIVER""]","[""NONE"", ""UNKNOWN""]","[""PERSONAL""]","[""2015"", ""2017""]","[""26"", ""38""]","[""NOT APPLICABLE""]","[""NONE""]","[""NO INDICATION OF INJURY""]","[""DRIVER""]","[""SAFETY BELT USED"", ""USAGE UNKNOWN""]","[""M""]",[]
STRAIGHT AND LEVEL,132,2025-09-20T11:57:00.000,7,11,9,1c7cfb4da62e75722711878a0e60ae601ed6fa2d62cb0ee0f97edfc80f5df7ed7209fc011c895173a0ba6e45a5536977ad5257de78a0ed13e61b5e272e73bb51,NO INJURY / DRIVE AWAY,$500 OR LESS,2025-09-20T13:15:00.000,UNKNOWN,SIDESWIPE SAME DIRECTION,,0,0,2,0,0,0,0,41.8640356398,DAYLIGHT,-87.6192970692,NO INDICATION OF INJURY,2,30,UNABLE TO DETERMINE,,UNKNOWN,UNKNOWN,UNABLE TO DETERMINE,S,LAKE SHORE DR SB,1400,UNKNOWN,PARKING LOT,CLEAR,,,,,,,2,2,"{""coordinates"": [-87.619297069192, 41.864035639814], ""type"": ""Point""}","[""FRONT-LEFT-CORNER"", ""SIDE-RIGHT-REAR""]","[""MERGING"", ""STRAIGHT AHEAD""]",[],"[""S""]","[""DRIVER""]","[""UNKNOWN""]","[""RIDESHARE SERVICE"", ""UNKNOWN/NA""]","[""2022""]","[""30"", ""47""]","[""NOT APPLICABLE""]","[""NONE""]","[""NO INDICATION OF INJURY""]","[""DRIVER""]","[""USAGE UNKNOWN""]","[""F"", ""M""]",[]
STRAIGHT AND LEVEL,333,2025-09-20T11:58:00.000,7,11,9,60aa4d5bfe2f7528314761dca5f38c7a3131d41f21ad8949c54f4be6112d6e11eeefd17239784cda85895aae11e19b307cfc46805034b071a8ca8da5b8896bf5,NO INJURY / DRIVE AWAY,"OVER $1,500",2025-09-20T11:58:00.000,NO CONTROLS,PARKED MOTOR VEHICLE,,0,0,2,0,0,0,0,41.7624042739,DAYLIGHT,-87.5762803616,NO INDICATION OF INJURY,2,30,FAILING TO REDUCE SPEED TO AVOID CRASH,ON SCENE,NO DEFECTS,DRY,DRIVING SKILLS/KNOWLEDGE/EXPERIENCE,E,73RD ST,1977,NO CONTROLS,NOT DIVIDED,CLEAR,,,,,,,2,2,"{""coordinates"": [-87.576280361623, 41.762404273918], ""type"": ""Point""}","[""FRONT"", ""SIDE-LEFT""]","[""PARKED"", ""STRAIGHT AHEAD""]",[],"[""E""]","[""DRIVER"", ""PARKED""]","[""NONE""]","[""PERSONAL""]","[""2017"", ""2020""]","[""40"", ""58""]","[""NOT APPLICABLE""]","[""NONE""]","[""NO INDICATION OF INJURY""]","[""DRIVER"", ""PASSENGER""]","[""NONE PRESENT""]","[""F"", ""M""]","[""3""]"
STRAIGHT AND LEVEL,2432,2025-09-20T12:00:00.000,7,12,9,05abb7bffb0c366c164743fe1c28144c0ecb1c10050c9d746290853f6d67335597c5092acb38c0b34cc60e7f8b44e3bea1da3eef4c6040811dc8c2f6dcbc8a13,NO INJURY / DRIVE AWAY,"$501 - $1,500",2025-09-22T17:12:00.000,NO CONTROLS,PARKED MOTOR VEHICLE,Y,0,0,1,0,0,0,0,42.003604391,UNKNOWN,-87.6642347538,NO INDICATION OF INJURY,2,10,UNABLE TO DETERMINE,NOT ON SCENE (DESK REPORT),NO DEFECTS,DRY,NOT APPLICABLE,W,NORTH SHORE AVE,1314,NO CONTROLS,PARKING LOT,UNKNOWN,,Y,Y,,,,2,1,"{""coordinates"": [-87.664234753812, 42.003604390999], ""type"": ""Point""}","[""FRONT-LEFT-CORNER"", ""SIDE-LEFT""]","[""PARKED"", ""UNKNOWN/NA""]",[],"[""N"", ""UNKNOWN""]","[""DRIVER"", ""PARKED""]","[""UNKNOWN""]","[""NOT IN USE"", ""UNKNOWN/NA""]","[""2019""]",[],"[""DEPLOYMENT UNKNOWN""]","[""NONE""]","[""NO INDICATION OF INJURY""]","[""DRIVER""]","[""USAGE UNKNOWN""]","[""X""]",[]
STRAIGHT AND LEVEL,1934,2025-09-20T12:00:00.000,7,12,9,799d5026e18088b6291b55e39bb3d83aa937fc69c779aa04ed295d285c7ecafb54868c8dc0be53fbf3e5068342d8dd46c3c9b8e50b5f4b572c2cc9df82632bfc,NO INJURY / DRIVE AWAY,"OVER $1,500",2025-09-20T15:45:00.000,NO CONTROLS,PARKED MOTOR VEHICLE,,0,0,1,0,0,0,0,41.9386529995,DAYLIGHT,-87.6442051391,NO INDICATION OF INJURY,2,30,UNABLE TO DETERMINE,NOT ON SCENE (DESK REPORT),NO DEFECTS,DRY,UNABLE TO DETERMINE,N,BROADWAY,3131,NO CONTROLS,NOT DIVIDED,CLEAR,,,,,,,2,1,"{""coordinates"": [-87.644205139066, 41.938652999479], ""type"": ""Point""}","[""SIDE-LEFT-REAR"", ""UNKNOWN""]","[""PARKED"", ""UNKNOWN/NA""]",[],"[""N"", ""UNKNOWN""]","[""DRIVER"", ""PARKED""]","[""NONE""]","[""PERSONAL""]","[""2021"", ""2023""]","[""23""]","[""DID NOT DEPLOY""]","[""NONE""]","[""NO INDICATION OF INJURY""]","[""DRIVER""]","[""SAFETY BELT USED""]","[""F""]",[]
STRAIGHT AND LEVEL,2232,2025-09-20T12:02:00.000,7,12,9,844571f8e04fbfb338b180d5463860118fb7289507bae702cd1586cbbc85609e45965ca161b7cbd7747bbf26507e24d1b077cdf16213c07f20b85f2a8f16f422,NO INJURY / DRIVE AWAY,"$501 - $1,500",2025-09-20T12:05:00.000,NO CONTROLS,ANGLE,,0,0,4,0,0,0,0,41.7088260376,DAYLIGHT,-87.643029096,NO INDICATION OF INJURY,2,30,DRIVING SKILLS/KNOWLEDGE/EXPERIENCE,ON SCENE,NO DEFECTS,DRY,DRIVING SKILLS/KNOWLEDGE/EXPERIENCE,S,HALSTED ST,10194,NO CONTROLS,DIVIDED - W/MEDIAN BARRIER,CLOUDY/OVERCAST,,,,,,,2,4,"{""coordinates"": [-87.643029095994, 41.708826037572], ""type"": ""Point""}","[""FRONT-RIGHT-CORNER"", ""REAR-LEFT-CORNER""]","[""AVOIDING VEHICLES/OBJECTS"", ""LEAVING TRAFFIC LANE TO PARK""]",[],"[""NE"", ""SE""]","[""DRIVER""]","[""NONE""]","[""PERSONAL""]","[""2018"", ""2021""]","[""1"", ""23"", ""24"", ""72""]","[""NOT APPLICABLE""]","[""NONE""]","[""NO INDICATION OF INJURY""]","[""DRIVER"", ""PASSENGER""]","[""BOOSTER SEAT"", ""USAGE UNKNOWN""]","[""F"", ""M""]","[""4"", ""6""]"
STRAIGHT AND LEVEL,2024,2025-09-20T12:10:00.000,7,12,9,0cc2fb675dbbe6cc427ebb25e180701c54dd1173d0fd3a819ce54db6c287a9593382324bd13f27e391955ab889b6b92d4da87cde5a974a5b1328643ab5f3030b,INJURY AND / OR TOW DUE TO CRASH,$500 OR LESS,2025-09-20T12:16:00.000,NO CONTROLS,PEDESTRIAN,,0,0,1,1,0,1,0,41.9768524775,DAYLIGHT,-87.6486302266,NONINCAPACITATING INJURY,2,30,NOT APPLICABLE,ON SCENE,NO DEFECTS,DRY,NOT APPLICABLE,N,SIMONDS DR,5131,NO CONTROLS,DIVIDED - W/MEDIAN (NOT RAISED),CLEAR,,,,,,,2,2,"{""coordinates"": [-87.648630226555, 41.976852477472], ""type"": ""Point""}","[""FRONT-RIGHT-CORNER""]","[""STRAIGHT AHEAD""]",[],"[""N""]","[""DRIVER"", ""PEDESTRIAN""]","[""UNKNOWN""]","[""PERSONAL""]","[""2022""]","[""3"", ""43""]","[""NOT APPLICABLE""]","[""NONE""]","[""NO INDICATION OF INJURY"", ""NONINCAPACITATING INJURY""]","[""DRIVER"", ""PEDESTRIAN""]","[""NONE PRESENT"", ""USAGE UNKNOWN""]","[""F"", ""M""]",[]
STRAIGHT AND LEVEL,1834,2025-09-20T12:15:00.000,7,12,9,923ca0100c8ab94d5527f05a9d3a0fc0d7d897283bb81d45c6d97b300f1a4652e00a6cbf15cdbac0972643c5672423e65aa6bcc755d43f69be5b077430b4ef4e,NO INJURY / DRIVE AWAY,$500 OR LESS,2025-09-22T12:00:00.000,NO CONTROLS,SIDESWIPE SAME DIRECTION,Y,0,0,2,0,0,0,0,41.895296419,DAYLIGHT,-87.6154605904,NO INDICATION OF INJURY,2,30,IMPROPER LANE USAGE,NOT ON SCENE (DESK REPORT),NO DEFECTS,DRY,NOT APPLICABLE,N,LAKE SHORE DR NB,705,NO CONTROLS,DIVIDED - W/MEDIAN BARRIER,CLEAR,,,,,,,2,2,"{""coordinates"": [-87.615460590353, 41.895296419008], ""type"": ""Point""}","[""SIDE-LEFT"", ""SIDE-RIGHT""]","[""STRAIGHT AHEAD""]",[],"[""N""]","[""DRIVER""]","[""NONE""]","[""PERSONAL"", ""UNKNOWN/NA""]","[""2021""]","[""54""]","[""DEPLOYMENT UNKNOWN"", ""NOT APPLICABLE""]","[""NONE""]","[""NO INDICATION OF INJURY""]","[""DRIVER""]","[""SAFETY BELT USED"", ""USAGE UNKNOWN""]","[""F"", ""X""]",[]
STRAIGHT AND LEVEL,324,2025-09-20T12:17:00.000,7,12,9,4e9b954cf29efc1899884233ef7e6e0ebc7129175360275d4604358867b6b84e0ee2f410b4da6adf178db1262f8a6a163a8497c3b97ee080ca802f9bac480fa7,NO INJURY / DRIVE AWAY,"OVER $1,500",2025-09-20T13:10:00.000,FUNCTIONING PROPERLY,SIDESWIPE SAME DIRECTION,,0,0,2,0,0,0,0,41.7588777413,DAYLIGHT,-87.5856824409,NO INDICATION OF INJURY,2,30,DRIVING SKILLS/KNOWLEDGE/EXPERIENCE,NOT ON SCENE (DESK REPORT),NO DEFECTS,DRY,NOT APPLICABLE,E,75TH ST,1600,TRAFFIC SIGNAL,FOUR WAY,CLEAR,Y,,,,,,2,2,"{""coordinates"": [-87.585682440932, 41.758877741252], ""type"": ""Point""}","[""FRONT-LEFT-CORNER"", ""SIDE-RIGHT""]","[""CHANGING LANES"", ""STRAIGHT AHEAD""]",[],"[""E""]","[""DRIVER""]","[""NONE""]","[""PERSONAL"", ""UNKNOWN/NA""]","[""2015"", ""2019""]","[""24"", ""59""]","[""DID NOT DEPLOY""]","[""NONE""]","[""NO INDICATION OF INJURY""]","[""DRIVER""]","[""SAFETY BELT USED""]","[""F""]",[]
"CURVE, LEVEL",2433,2025-09-20T12:18:00.000,7,12,9,4ca58b984156f65a9ca878b1cc4a419bcc46ba90509dc534eacf331983cfdaa8947b6f63d075b2fef23cfa1249d782dd66cd875bc7087e0ddc60e8a3f7f7fb2d,NO INJURY / DRIVE AWAY,"OVER $1,500",2025-09-20T12:45:00.000,NO CONTROLS,REAR END,Y,0,0,2,0,0,0,0,41.9981190787,DAYLIGHT,-87.6569628463,NO INDICATION OF INJURY,2,30,FOLLOWING TOO CLOSELY,NOT ON SCENE (DESK REPORT),NO DEFECTS,DRY,NOT APPLICABLE,W,SHERIDAN RD,1031,NO CONTROLS,NOT DIVIDED,CLEAR,,,,,,,2,2,"{""coordinates"": [-87.656962846314, 41.998119078739], ""type"": ""Point""}","[""FRONT"", ""REAR""]","[""SLOW/STOP IN TRAFFIC"", ""STRAIGHT AHEAD""]",[],"[""E""]","[""DRIVER""]","[""NONE"", ""UNKNOWN""]","[""PERSONAL"", ""UNKNOWN/NA""]","[""2022""]","[""28""]","[""DEPLOYMENT UNKNOWN"", ""DID NOT DEPLOY""]","[""NONE""]","[""NO INDICATION OF INJURY""]","[""DRIVER""]","[""SAFETY BELT USED"", ""USAGE UNKNOWN""]","[""M""]",[]
STRAIGHT AND LEVEL,232,2025-09-20T12:19:00.000,7,12,9,9a4e7c0a13895cdf5c691d0b0525d84fb3580754625571ba410bda707fa0fb8796c9c47fbac85dbdc361c21f0fd91ff64470ac852d44607fef4f5c26649daae7,NO INJURY / DRIVE AWAY,"OVER $1,500",2025-09-20T16:10:00.000,FUNCTIONING PROPERLY,PARKED MOTOR VEHICLE,,0,0,1,0,0,0,0,41.7893730412,"DARKNESS, LIGHTED ROAD",-87.6210472781,NO INDICATION OF INJURY,2,30,UNABLE TO DETERMINE,NOT ON SCENE (DESK REPORT),NO DEFECTS,UNKNOWN,NOT APPLICABLE,E,58TH ST,128,STOP SIGN/FLASHER,NOT DIVIDED,CLEAR,,,,,,,2,1,"{""coordinates"": [-87.62104727814, 41.789373041164], ""type"": ""Point""}","[""SIDE-LEFT-FRONT"", ""UNKNOWN""]","[""PARKED"", ""UNKNOWN/NA""]",[],"[""UNKNOWN"", ""W""]","[""DRIVER"", ""PARKED""]","[""NONE"", ""UNKNOWN""]","[""PERSONAL"", ""UNKNOWN/NA""]","[""2018""]",[],"[""DEPLOYMENT UNKNOWN""]","[""UNKNOWN""]","[""NO INDICATION OF INJURY""]","[""DRIVER""]","[""USAGE UNKNOWN""]","[""X""]",[]
STRAIGHT AND LEVEL,823,2025-09-20T12:20:00.000,7,12,9,ee684ea64a0d49c0fde6322701751d5530a7084d252fa96bcec4d7a30a56a7108176e2ba4b32b7898c4840266aeb7ee427c19b529b237b1eb550597729798e0d,INJURY AND / OR TOW DUE TO CRASH,"OVER $1,500",2025-09-20T15:07:00.000,NO CONTROLS,PARKED MOTOR VEHICLE,,0,0,1,0,0,0,0,41.7778186063,DAYLIGHT,-87.6947237984,NO INDICATION OF INJURY,2,20,UNABLE TO DETERMINE,NOT ON SCENE (DESK REPORT),NO DEFECTS,DRY,UNABLE TO DETERMINE,S,MOZART ST,6342,NO CONTROLS,ONE-WAY,CLEAR,,,,,,,2,1,"{""coordinates"": [-87.694723798419, 41.777818606273], ""type"": ""Point""}","[""FRONT-RIGHT-CORNER"", ""OTHER""]","[""PARKED"", ""STRAIGHT AHEAD""]","[""Y""]","[""S""]","[""DRIVER"", ""PARKED""]","[""NONE""]","[""NOT IN USE"", ""PERSONAL""]","[""2007"", ""2017""]","[""54""]","[""DEPLOYMENT UNKNOWN""]","[""NONE""]","[""NO INDICATION OF INJURY""]","[""DRIVER""]","[""USAGE UNKNOWN""]","[""M""]",[]