alignment,beat_of_occurrence,crash_date,crash_day_of_week,crash_hour,crash_month,crash_record_id,crash_type,damage,date_police_notified,device_condition,first_crash_type,hit_and_run_i,injuries_fatal,injuries_incapacitating,injuries_no_indication,injuries_non_incapacitating,injuries_reported_not_evident,injuries_total,injuries_unknown,latitude,lighting_condition,longitude,most_severe_injury,num_units,posted_speed_limit,prim_contributory_cause,report_type,road_defect,roadway_surface_cond,sec_contributory_cause,street_direction,street_name,street_no,traffic_control_device,trafficway_type,weather_condition,intersection_related_i,crash_date_est_i,private_property_i,statements_taken_i,photos_taken_i,work_zone_i,veh_count,ppl_count,location_json,veh_first_contact_point_list_json,veh_maneuver_list_json,veh_towed_i_list_json,veh_travel_direction_list_json,veh_unit_type_list_json,veh_vehicle_defect_list_json,veh_vehicle_use_list_json,veh_vehicle_year_list_json,ppl_age_list_json,ppl_airbag_deployed_list_json,ppl_ejection_list_json,ppl_injury_classification_list_json,ppl_person_type_list_json,ppl_safety_equipment_list_json,ppl_sex_list_json,ppl_seat_no_list_json
STRAIGHT AND LEVEL,1611,2025-09-20T13:45:00.000,7,13,9,dba77b597b68622078fdadadc26e5f474936b9b2f319ed97738b3309c15d6731656869841088ca35f4bdcfdecf9e4b8201e10eabac92271e911e98a321c94213,INJURY AND / OR TOW DUE TO CRASH,"OVER $1,500",2025-09-20T13:45:00.000,FUNCTIONING PROPERLY,SIDESWIPE SAME DIRECTION,,0,0,2,0,0,0,0,41.9972615238,DAYLIGHT,-87.7865664703,NO INDICATION OF INJURY,2,30,"VISION OBSCURED (SIGNS, TREE LIMBS, BUILDINGS, ETC.)",ON SCENE,NO DEFECTS,WET,"VISION OBSCURED (SIGNS, TREE LIMBS, BUILDINGS, ETC.)",W,DEVON AVE,6331,TRAFFIC SIGNAL,FOUR WAY,RAIN,Y,,,Y,Y,,2,2,"{""coordinates"": [-87.7865664703, 41.997261523824], ""type"": ""Point""}","[""FRONT-RIGHT-CORNER"", ""SIDE-LEFT-FRONT""]","[""STRAIGHT AHEAD"", ""UNKNOWN/NA""]","[""Y""]","[""E"", ""SE""]","[""DRIVER""]","[""NONE""]","[""PERSONAL""]","[""2011"", ""2022""]","[""25"", ""74""]","[""NOT APPLICABLE""]","[""NONE""]","[""NO INDICATION OF INJURY""]","[""DRIVER""]","[""SAFETY BELT USED""]","[""F""]",[]
STRAIGHT AND LEVEL,1912,2025-09-20T13:46:00.000,7,13,9,b12c04555b1e0c47b047437c26b9fc884774615c5fab0ecf6b49f6baa5b2e1b5712d20d4b9c6811d86c6360fc91c34f20033454c11bb0ab1aa17b2f6bc0d3f50,NO INJURY / DRIVE AWAY,"OVER $1,500",2025-09-20T15:00:00.000,FUNCTIONING PROPERLY,SIDESWIPE SAME DIRECTION,,0,0,2,0,0,0,0,41.9544635771,DAYLIGHT,-87.6642994017,NO INDICATION OF INJURY,2,20,IMPROPER OVERTAKING/PASSING,NOT ON SCENE (DESK REPORT),UNKNOWN,DRY,NOT APPLICABLE,W,IRVING PARK RD,1400,STOP SIGN/FLASHER,NOT DIVIDED,CLEAR,,Y,,,,,2,2,"{""coordinates"": [-87.66429940173, 41.954463577124], ""type"": ""Point""}","[""FRONT-LEFT-CORNER"", ""FRONT-RIGHT-CORNER""]","[""STRAIGHT AHEAD""]",[],"[""N""]","[""DRIVER""]","[""UNKNOWN""]","[""PERSONAL""]","[""2014"", ""2022""]","[""53"", ""68""]","[""NOT APPLICABLE""]","[""NONE""]","[""NO INDICATION OF INJURY""]","[""DRIVER""]","[""USAGE UNKNOWN""]","[""F"", ""M""]",[]
STRAIGHT AND LEVEL,2512,2025-09-20T13:47:00.000,7,13,9,681589a43b589c5d0059cf74980fba7156f783e7d9f8a09ef41e046c956bdec2c9cccdb3c991dbec17f5fe0910c2028199aa3bc26bf7621e984cd1e29e9cafb5,NO INJURY / DRIVE AWAY,"OVER $1,500",2025-09-20T16:19:00.000,NO CONTROLS,PARKED MOTOR VEHICLE,Y,0,0,1,0,0,0,0,41.9237604017,DAYLIGHT,-87.7887477626,NO INDICATION OF INJURY,2,10,IMPROPER BACKING,NOT ON SCENE (DESK REPORT),NO DEFECTS,DRY,IMPROPER BACKING,W,FULLERTON AVE,6520,NO CONTROLS,PARKING LOT,CLEAR,,,,,,,2,1,"{""coordinates"": [-87.788747762559, 41.923760401743], ""type"": ""Point""}","[""REAR-LEFT-CORNER"", ""UNKNOWN""]","[""BACKING"", ""PARKED""]",[],"[""N"", ""S""]","[""DRIVER"", ""PARKED""]","[""NONE""]","[""PERSONAL""]","[""2014"", ""2019""]",[],"[""DEPLOYMENT UNKNOWN""]","[""NONE""]","[""NO INDICATION OF INJURY""]","[""DRIVER""]","[""USAGE UNKNOWN""]","[""X""]",[]
STRAIGHT AND LEVEL,914,2025-09-20T13:53:00.000,7,13,9,25b8244708f7107a16d602b22e3b8555dc5fe73fd63bcf802426d29272d577544e3e1bffbacb656c3a79ebdd67d96bbd7f922774a2443b844e91c4623e685c65,NO INJURY / DRIVE AWAY,$500 OR LESS,2025-09-20T15:30:00.000,UNKNOWN,ANGLE,,0,0,2,0,0,0,0,41.8529242143,UNKNOWN,-87.6316326061,NO INDICATION OF INJURY,2,10,UNABLE TO DETERMINE,NOT ON SCENE (DESK REPORT),UNKNOWN,UNKNOWN,DRIVING SKILLS/KNOWLEDGE/EXPERIENCE,S,WENTWORTH AVE,2155,UNKNOWN,PARKING LOT,UNKNOWN,,,,,,,2,2,"{""coordinates"": [-87.631632606121, 41.85292421433], ""type"": ""Point""}","[""UNKNOWN""]","[""BACKING"", ""SLOW/STOP IN TRAFFIC""]",[],"[""N"", ""W""]","[""DRIVER""]","[""UNKNOWN""]","[""UNKNOWN/NA""]","[""2013""]","[""27"", ""55""]","[""DEPLOYMENT UNKNOWN""]","[""UNKNOWN""]","[""NO INDICATION OF INJURY""]","[""DRIVER""]","[""USAGE UNKNOWN""]","[""M""]",[]
STRAIGHT AND LEVEL,1632,2025-09-20T13:57:00.000,7,13,9,03efbdba547b77ba0abf8e1c9d2725be7e44e0f2aaa5287bfad332ac0532fb520c1854ef92999a0eebd9293cbfa3615f9385d8a08cd56debffd08949128ac3c6,NO INJURY / DRIVE AWAY,"OVER $1,500",2025-09-20T15:35:00.000,NO CONTROLS,REAR TO FRONT,,0,0,2,0,0,0,0,41.9399977585,UNKNOWN,-87.7896215978,NO INDICATION OF INJURY,2,10,UNABLE TO DETERMINE,NOT ON SCENE (DESK REPORT),UNKNOWN,UNKNOWN,NOT APPLICABLE,N,NEENAH AVE,3259,NO CONTROLS,ALLEY,UNKNOWN,,,,,,,2,2,"{""coordinates"": [-87.789621597799, 41.939997758546], ""type"": ""Point""}","[""FRONT"", ""REAR""]","[""BACKING"", ""SLOW/STOP IN TRAFFIC""]",[],"[""N"", ""S""]","[""DRIVER""]","[""UNKNOWN""]","[""PERSONAL"", ""UNKNOWN/NA""]","[""2008"", ""2025""]","[""21"", ""49""]","[""DID NOT DEPLOY""]","[""NONE""]","[""NO INDICATION OF INJURY""]","[""DRIVER""]","[""SAFETY BELT USED"", ""USAGE UNKNOWN""]","[""M""]",[]
STRAIGHT AND LEVEL,2023,2025-09-20T14:00:00.000,7,14,9,cffb6e6270c95bf1787e52ca58aa9d553962ac88669cdedc85c0f5d786138b5441ecf0b6f98ff09530888838aebb9124788d2db677f0bcf1adb5b165ff57804e,NO INJURY / DRIVE AWAY,"$501 - $1,500",2025-09-20T14:10:00.000,FUNCTIONING PROPERLY,FIXED OBJECT,,0,0,1,0,0,0,0,41.9764334815,DAYLIGHT,-87.6597654841,NO INDICATION OF INJURY,1,30,DRIVING SKILLS/KNOWLEDGE/EXPERIENCE,ON SCENE,NO DEFECTS,DRY,NOT APPLICABLE,W,FOSTER AVE,1150,TRAFFIC SIGNAL,FOUR WAY,CLEAR,Y,,,,,,1,1,"{""coordinates"": [-87.659765484059, 41.976433481481], ""type"": ""Point""}","[""SIDE-RIGHT""]","[""TURNING RIGHT""]",[],"[""W""]","[""DRIVER""]","[""NONE""]","[""CTA""]","[""2012""]","[""46""]","[""NOT APPLICABLE""]","[""NONE""]","[""NO INDICATION OF INJURY""]","[""DRIVER""]","[""SAFETY BELT USED""]","[""M""]",[]
STRAIGHT AND LEVEL,2521,2025-09-20T14:14:00.000,7,14,9,e0b5b9831660e184a33648c2ae11c5f19318ec874a45c47accfa549c474450c03ca3cffd58b4959b1f707790d400a5c9e0f6bd4ab4ea4841e7b7e13ec6c854e5,NO INJURY / DRIVE AWAY,"OVER $1,500",2025-09-23T15:00:00.000,NO CONTROLS,PARKED MOTOR VEHICLE,Y,0,0,2,0,0,0,0,41.9286286732,DAYLIGHT,-87.752281355,NO INDICATION OF INJURY,2,25,DRIVING SKILLS/KNOWLEDGE/EXPERIENCE,NOT ON SCENE (DESK REPORT),UNKNOWN,UNKNOWN,UNABLE TO DETERMINE,W,DRUMMOND PL,5021,NO CONTROLS,ONE-WAY,UNKNOWN,,,,,,,2,2,"{""coordinates"": [-87.752281355, 41.928628673158], ""type"": ""Point""}","[""SIDE-LEFT-FRONT"", ""SIDE-RIGHT-REAR""]","[""ENTERING TRAFFIC LANE FROM PARKING"", ""PARKED""]",[],"[""W""]","[""DRIVER"", ""PARKED""]","[""UNKNOWN""]","[""PERSONAL""]","[""2007""]",[],"[""DEPLOYMENT UNKNOWN"", ""NOT APPLICABLE""]","[""NONE""]","[""NO INDICATION OF INJURY""]","[""DRIVER"", ""PASSENGER""]","[""USAGE UNKNOWN""]","[""F""]","[""3""]"
STRAIGHT AND LEVEL,1432,2025-09-20T14:15:00.000,7,14,9,6acb79824685bf92cb1185343e594152cbbad6760d6c21cc5b500643d6df8f3c5fff697f996eb10429e5ae24591934a3de1f043d8f4ae80f59ad49df9e6a9649,NO INJURY / DRIVE AWAY,"OVER $1,500",2025-09-20T15:20:00.000,NO CONTROLS,PARKED MOTOR VEHICLE,Y,0,0,1,0,0,0,0,41.9199063173,DAYLIGHT,-87.6790829915,NO INDICATION OF INJURY,2,20,UNABLE TO DETERMINE,NOT ON SCENE (DESK REPORT),NO DEFECTS,DRY,NOT APPLICABLE,W,CHARLESTON ST,2035,NO CONTROLS,ONE-WAY,CLEAR,,,,,,,2,1,"{""coordinates"": [-87.679082991547, 41.919906317291], ""type"": ""Point""}","[""SIDE-RIGHT"", ""UNKNOWN""]","[""PARKED"", ""UNKNOWN/NA""]",[],"[""UNKNOWN"", ""W""]","[""DRIVER"", ""PARKED""]","[""NONE"", ""UNKNOWN""]","[""NOT IN USE"", ""UNKNOWN/NA""]","[""2016""]",[],"[""DEPLOYMENT UNKNOWN""]","[""UNKNOWN""]","[""NO INDICATION OF INJURY""]","[""DRIVER""]","[""USAGE UNKNOWN""]","[""X""]",[]
STRAIGHT AND LEVEL,1622,2025-09-20T14:15:00.000,7,14,9,99dabfa109f4aa4f2252ab7820792ba2dd2d5464892090e7336c4725535a24977e78806bf8584ce65ccd546db0697ab65b37993a61fd04ddf139f5f06d8ec872,INJURY AND / OR TOW DUE TO CRASH,"OVER $1,500",2025-09-20T14:30:00.000,UNKNOWN,PEDALCYCLIST,,0,0,1,1,0,1,0,41.9744179638,DAYLIGHT,-87.7817215497,NONINCAPACITATING INJURY,2,30,UNABLE TO DETERMINE,NOT ON SCENE (DESK REPORT),UNKNOWN,UNKNOWN,UNABLE TO DETERMINE,W,HIGGINS AVE,6134,UNKNOWN,UNKNOWN,UNKNOWN,,,,,,,2,2,"{""coordinates"": [-87.781721549722, 41.974417963787], ""type"": ""Point""}","[""SIDE-RIGHT""]","[""STRAIGHT AHEAD""]",[],"[""S""]","[""BICYCLE"", ""DRIVER""]","[""UNKNOWN""]","[""UNKNOWN/NA""]",[],"[""13""]","[""DEPLOYMENT UNKNOWN""]","[""NONE""]","[""NO INDICATION OF INJURY"", ""NONINCAPACITATING INJURY""]","[""BICYCLE"", ""DRIVER""]","[""BICYCLE HELMET (PEDACYCLIST INVOLVED ONLY)"", ""USAGE UNKNOWN""]","[""F"", ""M""]",[]
STRAIGHT AND LEVEL,1622,2025-09-20T14:15:00.000,7,14,9,dc6c386cc1f805b5699fc3d645f4ae808bbdf86d17456dbbe62ffbd305e1c3ff2e6d77654cef6653323189ab53b575aec14d1fa058488c11d51a38a2b622252a,NO INJURY / DRIVE AWAY,"$501 - $1,500",2025-09-20T14:45:00.000,NO CONTROLS,TURNING,,0,0,2,0,0,0,0,41.9713692083,DAYLIGHT,-87.7710043937,NO INDICATION OF INJURY,2,30,FAILING TO YIELD RIGHT-OF-WAY,NOT ON SCENE (DESK REPORT),UNKNOWN,UNKNOWN,UNABLE TO DETERMINE,W,HIGGINS AVE,5702,NO CONTROLS,NOT DIVIDED,CLEAR,,,,,,,2,2,"{""coordinates"": [-87.771004393698, 41.971369208286], ""type"": ""Point""}","[""FRONT-LEFT-CORNER"", ""FRONT-RIGHT-CORNER""]","[""STRAIGHT AHEAD"", ""TURNING LEFT""]",[],"[""E"", ""W""]","[""DRIVER""]","[""UNKNOWN""]","[""UNKNOWN/NA""]","[""2015"", ""2017""]","[""17"", ""62""]","[""NOT APPLICABLE""]","[""NONE""]","[""NO INDICATION OF INJURY""]","[""DRIVER""]","[""USAGE UNKNOWN""]","[""M""]",[]
STRAIGHT AND LEVEL,622,2025-09-20T14:30:00.000,7,14,9,a1a5dda39b1c47fb89b09383e61908c12a0d14c6f330920324554a2d3d01a68f61d2c7a087184cf66072e2888fed74333110e81790b24a29118b6b60e98680ff,NO INJURY / DRIVE AWAY,"OVER $1,500",2025-09-20T15:40:00.000,FUNCTIONING PROPERLY,REAR END,,0,0,2,0,0,0,0,41.7435045576,DAYLIGHT,-87.6366627981,NO INDICATION OF INJURY,2,35,FOLLOWING TOO CLOSELY,NOT ON SCENE (DESK REPORT),NO DEFECTS,DRY,UNABLE TO DETERMINE,S,VINCENNES AVE,8300,TRAFFIC SIGNAL,DIVIDED - W/MEDIAN (NOT RAISED),CLEAR,,,,,,,2,2,"{""coordinates"": [-87.636662798126, 41.743504557606], ""type"": ""Point""}","[""FRONT"", ""REAR""]","[""STRAIGHT AHEAD""]",[],"[""S""]","[""DRIVER""]","[""NONE""]","[""PERSONAL"", ""UNKNOWN/NA""]","[""2010"", ""2015""]","[""31"", ""37""]","[""DID NOT DEPLOY""]","[""NONE""]","[""NO INDICATION OF INJURY""]","[""DRIVER""]","[""SAFETY BELT USED""]","[""F"", ""M""]",[]
STRAIGHT AND LEVEL,224,2025-09-20T14:30:00.000,7,14,9,da28b89ce6e9f97acbd53a5b37c99625053ad3e2b7cec2313544d8f40db3978f0e2d581d80c3fe04e8dfe434901f8d1145e015e0a4377f65723ed70feb1f6d0f,NO INJURY / DRIVE AWAY,"OVER $1,500",2025-09-20T16:20:00.000,FUNCTIONING PROPERLY,TURNING,,0,0,2,0,0,0,0,41.8073581281,DAYLIGHT,-87.6227021142,NO INDICATION OF INJURY,2,30,IMPROPER TURNING/NO SIGNAL,NOT ON SCENE (DESK REPORT),UNKNOWN,DRY,IMPROPER TURNING/NO SIGNAL,E,48TH ST,101,STOP SIGN/FLASHER,NOT DIVIDED,CLEAR,,,,,,,2,2,"{""coordinates"": [-87.6227021142, 41.807358128143], ""type"": ""Point""}","[""FRONT"", ""SIDE-LEFT""]","[""STRAIGHT AHEAD"", ""TURNING LEFT""]",[],"[""S""]","[""DRIVER""]","[""UNKNOWN""]","[""PERSONAL"", ""UNKNOWN/NA""]","[""2014"", ""2015""]","[""30""]","[""NOT APPLICABLE""]","[""NONE""]","[""NO INDICATION OF INJURY""]","[""DRIVER""]","[""SAFETY BELT USED"", ""USAGE UNKNOWN""]","[""M""]",[]
STRAIGHT AND LEVEL,1121,2025-09-20T14:37:00.000,7,14,9,27e48bc4e135e57a87d05cc45ff9d8ba388d9716bcb574effc5e3d8ef0b41f1d1c4081bbe6b54d18afb0fdfba6b413a896c454640d7023795b7da9c6517c535d,NO INJURY / DRIVE AWAY,"OVER $1,500",2025-09-20T15:30:00.000,NO CONTROLS,SIDESWIPE SAME DIRECTION,,0,0,3,0,0,0,0,41.9007848257,DAYLIGHT,-87.7131860429,NO INDICATION OF INJURY,2,30,IMPROPER TURNING/NO SIGNAL,NOT ON SCENE (DESK REPORT),UNKNOWN,DRY,IMPROPER OVERTAKING/PASSING,W,GRAND AVE,3457,NO CONTROLS,NOT DIVIDED,CLOUDY/OVERCAST,,,,,,,2,3,"{""coordinates"": [-87.71318604288, 41.900784825663], ""type"": ""Point""}","[""SIDE-LEFT-FRONT"", ""SIDE-RIGHT-REAR""]","[""MERGING"", ""STRAIGHT AHEAD""]",[],"[""E""]","[""DRIVER""]","[""UNKNOWN""]","[""PERSONAL""]","[""1999"", ""2010""]","[""0"", ""27"", ""29""]","[""DID NOT DEPLOY"", ""NOT APPLICABLE""]","[""NONE""]","[""NO INDICATION OF INJURY""]","[""DRIVER"", ""PASSENGER""]","[""SAFETY BELT USED""]","[""M""]","[""5""]"
STRAIGHT AND LEVEL,2211,2025-09-20T14:45:00.000,7,14,9,910ec5e3d836ec77a6bb671aaa6f5e6bd4fcb669c001ac5843c0ea57df95ad3b14ecf161a3454ccab0de16c9559b91bd033cd3a858017ff330f1041a3f3dfbf8,NO INJURY / DRIVE AWAY,"$501 - $1,500",2025-09-20T15:00:00.000,FUNCTIONING PROPERLY,REAR END,,0,0,2,0,0,0,0,41.7060829595,DAYLIGHT,-87.7014667184,NO INDICATION OF INJURY,2,30,UNABLE TO DETERMINE,NOT ON SCENE (DESK REPORT),NO DEFECTS,DRY,NOT APPLICABLE,S,KEDZIE AVE,10300,TRAFFIC SIGNAL,NOT DIVIDED,CLEAR,,,,,,,2,2,"{""coordinates"": [-87.701466718439, 41.706082959543], ""type"": ""Point""}","[""REAR"", ""UNKNOWN""]","[""STRAIGHT AHEAD""]",[],"[""E""]","[""DRIVER""]","[""UNKNOWN""]","[""PERSONAL"", ""UNKNOWN/NA""]","[""2010"", ""2018""]","[""18"", ""40""]","[""NOT APPLICABLE""]","[""NONE""]","[""NO INDICATION OF INJURY""]","[""DRIVER""]","[""SAFETY BELT USED""]","[""F"", ""M""]",[]
STRAIGHT AND LEVEL,1921,2025-09-20T14:50:00.000,7,14,9,cc37fa051c2aafd3e8851f5495f3170ebaf45de4aab18b8c19e7e759ba86c365709a8d76371b5920cf43fc17056a5be715b262ad98d35b3ecff3bbbb45f2a430,NO INJURY / DRIVE AWAY,"$501 - $1,500",2025-09-20T15:46:00.000,NO CONTROLS,REAR TO FRONT,,0,0,3,0,0,0,0,41.9429798349,DAYLIGHT,-87.685576419,NO INDICATION OF INJURY,2,30,FAILING TO REDUCE SPEED TO AVOID CRASH,ON SCENE,NO DEFECTS,DRY,NOT APPLICABLE,N,OAKLEY AVE,3357,NO CONTROLS,ONE-WAY,CLEAR,,,,,,,2,3,"{""coordinates"": [-87.685576418965, 41.942979834879], ""type"": ""Point""}","[""FRONT"", ""REAR""]","[""BACKING"", ""STRAIGHT AHEAD""]",[],"[""N"", ""S""]","[""DRIVER""]","[""UNKNOWN""]","[""PERSONAL""]","[""2013"", ""2020""]","[""17"", ""33""]","[""DID NOT DEPLOY""]","[""NONE""]","[""NO INDICATION OF INJURY""]","[""DRIVER"", ""PASSENGER""]","[""SAFETY BELT USED""]","[""M""]","[""3""]"
STRAIGHT AND LEVEL,531,2025-09-20T15:00:00.000,7,15,9,345e6db2e561444c565e24e828739a3f0c3075166181160e61c4e2c92bf3e7089e931e1118116a17c2914ed2bb1df27949609d8570d8069dde1a39e7f9c4f52a,INJURY AND / OR TOW DUE TO CRASH,"OVER $1,500",2025-09-20T15:10:00.000,NO CONTROLS,TURNING,,0,0,2,0,0,0,0,41.6885886607,DAYLIGHT,-87.5992300783,NO INDICATION OF INJURY,2,30,FAILING TO YIELD RIGHT-OF-WAY,ON SCENE,NO DEFECTS,DRY,FAILING TO YIELD RIGHT-OF-WAY,S,DOTY AVE E,11318,NO CONTROLS,T-INTERSECTION,CLEAR,Y,,,,,,2,2,"{""coordinates"": [-87.599230078255, 41.688588660689], ""type"": ""Point""}","[""FRONT-RIGHT-CORNER"", ""SIDE-LEFT-FRONT""]","[""STRAIGHT AHEAD"", ""TURNING LEFT""]","[""Y""]","[""NE"", ""S""]","[""DRIVER""]","[""UNKNOWN""]","[""PERSONAL""]","[""2004"", ""2024""]","[""39"", ""58""]","[""DEPLOYED, COMBINATION"", ""DEPLOYED, FRONT""]","[""NONE""]","[""NO INDICATION OF INJURY""]","[""DRIVER""]","[""NONE PRESENT""]","[""M""]",[]
STRAIGHT AND LEVEL,1432,2025-09-20T15:00:00.000,7,15,9,4e179e2ec300159759a92ea654ce8d16f7b2882f817e0437ae784fbb96f913f44bf51dcdc9a1965b68ee94573cff9910e3c4a0750d94f6781cb79c9e23286aa7,INJURY AND / OR TOW DUE TO CRASH,"OVER $1,500",2025-09-20T16:00:00.000,FUNCTIONING PROPERLY,PEDALCYCLIST,,0,0,1,1,0,1,0,41.9250380064,DAYLIGHT,-87.678047191,NONINCAPACITATING INJURY,2,30,UNABLE TO DETERMINE,NOT ON SCENE (DESK REPORT),UNKNOWN,DRY,NOT APPLICABLE,N,DAMEN AVE,2400,TRAFFIC SIGNAL,NOT DIVIDED,CLEAR,,Y,,,,,2,2,"{""coordinates"": [-87.678047191013, 41.92503800641], ""type"": ""Point""}","[""FRONT-RIGHT-CORNER""]","[""TURNING RIGHT""]",[],"[""S""]","[""BICYCLE"", ""DRIVER""]","[""UNKNOWN""]","[""PERSONAL""]","[""2017""]","[""24"", ""41""]","[""NOT APPLICABLE""]","[""NONE""]","[""NO INDICATION OF INJURY"", ""NONINCAPACITATING INJURY""]","[""BICYCLE"", ""DRIVER""]","[""HELMET NOT USED"", ""USAGE UNKNOWN""]","[""F"", ""M""]",[]
STRAIGHT AND LEVEL,1922,2025-09-20T15:00:00.000,7,15,9,5e73ca28944c3e8e2b8fe3f6f9864b7b223d2a2785cd1eb2c755739e039945dd7113fff825a1d61cabb3fca57ae8084e47733e2b244f69462f2ce45d84cf2bab,NO INJURY / DRIVE AWAY,"OVER $1,500",2025-09-20T15:10:00.000,FUNCTIONING PROPERLY,REAR TO SIDE,,0,0,3,0,0,0,0,41.9515348555,DAYLIGHT,-87.6785340561,NO INDICATION OF INJURY,2,30,IMPROPER BACKING,ON SCENE,NO DEFECTS,DRY,FAILING TO YIELD RIGHT-OF-WAY,N,DAMEN AVE,3835,STOP SIGN/FLASHER,NOT DIVIDED,CLEAR,Y,,,,,,2,3,"{""coordinates"": [-87.678534056111, 41.951534855508], ""type"": ""Point""}","[""FRONT-RIGHT-CORNER"", ""REAR-RIGHT-CORNER""]","[""BACKING"", ""STRAIGHT AHEAD""]",[],"[""S"", ""W""]","[""DRIVER""]","[""UNKNOWN""]","[""PERSONAL""]","[""2010"", ""2013""]","[""58"", ""61"", ""65""]","[""DID NOT DEPLOY""]","[""NONE""]","[""NO INDICATION OF INJURY""]","[""DRIVER"", ""PASSENGER""]","[""USAGE UNKNOWN""]","[""F"", ""M""]","[""3""]"
STRAIGHT AND LEVEL,2522,2025-09-20T15:20:00.000,7,15,9,a4525fcdb714d0e39bef17355e1593eeeb9d11b585733417874ff482d795af7097de305617b505689030de3662f321818d92e8050d89eb9fb4e169b7a1194691,NO INJURY / DRIVE AWAY,"OVER $1,500",2025-09-20T17:10:00.000,FUNCTIONING PROPERLY,REAR TO FRONT,,0,0,2,0,0,0,0,41.9240951092,DAYLIGHT,-87.7327359803,NO INDICATION OF INJURY,2,25,IMPROPER BACKING,NOT ON SCENE (DESK REPORT),UNKNOWN,UNKNOWN,NOT APPLICABLE,N,TRIPP AVE,2351,STOP SIGN/FLASHER,FOUR WAY,UNKNOWN,Y,,,,,,2,2,"{""coordinates"": [-87.732735980254, 41.924095109172], ""type"": ""Point""}","[""FRONT"", ""REAR""]","[""BACKING"", ""STRAIGHT AHEAD""]",[],"[""N"", ""S""]","[""DRIVER""]","[""UNKNOWN""]","[""PERSONAL""]","[""2012"", ""2013""]","[""0""]","[""DEPLOYMENT UNKNOWN"", ""DID NOT DEPLOY""]","[""NONE""]","[""NO INDICATION OF INJURY""]","[""DRIVER""]","[""USAGE UNKNOWN""]","[""F"", ""X""]",[]
STRAIGHT AND LEVEL,2213,2025-09-20T15:20:00.000,7,15,9,c511d2567bde08b7d007b323978d815255da650428af35442ca7ebc004a38adaf7105376fb58c95e2e7243aeca195281b7062436d19b15ce236c72cf341ed3bd,INJURY AND / OR TOW DUE TO CRASH,"OVER $1,500",2025-09-20T15:23:00.000,FUNCTIONING PROPERLY,TURNING,,0,0,3,0,0,0,0,41.7138198386,DAYLIGHT,-87.6781536231,NO INDICATION OF INJURY,2,30,IMPROPER TURNING/NO SIGNAL,ON SCENE,NO DEFECTS,WET,IMPROPER TURNING/NO SIGNAL,W,99TH ST,2228,STOP SIGN/FLASHER,NOT DIVIDED,CLEAR,Y,,,,,,2,3,"{""coordinates"": [-87.678153623085, 41.713819838577], ""type"": ""Point""}","[""FRONT-LEFT-CORNER"", ""SIDE-LEFT""]","[""STRAIGHT AHEAD"", ""TURNING LEFT""]","[""Y""]","[""NE"", ""W""]","[""DRIVER""]","[""UNKNOWN""]","[""PERSONAL""]","[""2005"", ""2010""]","[""19"", ""27"", ""38""]","[""DID NOT DEPLOY""]","[""NONE""]","[""NO INDICATION OF INJURY""]","[""DRIVER"", ""PASSENGER""]","[""USAGE UNKNOWN""]","[""F"", ""M""]","[""6""]"
STRAIGHT AND LEVEL,224,2025-09-20T15:25:00.000,7,15,9,8c4b61a80712c64b1e3c61c9c7f2826934fc6dcd14d3d2591744b033614329086a706ff997acbc43fa672ec1a465c49783839a01dcd5ceb2901f82869a3d2ede,NO INJURY / DRIVE AWAY,"OVER $1,500",2025-09-20T15:43:00.000,FUNCTIONING PROPERLY,ANGLE,,0,0,2,0,0,0,0,41.8075550983,DAYLIGHT,-87.6229359272,NO INDICATION OF INJURY,2,30,FAILING TO YIELD RIGHT-OF-WAY,NOT ON SCENE (DESK REPORT),NO DEFECTS,DRY,NOT APPLICABLE,S,MICHIGAN AVE,4760,STOP SIGN/FLASHER,FOUR WAY,CLEAR,Y,,,,,,2,2,"{""coordinates"": [-87.622935927222, 41.807555098327], ""type"": ""Point""}","[""FRONT"", ""SIDE-LEFT-FRONT""]","[""STRAIGHT AHEAD""]",[],"[""S"", ""W""]","[""DRIVER""]","[""NONE"", ""UNKNOWN""]","[""PERSONAL"", ""UNKNOWN/NA""]","[""2014"", ""2015""]","[""30"", ""36""]","[""DID NOT DEPLOY""]","[""NONE""]","[""NO INDICATION OF INJURY""]","[""DRIVER""]","[""SAFETY BELT USED"", ""USAGE UNKNOWN""]","[""M""]",[]
STRAIGHT AND LEVEL,1912,2025-09-20T15:30:00.000,7,15,9,127cf96e3750c52fa3da3607239e74dc0bbbf20dc6d75983a233620a1f55fc3f13397fcb48286d8c478f9c60ac1f5bae94eba377a76824e31d7d4108924841f3,INJURY AND / OR TOW DUE TO CRASH,"OVER $1,500",2025-09-20T23:20:00.000,FUNCTIONING PROPERLY,ANGLE,,0,0,2,1,0,1,0,41.9670890889,DAYLIGHT,-87.6739790656,NONINCAPACITATING INJURY,2,30,FAILING TO YIELD RIGHT-OF-WAY,,NO DEFECTS,DRY,DISREGARDING STOP SIGN,N,RAVENSWOOD AVE,4701,STOP SIGN/FLASHER,T-INTERSECTION,CLEAR,Y,,,,,,2,3,"{""coordinates"": [-87.673979065565, 41.967089088892], ""type"": ""Point""}","[""FRONT"", ""SIDE-RIGHT""]","[""STRAIGHT AHEAD""]",[],"[""E"", ""S""]","[""DRIVER""]","[""NONE"", ""UNKNOWN""]","[""PERSONAL""]","[""2013"", ""2025""]","[""32"", ""52""]","[""DEPLOYMENT UNKNOWN"", ""DID NOT DEPLOY""]","[""NONE""]","[""NO INDICATION OF INJURY"", ""NONINCAPACITATING INJURY""]","[""DRIVER"", ""PASSENGER""]","[""SAFETY BELT USED""]","[""F"", ""M""]","[""6""]"