alignment,beat_of_occurrence,crash_date,crash_day_of_week,crash_hour,crash_month,crash_record_id,crash_type,damage,date_police_notified,device_condition,first_crash_type,hit_and_run_i,injuries_fatal,injuries_incapacitating,injuries_no_indication,injuries_non_incapacitating,injuries_reported_not_evident,injuries_total,injuries_unknown,latitude,lighting_condition,longitude,most_severe_injury,num_units,posted_speed_limit,prim_contributory_cause,report_type,road_defect,roadway_surface_cond,sec_contributory_cause,street_direction,street_name,street_no,traffic_control_device,trafficway_type,weather_condition,intersection_related_i,crash_date_est_i,private_property_i,statements_taken_i,photos_taken_i,work_zone_i,veh_count,ppl_count,location_json,veh_first_contact_point_list_json,veh_maneuver_list_json,veh_towed_i_list_json,veh_travel_direction_list_json,veh_unit_type_list_json,veh_vehicle_defect_list_json,veh_vehicle_use_list_json,veh_vehicle_year_list_json,ppl_age_list_json,ppl_airbag_deployed_list_json,ppl_ejection_list_json,ppl_injury_classification_list_json,ppl_person_type_list_json,ppl_safety_equipment_list_json,ppl_sex_list_json,ppl_seat_no_list_json
STRAIGHT AND LEVEL,1214,2025-09-20T15:30:00.000,7,15,9,27a129fb5f209b8a2698bab43d1925e8dea35acddee3b34e7023c02021235d1aab78ad2d1f00edf194f3b5d478942e4aef50f681b1798781dd7e7a064b75dcd3,NO INJURY / DRIVE AWAY,"OVER $1,500",2025-09-20T18:24:00.000,NO CONTROLS,PEDALCYCLIST,Y,0,0,2,0,0,0,0,41.8961983286,DAYLIGHT,-87.6526797277,NO INDICATION OF INJURY,2,30,UNABLE TO DETERMINE,NOT ON SCENE (DESK REPORT),NO DEFECTS,DRY,NOT APPLICABLE,W,CHICAGO AVE,1001,NO CONTROLS,NOT DIVIDED,CLEAR,,,,,,,2,2,"{""coordinates"": [-87.6526797277, 41.89619832858], ""type"": ""Point""}","[""FRONT-RIGHT-CORNER""]","[""STRAIGHT AHEAD""]",[],"[""E""]","[""BICYCLE"", ""DRIVER""]","[""NONE""]","[""PERSONAL""]","[""2023""]","[""25""]","[""DID NOT DEPLOY""]","[""NONE""]","[""NO INDICATION OF INJURY""]","[""BICYCLE"", ""DRIVER""]","[""HELMET NOT USED"", ""SAFETY BELT USED""]","[""M""]",[]
STRAIGHT AND LEVEL,223,2025-09-20T15:40:00.000,7,15,9,97b9c9164c8366a2332fed2c3ea4d6379ea20f5b8f5f98973000677fa7ff9e0711380e8c984de60e83006df6b936346aab975ec4e7172beed130cf60914a3cf5,NO INJURY / DRIVE AWAY,$500 OR LESS,2025-09-20T15:44:00.000,FUNCTIONING PROPERLY,REAR END,Y,0,0,3,0,0,0,0,41.8023585012,DAYLIGHT,-87.6064872794,NO INDICATION OF INJURY,2,30,UNABLE TO DETERMINE,ON SCENE,NO DEFECTS,DRY,NOT APPLICABLE,E,51ST ST,798,TRAFFIC SIGNAL,FOUR WAY,CLEAR,,,,Y,,,2,3,"{""coordinates"": [-87.606487279438, 41.802358501195], ""type"": ""Point""}","[""FRONT"", ""REAR""]","[""STRAIGHT AHEAD""]",[],"[""N""]","[""DRIVER""]","[""NONE"", ""UNKNOWN""]","[""PERSONAL"", ""UNKNOWN/NA""]","[""2020""]","[""30""]","[""DEPLOYMENT UNKNOWN"", ""NOT APPLICABLE""]","[""NONE"", ""UNKNOWN""]","[""NO INDICATION OF INJURY""]","[""DRIVER"", ""PASSENGER""]","[""SAFETY BELT USED"", ""USAGE UNKNOWN""]","[""F"", ""M""]","[""3""]"
STRAIGHT AND LEVEL,1434,2025-09-20T15:40:00.000,7,15,9,fbdab3436fd0f50a591ee481550ca43243f49f88afd91318f5b4fdf0db976ddee1e5b3fd894e8d6a74bacc50181d750a19ddfb7744cee04c83395596b7366c43,NO INJURY / DRIVE AWAY,"OVER $1,500",2025-09-20T16:30:00.000,NO CONTROLS,PARKED MOTOR VEHICLE,Y,0,0,1,0,0,0,0,41.9177223874,DAYLIGHT,-87.677473221,NO INDICATION OF INJURY,2,30,UNABLE TO DETERMINE,NOT ON SCENE (DESK REPORT),NO DEFECTS,DRY,UNABLE TO DETERMINE,N,DAMEN AVE,1971,NO CONTROLS,NOT DIVIDED,CLEAR,,,,,,,2,1,"{""coordinates"": [-87.677473221014, 41.917722387402], ""type"": ""Point""}","[""FRONT-LEFT-CORNER"", ""UNKNOWN""]","[""PARKED"", ""UNKNOWN/NA""]",[],"[""N"", ""UNKNOWN""]","[""DRIVER"", ""PARKED""]","[""NONE"", ""UNKNOWN""]","[""PERSONAL"", ""UNKNOWN/NA""]","[""2019""]",[],"[""DEPLOYMENT UNKNOWN""]","[""UNKNOWN""]","[""NO INDICATION OF INJURY""]","[""DRIVER""]","[""USAGE UNKNOWN""]","[""X""]",[]
STRAIGHT AND LEVEL,1231,2025-09-20T15:45:00.000,7,15,9,4b6be2f7554560dafc41c9c06a0e4bafc6837188de925edfdedbc76f97cca08354dc64bfd65e9037a5a8ecbc2db1da4876a7e45b420c0f13553539d5db56bcd6,INJURY AND / OR TOW DUE TO CRASH,"OVER $1,500",2025-09-20T15:45:00.000,NO CONTROLS,PARKED MOTOR VEHICLE,Y,0,0,1,0,0,0,0,41.8670171521,DAYLIGHT,-87.6622264023,NO INDICATION OF INJURY,2,30,UNABLE TO DETERMINE,ON SCENE,NO DEFECTS,DRY,UNABLE TO DETERMINE,W,ROOSEVELT RD,1414,NO CONTROLS,DIVIDED - W/MEDIAN BARRIER,CLEAR,,,,,,,2,1,"{""coordinates"": [-87.66222640234, 41.867017152101], ""type"": ""Point""}","[""FRONT-RIGHT-CORNER"", ""SIDE-LEFT""]","[""PARKED"", ""STRAIGHT AHEAD""]","[""Y""]","[""W""]","[""DRIVER"", ""PARKED""]","[""UNKNOWN""]","[""UNKNOWN/NA""]","[""2008"", ""2010""]","[""26""]","[""DID NOT DEPLOY""]","[""NONE""]","[""NO INDICATION OF INJURY""]","[""DRIVER""]","[""USAGE UNKNOWN""]","[""M""]",[]
STRAIGHT AND LEVEL,1022,2025-09-20T15:45:00.000,7,15,9,e11bed7f25c95ec20b5039514ae730cb9a13f6d3b96bea00785512fc408fe958db00c3951ad0b039660d9b08bbf0738652447622095e76a09a6c3782bcf3b242,NO INJURY / DRIVE AWAY,"OVER $1,500",2025-09-20T17:30:00.000,FUNCTIONING PROPERLY,FIXED OBJECT,,0,0,2,0,0,0,0,41.8553209063,DAYLIGHT,-87.705502255,NO INDICATION OF INJURY,1,30,UNABLE TO DETERMINE,NOT ON SCENE (DESK REPORT),"RUT, HOLES",DRY,UNABLE TO DETERMINE,S,KEDZIE AVE,1900,TRAFFIC SIGNAL,NOT DIVIDED,CLEAR,Y,,,,,,1,2,"{""coordinates"": [-87.705502255021, 41.855320906322], ""type"": ""Point""}","[""FRONT-RIGHT-CORNER""]","[""STRAIGHT AHEAD""]",[],"[""S""]","[""DRIVER""]","[""NONE""]","[""PERSONAL""]","[""2025""]","[""14"", ""39""]","[""DID NOT DEPLOY"", ""NOT APPLICABLE""]","[""NONE""]","[""NO INDICATION OF INJURY""]","[""DRIVER"", ""PASSENGER""]","[""SAFETY BELT USED""]","[""F""]","[""3""]"
STRAIGHT AND LEVEL,1722,2025-09-20T15:46:00.000,7,15,9,736859d2f8040886814342afff786a02c29832dacb7b8e8f5f3ef7d5e58b23412412f6dd570b3fffd1d8425215c3a400c5892e1c305bd30efe36d689b7ff4fdb,INJURY AND / OR TOW DUE TO CRASH,"OVER $1,500",2025-09-20T15:47:00.000,NO CONTROLS,PEDALCYCLIST,,0,0,1,0,1,1,0,41.9681046544,DAYLIGHT,-87.730537781,"REPORTED, NOT EVIDENT",2,30,UNABLE TO DETERMINE,ON SCENE,NO DEFECTS,DRY,UNABLE TO DETERMINE,W,LAWRENCE AVE,4101,NO CONTROLS,NOT DIVIDED,CLEAR,,,,,,,2,2,"{""coordinates"": [-87.730537780991, 41.968104654364], ""type"": ""Point""}","[""FRONT-LEFT-CORNER""]","[""STRAIGHT AHEAD""]",[],"[""E""]","[""BICYCLE"", ""DRIVER""]","[""UNKNOWN""]","[""PERSONAL""]","[""2023""]","[""30"", ""67""]","[""DID NOT DEPLOY""]","[""NONE"", ""UNKNOWN""]","[""NO INDICATION OF INJURY"", ""REPORTED, NOT EVIDENT""]","[""BICYCLE"", ""DRIVER""]","[""HELMET NOT USED"", ""USAGE UNKNOWN""]","[""M""]",[]
STRAIGHT AND LEVEL,821,2025-09-20T15:55:00.000,7,15,9,9129396617d8fb79975017b366f498acd70d3bc047f9924ca98de3c450778e846b5e104b13de8c88efc100a1ec6f9cc6bbb5d49a5ecf409a707d3bf9bca71326,NO INJURY / DRIVE AWAY,"OVER $1,500",2025-09-20T17:50:00.000,NO CONTROLS,SIDESWIPE SAME DIRECTION,,0,0,4,0,0,0,0,41.8077922866,DAYLIGHT,-87.7211840269,NO INDICATION OF INJURY,2,30,IMPROPER LANE USAGE,NOT ON SCENE (DESK REPORT),NO DEFECTS,DRY,NOT APPLICABLE,W,47TH ST,3901,NO CONTROLS,NOT DIVIDED,CLOUDY/OVERCAST,,,,,,,2,4,"{""coordinates"": [-87.721184026899, 41.807792286584], ""type"": ""Point""}","[""SIDE-LEFT"", ""SIDE-RIGHT""]","[""STRAIGHT AHEAD"", ""UNKNOWN/NA""]",[],"[""E""]","[""DRIVER""]","[""NONE""]","[""PERSONAL""]","[""2003"", ""2018""]","[""36"", ""39""]","[""DID NOT DEPLOY""]","[""NONE""]","[""NO INDICATION OF INJURY""]","[""DRIVER"", ""PASSENGER""]","[""SAFETY BELT USED""]","[""F"", ""M""]","[""3""]"
STRAIGHT AND LEVEL,2512,2025-09-20T15:55:00.000,7,15,9,cea76b8371d5f792d76c5b18a718fcaf2ccbc83d29ec65416a1c6a86a0a7ea2a07717388a64ff5e01e0319211125b9edfb77d1a4d70e0d653a0c1e183d63fd25,NO INJURY / DRIVE AWAY,$500 OR LESS,2025-09-20T16:12:00.000,NO CONTROLS,REAR END,,0,0,3,0,0,0,0,41.9234386238,DAYLIGHT,-87.8014886244,NO INDICATION OF INJURY,2,30,FOLLOWING TOO CLOSELY,ON SCENE,NO DEFECTS,WET,FAILING TO REDUCE SPEED TO AVOID CRASH,W,GRAND AVE,7017,NO CONTROLS,DIVIDED - W/MEDIAN (NOT RAISED),RAIN,,,,,,,2,3,"{""coordinates"": [-87.801488624362, 41.923438623776], ""type"": ""Point""}","[""FRONT"", ""REAR""]","[""STRAIGHT AHEAD""]",[],"[""E""]","[""DRIVER""]","[""NONE""]","[""NOT IN USE"", ""PERSONAL""]","[""2007"", ""2019""]","[""50"", ""51"", ""60""]","[""DID NOT DEPLOY""]","[""NONE""]","[""NO INDICATION OF INJURY""]","[""DRIVER"", ""PASSENGER""]","[""SAFETY BELT USED""]","[""F"", ""M""]","[""3""]"
STRAIGHT AND LEVEL,431,2025-09-20T15:57:00.000,7,15,9,a69d020fc35da10eced594c688fec139d0adf2fb6cc045c8b7627b5346a25ebe4de1371685d7d8d1106e6deb7b5ba5217c7dec04af24f7931828cbfba4b88e20,INJURY AND / OR TOW DUE TO CRASH,$500 OR LESS,2025-09-20T15:57:00.000,FUNCTIONING PROPERLY,OTHER NONCOLLISION,,0,0,0,1,0,1,0,41.7081220217,DAYLIGHT,-87.5705123579,NONINCAPACITATING INJURY,1,30,ROAD ENGINEERING/SURFACE/MARKING DEFECTS,ON SCENE,"RUT, HOLES",DRY,NOT APPLICABLE,E,103RD ST,2200,NO CONTROLS,DIVIDED - W/MEDIAN (NOT RAISED),CLEAR,,,,,,,1,1,"{""coordinates"": [-87.570512357885, 41.708122021722], ""type"": ""Point""}","[""UNKNOWN""]","[""STRAIGHT AHEAD""]",[],"[""W""]","[""DRIVER""]","[""NONE""]","[""PERSONAL""]","[""2025""]","[""55""]","[""NOT APPLICABLE""]","[""TOTALLY EJECTED""]","[""NONINCAPACITATING INJURY""]","[""DRIVER""]","[""DOT COMPLIANT MOTORCYCLE HELMET""]","[""M""]",[]
STRAIGHT AND LEVEL,1833,2025-09-20T16:00:00.000,7,16,9,6646b9b996f4cf4505b94eda76800346de707548f3f9449527860605f0aadcbf70f0f711310d17a726fd48cfd58365a5c6851b0e2dc81b78372bc61a77c4a132,NO INJURY / DRIVE AWAY,"$501 - $1,500",2025-09-20T17:30:00.000,NO CONTROLS,SIDESWIPE SAME DIRECTION,,0,0,2,0,0,0,0,41.8968049724,DAYLIGHT,-87.6170274232,NO INDICATION OF INJURY,2,40,UNABLE TO DETERMINE,NOT ON SCENE (DESK REPORT),UNKNOWN,UNKNOWN,NOT APPLICABLE,N,LAKE SHORE DR NB,800,NO CONTROLS,DIVIDED - W/MEDIAN BARRIER,UNKNOWN,,,,,,,2,2,"{""coordinates"": [-87.617027423234, 41.896804972416], ""type"": ""Point""}","[""FRONT-RIGHT-CORNER"", ""SIDE-LEFT""]","[""CHANGING LANES"", ""STRAIGHT AHEAD""]",[],"[""N""]","[""DRIVER""]","[""UNKNOWN""]","[""UNKNOWN/NA""]","[""2018"", ""2019""]","[""37""]","[""DEPLOYMENT UNKNOWN""]","[""NONE""]","[""NO INDICATION OF INJURY""]","[""DRIVER""]","[""USAGE UNKNOWN""]","[""M""]",[]
STRAIGHT AND LEVEL,1234,2025-09-20T16:00:00.000,7,16,9,f0b740230498c8458e25091ed5f2cda2afebc8c36d7fa055cbce80c2f11318fe55d2eb9558b26aa9e750cb708e0b08060cffea4d7000a7d40b926d7ae6b026fb,INJURY AND / OR TOW DUE TO CRASH,$500 OR LESS,2025-09-20T19:06:00.000,NO CONTROLS,PEDALCYCLIST,Y,0,1,1,0,0,1,0,41.853080276,DAYLIGHT,-87.6845234805,INCAPACITATING INJURY,2,30,FAILING TO REDUCE SPEED TO AVOID CRASH,ON SCENE,NO DEFECTS,DRY,UNABLE TO DETERMINE,W,21ST PL,2330,NO CONTROLS,NOT DIVIDED,CLEAR,,,,,,,2,2,"{""coordinates"": [-87.684523480482, 41.853080276049], ""type"": ""Point""}","[""FRONT-RIGHT-CORNER""]","[""STRAIGHT AHEAD""]","[""Y""]","[""W""]","[""BICYCLE"", ""DRIVER""]","[""UNKNOWN""]","[""PERSONAL""]","[""2012""]","[""22""]","[""DID NOT DEPLOY""]","[""NONE"", ""TOTALLY EJECTED""]","[""INCAPACITATING INJURY"", ""NO INDICATION OF INJURY""]","[""BICYCLE"", ""DRIVER""]","[""HELMET NOT USED"", ""USAGE UNKNOWN""]","[""M""]",[]
STRAIGHT AND LEVEL,2422,2025-09-20T16:03:00.000,7,16,9,f78753d79038f01b46021482d8345a63bed9f02b6e9606c41b555ebca4a57210fb9bdb9ad6de7fad87ceb3e2070544df563b9287d9f273324567bd7659968813,NO INJURY / DRIVE AWAY,"OVER $1,500",2025-09-20T16:03:00.000,NO CONTROLS,PARKED MOTOR VEHICLE,,0,0,1,0,0,0,0,42.0185109815,DAYLIGHT,-87.6683723416,NO INDICATION OF INJURY,2,30,UNABLE TO DETERMINE,ON SCENE,NO DEFECTS,WET,UNABLE TO DETERMINE,N,GREENVIEW AVE,7510,NO CONTROLS,NOT DIVIDED,RAIN,,,,,,,2,1,"{""coordinates"": [-87.668372341575, 42.018510981501], ""type"": ""Point""}","[""FRONT-LEFT-CORNER"", ""REAR-RIGHT-CORNER""]","[""LEAVING TRAFFIC LANE TO PARK"", ""PARKED""]",[],"[""S""]","[""DRIVER"", ""PARKED""]","[""NONE"", ""UNKNOWN""]","[""NOT IN USE"", ""PERSONAL""]","[""2016"", ""2019""]","[""43""]","[""DID NOT DEPLOY""]","[""NONE""]","[""NO INDICATION OF INJURY""]","[""DRIVER""]","[""USAGE UNKNOWN""]","[""M""]",[]
STRAIGHT AND LEVEL,431,2025-09-20T16:05:00.000,7,16,9,13ffe3da9a5b7a0dc8f0c18e9b13b9d5dc8b0922de4ef59503b466656fe223eae2ec20f2abeecc35552eda8d0b1ffbac1575009da948dd0d5d6ba81b1717ee52,NO INJURY / DRIVE AWAY,$500 OR LESS,2025-09-20T16:20:00.000,NO CONTROLS,TURNING,,0,0,4,0,0,0,0,41.722375907,DAYLIGHT,-87.5754999033,NO INDICATION OF INJURY,2,25,IMPROPER TURNING/NO SIGNAL,NOT ON SCENE (DESK REPORT),NO DEFECTS,DRY,IMPROPER TURNING/NO SIGNAL,S,JEFFERY AVE,9500,NO CONTROLS,TRAFFIC ROUTE,CLEAR,,,,,,,2,4,"{""coordinates"": [-87.575499903328, 41.722375907041], ""type"": ""Point""}","[""NONE"", ""SIDE-LEFT-REAR""]","[""STRAIGHT AHEAD"", ""U-TURN""]",[],"[""S""]","[""DRIVER""]","[""NONE""]","[""PERSONAL""]","[""2011"", ""2015""]","[""22""]","[""DEPLOYMENT UNKNOWN"", ""DID NOT DEPLOY""]","[""NONE""]","[""NO INDICATION OF INJURY""]","[""DRIVER"", ""PASSENGER""]","[""CHILD RESTRAINT - TYPE UNKNOWN"", ""SAFETY BELT USED"", ""USAGE UNKNOWN""]","[""F"", ""M"", ""X""]","[""4"", ""6""]"
STRAIGHT AND LEVEL,1132,2025-09-20T16:11:00.000,7,16,9,15a871fb7d365e6dc0647c6aaf8ab01e970259bb38959c1df0821f1e8ebfcad0362c1b2f6636c94d60c4c2f629bb2d28cc288b9b45498aee036bfeda6bdd873e,INJURY AND / OR TOW DUE TO CRASH,$500 OR LESS,2025-09-20T16:30:00.000,NO CONTROLS,PARKED MOTOR VEHICLE,Y,0,0,1,0,0,0,0,41.8751077651,DAYLIGHT,-87.7294248303,NO INDICATION OF INJURY,2,30,UNABLE TO DETERMINE,ON SCENE,NO DEFECTS,DRY,NOT APPLICABLE,W,VAN BUREN ST,4137,NO CONTROLS,ONE-WAY,CLEAR,,,,,,,2,1,"{""coordinates"": [-87.729424830263, 41.875107765118], ""type"": ""Point""}","[""SIDE-RIGHT"", ""UNKNOWN""]","[""PARKED"", ""STRAIGHT AHEAD""]","[""Y""]","[""E""]","[""DRIVER"", ""PARKED""]","[""NONE""]","[""PERSONAL""]","[""2007"", ""2011""]",[],"[""DEPLOYMENT UNKNOWN""]","[""NONE""]","[""NO INDICATION OF INJURY""]","[""DRIVER""]","[""USAGE UNKNOWN""]","[""F""]",[]
STRAIGHT AND LEVEL,414,2025-09-20T16:14:00.000,7,16,9,c76890f2bb33549414c7952f984f346781e2997d229348fb72dde6371cefe98c8e8886c71f8d611be805f8819de55cd8b83522d3af67eacdeb590b4d681ec532,INJURY AND / OR TOW DUE TO CRASH,"OVER $1,500",2025-09-20T16:14:00.000,FUNCTIONING PROPERLY,ANGLE,Y,0,0,2,0,0,0,0,41.7497897091,DAYLIGHT,-87.5687844444,NO INDICATION OF INJURY,2,20,UNABLE TO DETERMINE,ON SCENE,UNKNOWN,DRY,UNABLE TO DETERMINE,S,CRANDON AVE,8000,STOP SIGN/FLASHER,FOUR WAY,CLEAR,Y,,,,,,2,2,"{""coordinates"": [-87.568784444389, 41.749789709076], ""type"": ""Point""}","[""FRONT"", ""FRONT-LEFT-CORNER""]","[""STRAIGHT AHEAD""]","[""Y""]","[""E"", ""S""]","[""DRIVER""]","[""UNKNOWN""]","[""OTHER"", ""UNKNOWN/NA""]","[""2024""]","[""77""]","[""DEPLOYMENT UNKNOWN"", ""NOT APPLICABLE""]","[""NONE""]","[""NO INDICATION OF INJURY""]","[""DRIVER""]","[""USAGE UNKNOWN""]","[""M"", ""X""]",[]
STRAIGHT AND LEVEL,833,2025-09-20T16:15:00.000,7,16,9,e5899d3135b2f9cea15ecc4876f7cf714d298e79d7d49886e0829c38372c1cd52943d825231e411442dfad0afd68b23392087829aeb78042d29e219f3db0e3ee,NO INJURY / DRIVE AWAY,"OVER $1,500",2025-09-20T16:19:00.000,NO CONTROLS,SIDESWIPE SAME DIRECTION,Y,0,0,2,0,0,0,0,41.7712669977,DAYLIGHT,-87.7227197265,NO INDICATION OF INJURY,2,10,"OPERATING VEHICLE IN ERRATIC, RECKLESS, CARELESS, NEGLIGENT OR AGGRESSIVE MANNER",ON SCENE,NO DEFECTS,DRY,UNABLE TO DETERMINE,S,PULASKI RD,6702,NO CONTROLS,OTHER,CLEAR,,,,,,,2,2,"{""coordinates"": [-87.722719726454, 41.771266997713], ""type"": ""Point""}","[""FRONT-LEFT-CORNER"", ""FRONT-RIGHT-CORNER""]","[""OTHER"", ""STRAIGHT AHEAD""]",[],"[""NW""]","[""DRIVER""]","[""NONE"", ""UNKNOWN""]","[""OTHER"", ""PERSONAL""]","[""2025""]","[""37"", ""56""]","[""DEPLOYMENT UNKNOWN"", ""NOT APPLICABLE""]","[""NONE""]","[""NO INDICATION OF INJURY""]","[""DRIVER""]","[""SAFETY BELT USED"", ""USAGE UNKNOWN""]","[""F"", ""M""]",[]
STRAIGHT AND LEVEL,833,2025-09-20T16:15:00.000,7,16,9,fc456aea279b5d189c3fbb53b8ae402237b5c2db0cc171f3995eb3844c86360f2c33385860fe52487eed489583f7810c13b2dd34891c398849e5bdd6fd5c6998,NO INJURY / DRIVE AWAY,"OVER $1,500",2025-09-21T16:02:00.000,NO CONTROLS,ANGLE,,0,0,2,0,0,0,0,41.7549621743,DAYLIGHT,-87.723359082,NO INDICATION OF INJURY,2,30,FAILING TO YIELD RIGHT-OF-WAY,NOT ON SCENE (DESK REPORT),NO DEFECTS,DRY,NOT APPLICABLE,W,76TH ST,4035,NO CONTROLS,NOT DIVIDED,CLEAR,,,,,,,2,2,"{""coordinates"": [-87.723359081998, 41.754962174344], ""type"": ""Point""}","[""FRONT-LEFT-CORNER"", ""FRONT-RIGHT-CORNER""]","[""STRAIGHT AHEAD""]",[],"[""E"", ""N""]","[""DRIVER""]","[""NONE""]","[""PERSONAL""]","[""2016""]","[""21"", ""35""]","[""NOT APPLICABLE""]","[""NONE""]","[""NO INDICATION OF INJURY""]","[""DRIVER""]","[""SAFETY BELT USED""]","[""F"", ""M""]",[]
STRAIGHT AND LEVEL,1432,2025-09-20T16:17:00.000,7,16,9,b236bdcf8b1c71e0ec55a3af0320bd571f0461aee5d82daff1359cd70bb339a068b6aab1017ed66ffbc478d8eb7c72cffe46bad97d16cb11406177a4f3864403,NO INJURY / DRIVE AWAY,"OVER $1,500",2025-09-21T09:55:00.000,NO CONTROLS,SIDESWIPE SAME DIRECTION,,0,0,4,0,0,0,0,41.9216173743,DAYLIGHT,-87.6712081634,NO INDICATION OF INJURY,2,30,UNABLE TO DETERMINE,NOT ON SCENE (DESK REPORT),UNKNOWN,DRY,UNABLE TO DETERMINE,W,WEBSTER AVE,1714,NO CONTROLS,DIVIDED - W/MEDIAN (NOT RAISED),CLEAR,,,,,,,2,4,"{""coordinates"": [-87.671208163397, 41.921617374326], ""type"": ""Point""}","[""FRONT-LEFT-CORNER"", ""SIDE-RIGHT""]","[""ENTERING TRAFFIC LANE FROM PARKING"", ""STRAIGHT AHEAD""]",[],"[""E""]","[""DRIVER""]","[""NONE"", ""UNKNOWN""]","[""PERSONAL"", ""UNKNOWN/NA""]","[""2023"", ""2024""]","[""10"", ""33"", ""75""]","[""DID NOT DEPLOY""]","[""NONE""]","[""NO INDICATION OF INJURY""]","[""DRIVER"", ""PASSENGER""]","[""SAFETY BELT USED"", ""USAGE UNKNOWN""]","[""F"", ""M""]","[""10"", ""12""]"
STRAIGHT AND LEVEL,1812,2025-09-20T16:30:00.000,7,16,9,3ee74f3c01b6328e25bf839b0d5ce6fed80dbd9a2a33e891a25ea86456c66b633ae53e61d2ae4e2281f5779d8e4a9af5f6eb1feb035e361059024693ecd807ed,NO INJURY / DRIVE AWAY,$500 OR LESS,2025-09-20T16:30:00.000,UNKNOWN,TURNING,,0,0,2,0,0,0,0,41.9236584202,DAYLIGHT,-87.6460500181,NO INDICATION OF INJURY,2,30,IMPROPER TURNING/NO SIGNAL,ON SCENE,NO DEFECTS,DRY,IMPROPER TURNING/NO SIGNAL,N,LINCOLN AVE,2299,TRAFFIC SIGNAL,NOT DIVIDED,CLEAR,,,,,,,2,2,"{""coordinates"": [-87.646050018074, 41.923658420222], ""type"": ""Point""}","[""FRONT-LEFT-CORNER"", ""REAR-RIGHT-CORNER""]","[""STRAIGHT AHEAD"", ""TURNING LEFT""]",[],"[""E"", ""SE""]","[""DRIVER""]","[""NONE""]","[""OTHER"", ""TAXI/FOR HIRE""]","[""2016"", ""2020""]","[""33"", ""43""]","[""DID NOT DEPLOY"", ""NOT APPLICABLE""]","[""NONE""]","[""NO INDICATION OF INJURY""]","[""DRIVER""]","[""USAGE UNKNOWN""]","[""F"", ""M""]",[]
STRAIGHT AND LEVEL,2515,2025-09-20T16:30:00.000,7,16,9,486c9bcc9d8632ee5cbf24cd216e00e97e51cc24c44751bffe1565639ea03b1fcb0de9932391747cfe614e4246a2dd141034067c6c87474716f86a136dac525f,NO INJURY / DRIVE AWAY,"OVER $1,500",2025-09-20T18:25:00.000,NO CONTROLS,REAR END,,0,0,2,0,0,0,0,41.9203513613,DAYLIGHT,-87.7738575244,NO INDICATION OF INJURY,2,25,PHYSICAL CONDITION OF DRIVER,NOT ON SCENE (DESK REPORT),UNKNOWN,UNKNOWN,NOT APPLICABLE,W,GRAND AVE,5916,NO CONTROLS,NOT DIVIDED,UNKNOWN,,,,,,,2,2,"{""coordinates"": [-87.773857524378, 41.920351361345], ""type"": ""Point""}","[""FRONT"", ""REAR""]","[""STRAIGHT AHEAD""]",[],"[""W""]","[""DRIVER""]","[""NONE"", ""UNKNOWN""]","[""PERSONAL""]","[""2010"", ""2013""]","[""20"", ""21""]","[""DEPLOYED, FRONT"", ""DID NOT DEPLOY""]","[""NONE""]","[""NO INDICATION OF INJURY""]","[""DRIVER""]","[""USAGE UNKNOWN""]","[""F"", ""M""]",[]
STRAIGHT AND LEVEL,1822,2025-09-20T16:35:00.000,7,16,9,eb41b2e16b67133cb029733da97dc677fb46895728cdcb71990ad4a33cf4b2021c0a36c0604f14f9d96cbe9ff3c7334911851ad7fd2a1835d9532e26ca28b6f0,NO INJURY / DRIVE AWAY,"OVER $1,500",2025-09-20T23:30:00.000,NO CONTROLS,SIDESWIPE SAME DIRECTION,Y,0,0,3,0,0,0,0,41.9107292921,DAYLIGHT,-87.6531526219,NO INDICATION OF INJURY,2,30,FOLLOWING TOO CLOSELY,NOT ON SCENE (DESK REPORT),NO DEFECTS,DRY,IMPROPER OVERTAKING/PASSING,W,NORTH AVE,1001,NO CONTROLS,DIVIDED - W/MEDIAN (NOT RAISED),CLEAR,,,,,,,2,3,"{""coordinates"": [-87.653152621895, 41.910729292099], ""type"": ""Point""}","[""FRONT-LEFT-CORNER"", ""SIDE-RIGHT""]","[""STRAIGHT AHEAD""]",[],"[""E""]","[""DRIVER""]","[""NONE"", ""UNKNOWN""]","[""PERSONAL"", ""UNKNOWN/NA""]","[""2018"", ""2019""]","[""46"", ""71""]","[""DEPLOYMENT UNKNOWN"", ""NOT APPLICABLE""]","[""NONE""]","[""NO INDICATION OF INJURY""]","[""DRIVER"", ""PASSENGER""]","[""SAFETY BELT USED"", ""USAGE UNKNOWN""]","[""F"", ""M""]","[""3""]"
STRAIGHT AND LEVEL,815,2025-09-20T16:44:00.000,7,16,9,6a8cb2fb9762b106dab2b6504afedc6a76d4b614956c586dacce3e698896d6378d7dcfb75bbdd99c3531a4d4a67379c6430dd213894fcfb68e0613ae8d3c16ab,NO INJURY / DRIVE AWAY,"OVER $1,500",2025-09-20T16:45:00.000,NO CONTROLS,REAR TO SIDE,,0,0,3,0,0,0,0,41.795919559,DAYLIGHT,-87.7233842557,NO INDICATION OF INJURY,2,10,IMPROPER BACKING,ON SCENE,NO DEFECTS,DRY,NOT APPLICABLE,S,PULASKI RD,5330,NO CONTROLS,PARKING LOT,CLOUDY/OVERCAST,,,Y,,,,2,3,"{""coordinates"": [-87.723384255681, 41.795919558952], ""type"": ""Point""}","[""REAR-LEFT-CORNER"", ""SIDE-LEFT""]","[""BACKING""]",[],"[""NE"", ""S""]","[""DRIVER""]","[""NONE""]","[""PERSONAL""]","[""2001"", ""2025""]","[""18"", ""27""]","[""NOT APPLICABLE""]","[""NONE""]","[""NO INDICATION OF INJURY""]","[""DRIVER"", ""PASSENGER""]","[""USAGE UNKNOWN""]","[""F"", ""M""]","[""3""]"