alignment,beat_of_occurrence,crash_date,crash_day_of_week,crash_hour,crash_month,crash_record_id,crash_type,damage,date_police_notified,device_condition,first_crash_type,hit_and_run_i,injuries_fatal,injuries_incapacitating,injuries_no_indication,injuries_non_incapacitating,injuries_reported_not_evident,injuries_total,injuries_unknown,latitude,lighting_condition,longitude,most_severe_injury,num_units,posted_speed_limit,prim_contributory_cause,report_type,road_defect,roadway_surface_cond,sec_contributory_cause,street_direction,street_name,street_no,traffic_control_device,trafficway_type,weather_condition,intersection_related_i,crash_date_est_i,private_property_i,statements_taken_i,photos_taken_i,work_zone_i,veh_count,ppl_count,location_json,veh_first_contact_point_list_json,veh_maneuver_list_json,veh_towed_i_list_json,veh_travel_direction_list_json,veh_unit_type_list_json,veh_vehicle_defect_list_json,veh_vehicle_use_list_json,veh_vehicle_year_list_json,ppl_age_list_json,ppl_airbag_deployed_list_json,ppl_ejection_list_json,ppl_injury_classification_list_json,ppl_person_type_list_json,ppl_safety_equipment_list_json,ppl_sex_list_json,ppl_seat_no_list_json
STRAIGHT AND LEVEL,433,2025-09-20T16:45:00.000,7,16,9,7db8f299e5ade5647eb99ebe90a4bbc3ef4f33f22d7dd34c77526160c27eee0ee45467c336cd47403a60343cd633c583edfccb4f0fff0225f38eb60c82f18314,NO INJURY / DRIVE AWAY,"OVER $1,500",2025-09-20T18:15:00.000,FUNCTIONING PROPERLY,TURNING,Y,0,0,2,0,0,0,0,41.6661129912,DAYLIGHT,-87.5590030803,NO INDICATION OF INJURY,2,30,IMPROPER LANE USAGE,NOT ON SCENE (DESK REPORT),NO DEFECTS,DRY,NOT APPLICABLE,S,TORRENCE AVE,12600,TRAFFIC SIGNAL,NOT DIVIDED,CLEAR,Y,,,,,,2,2,"{""coordinates"": [-87.559003080261, 41.666112991211], ""type"": ""Point""}","[""FRONT-RIGHT-CORNER"", ""SIDE-LEFT-REAR""]","[""TURNING LEFT""]",[],"[""SE""]","[""DRIVER""]","[""NONE"", ""OTHER""]","[""COMMERCIAL - SINGLE UNIT"", ""PERSONAL""]","[""2017"", ""2022""]","[""67""]","[""DEPLOYMENT UNKNOWN"", ""DID NOT DEPLOY""]","[""NONE""]","[""NO INDICATION OF INJURY""]","[""DRIVER""]","[""SAFETY BELT USED"", ""USAGE UNKNOWN""]","[""M""]",[]
STRAIGHT AND LEVEL,431,2025-09-20T16:46:00.000,7,16,9,7c12dff0f922221a31642d93cc74e0044f6976b970fd6a2f69695d5f5f46e62e09b055776316f8310025a40d9bb24df753d15417abd431a76823c9328e1d6ea2,NO INJURY / DRIVE AWAY,$500 OR LESS,2025-09-20T16:46:00.000,NO CONTROLS,TURNING,Y,0,0,3,0,0,0,0,41.722375907,DAYLIGHT,-87.5754999033,NO INDICATION OF INJURY,2,30,TURNING RIGHT ON RED,ON SCENE,NO DEFECTS,DRY,NOT APPLICABLE,S,JEFFERY AVE,9500,NO CONTROLS,OTHER,CLEAR,,,,,,,2,3,"{""coordinates"": [-87.575499903328, 41.722375907041], ""type"": ""Point""}","[""REAR"", ""UNKNOWN""]","[""TURNING RIGHT""]",[],"[""S"", ""W""]","[""DRIVER""]","[""NONE""]","[""PERSONAL"", ""UNKNOWN/NA""]","[""2015""]","[""21""]","[""NOT APPLICABLE""]","[""NONE""]","[""NO INDICATION OF INJURY""]","[""DRIVER"", ""PASSENGER""]","[""NONE PRESENT""]","[""M"", ""X""]","[""3""]"
STRAIGHT AND LEVEL,231,2025-09-20T16:49:00.000,7,16,9,133e9318d9aa597b87d09ad8767aedf6c80914b34b06a79eddcc45830df5828982aeb152f746a0f78e6fea5fb3947a9d2b82c30152afdf8fc40f1a2056544cb8,INJURY AND / OR TOW DUE TO CRASH,"OVER $1,500",2025-09-20T16:49:00.000,FUNCTIONING PROPERLY,PARKED MOTOR VEHICLE,Y,0,0,1,0,0,0,0,41.7966905861,DAYLIGHT,-87.6194479354,NO INDICATION OF INJURY,3,30,FAILING TO REDUCE SPEED TO AVOID CRASH,ON SCENE,NO DEFECTS,WET,UNABLE TO DETERMINE,E,54TH ST,230,STOP SIGN/FLASHER,NOT DIVIDED,RAIN,,,,,,,3,1,"{""coordinates"": [-87.61944793543, 41.796690586129], ""type"": ""Point""}","[""FRONT-RIGHT-CORNER"", ""REAR"", ""REAR-LEFT-CORNER""]","[""PARKED"", ""STRAIGHT AHEAD""]","[""Y""]","[""W""]","[""DRIVER"", ""PARKED""]","[""NONE"", ""UNKNOWN""]","[""NOT IN USE"", ""PERSONAL""]","[""2008"", ""2010"", ""2013""]",[],"[""DEPLOYMENT UNKNOWN""]","[""NONE""]","[""NO INDICATION OF INJURY""]","[""DRIVER""]","[""USAGE UNKNOWN""]","[""X""]",[]
STRAIGHT AND LEVEL,114,2025-09-20T16:50:00.000,7,16,9,316f26a960ad6aa033227a0d790e11859002bdb73032031fb147e304d03ad71602c5b945e4a772f77fbc2a06844035853a744b6cf18968d936cda763ae4df508,NO INJURY / DRIVE AWAY,"$501 - $1,500",2025-09-20T17:50:00.000,NO CONTROLS,SIDESWIPE SAME DIRECTION,,0,0,3,0,0,0,0,41.8769861574,DAYLIGHT,-87.62078897,NO INDICATION OF INJURY,2,30,UNABLE TO DETERMINE,NOT ON SCENE (DESK REPORT),NO DEFECTS,DRY,UNABLE TO DETERMINE,S,COLUMBUS DR,400,NO CONTROLS,NOT DIVIDED,CLEAR,,,,,,,2,3,"{""coordinates"": [-87.620788969992, 41.876986157351], ""type"": ""Point""}","[""FRONT-LEFT-CORNER"", ""UNKNOWN""]","[""CHANGING LANES"", ""STRAIGHT AHEAD""]",[],"[""S""]","[""DRIVER""]","[""NONE""]","[""TAXI/FOR HIRE"", ""UNKNOWN/NA""]","[""2011"", ""2021""]","[""57""]","[""DEPLOYMENT UNKNOWN"", ""NOT APPLICABLE""]","[""NONE""]","[""NO INDICATION OF INJURY""]","[""DRIVER"", ""PASSENGER""]","[""NONE PRESENT"", ""USAGE UNKNOWN""]","[""F"", ""M""]","[""12""]"
STRAIGHT AND LEVEL,2523,2025-09-20T16:50:00.000,7,16,9,527fc29b83b109eb3e032d3ef0051929788962832627880861d040c1f85a4306d893e08f33432103d2e5a762f76f684d6c0b02bbb50aabfc243b435a19f59c48,NO INJURY / DRIVE AWAY,$500 OR LESS,2025-09-21T20:15:00.000,NO CONTROLS,PARKED MOTOR VEHICLE,,0,0,1,0,0,0,0,41.9372794077,DAYLIGHT,-87.7297428859,NO INDICATION OF INJURY,2,30,IMPROPER BACKING,NOT ON SCENE (DESK REPORT),NO DEFECTS,DRY,UNABLE TO DETERMINE,N,KARLOV AVE,3100,NO CONTROLS,UNKNOWN,CLEAR,,,,,,,2,1,"{""coordinates"": [-87.729742885898, 41.937279407704], ""type"": ""Point""}","[""FRONT"", ""NONE""]","[""BACKING"", ""PARKED""]",[],"[""N"", ""W""]","[""DRIVER"", ""PARKED""]","[""NONE"", ""UNKNOWN""]","[""PERSONAL"", ""UNKNOWN/NA""]","[""2007""]","[""49""]","[""NOT APPLICABLE""]","[""NONE""]","[""NO INDICATION OF INJURY""]","[""DRIVER""]","[""SAFETY BELT USED""]","[""F""]",[]
STRAIGHT AND LEVEL,924,2025-09-20T17:00:00.000,7,17,9,45e58d1537932747eca6830ab1df9f37b3989aea896d61050764e08df4b3f906c4a696d7b8dae423cd915ea85213c833058d1670f9b671a7726e132b1b2edd2c,INJURY AND / OR TOW DUE TO CRASH,"OVER $1,500",2025-09-20T23:07:00.000,NO CONTROLS,PARKED MOTOR VEHICLE,Y,0,0,1,0,0,0,0,41.8102754412,"DARKNESS, LIGHTED ROAD",-87.669058788,NO INDICATION OF INJURY,2,30,UNABLE TO DETERMINE,ON SCENE,NO DEFECTS,WET,UNABLE TO DETERMINE,W,46TH ST,1741,SCHOOL ZONE,NOT DIVIDED,CLOUDY/OVERCAST,,Y,,,,,2,1,"{""coordinates"": [-87.669058787974, 41.810275441207], ""type"": ""Point""}","[""SIDE-LEFT-REAR"", ""UNKNOWN""]","[""PARKED"", ""UNKNOWN/NA""]","[""Y""]","[""E"", ""UNKNOWN""]","[""DRIVER"", ""PARKED""]","[""NONE"", ""UNKNOWN""]","[""PERSONAL"", ""UNKNOWN/NA""]","[""2012""]",[],"[""DEPLOYMENT UNKNOWN""]","[""UNKNOWN""]","[""NO INDICATION OF INJURY""]","[""DRIVER""]","[""USAGE UNKNOWN""]","[""X""]",[]
STRAIGHT AND LEVEL,1831,2025-09-20T17:00:00.000,7,17,9,4fcf70fbc53497b26471301f65ecb5408feef7e5d8f742b564456ae86ad93951e0d5004b6f47ac502f13aa500dfefeb79988ba73199d43fe3385cb1231c34d6c,NO INJURY / DRIVE AWAY,"$501 - $1,500",2025-09-20T23:04:00.000,NO CONTROLS,PARKED MOTOR VEHICLE,Y,0,0,1,0,0,0,0,41.8892152218,"DARKNESS, LIGHTED ROAD",-87.6338644008,NO INDICATION OF INJURY,2,15,UNABLE TO DETERMINE,NOT ON SCENE (DESK REPORT),NO DEFECTS,DRY,NOT APPLICABLE,N,WELLS ST,401,NO CONTROLS,PARKING LOT,CLEAR,,,Y,,,,2,1,"{""coordinates"": [-87.633864400819, 41.889215221757], ""type"": ""Point""}","[""FRONT"", ""FRONT-RIGHT-CORNER""]","[""PARKED"", ""STRAIGHT AHEAD""]",[],"[""E"", ""N""]","[""DRIVER"", ""PARKED""]","[""NONE"", ""UNKNOWN""]","[""PERSONAL""]","[""2009"", ""2011""]",[],"[""DID NOT DEPLOY""]","[""NONE""]","[""NO INDICATION OF INJURY""]","[""DRIVER""]","[""USAGE UNKNOWN""]","[""M""]",[]
STRAIGHT AND LEVEL,433,2025-09-20T17:03:00.000,7,17,9,b055add36c2d110d8d03b963282ebd31df3e37eec595e14e3126811302c6a1af668d332309230cd726d14aa9462bf515adfb58b7070549e4222cb61663dcdc56,NO INJURY / DRIVE AWAY,"OVER $1,500",2025-09-21T03:25:00.000,NO CONTROLS,REAR TO FRONT,,0,0,2,0,0,0,0,41.6661129912,DAYLIGHT,-87.5590030803,NO INDICATION OF INJURY,2,30,NOT APPLICABLE,ON SCENE,NO DEFECTS,DRY,NOT APPLICABLE,S,TORRENCE AVE,12600,NO CONTROLS,PARKING LOT,CLEAR,,,,,,,2,2,"{""coordinates"": [-87.559003080261, 41.666112991211], ""type"": ""Point""}","[""FRONT-LEFT-CORNER"", ""REAR""]","[""BACKING"", ""SLOW/STOP IN TRAFFIC""]",[],"[""E"", ""W""]","[""DRIVER""]","[""NONE"", ""UNKNOWN""]","[""PERSONAL"", ""UNKNOWN/NA""]","[""2017""]","[""62"", ""65""]","[""DID NOT DEPLOY""]","[""NONE""]","[""NO INDICATION OF INJURY""]","[""DRIVER""]","[""USAGE UNKNOWN""]","[""M""]",[]
STRAIGHT AND LEVEL,1733,2025-09-20T17:07:00.000,7,17,9,4571a7595aae8cf4654ebe356c5f62347c5d3c32e33e386f48d9d5fbddd441010df454443409b455307e4f716140c3f327b1d923d946808844fe5c5c21a6d86e,INJURY AND / OR TOW DUE TO CRASH,"OVER $1,500",2025-09-20T17:47:00.000,UNKNOWN,TURNING,,0,0,2,0,0,0,0,41.9427431254,DAWN,-87.698069507,NO INDICATION OF INJURY,2,20,FAILING TO YIELD RIGHT-OF-WAY,ON SCENE,UNKNOWN,WET,FAILING TO YIELD RIGHT-OF-WAY,N,CALIFORNIA AVE,3398,OTHER,FOUR WAY,RAIN,Y,,,,,,2,2,"{""coordinates"": [-87.698069507028, 41.942743125404], ""type"": ""Point""}","[""FRONT"", ""SIDE-RIGHT""]","[""STRAIGHT AHEAD"", ""TURNING LEFT""]","[""Y""]","[""E"", ""N""]","[""DRIVER""]","[""UNKNOWN""]","[""PERSONAL""]","[""2021"", ""2025""]","[""23"", ""33""]","[""DEPLOYED, SIDE"", ""NOT APPLICABLE""]","[""UNKNOWN""]","[""NO INDICATION OF INJURY""]","[""DRIVER""]","[""USAGE UNKNOWN""]","[""M""]",[]
STRAIGHT AND LEVEL,1421,2025-09-20T17:09:00.000,7,17,9,b2e5d50189f47f21b8b6ef37c1cbc7057fffa12af7638a4299bd1da8c912bd2543212b72addd3983da557825125badd65dbb5ef73083d991a855a8f0aa355d60,NO INJURY / DRIVE AWAY,"OVER $1,500",2025-09-21T18:20:00.000,FUNCTIONING PROPERLY,REAR END,,0,0,5,0,0,0,0,41.9102509232,DAYLIGHT,-87.7070236502,NO INDICATION OF INJURY,2,30,UNABLE TO DETERMINE,NOT ON SCENE (DESK REPORT),UNKNOWN,UNKNOWN,UNABLE TO DETERMINE,N,KEDZIE AVE,1600,TRAFFIC SIGNAL,FOUR WAY,UNKNOWN,Y,,,,,,2,5,"{""coordinates"": [-87.707023650163, 41.910250923179], ""type"": ""Point""}","[""FRONT"", ""REAR""]","[""UNKNOWN/NA""]",[],"[""UNKNOWN""]","[""DRIVER""]","[""UNKNOWN""]","[""UNKNOWN/NA""]","[""2011"", ""2016""]","[""18"", ""23"", ""26""]","[""DEPLOYMENT UNKNOWN"", ""DID NOT DEPLOY""]","[""NONE""]","[""NO INDICATION OF INJURY""]","[""DRIVER"", ""PASSENGER""]","[""SAFETY BELT USED"", ""USAGE UNKNOWN""]","[""F"", ""M""]","[""3"", ""6""]"
STRAIGHT AND LEVEL,1831,2025-09-20T17:15:00.000,7,17,9,c5868851fc56a7d8b045470f4e1116d631d16c4208f99cda149659bd7193883c133d4372513f354572241f8c7a9c10e39da228e6edda85404f9385cdf6f11aaa,NO INJURY / DRIVE AWAY,"OVER $1,500",2025-09-20T19:00:00.000,UNKNOWN,REAR END,Y,0,0,2,0,0,0,0,41.8917424442,UNKNOWN,-87.6327324851,NO INDICATION OF INJURY,2,25,NOT APPLICABLE,NOT ON SCENE (DESK REPORT),UNKNOWN,UNKNOWN,NOT APPLICABLE,N,LA SALLE DR,532,UNKNOWN,NOT DIVIDED,UNKNOWN,,,,,,,2,2,"{""coordinates"": [-87.632732485077, 41.89174244418], ""type"": ""Point""}","[""FRONT"", ""REAR""]","[""UNKNOWN/NA""]",[],"[""UNKNOWN""]","[""DRIVER""]","[""UNKNOWN""]","[""PERSONAL""]","[""2012"", ""2022""]","[""68""]","[""DEPLOYMENT UNKNOWN"", ""NOT APPLICABLE""]","[""UNKNOWN""]","[""NO INDICATION OF INJURY""]","[""DRIVER""]","[""USAGE UNKNOWN""]","[""M"", ""X""]",[]
STRAIGHT AND LEVEL,332,2025-09-20T17:19:00.000,7,17,9,9b863f0857b8cdf49ed22bc9d1f88394107b6b17060980e6dfc02a07f3d65902bafcbfe2021a4d43dca54d7770e39ac8756c8778a96a62e0bd76a25b525f8c35,INJURY AND / OR TOW DUE TO CRASH,"OVER $1,500",2025-09-20T17:51:00.000,FUNCTIONING PROPERLY,SIDESWIPE SAME DIRECTION,,0,0,1,0,1,1,0,41.7732549134,DAYLIGHT,-87.5859502967,"REPORTED, NOT EVIDENT",2,30,UNABLE TO DETERMINE,ON SCENE,UNKNOWN,WET,UNABLE TO DETERMINE,S,STONY ISLAND AVE,6701,TRAFFIC SIGNAL,TRAFFIC ROUTE,RAIN,N,,,,,,2,2,"{""coordinates"": [-87.585950296714, 41.773254913419], ""type"": ""Point""}","[""FRONT-LEFT-CORNER"", ""REAR-RIGHT-CORNER""]","[""CHANGING LANES"", ""STRAIGHT AHEAD""]","[""Y""]","[""N""]","[""DRIVER""]","[""UNKNOWN""]","[""PERSONAL""]","[""2004"", ""2021""]","[""19"", ""45""]","[""DID NOT DEPLOY""]","[""NONE""]","[""NO INDICATION OF INJURY"", ""REPORTED, NOT EVIDENT""]","[""DRIVER""]","[""SAFETY BELT USED""]","[""F""]",[]
STRAIGHT AND LEVEL,834,2025-09-20T17:40:00.000,7,17,9,5767a9aa58fb85996511b100a98b2ad4717a7fa1fb10de9b165de413634de11f7306311f4a29c7b41641d53d1ada0e10c5e9f0837ba8de195dea7fc470b059d3,NO INJURY / DRIVE AWAY,"OVER $1,500",2025-09-20T19:21:00.000,NO CONTROLS,ANGLE,Y,0,0,2,0,0,0,0,41.748790364,DAYLIGHT,-87.7411793005,NO INDICATION OF INJURY,2,30,FAILING TO YIELD RIGHT-OF-WAY,NOT ON SCENE (DESK REPORT),NO DEFECTS,DRY,NOT APPLICABLE,S,CICERO AVE,7915,NO CONTROLS,NOT DIVIDED,CLOUDY/OVERCAST,,,,,,,2,2,"{""coordinates"": [-87.741179300458, 41.748790363985], ""type"": ""Point""}","[""FRONT-LEFT-CORNER"", ""SIDE-RIGHT""]","[""STRAIGHT AHEAD"", ""UNKNOWN/NA""]",[],"[""N"", ""W""]","[""DRIVER""]","[""NONE"", ""UNKNOWN""]","[""PERSONAL"", ""UNKNOWN/NA""]","[""2018"", ""2025""]","[""37""]","[""DEPLOYMENT UNKNOWN"", ""DID NOT DEPLOY""]","[""NONE""]","[""NO INDICATION OF INJURY""]","[""DRIVER""]","[""SAFETY BELT USED"", ""USAGE UNKNOWN""]","[""M""]",[]
STRAIGHT AND LEVEL,323,2025-09-20T17:54:00.000,7,17,9,b7ef25f8efd06611f6c27a4514121d2f18627f2fc952de7f3a430fd752f81827281ea6c3b33ea773b4e2815576a37ecb0353e9b86133273c6045ac0ba9a405a8,INJURY AND / OR TOW DUE TO CRASH,"OVER $1,500",2025-09-20T18:20:00.000,NO CONTROLS,ANGLE,Y,0,0,1,1,0,1,0,41.7599457624,UNKNOWN,-87.6247113873,NONINCAPACITATING INJURY,2,10,UNABLE TO DETERMINE,ON SCENE,UNKNOWN,UNKNOWN,UNABLE TO DETERMINE,E,74TH ST,1,NO CONTROLS,PARKING LOT,UNKNOWN,,,,,,,2,2,"{""coordinates"": [-87.624711387324, 41.759945762434], ""type"": ""Point""}","[""UNKNOWN""]","[""STRAIGHT AHEAD"", ""UNKNOWN/NA""]",[],"[""N"", ""UNKNOWN""]","[""DRIVER""]","[""UNKNOWN""]","[""UNKNOWN/NA""]",[],"[""24""]","[""DEPLOYMENT UNKNOWN"", ""NOT APPLICABLE""]","[""NONE""]","[""NO INDICATION OF INJURY"", ""NONINCAPACITATING INJURY""]","[""DRIVER""]","[""USAGE UNKNOWN""]","[""F"", ""X""]",[]
STRAIGHT AND LEVEL,2515,2025-09-20T18:00:00.000,7,18,9,19fb67ff8164ffb288fd1a987e8f61098396822bbf40bf5d3fbd302f8922ad51af38d2cbf2834f0a5fa39ad513d8f7f2ec9c2f94addbf3da4ff3a84167174275,NO INJURY / DRIVE AWAY,"$501 - $1,500",2025-09-21T08:30:00.000,NO CONTROLS,REAR END,,0,0,2,0,0,0,0,41.9194124626,DAYLIGHT,-87.7561600455,NO INDICATION OF INJURY,2,25,UNABLE TO DETERMINE,NOT ON SCENE (DESK REPORT),UNKNOWN,UNKNOWN,UNABLE TO DETERMINE,N,LARAMIE AVE,2124,NO CONTROLS,NOT DIVIDED,CLEAR,,,,,,,2,2,"{""coordinates"": [-87.756160045522, 41.919412462559], ""type"": ""Point""}","[""FRONT"", ""REAR""]","[""STRAIGHT AHEAD""]",[],"[""S""]","[""DRIVER""]","[""UNKNOWN""]","[""PERSONAL""]","[""2006"", ""2023""]","[""23"", ""41""]","[""NOT APPLICABLE""]","[""NONE""]","[""NO INDICATION OF INJURY""]","[""DRIVER""]","[""USAGE UNKNOWN""]","[""M""]",[]
STRAIGHT AND LEVEL,2411,2025-09-20T18:00:00.000,7,18,9,38faf5d82af04339006e88096e93314908aa1f17e987831e00cbec9605ea2f0293f9e1ca3c93f88bec651ce8f712a4a5935f3330aad6aa0a9c5648b35d0d2d05,NO INJURY / DRIVE AWAY,"OVER $1,500",2025-09-20T18:40:00.000,UNKNOWN,SIDESWIPE SAME DIRECTION,,0,0,4,0,0,0,0,42.0120704208,UNKNOWN,-87.6948059235,NO INDICATION OF INJURY,2,30,FAILING TO YIELD RIGHT-OF-WAY,NOT ON SCENE (DESK REPORT),UNKNOWN,UNKNOWN,UNABLE TO DETERMINE,W,TOUHY AVE,2555,UNKNOWN,DIVIDED - W/MEDIAN (NOT RAISED),UNKNOWN,,,,,,,2,4,"{""coordinates"": [-87.694805923462, 42.01207042083], ""type"": ""Point""}","[""FRONT-LEFT-CORNER"", ""FRONT-RIGHT-CORNER""]","[""STARTING IN TRAFFIC"", ""STRAIGHT AHEAD""]",[],"[""E""]","[""DRIVER""]","[""UNKNOWN""]","[""PERSONAL""]","[""2012"", ""2013""]","[""17"", ""29"", ""33"", ""54""]","[""DID NOT DEPLOY""]","[""NONE""]","[""NO INDICATION OF INJURY""]","[""DRIVER"", ""PASSENGER""]","[""SAFETY BELT USED""]","[""F"", ""M""]","[""3"", ""6""]"
STRAIGHT AND LEVEL,1014,2025-09-20T18:00:00.000,7,18,9,4957d1feb32b3385b4066a26844f090c8cd79f04f7446944fc135a40ea14e337e7af5524d65288f4a1f6bc97855314e8da28adf0ddbb442dc2382cc7400af2eb,NO INJURY / DRIVE AWAY,"OVER $1,500",2025-09-21T11:45:00.000,FUNCTIONING PROPERLY,REAR END,Y,0,0,4,0,0,0,0,41.8559094266,DAYLIGHT,-87.7164870505,NO INDICATION OF INJURY,2,30,FOLLOWING TOO CLOSELY,NOT ON SCENE (DESK REPORT),NO DEFECTS,DRY,NOT APPLICABLE,S,MILLARD AVE,1840,TRAFFIC SIGNAL,NOT DIVIDED,CLEAR,,,,,,,2,4,"{""coordinates"": [-87.716487050531, 41.855909426569], ""type"": ""Point""}","[""FRONT"", ""REAR""]","[""STRAIGHT AHEAD""]",[],"[""S""]","[""DRIVER""]","[""NONE"", ""UNKNOWN""]","[""PERSONAL"", ""UNKNOWN/NA""]","[""2010"", ""2017""]","[""51""]","[""DEPLOYMENT UNKNOWN"", ""DID NOT DEPLOY""]","[""NONE"", ""UNKNOWN""]","[""NO INDICATION OF INJURY""]","[""DRIVER"", ""PASSENGER""]","[""SAFETY BELT USED"", ""USAGE UNKNOWN""]","[""M""]","[""3"", ""6""]"
STRAIGHT AND LEVEL,1932,2025-09-20T18:00:00.000,7,18,9,834e68a1bf3ab282ca69e304613bab5300418bd1220c7e024e273c21de4845d3debbcfd4ca98d2f933b890259b813e12db5124a0050519c0ad4011023b7a4425,INJURY AND / OR TOW DUE TO CRASH,"OVER $1,500",2025-09-20T19:20:00.000,FUNCTIONING PROPERLY,REAR END,,0,0,1,1,0,1,0,41.9257269082,DUSK,-87.6493680146,NONINCAPACITATING INJURY,2,30,WEATHER,NOT ON SCENE (DESK REPORT),NO DEFECTS,WET,DRIVING SKILLS/KNOWLEDGE/EXPERIENCE,N,LINCOLN AVE,2414,TRAFFIC SIGNAL,DIVIDED - W/MEDIAN (NOT RAISED),RAIN,,,,,,,2,2,"{""coordinates"": [-87.649368014644, 41.92572690824], ""type"": ""Point""}","[""FRONT"", ""REAR""]","[""STRAIGHT AHEAD""]",[],"[""N""]","[""DRIVER""]","[""NONE"", ""UNKNOWN""]","[""PERSONAL"", ""TAXI/FOR HIRE""]","[""2003"", ""2012""]","[""40"", ""63""]","[""NOT APPLICABLE""]","[""NONE""]","[""NO INDICATION OF INJURY"", ""NONINCAPACITATING INJURY""]","[""DRIVER""]","[""NONE PRESENT"", ""USAGE UNKNOWN""]","[""M""]",[]
STRAIGHT AND LEVEL,912,2025-09-20T18:00:00.000,7,18,9,8d2d2ee99222aed02dc4077b0a14a6a430fc5b34bad49358ec3ff6b5d225b7bbc7e2d5a84dec463b77793991a83d31676bf1d1441bd297d49c559c676266397c,NO INJURY / DRIVE AWAY,"OVER $1,500",2025-09-21T11:29:00.000,NO CONTROLS,PARKED MOTOR VEHICLE,Y,0,0,1,0,0,0,0,41.8268387841,DAYLIGHT,-87.6764659915,NO INDICATION OF INJURY,2,30,UNABLE TO DETERMINE,NOT ON SCENE (DESK REPORT),NO DEFECTS,DRY,NOT APPLICABLE,W,37TH ST,2032,NO CONTROLS,NOT DIVIDED,CLEAR,,,,,,,2,1,"{""coordinates"": [-87.676465991542, 41.826838784143], ""type"": ""Point""}","[""FRONT"", ""UNDER CARRIAGE""]","[""PARKED"", ""STRAIGHT AHEAD""]",[],"[""E""]","[""DRIVER"", ""PARKED""]","[""NONE"", ""UNKNOWN""]","[""PERSONAL"", ""UNKNOWN/NA""]","[""2012""]",[],"[""DEPLOYMENT UNKNOWN""]","[""NONE""]","[""NO INDICATION OF INJURY""]","[""DRIVER""]","[""USAGE UNKNOWN""]","[""X""]",[]
STRAIGHT AND LEVEL,1834,2025-09-20T18:00:00.000,7,18,9,8f87431ec2b110b692b86a6ee279a77969223aee3cc62c5a676c8e1c09b5cee90d5eb28037d7dc81c2b1433d4d56560d101d20386f268c413012f4b604d680f6,INJURY AND / OR TOW DUE TO CRASH,"OVER $1,500",2025-09-22T07:45:00.000,NO CONTROLS,REAR END,,0,0,1,0,3,3,0,41.8897710995,DAYLIGHT,-87.6205175841,"REPORTED, NOT EVIDENT",2,30,FAILING TO REDUCE SPEED TO AVOID CRASH,NOT ON SCENE (DESK REPORT),UNKNOWN,UNKNOWN,UNABLE TO DETERMINE,N,COLUMBUS DR,438,NO CONTROLS,DIVIDED - W/MEDIAN (NOT RAISED),CLEAR,,,,,,,2,4,"{""coordinates"": [-87.620517584053, 41.889771099533], ""type"": ""Point""}","[""FRONT-LEFT-CORNER"", ""REAR-RIGHT-CORNER""]","[""SLOW/STOP IN TRAFFIC""]",[],"[""W""]","[""DRIVER""]","[""UNKNOWN""]","[""PERSONAL""]","[""2017"", ""2019""]","[""28"", ""52""]","[""NOT APPLICABLE""]","[""NONE""]","[""NO INDICATION OF INJURY"", ""REPORTED, NOT EVIDENT""]","[""DRIVER"", ""PASSENGER""]","[""CHILD RESTRAINT - TYPE UNKNOWN"", ""USAGE UNKNOWN""]","[""F""]","[""3"", ""6""]"
STRAIGHT AND LEVEL,114,2025-09-20T18:00:00.000,7,18,9,a5de1ea696911e48fe9b4299cfa9ee347766b35d91deeec18b3f05bad3c82885363e70da56c3034ae075a6edb8a42fe3d952e28b574e622007f9773d9a7b551f,NO INJURY / DRIVE AWAY,"OVER $1,500",2025-09-22T09:00:00.000,UNKNOWN,TURNING,,0,0,2,0,0,0,0,41.8869761446,UNKNOWN,-87.6205545707,NO INDICATION OF INJURY,2,30,FOLLOWING TOO CLOSELY,NOT ON SCENE (DESK REPORT),UNKNOWN,UNKNOWN,FOLLOWING TOO CLOSELY,N,COLUMBUS DR,301,TRAFFIC SIGNAL,FOUR WAY,UNKNOWN,Y,,,,,,2,2,"{""coordinates"": [-87.620554570711, 41.886976144557], ""type"": ""Point""}","[""FRONT-LEFT-CORNER"", ""REAR-RIGHT-CORNER""]","[""SLOW/STOP IN TRAFFIC"", ""TURNING RIGHT""]",[],"[""N""]","[""DRIVER""]","[""UNKNOWN""]","[""PERSONAL""]","[""2017"", ""2019""]","[""28"", ""52""]","[""NOT APPLICABLE""]","[""NONE""]","[""NO INDICATION OF INJURY""]","[""DRIVER""]","[""USAGE UNKNOWN""]","[""F""]",[]