alignment,beat_of_occurrence,crash_date,crash_day_of_week,crash_hour,crash_month,crash_record_id,crash_type,damage,date_police_notified,device_condition,first_crash_type,hit_and_run_i,injuries_fatal,injuries_incapacitating,injuries_no_indication,injuries_non_incapacitating,injuries_reported_not_evident,injuries_total,injuries_unknown,latitude,lighting_condition,longitude,most_severe_injury,num_units,posted_speed_limit,prim_contributory_cause,report_type,road_defect,roadway_surface_cond,sec_contributory_cause,street_direction,street_name,street_no,traffic_control_device,trafficway_type,weather_condition,intersection_related_i,crash_date_est_i,private_property_i,statements_taken_i,photos_taken_i,work_zone_i,veh_count,ppl_count,location_json,veh_first_contact_point_list_json,veh_maneuver_list_json,veh_towed_i_list_json,veh_travel_direction_list_json,veh_unit_type_list_json,veh_vehicle_defect_list_json,veh_vehicle_use_list_json,veh_vehicle_year_list_json,ppl_age_list_json,ppl_airbag_deployed_list_json,ppl_ejection_list_json,ppl_injury_classification_list_json,ppl_person_type_list_json,ppl_safety_equipment_list_json,ppl_sex_list_json,ppl_seat_no_list_json
STRAIGHT AND LEVEL,1523,2025-09-20T18:00:00.000,7,18,9,aa2845cb728a2fb345d6b8dc6a10c907fe3d2cf61c7efb2dcf4776c149b2d882bbd542ab2b1c3fe0352319bcc8ae72fe735be747a77e37f248a04bb4bfd552ed,INJURY AND / OR TOW DUE TO CRASH,"OVER $1,500",2025-09-21T20:32:00.000,FUNCTIONING PROPERLY,ANGLE,Y,0,0,1,0,2,2,0,41.8823981051,DAYLIGHT,-87.761540817,"REPORTED, NOT EVIDENT",2,30,UNABLE TO DETERMINE,NOT ON SCENE (DESK REPORT),NO DEFECTS,DRY,UNABLE TO DETERMINE,W,WASHINGTON BLVD,5432,STOP SIGN/FLASHER,FOUR WAY,CLEAR,,,,,,,2,3,"{""coordinates"": [-87.761540816972, 41.882398105064], ""type"": ""Point""}","[""FRONT"", ""SIDE-LEFT""]","[""STRAIGHT AHEAD""]",[],"[""N"", ""W""]","[""DRIVER""]","[""NONE""]","[""PERSONAL""]","[""2014""]","[""37""]","[""DEPLOYED, FRONT"", ""DEPLOYMENT UNKNOWN""]","[""NONE""]","[""NO INDICATION OF INJURY"", ""REPORTED, NOT EVIDENT""]","[""DRIVER"", ""PASSENGER""]","[""USAGE UNKNOWN""]","[""F"", ""M"", ""X""]","[""3""]"
STRAIGHT AND LEVEL,2431,2025-09-20T18:15:00.000,7,18,9,d62d0e38a0cf045bda39616c5cb0ac9ed5d0ac9f23fee63d36ded1e032466b2d895ea4a8f82fe855f5b77b980c1e182953b64898a5a6c3045ef7e19a3d8f3e71,NO INJURY / DRIVE AWAY,"$501 - $1,500",2025-09-20T18:40:00.000,UNKNOWN,TURNING,,0,0,3,0,0,0,0,42.0087861963,UNKNOWN,-87.6677468704,NO INDICATION OF INJURY,2,30,UNABLE TO DETERMINE,NOT ON SCENE (DESK REPORT),UNKNOWN,UNKNOWN,NOT APPLICABLE,N,GREENVIEW AVE,6971,UNKNOWN,FOUR WAY,UNKNOWN,Y,,,,,,2,3,"{""coordinates"": [-87.667746870442, 42.008786196325], ""type"": ""Point""}","[""FRONT-LEFT-CORNER"", ""SIDE-LEFT""]","[""STRAIGHT AHEAD"", ""TURNING RIGHT""]",[],"[""S"", ""W""]","[""DRIVER""]","[""UNKNOWN""]","[""UNKNOWN/NA""]","[""2010"", ""2015""]","[""52"", ""58""]","[""DEPLOYMENT UNKNOWN""]","[""NONE""]","[""NO INDICATION OF INJURY""]","[""DRIVER"", ""PASSENGER""]","[""USAGE UNKNOWN""]","[""M""]","[""3""]"
STRAIGHT AND LEVEL,822,2025-09-20T18:18:00.000,7,18,9,2f12c6704957d7534ac1d88be2e52155fa310c1b6d1e22940cf8dd1a7b6c43e57e0220ac171be04e2305fba17c3d86ef14d87141deeaf7c065087d7703671ece,INJURY AND / OR TOW DUE TO CRASH,"OVER $1,500",2025-09-20T18:20:00.000,NO CONTROLS,ANGLE,,0,0,1,0,1,1,0,41.78552669,DUSK,-87.7157351758,"REPORTED, NOT EVIDENT",2,20,FAILING TO YIELD RIGHT-OF-WAY,ON SCENE,NO DEFECTS,WET,NOT APPLICABLE,S,LAWNDALE AVE,5914,NO CONTROLS,NOT DIVIDED,RAIN,,,,,,,2,2,"{""coordinates"": [-87.715735175789, 41.785526689994], ""type"": ""Point""}","[""FRONT-LEFT-CORNER"", ""FRONT-RIGHT-CORNER""]","[""STRAIGHT AHEAD""]",[],"[""E"", ""S""]","[""DRIVER""]","[""NONE""]","[""PERSONAL""]","[""2014"", ""2018""]","[""22"", ""30""]","[""DID NOT DEPLOY""]","[""NONE""]","[""NO INDICATION OF INJURY"", ""REPORTED, NOT EVIDENT""]","[""DRIVER""]","[""SAFETY BELT USED""]","[""F""]",[]
STRAIGHT AND LEVEL,624,2025-09-20T18:20:00.000,7,18,9,0d5ad0afc119062e7378928280e2caceea27363779bc56513ea6759b58bb7623556cf414d6e811290a3b332ad5018f6b3de846a98adcaf7d8c6e6b86e835e546,NO INJURY / DRIVE AWAY,"OVER $1,500",2025-09-20T19:10:00.000,NO CONTROLS,REAR END,,0,0,2,0,0,0,0,41.7586090061,DAWN,-87.5957213605,NO INDICATION OF INJURY,2,35,NOT APPLICABLE,NOT ON SCENE (DESK REPORT),NO DEFECTS,WET,NOT APPLICABLE,S,SOUTH CHICAGO AVE,7500,TRAFFIC SIGNAL,FOUR WAY,OTHER,Y,,,,,,2,2,"{""coordinates"": [-87.595721360538, 41.758609006103], ""type"": ""Point""}","[""FRONT"", ""REAR""]","[""OTHER"", ""UNKNOWN/NA""]",[],"[""S""]","[""DRIVER""]","[""UNKNOWN""]","[""NOT IN USE"", ""PERSONAL""]","[""2014"", ""2023""]","[""24"", ""71""]","[""NOT APPLICABLE""]","[""NONE"", ""UNKNOWN""]","[""NO INDICATION OF INJURY""]","[""DRIVER""]","[""USAGE UNKNOWN""]","[""F"", ""M""]",[]
STRAIGHT AND LEVEL,821,2025-09-20T18:28:00.000,7,18,9,58a6eb2c21ab7e5b7bee7a308775d65951d66489fe94bf1e6f342ef11baa27721c36c303b3d733ff4ffc50e6d339990c3d76a9d991c8712c69287aaebd1bb71b,INJURY AND / OR TOW DUE TO CRASH,"OVER $1,500",2025-09-20T18:34:00.000,FUNCTIONING PROPERLY,TURNING,Y,0,0,1,0,1,1,0,41.8138421438,DUSK,-87.7043483367,"REPORTED, NOT EVIDENT",2,35,FAILING TO YIELD RIGHT-OF-WAY,ON SCENE,NO DEFECTS,WET,NOT APPLICABLE,S,KEDZIE AVE,4356,TRAFFIC SIGNAL,Y-INTERSECTION,RAIN,,,,,,,2,2,"{""coordinates"": [-87.704348336673, 41.813842143846], ""type"": ""Point""}","[""FRONT"", ""SIDE-LEFT-REAR""]","[""TURNING LEFT""]",[],"[""NE"", ""SW""]","[""DRIVER""]","[""NONE""]","[""PERSONAL""]","[""2018""]","[""36""]","[""DEPLOYMENT UNKNOWN"", ""DID NOT DEPLOY""]","[""NONE""]","[""NO INDICATION OF INJURY"", ""REPORTED, NOT EVIDENT""]","[""DRIVER""]","[""SAFETY BELT USED"", ""USAGE UNKNOWN""]","[""F"", ""M""]",[]
STRAIGHT AND LEVEL,1222,2025-09-20T18:30:00.000,7,18,9,e1b0a50c83149ff6d54eabdf2ba6525431081db540ec74b2c627fedcb8cec3fdf06e09c387bce5462c466bf2a0203d62f00ebb2eaedb22fc490ff2449f3d9756,NO INJURY / DRIVE AWAY,"OVER $1,500",2025-09-21T19:00:00.000,FUNCTIONING PROPERLY,REAR END,,0,0,4,0,0,0,0,41.8833658108,DAYLIGHT,-87.7011199788,NO INDICATION OF INJURY,2,30,UNABLE TO DETERMINE,NOT ON SCENE (DESK REPORT),UNKNOWN,UNKNOWN,NOT APPLICABLE,N,SACRAMENTO BLVD,115,TRAFFIC SIGNAL,NOT DIVIDED,CLEAR,,,,,,,2,4,"{""coordinates"": [-87.701119978843, 41.883365810766], ""type"": ""Point""}","[""FRONT"", ""REAR""]","[""STRAIGHT AHEAD""]",[],"[""N""]","[""DRIVER""]","[""NONE""]","[""PERSONAL""]","[""2005"", ""2016""]","[""32"", ""38""]","[""NOT APPLICABLE""]","[""NONE""]","[""NO INDICATION OF INJURY""]","[""DRIVER"", ""PASSENGER""]","[""SAFETY BELT USED""]","[""F"", ""M""]","[""3"", ""4""]"
STRAIGHT AND LEVEL,1022,2025-09-20T18:38:00.000,7,18,9,2b72456d45ca053be41296418c5cbf47b511db5169be92df68960cb9640778edeba31e74cb1121ed3f9c9b97bff0c32589d356cc6746e964cd6a90bf011f8072,NO INJURY / DRIVE AWAY,"OVER $1,500",2025-09-20T19:10:00.000,NO CONTROLS,REAR END,,0,0,2,0,0,0,0,41.8585785727,DAYLIGHT,-87.7055907242,NO INDICATION OF INJURY,2,30,UNABLE TO DETERMINE,NOT ON SCENE (DESK REPORT),NO DEFECTS,DRY,UNABLE TO DETERMINE,S,KEDZIE AVE,1616,NO CONTROLS,NOT DIVIDED,CLEAR,,,,,,,2,2,"{""coordinates"": [-87.705590724221, 41.858578572746], ""type"": ""Point""}","[""FRONT"", ""REAR""]","[""STRAIGHT AHEAD""]",[],"[""S""]","[""DRIVER""]","[""NONE"", ""UNKNOWN""]","[""PERSONAL""]","[""2016"", ""2026""]","[""26"", ""28""]","[""DID NOT DEPLOY""]","[""NONE""]","[""NO INDICATION OF INJURY""]","[""DRIVER""]","[""SAFETY BELT USED"", ""USAGE UNKNOWN""]","[""M""]",[]
STRAIGHT AND LEVEL,1832,2025-09-20T18:45:00.000,7,18,9,80d678b3eb52905135e3d8e11d12d33342b237891efcd4f034fef1b9c6b3243543127c4c16640880c3b7a27388c86ac94b94c9437ca17724d18c708b4df53cbc,NO INJURY / DRIVE AWAY,"OVER $1,500",2025-09-22T11:00:00.000,FUNCTIONING PROPERLY,REAR END,,0,0,3,0,0,0,0,41.8971049342,DAYLIGHT,-87.632571719,NO INDICATION OF INJURY,2,30,UNABLE TO DETERMINE,NOT ON SCENE (DESK REPORT),NO DEFECTS,DRY,NOT APPLICABLE,N,LA SALLE DR,815,TRAFFIC SIGNAL,NOT DIVIDED,CLEAR,,,,,,,2,2,"{""coordinates"": [-87.632571719008, 41.897104934162], ""type"": ""Point""}","[""FRONT"", ""REAR""]","[""SLOW/STOP IN TRAFFIC"", ""STRAIGHT AHEAD""]",[],"[""S""]","[""DRIVER""]","[""NONE"", ""UNKNOWN""]","[""PERSONAL"", ""RIDESHARE SERVICE""]",[],[],"[""DID NOT DEPLOY""]","[""NONE""]","[""NO INDICATION OF INJURY""]","[""DRIVER"", ""PASSENGER""]","[""SAFETY BELT USED""]","[""M""]","[""6""]"
STRAIGHT AND LEVEL,1934,2025-09-20T18:50:00.000,7,18,9,1100ed7352df913eaddb982a548fe41c7d9b0906ee9eb72a7a0372074d7fe36137d8215585f7fe90b2da7c15242f91af72ac789fa2b6359cc756266a9e973ac2,NO INJURY / DRIVE AWAY,"OVER $1,500",2025-09-20T18:52:00.000,NO CONTROLS,ANGLE,,0,0,3,0,0,0,0,41.9360802897,"DARKNESS, LIGHTED ROAD",-87.6441166627,NO INDICATION OF INJURY,3,30,UNABLE TO DETERMINE,ON SCENE,UNKNOWN,WET,NOT APPLICABLE,N,BROADWAY,2939,NO CONTROLS,DIVIDED - W/MEDIAN (NOT RAISED),RAIN,,,,Y,,,3,3,"{""coordinates"": [-87.644116662735, 41.936080289719], ""type"": ""Point""}","[""FRONT"", ""FRONT-LEFT-CORNER"", ""SIDE-LEFT-REAR""]","[""BACKING"", ""STRAIGHT AHEAD""]",[],"[""N"", ""S"", ""W""]","[""DRIVER""]","[""UNKNOWN""]","[""CTA"", ""PERSONAL""]","[""2009"", ""2011"", ""2024""]","[""22"", ""32"", ""51""]","[""NOT APPLICABLE""]","[""NONE""]","[""NO INDICATION OF INJURY""]","[""DRIVER""]","[""USAGE UNKNOWN""]","[""F"", ""M""]",[]
STRAIGHT AND LEVEL,112,2025-09-20T19:00:00.000,7,19,9,13ca91bed8cdd7e2535e638bafc2eb6e3c88aa5b584df21eabafaa8e7609a7e4c6bfcc400d804ab7297e113a058eb14eca4f72455cfe7792d34bb87a8c9f7823,NO INJURY / DRIVE AWAY,"OVER $1,500",2025-09-21T18:00:00.000,FUNCTIONING PROPERLY,SIDESWIPE SAME DIRECTION,,0,0,3,0,0,0,0,41.8820439803,DAYLIGHT,-87.6245110366,NO INDICATION OF INJURY,2,25,UNABLE TO DETERMINE,NOT ON SCENE (DESK REPORT),NO DEFECTS,DRY,UNABLE TO DETERMINE,S,MICHIGAN AVE,2,STOP SIGN/FLASHER,DIVIDED - W/MEDIAN (NOT RAISED),CLEAR,Y,,,,,,2,3,"{""coordinates"": [-87.624511036615, 41.88204398026], ""type"": ""Point""}","[""REAR-LEFT-CORNER"", ""SIDE-LEFT-REAR""]","[""STRAIGHT AHEAD""]",[],"[""S""]","[""DRIVER""]","[""NONE"", ""UNKNOWN""]","[""PERSONAL""]","[""2009"", ""2018""]","[""18"", ""20"", ""30""]","[""DID NOT DEPLOY"", ""NOT APPLICABLE""]","[""NONE""]","[""NO INDICATION OF INJURY""]","[""DRIVER"", ""PASSENGER""]","[""SAFETY BELT USED"", ""USAGE UNKNOWN""]","[""F"", ""M""]","[""3""]"
STRAIGHT AND LEVEL,1231,2025-09-20T19:00:00.000,7,19,9,81d231d6d83c46a20d8bfda16816cc52705917b0a71c3008bc4cc217d5b5f2afe4b7be8ed311258ff93b9119b64fc643e515c5023b558344337f9a561396d69c,NO INJURY / DRIVE AWAY,"OVER $1,500",2025-09-21T11:25:00.000,NO CONTROLS,PARKED MOTOR VEHICLE,Y,0,0,1,0,0,0,0,41.8702091464,DAYLIGHT,-87.6630325991,NO INDICATION OF INJURY,2,30,IMPROPER BACKING,NOT ON SCENE (DESK REPORT),NO DEFECTS,DRY,IMPROPER BACKING,S,BISHOP ST,908,NO CONTROLS,DIVIDED - W/MEDIAN BARRIER,CLEAR,,,,,,,2,1,"{""coordinates"": [-87.66303259912, 41.870209146402], ""type"": ""Point""}","[""FRONT-LEFT-CORNER"", ""REAR""]","[""BACKING"", ""PARKED""]",[],"[""N"", ""S""]","[""DRIVER"", ""PARKED""]","[""NONE"", ""UNKNOWN""]","[""PERSONAL"", ""UNKNOWN/NA""]","[""2015""]",[],"[""DEPLOYMENT UNKNOWN""]","[""UNKNOWN""]","[""NO INDICATION OF INJURY""]","[""DRIVER""]","[""USAGE UNKNOWN""]","[""X""]",[]
STRAIGHT AND LEVEL,631,2025-09-20T19:00:00.000,7,19,9,d5a77f058c4d14cbd459892b8a562bb3970af67432c87dce790e8ff08a9bea70fcd611fe8378b0e0fa77f49f48aa946b589dee11c120a995547567ab1496c472,NO INJURY / DRIVE AWAY,"OVER $1,500",2025-09-21T19:48:00.000,NO CONTROLS,REAR END,,0,0,2,0,0,0,0,41.7438929587,"DARKNESS, LIGHTED ROAD",-87.6149039828,NO INDICATION OF INJURY,2,30,"OPERATING VEHICLE IN ERRATIC, RECKLESS, CARELESS, NEGLIGENT OR AGGRESSIVE MANNER",NOT ON SCENE (DESK REPORT),UNKNOWN,DRY,UNABLE TO DETERMINE,S,DR MARTIN LUTHER KING JR DR,8258,NO CONTROLS,PARKING LOT,CLEAR,,,,,,,2,2,"{""coordinates"": [-87.614903982803, 41.743892958693], ""type"": ""Point""}","[""FRONT"", ""REAR""]","[""STRAIGHT AHEAD""]",[],"[""W""]","[""DRIVER""]","[""UNKNOWN""]","[""PERSONAL""]","[""2022""]","[""48""]","[""DID NOT DEPLOY""]","[""NONE""]","[""NO INDICATION OF INJURY""]","[""DRIVER""]","[""USAGE UNKNOWN""]","[""F"", ""M""]",[]
STRAIGHT AND LEVEL,1925,2025-09-20T19:00:00.000,7,19,9,f032926a07e44f6077c7c710f6b5d2eb3cfc9df5e63b6c836e2e15df9d03e3ca2da6ded4bd90c0e16400b203a4e04acf88bb2cf5156f3b7c3a50097ffd71016b,INJURY AND / OR TOW DUE TO CRASH,"OVER $1,500",2025-09-20T19:25:00.000,FUNCTIONING PROPERLY,PEDESTRIAN,Y,0,0,1,1,1,2,0,41.9436609963,DARKNESS,-87.645183607,NONINCAPACITATING INJURY,3,30,FAILING TO YIELD RIGHT-OF-WAY,ON SCENE,NO DEFECTS,WET,FAILING TO YIELD RIGHT-OF-WAY,N,BROADWAY,3406,TRAFFIC SIGNAL,NOT DIVIDED,RAIN,,,,,,,2,3,"{""coordinates"": [-87.64518360704, 41.94366099625], ""type"": ""Point""}","[""FRONT""]","[""TURNING LEFT""]",[],"[""E""]","[""DRIVER"", ""PEDESTRIAN""]","[""UNKNOWN""]","[""UNKNOWN/NA""]",[],"[""20"", ""29""]","[""DEPLOYMENT UNKNOWN""]","[""NONE""]","[""NO INDICATION OF INJURY"", ""NONINCAPACITATING INJURY"", ""REPORTED, NOT EVIDENT""]","[""DRIVER"", ""PEDESTRIAN""]","[""USAGE UNKNOWN""]","[""F"", ""M""]",[]
STRAIGHT AND LEVEL,1214,2025-09-20T19:05:00.000,7,19,9,8e8b05ef662e352be15a9140f46f51eeacdbc9111a176730548fed68673fe60d4f2c27bc2fa68b5a9b73653ea4d98a6af92c3226244e169dd03c0bbca5e0c2cd,NO INJURY / DRIVE AWAY,"$501 - $1,500",2025-09-22T18:00:00.000,NO CONTROLS,SIDESWIPE SAME DIRECTION,,0,0,2,0,0,0,0,41.8868893057,DAWN,-87.6488227918,NO INDICATION OF INJURY,2,30,UNABLE TO DETERMINE,NOT ON SCENE (DESK REPORT),UNKNOWN,UNKNOWN,NOT APPLICABLE,N,GREEN ST,302,NO CONTROLS,NOT DIVIDED,CLEAR,,,,,,,2,2,"{""coordinates"": [-87.648822791828, 41.886889305659], ""type"": ""Point""}","[""FRONT-LEFT-CORNER"", ""REAR-RIGHT-CORNER""]","[""OTHER"", ""STRAIGHT AHEAD""]",[],"[""N""]","[""DRIVER""]","[""NONE""]","[""PERSONAL""]","[""2022"", ""2023""]","[""35"", ""36""]","[""NOT APPLICABLE""]","[""NONE""]","[""NO INDICATION OF INJURY""]","[""DRIVER""]","[""SAFETY BELT USED""]","[""F"", ""M""]",[]
STRAIGHT AND LEVEL,1413,2025-09-20T19:08:00.000,7,19,9,3054a1a918acf924eeb7b7e0c55f892d78a050360140e6d97bec95cb1a176037d83a505d4ff44726d53225c60aeac9c85f595247e861fcc007f6fe5befa1a21f,INJURY AND / OR TOW DUE TO CRASH,"OVER $1,500",2025-09-20T19:28:00.000,NO CONTROLS,PARKED MOTOR VEHICLE,,0,0,1,0,0,0,0,41.9222567949,DARKNESS,-87.712177968,NO INDICATION OF INJURY,3,25,CELL PHONE USE OTHER THAN TEXTING,ON SCENE,NO DEFECTS,WET,UNABLE TO DETERMINE,N,KIMBALL AVE,2240,NO CONTROLS,NOT DIVIDED,RAIN,,,,,,,3,1,"{""coordinates"": [-87.712177968047, 41.922256794889], ""type"": ""Point""}","[""REAR-LEFT-CORNER"", ""SIDE-RIGHT""]","[""PARKED"", ""STRAIGHT AHEAD""]","[""Y""]","[""S"", ""UNKNOWN""]","[""DRIVER"", ""PARKED""]","[""UNKNOWN""]","[""PERSONAL""]","[""2003"", ""2017"", ""2020""]","[""23""]","[""DEPLOYED, FRONT""]","[""NONE""]","[""NO INDICATION OF INJURY""]","[""DRIVER""]","[""USAGE UNKNOWN""]","[""M""]",[]
STRAIGHT AND LEVEL,2413,2025-09-20T19:08:00.000,7,19,9,af8b03ffc9e9d65bc2e42444f905c8784ba16ad463d5cd5c0751ee22f0e55f22eb1e1142b2fcb06b2b6388acf93c92d10e5d43e3ff2d1e9c5f1ac4c693c82bc1,INJURY AND / OR TOW DUE TO CRASH,"OVER $1,500",2025-09-20T19:08:00.000,NO CONTROLS,FIXED OBJECT,,0,0,0,1,0,1,0,41.9910867839,"DARKNESS, LIGHTED ROAD",-87.6895447967,NONINCAPACITATING INJURY,1,30,UNABLE TO DETERMINE,ON SCENE,NO DEFECTS,WET,UNABLE TO DETERMINE,N,WESTERN AVE,6019,NO CONTROLS,NOT DIVIDED,RAIN,,,,,,,1,1,"{""coordinates"": [-87.689544796683, 41.991086783896], ""type"": ""Point""}","[""FRONT""]","[""UNKNOWN/NA""]","[""Y""]","[""S""]","[""DRIVER""]","[""UNKNOWN""]","[""PERSONAL""]","[""2000""]","[""49""]","[""DEPLOYED, FRONT""]","[""NONE""]","[""NONINCAPACITATING INJURY""]","[""DRIVER""]","[""USAGE UNKNOWN""]","[""M""]",[]
STRAIGHT AND LEVEL,2211,2025-09-20T19:15:00.000,7,19,9,e7ca5b35fb5d699d0bc601370974dd1492957c0a2e096792afee17509a28b1468bca39c3330fc33054ac079d2aac23eccb9af0a8c8c2b8d21d635998bd47e26c,NO INJURY / DRIVE AWAY,"$501 - $1,500",2025-09-20T19:20:00.000,NO CONTROLS,REAR END,,0,0,3,0,0,0,0,41.705388019,DUSK,-87.7207520227,NO INDICATION OF INJURY,3,30,UNABLE TO DETERMINE,NOT ON SCENE (DESK REPORT),UNKNOWN,DRY,NOT APPLICABLE,S,PULASKI RD,10315,NO CONTROLS,NOT DIVIDED,CLEAR,,,,,,,3,3,"{""coordinates"": [-87.720752022742, 41.70538801903], ""type"": ""Point""}","[""REAR"", ""UNKNOWN""]","[""STRAIGHT AHEAD""]",[],"[""N""]","[""DRIVER""]","[""UNKNOWN""]","[""PERSONAL"", ""UNKNOWN/NA""]","[""2010"", ""2021"", ""2025""]","[""21"", ""32"", ""40""]","[""NOT APPLICABLE""]","[""NONE""]","[""NO INDICATION OF INJURY""]","[""DRIVER""]","[""SAFETY BELT USED"", ""USAGE UNKNOWN""]","[""F"", ""M""]",[]
STRAIGHT AND LEVEL,1235,2025-09-20T19:16:00.000,7,19,9,cc939a433d3a8de9ed75f74ced531abf4de4d5bace00a89749b86de8dd917ae279d006bf8b503f37c7a63ea6eb6cd15e86a1f61b9d3e0640d5b976b1745bdf99,NO INJURY / DRIVE AWAY,"$501 - $1,500",2025-09-20T20:01:00.000,NO CONTROLS,PARKED MOTOR VEHICLE,,0,0,2,0,0,0,0,41.8589867821,"DARKNESS, LIGHTED ROAD",-87.6552222925,NO INDICATION OF INJURY,2,30,DRIVING SKILLS/KNOWLEDGE/EXPERIENCE,ON SCENE,NO DEFECTS,DRY,UNABLE TO DETERMINE,W,17TH ST,1146,NO CONTROLS,NOT DIVIDED,CLOUDY/OVERCAST,,,,,,,2,2,"{""coordinates"": [-87.655222292488, 41.8589867821], ""type"": ""Point""}","[""SIDE-LEFT"", ""SIDE-RIGHT""]","[""OTHER"", ""PARKED""]",[],"[""W""]","[""DRIVER"", ""PARKED""]","[""UNKNOWN""]","[""PERSONAL"", ""UNKNOWN/NA""]","[""2011"", ""2022""]","[""21"", ""25""]","[""DID NOT DEPLOY""]","[""NONE""]","[""NO INDICATION OF INJURY""]","[""DRIVER"", ""PASSENGER""]","[""USAGE UNKNOWN""]","[""F"", ""M""]","[""3""]"
STRAIGHT ON GRADE,835,2025-09-20T19:25:00.000,7,19,9,268988b56fe92aa6348e642d77fe0505c75c7a0c0237907b7e81dccdb9c9ee8f005490a5000f2d12822cf26fedb32c9f14ec7f06238ce99b59f6196bfeedc20f,INJURY AND / OR TOW DUE TO CRASH,"OVER $1,500",2025-09-20T19:27:00.000,FUNCTIONING PROPERLY,TURNING,,0,0,1,3,0,3,0,41.7356353288,DARKNESS,-87.6826503426,NONINCAPACITATING INJURY,2,30,UNABLE TO DETERMINE,ON SCENE,NO DEFECTS,WET,UNABLE TO DETERMINE,W,87TH ST,2400,TRAFFIC SIGNAL,FOUR WAY,RAIN,Y,,,,,,2,4,"{""coordinates"": [-87.682650342555, 41.735635328819], ""type"": ""Point""}","[""FRONT"", ""FRONT-LEFT-CORNER""]","[""STRAIGHT AHEAD"", ""TURNING LEFT""]","[""Y""]","[""N"", ""W""]","[""DRIVER""]","[""UNKNOWN""]","[""PERSONAL"", ""UNKNOWN/NA""]","[""2008"", ""2013""]","[""12"", ""17"", ""46"", ""54""]","[""DEPLOYED, COMBINATION"", ""DEPLOYED, FRONT""]","[""NONE""]","[""NO INDICATION OF INJURY"", ""NONINCAPACITATING INJURY""]","[""DRIVER"", ""PASSENGER""]","[""USAGE UNKNOWN""]","[""F"", ""M""]","[""3"", ""6""]"
STRAIGHT AND LEVEL,1224,2025-09-20T19:30:00.000,7,19,9,4eeaa5d5b00c47bfd8eb28ce066e998416dc810f7915f64602cd1e26d6ccc5c080733bbfaa3d337d99802ad0752e2510629fe4cfd6dcd923a55c6be35f78239e,NO INJURY / DRIVE AWAY,"$501 - $1,500",2025-09-20T21:15:00.000,FUNCTIONING PROPERLY,SIDESWIPE SAME DIRECTION,,0,0,2,0,0,0,0,41.8832555248,"DARKNESS, LIGHTED ROAD",-87.6474360801,NO INDICATION OF INJURY,2,30,DISTRACTION - FROM INSIDE VEHICLE,NOT ON SCENE (DESK REPORT),NO DEFECTS,DRY,DISTRACTION - FROM INSIDE VEHICLE,W,WASHINGTON BLVD,800,TRAFFIC SIGNAL,T-INTERSECTION,CLEAR,Y,,,,,,2,1,"{""coordinates"": [-87.647436080135, 41.883255524791], ""type"": ""Point""}","[""FRONT-LEFT-CORNER"", ""SIDE-RIGHT-FRONT""]","[""CHANGING LANES"", ""STRAIGHT AHEAD""]",[],"[""E""]","[""DRIVER""]","[""UNKNOWN""]","[""NOT IN USE"", ""PERSONAL""]",[],[],"[""NOT APPLICABLE""]","[""NONE""]","[""NO INDICATION OF INJURY""]","[""DRIVER""]","[""USAGE UNKNOWN""]","[""M""]",[]
STRAIGHT AND LEVEL,2031,2025-09-20T19:30:00.000,7,19,9,ca080f4ea134e50eda4500555dd0a774b57296b8a2aabe2ffd5e4ff15456e1f3380e0cd572769e84ef36d4e42d5da261d6b3d1dd77462566f7615cfb113f5f55,NO INJURY / DRIVE AWAY,"OVER $1,500",2025-09-22T18:15:00.000,FUNCTIONING PROPERLY,REAR END,,0,0,2,0,0,0,0,41.9751116311,UNKNOWN,-87.6990442785,NO INDICATION OF INJURY,2,30,UNABLE TO DETERMINE,NOT ON SCENE (DESK REPORT),OTHER,UNKNOWN,NOT APPLICABLE,N,CALIFORNIA AVE,5136,PEDESTRIAN CROSSING SIGN,NOT DIVIDED,UNKNOWN,,,,,,,2,2,"{""coordinates"": [-87.699044278531, 41.975111631062], ""type"": ""Point""}","[""FRONT"", ""REAR""]","[""STRAIGHT AHEAD""]",[],"[""N""]","[""DRIVER""]","[""NONE""]","[""PERSONAL""]","[""2007"", ""2024""]","[""30"", ""51""]","[""DID NOT DEPLOY""]","[""NONE""]","[""NO INDICATION OF INJURY""]","[""DRIVER""]","[""SAFETY BELT USED""]","[""F""]",[]
STRAIGHT AND LEVEL,834,2025-09-20T19:35:00.000,7,19,9,2d5cff82ba3d5821736c64687e8de70776de559a5911ef8d53810180d199c80435c2726fde7e4bc83346a923059d5cc94844e47047a52073259aa2c16abb1efa,NO INJURY / DRIVE AWAY,"$501 - $1,500",2025-09-22T19:50:00.000,FUNCTIONING PROPERLY,ANGLE,,0,0,2,0,0,0,0,41.7483930398,"DARKNESS, LIGHTED ROAD",-87.7411611101,NO INDICATION OF INJURY,2,35,IMPROPER LANE USAGE,NOT ON SCENE (DESK REPORT),NO DEFECTS,DRY,NOT APPLICABLE,S,CICERO AVE,7935,TRAFFIC SIGNAL,NOT DIVIDED,CLEAR,Y,,,,,,2,2,"{""coordinates"": [-87.741161110101, 41.748393039802], ""type"": ""Point""}","[""FRONT-RIGHT-CORNER"", ""SIDE-LEFT""]","[""ENTERING TRAFFIC LANE FROM PARKING"", ""SLOW/STOP IN TRAFFIC""]",[],"[""N"", ""W""]","[""DRIVER""]","[""NONE"", ""UNKNOWN""]","[""PERSONAL"", ""UNKNOWN/NA""]","[""2010"", ""2021""]",[],"[""NOT APPLICABLE""]","[""NONE""]","[""NO INDICATION OF INJURY""]","[""DRIVER""]","[""SAFETY BELT USED"", ""USAGE UNKNOWN""]","[""F""]",[]