alignment,beat_of_occurrence,crash_date,crash_day_of_week,crash_hour,crash_month,crash_record_id,crash_type,damage,date_police_notified,device_condition,first_crash_type,hit_and_run_i,injuries_fatal,injuries_incapacitating,injuries_no_indication,injuries_non_incapacitating,injuries_reported_not_evident,injuries_total,injuries_unknown,latitude,lighting_condition,longitude,most_severe_injury,num_units,posted_speed_limit,prim_contributory_cause,report_type,road_defect,roadway_surface_cond,sec_contributory_cause,street_direction,street_name,street_no,traffic_control_device,trafficway_type,weather_condition,intersection_related_i,crash_date_est_i,private_property_i,statements_taken_i,photos_taken_i,work_zone_i,veh_count,ppl_count,location_json,veh_first_contact_point_list_json,veh_maneuver_list_json,veh_towed_i_list_json,veh_travel_direction_list_json,veh_unit_type_list_json,veh_vehicle_defect_list_json,veh_vehicle_use_list_json,veh_vehicle_year_list_json,ppl_age_list_json,ppl_airbag_deployed_list_json,ppl_ejection_list_json,ppl_injury_classification_list_json,ppl_person_type_list_json,ppl_safety_equipment_list_json,ppl_sex_list_json,ppl_seat_no_list_json
STRAIGHT AND LEVEL,834,2025-09-20T19:35:00.000,7,19,9,b66c2093c85ebd73b1bc246ff87daaea85a1f94571a75692f9dcb32cc91415d38296bdb5eae8fef924d98b8a22d735cf65f68d3f708350132be601e2e156adcb,NO INJURY / DRIVE AWAY,"OVER $1,500",2025-09-20T21:07:00.000,FUNCTIONING PROPERLY,ANGLE,,0,0,2,0,0,0,0,41.7489865729,"DARKNESS, LIGHTED ROAD",-87.7411968744,NO INDICATION OF INJURY,2,35,FAILING TO YIELD RIGHT-OF-WAY,NOT ON SCENE (DESK REPORT),NO DEFECTS,DRY,DRIVING SKILLS/KNOWLEDGE/EXPERIENCE,S,CICERO AVE,7905,TRAFFIC SIGNAL,CENTER TURN LANE,CLEAR,,,,,,,2,2,"{""coordinates"": [-87.741196874415, 41.748986572901], ""type"": ""Point""}","[""FRONT-RIGHT-CORNER"", ""REAR-LEFT-CORNER""]","[""OTHER"", ""STRAIGHT AHEAD""]",[],"[""N"", ""NW""]","[""DRIVER""]","[""UNKNOWN""]","[""PERSONAL"", ""UNKNOWN/NA""]","[""2010"", ""2021""]","[""32"", ""36""]","[""DID NOT DEPLOY""]","[""NONE""]","[""NO INDICATION OF INJURY""]","[""DRIVER""]","[""SAFETY BELT USED""]","[""F"", ""M""]",[]
"CURVE, LEVEL",1833,2025-09-20T19:38:00.000,7,19,9,1066e6b98e570b433acc4e57b1bd730fe0748cc1b2c8e49a7a2d02fe27f40b07d7d04147433e032a7ea3f9c0dd75b3c1bab799e20685c69e9679f485ead1d157,INJURY AND / OR TOW DUE TO CRASH,"OVER $1,500",2025-09-20T19:38:00.000,NO CONTROLS,SIDESWIPE SAME DIRECTION,,0,0,2,0,0,0,0,41.9008138998,"DARKNESS, LIGHTED ROAD",-87.6210527638,NO INDICATION OF INJURY,2,40,WEATHER,ON SCENE,NO DEFECTS,WET,WEATHER,E,LAKE SHORE DR,219,NO CONTROLS,OTHER,RAIN,,,,,,,2,2,"{""coordinates"": [-87.621052763766, 41.900813899792], ""type"": ""Point""}","[""FRONT""]","[""SKIDDING/CONTROL LOSS"", ""STRAIGHT AHEAD""]","[""Y""]","[""N""]","[""DRIVER""]","[""UNKNOWN""]","[""PERSONAL""]",[],"[""51"", ""55""]","[""DEPLOYED, COMBINATION"", ""DID NOT DEPLOY""]","[""NONE""]","[""NO INDICATION OF INJURY""]","[""DRIVER""]","[""SAFETY BELT USED""]","[""M""]",[]
STRAIGHT AND LEVEL,834,2025-09-20T19:45:00.000,7,19,9,99d9b7c0162b7d8cf984d596c10e4a37e98e853082929d08079967937cc7bb07c6fbd88210c9be806d4e3bda0c2d54e244291b889d581af3a9f5500f5d23f9be,NO INJURY / DRIVE AWAY,"OVER $1,500",2025-09-20T19:45:00.000,NO CONTROLS,PARKED MOTOR VEHICLE,,0,0,1,0,0,0,0,41.7389714648,"DARKNESS, LIGHTED ROAD",-87.7217212775,NO INDICATION OF INJURY,2,30,NOT APPLICABLE,NOT ON SCENE (DESK REPORT),NO DEFECTS,DRY,NOT APPLICABLE,S,PULASKI RD,8444,NO CONTROLS,PARKING LOT,CLOUDY/OVERCAST,,,,,,,2,1,"{""coordinates"": [-87.721721277473, 41.738971464848], ""type"": ""Point""}","[""REAR""]","[""BACKING"", ""PARKED""]",[],"[""UNKNOWN""]","[""DRIVER"", ""PARKED""]","[""NONE"", ""UNKNOWN""]","[""NOT IN USE"", ""UNKNOWN/NA""]","[""2013"", ""2018""]","[""41""]","[""DEPLOYMENT UNKNOWN""]","[""NONE""]","[""NO INDICATION OF INJURY""]","[""DRIVER""]","[""USAGE UNKNOWN""]","[""M""]",[]
STRAIGHT AND LEVEL,914,2025-09-20T19:47:00.000,7,19,9,e0e2d7b3a36d4f0e5786f9c00b8c41a90b25f832d67242c670866078be055507a77d270009c90d794e4dc0fb08ee022e58c8b377d412664a6a39ddc0ee3baaba,NO INJURY / DRIVE AWAY,"OVER $1,500",2025-09-22T17:17:00.000,FUNCTIONING PROPERLY,REAR END,,0,0,5,0,0,0,0,41.8576430378,"DARKNESS, LIGHTED ROAD",-87.6318500315,NO INDICATION OF INJURY,2,30,FAILING TO REDUCE SPEED TO AVOID CRASH,NOT ON SCENE (DESK REPORT),NO DEFECTS,WET,NOT APPLICABLE,W,18TH ST,159,TRAFFIC SIGNAL,NOT DIVIDED,FREEZING RAIN/DRIZZLE,,,,,,,2,5,"{""coordinates"": [-87.63185003155, 41.857643037815], ""type"": ""Point""}","[""FRONT"", ""REAR""]","[""STRAIGHT AHEAD""]",[],"[""W""]","[""DRIVER""]","[""NONE""]","[""PERSONAL""]","[""2023""]","[""34""]","[""NOT APPLICABLE""]","[""NONE"", ""UNKNOWN""]","[""NO INDICATION OF INJURY""]","[""DRIVER"", ""PASSENGER""]","[""USAGE UNKNOWN""]","[""F"", ""M""]","[""3"", ""4""]"
STRAIGHT AND LEVEL,1831,2025-09-20T20:00:00.000,7,20,9,04808a1aef44c7d0033a49049a5dbdb1d7330bb1ca3f0e24f8bb93e4b3fa281494a8fb2ac6e9d5d44651bdd180e4d7af2f567c5736f2f1db1a30bdc6cff3e349,NO INJURY / DRIVE AWAY,"$501 - $1,500",2025-09-20T21:00:00.000,FUNCTIONING PROPERLY,SIDESWIPE SAME DIRECTION,,0,0,2,0,0,0,0,41.8907148691,"DARKNESS, LIGHTED ROAD",-87.6310292514,NO INDICATION OF INJURY,2,30,UNABLE TO DETERMINE,NOT ON SCENE (DESK REPORT),NO DEFECTS,DRY,UNABLE TO DETERMINE,W,ILLINOIS ST,99,TRAFFIC SIGNAL,ONE-WAY,CLEAR,,,,,,,2,2,"{""coordinates"": [-87.631029251419, 41.89071486914], ""type"": ""Point""}","[""FRONT-LEFT-CORNER"", ""FRONT-RIGHT-CORNER""]","[""CHANGING LANES"", ""STARTING IN TRAFFIC""]",[],"[""W""]","[""DRIVER""]","[""UNKNOWN""]","[""OTHER"", ""RIDESHARE SERVICE""]",[],[],"[""DEPLOYMENT UNKNOWN"", ""NOT APPLICABLE""]","[""NONE""]","[""NO INDICATION OF INJURY""]","[""DRIVER""]","[""USAGE UNKNOWN""]","[""M""]",[]
STRAIGHT AND LEVEL,1225,2025-09-20T20:00:00.000,7,20,9,84145ed252ec6c596c5cee337cf57e1500e207fdd7ea81cf39f11a7055e052a148d1a67289e084d0b4384d5ddd27094e61286f2f0a1e488fc5e99961fdf734ac,NO INJURY / DRIVE AWAY,"OVER $1,500",2025-09-22T16:45:00.000,NO CONTROLS,PARKED MOTOR VEHICLE,Y,0,0,1,0,0,0,0,41.8745973438,UNKNOWN,-87.6763255803,NO INDICATION OF INJURY,2,10,UNABLE TO DETERMINE,NOT ON SCENE (DESK REPORT),UNKNOWN,UNKNOWN,UNABLE TO DETERMINE,S,DAMEN AVE,513,NO CONTROLS,PARKING LOT,OTHER,,,Y,,,,2,1,"{""coordinates"": [-87.676325580292, 41.874597343757], ""type"": ""Point""}","[""FRONT-RIGHT-CORNER"", ""UNKNOWN""]","[""PARKED"", ""UNKNOWN/NA""]",[],"[""UNKNOWN""]","[""DRIVER"", ""PARKED""]","[""UNKNOWN""]","[""PERSONAL"", ""UNKNOWN/NA""]","[""2024""]",[],"[""DEPLOYMENT UNKNOWN""]","[""NONE""]","[""NO INDICATION OF INJURY""]","[""DRIVER""]","[""USAGE UNKNOWN""]","[""X""]",[]
STRAIGHT AND LEVEL,2422,2025-09-20T20:00:00.000,7,20,9,b191bbee435592ea47cf442a81094ffea593f42c518631cd03ea9b092ad7733dc6c712c178eb82d2aa7c9d084b7619c7e23ab812271e9306a5f4f4b0053d5af2,NO INJURY / DRIVE AWAY,"$501 - $1,500",2025-09-22T12:00:00.000,NO CONTROLS,PARKED MOTOR VEHICLE,Y,0,0,1,0,0,0,0,42.0192885501,DAYLIGHT,-87.6750585094,NO INDICATION OF INJURY,2,30,UNABLE TO DETERMINE,NOT ON SCENE (DESK REPORT),NO DEFECTS,DRY,UNABLE TO DETERMINE,W,HOWARD ST,1763,NO CONTROLS,PARKING LOT,CLEAR,,,,,,,2,1,"{""coordinates"": [-87.675058509388, 42.019288550088], ""type"": ""Point""}","[""SIDE-LEFT"", ""SIDE-RIGHT""]","[""PARKED"", ""UNKNOWN/NA""]",[],"[""N""]","[""DRIVER"", ""PARKED""]","[""NONE""]","[""NOT IN USE"", ""UNKNOWN/NA""]","[""2016""]",[],"[""DEPLOYMENT UNKNOWN""]","[""NONE""]","[""NO INDICATION OF INJURY""]","[""DRIVER""]","[""USAGE UNKNOWN""]","[""X""]",[]
STRAIGHT AND LEVEL,1834,2025-09-20T20:00:00.000,7,20,9,cdadaf61d5b8a1b8f93d140e9a6b5009d34a702fe65f3346b6cd674a27ecad47f6266068c8f673c45956b2921b257ef12160d3ae63a2fbbb2fd0acecb65cff4c,NO INJURY / DRIVE AWAY,"OVER $1,500",2025-09-20T20:30:00.000,UNKNOWN,SIDESWIPE SAME DIRECTION,,0,0,2,0,0,0,0,41.8914048807,"DARKNESS, LIGHTED ROAD",-87.6200812297,NO INDICATION OF INJURY,2,30,UNABLE TO DETERMINE,NOT ON SCENE (DESK REPORT),UNKNOWN,UNKNOWN,UNABLE TO DETERMINE,N,COLUMBUS DR,511,UNKNOWN,NOT DIVIDED,RAIN,,,,,,,2,2,"{""coordinates"": [-87.620081229738, 41.891404880694], ""type"": ""Point""}","[""FRONT-LEFT-CORNER"", ""FRONT-RIGHT-CORNER""]","[""CHANGING LANES"", ""STRAIGHT AHEAD""]",[],"[""UNKNOWN""]","[""DRIVER""]","[""UNKNOWN""]","[""PERSONAL""]","[""2013"", ""2026""]","[""18"", ""29""]","[""DEPLOYMENT UNKNOWN""]","[""UNKNOWN""]","[""NO INDICATION OF INJURY""]","[""DRIVER""]","[""USAGE UNKNOWN""]","[""F"", ""M""]",[]
STRAIGHT AND LEVEL,512,2025-09-20T20:01:00.000,7,20,9,d95266fe58a3a3a84b40b1ed8ceb9c959742f8ea3ae6da50970b0d79e821bec34d3a49b96b23933d3bf449d7dc78768265b705b77932f6ef5f44c74fcb0c2810,INJURY AND / OR TOW DUE TO CRASH,"OVER $1,500",2025-09-20T20:01:00.000,UNKNOWN,PEDESTRIAN,Y,0,0,1,1,0,1,0,41.7072900641,UNKNOWN,-87.6081774651,NONINCAPACITATING INJURY,2,25,UNABLE TO DETERMINE,ON SCENE,UNKNOWN,UNKNOWN,UNABLE TO DETERMINE,E,103RD ST,619,UNKNOWN,NOT DIVIDED,UNKNOWN,,,,,,,2,2,"{""coordinates"": [-87.608177465094, 41.707290064119], ""type"": ""Point""}","[""UNKNOWN""]","[""UNKNOWN/NA""]",[],"[""UNKNOWN""]","[""DRIVER"", ""PEDESTRIAN""]","[""UNKNOWN""]","[""UNKNOWN/NA""]",[],"[""28""]","[""DEPLOYMENT UNKNOWN""]","[""UNKNOWN""]","[""NO INDICATION OF INJURY"", ""NONINCAPACITATING INJURY""]","[""DRIVER"", ""PEDESTRIAN""]","[""USAGE UNKNOWN""]","[""M"", ""X""]",[]
STRAIGHT AND LEVEL,2515,2025-09-20T20:15:00.000,7,20,9,fa64ae524074b3cdc58730f2e036b18a4481b5a86c557e495d16d17b68a4053f267466e73c7eda669308cb62028d41f34924f3d7e75cff1a568195fab42959ea,NO INJURY / DRIVE AWAY,"OVER $1,500",2025-09-20T20:26:00.000,NO CONTROLS,TURNING,,0,0,2,0,0,0,0,41.9240335497,"DARKNESS, LIGHTED ROAD",-87.7697014301,NO INDICATION OF INJURY,2,30,FAILING TO YIELD RIGHT-OF-WAY,NOT ON SCENE (DESK REPORT),NO DEFECTS,WET,UNABLE TO DETERMINE,W,FULLERTON AVE,5730,NO CONTROLS,NOT DIVIDED,RAIN,,,,,,,2,2,"{""coordinates"": [-87.769701430094, 41.924033549733], ""type"": ""Point""}","[""FRONT-LEFT-CORNER"", ""FRONT-RIGHT-CORNER""]","[""STRAIGHT AHEAD"", ""TURNING LEFT""]",[],"[""S"", ""W""]","[""DRIVER""]","[""NONE""]","[""NOT IN USE"", ""PERSONAL""]","[""2007""]","[""35"", ""44""]","[""NOT APPLICABLE""]","[""NONE""]","[""NO INDICATION OF INJURY""]","[""DRIVER""]","[""NONE PRESENT"", ""USAGE UNKNOWN""]","[""F"", ""M""]",[]
STRAIGHT AND LEVEL,1424,2025-09-20T20:20:00.000,7,20,9,4553a3434293799695023d17460543661edc39913137e03b32e42b6bceeddea880fa9c856af329bbd7df140868ba046bfd70e595091526c7fc95dbdc5ff3db9f,NO INJURY / DRIVE AWAY,"OVER $1,500",2025-09-20T21:15:00.000,NO CONTROLS,SIDESWIPE OPPOSITE DIRECTION,,0,0,2,0,0,0,0,41.9033382119,"DARKNESS, LIGHTED ROAD",-87.6749636291,NO INDICATION OF INJURY,2,30,IMPROPER BACKING,NOT ON SCENE (DESK REPORT),NO DEFECTS,DRY,UNABLE TO DETERMINE,W,DIVISION ST,1902,NO CONTROLS,DIVIDED - W/MEDIAN (NOT RAISED),CLEAR,,,,,,,2,2,"{""coordinates"": [-87.674963629094, 41.903338211907], ""type"": ""Point""}","[""FRONT-LEFT-CORNER"", ""FRONT-RIGHT-CORNER""]","[""BACKING"", ""STRAIGHT AHEAD""]",[],"[""E"", ""W""]","[""DRIVER""]","[""NONE"", ""UNKNOWN""]","[""RIDESHARE SERVICE"", ""UNKNOWN/NA""]","[""2018"", ""2020""]","[""26"", ""33""]","[""DID NOT DEPLOY"", ""NOT APPLICABLE""]","[""NONE""]","[""NO INDICATION OF INJURY""]","[""DRIVER""]","[""SAFETY BELT USED"", ""USAGE UNKNOWN""]","[""F"", ""M""]",[]
STRAIGHT AND LEVEL,2522,2025-09-20T20:25:00.000,7,20,9,82551e5f4083bcb0bccc3bd78d2ebfbbdba541fca1d9b49cc99d13d49af217ac0379fac66fde8fa263080ac6c788bf4c5abd57da58e02c475c8b00d2ca88d9cb,NO INJURY / DRIVE AWAY,"OVER $1,500",2025-09-21T10:45:00.000,NO CONTROLS,SIDESWIPE SAME DIRECTION,,0,0,2,0,0,0,0,41.9169831126,"DARKNESS, LIGHTED ROAD",-87.7459665849,NO INDICATION OF INJURY,2,30,FAILING TO YIELD RIGHT-OF-WAY,NOT ON SCENE (DESK REPORT),NO DEFECTS,DRY,NOT APPLICABLE,N,CICERO AVE,2001,NO CONTROLS,NOT DIVIDED,CLEAR,,,,,,,2,2,"{""coordinates"": [-87.745966584887, 41.916983112634], ""type"": ""Point""}","[""SIDE-LEFT"", ""SIDE-RIGHT-REAR""]","[""MERGING"", ""STRAIGHT AHEAD""]",[],"[""N""]","[""DRIVER""]","[""NONE""]","[""PERSONAL""]","[""2010"", ""2025""]","[""37"", ""40""]","[""NOT APPLICABLE""]","[""NONE""]","[""NO INDICATION OF INJURY""]","[""DRIVER""]","[""SAFETY BELT USED"", ""USAGE UNKNOWN""]","[""F"", ""M""]",[]
STRAIGHT AND LEVEL,1621,2025-09-20T20:25:00.000,7,20,9,d5404ba05e7105d28e3dc4f7797a3ede2620ea0efa001eaf8137b75f2ce4d6cf51fc54a38f7459bdcf1aee6cd341e5605f8c90323bfa3458d3d117bc8bbadd48,INJURY AND / OR TOW DUE TO CRASH,"OVER $1,500",2025-09-20T20:28:00.000,FUNCTIONING PROPERLY,TURNING,,0,0,2,0,0,0,0,41.996214506,"DARKNESS, LIGHTED ROAD",-87.7640993024,NO INDICATION OF INJURY,2,30,FAILING TO YIELD RIGHT-OF-WAY,ON SCENE,UNKNOWN,WET,IMPROPER TURNING/NO SIGNAL,N,CALDWELL AVE,6321,TRAFFIC SIGNAL,DIVIDED - W/MEDIAN (NOT RAISED),RAIN,Y,,,,,,2,2,"{""coordinates"": [-87.764099302403, 41.996214505963], ""type"": ""Point""}","[""FRONT"", ""FRONT-LEFT-CORNER""]","[""STRAIGHT AHEAD"", ""TURNING LEFT""]","[""Y""]","[""S"", ""SE""]","[""DRIVER""]","[""NONE""]","[""PERSONAL""]","[""2012"", ""2020""]","[""48"", ""79""]","[""DEPLOYED, COMBINATION"", ""DID NOT DEPLOY""]","[""NONE""]","[""NO INDICATION OF INJURY""]","[""DRIVER""]","[""SAFETY BELT USED""]","[""M""]",[]
STRAIGHT AND LEVEL,723,2025-09-20T20:30:00.000,7,20,9,2e24695713ac04ce0797c990b51ad9fb37381069e8e00bc6ec6a1daa4edf6f9aea4d8bb039cbb855f7bbc1909b1e544ae6487564d36abf93f022d6b8cef65ce4,NO INJURY / DRIVE AWAY,"$501 - $1,500",2025-09-20T21:15:00.000,NO CONTROLS,PARKED MOTOR VEHICLE,Y,0,0,1,0,0,0,0,41.7767878853,"DARKNESS, LIGHTED ROAD",-87.6469936307,NO INDICATION OF INJURY,2,30,FAILING TO YIELD RIGHT-OF-WAY,NOT ON SCENE (DESK REPORT),UNKNOWN,WET,UNABLE TO DETERMINE,S,PEORIA ST,6437,NO CONTROLS,ONE-WAY,RAIN,,,,,,,2,1,"{""coordinates"": [-87.646993630744, 41.776787885306], ""type"": ""Point""}","[""REAR-LEFT-CORNER"", ""UNKNOWN""]","[""PARKED"", ""STRAIGHT AHEAD""]",[],"[""S""]","[""DRIVER"", ""PARKED""]","[""UNKNOWN""]","[""PERSONAL"", ""UNKNOWN/NA""]","[""2009"", ""2021""]",[],"[""DEPLOYMENT UNKNOWN""]","[""NONE""]","[""NO INDICATION OF INJURY""]","[""DRIVER""]","[""USAGE UNKNOWN""]","[""F""]",[]
STRAIGHT AND LEVEL,1824,2025-09-20T20:30:00.000,7,20,9,4ecbb5b8a096f4097fb6c266384d9bb5d406c05bb3300f43c7774716d6c49a2f732dc64dd25aeb8048c01c8673c367c76960b3a7740ddc2fcc7ce9d88ddf6c5f,NO INJURY / DRIVE AWAY,"OVER $1,500",2025-09-22T10:20:00.000,NO CONTROLS,SIDESWIPE SAME DIRECTION,Y,0,0,4,0,0,0,0,41.9009589191,"DARKNESS, LIGHTED ROAD",-87.6199281737,NO INDICATION OF INJURY,3,40,UNABLE TO DETERMINE,NOT ON SCENE (DESK REPORT),NO DEFECTS,WET,FAILING TO REDUCE SPEED TO AVOID CRASH,N,LAKE SHORE DR NB,1000,NO CONTROLS,DIVIDED - W/MEDIAN BARRIER,CLEAR,,,,,,,3,4,"{""coordinates"": [-87.619928173678, 41.900958919109], ""type"": ""Point""}","[""FRONT-LEFT-CORNER"", ""FRONT-RIGHT-CORNER""]","[""SKIDDING/CONTROL LOSS"", ""STRAIGHT AHEAD""]",[],"[""N""]","[""DRIVER""]","[""NONE"", ""OTHER""]","[""PERSONAL"", ""UNKNOWN/NA""]","[""2012"", ""2025""]","[""39""]","[""DEPLOYMENT UNKNOWN"", ""DID NOT DEPLOY""]","[""NONE"", ""UNKNOWN""]","[""NO INDICATION OF INJURY""]","[""DRIVER"", ""PASSENGER""]","[""SAFETY BELT USED"", ""USAGE UNKNOWN""]","[""F"", ""M"", ""X""]","[""4""]"
STRAIGHT AND LEVEL,1653,2025-09-20T20:40:00.000,7,20,9,2d8a02d06c80834c0a167b651482466d229f3f90c8a6cf520f3e41475a88a8f9e3d8cab61a6254648bfb92bdf0fb42d803cb4d9d05f5a24b6c97ab9ac05eb5e0,NO INJURY / DRIVE AWAY,"OVER $1,500",2025-09-20T21:15:00.000,NO CONTROLS,SIDESWIPE SAME DIRECTION,,0,0,2,0,0,0,0,,"DARKNESS, LIGHTED ROAD",,NO INDICATION OF INJURY,2,30,UNABLE TO DETERMINE,NOT ON SCENE (DESK REPORT),UNKNOWN,DRY,NOT APPLICABLE,W,TERMINAL ST,3,NO CONTROLS,ONE-WAY,CLEAR,,,,,,,2,2,,"[""FRONT-LEFT-CORNER"", ""FRONT-RIGHT-CORNER""]","[""STRAIGHT AHEAD""]",[],"[""E""]","[""DRIVER""]","[""UNKNOWN""]","[""PERSONAL""]","[""2017"", ""2023""]","[""19"", ""49""]","[""DID NOT DEPLOY"", ""NOT APPLICABLE""]","[""NONE""]","[""NO INDICATION OF INJURY""]","[""DRIVER""]","[""SAFETY BELT USED""]","[""M""]",[]
STRAIGHT AND LEVEL,2234,2025-09-20T20:40:00.000,7,20,9,d5421b9fcd3d4948f5ef88173808b8e5bd242ce1294b731d0b79e407a8660a7d959540c939934c2e0b7f80072e044cbda758638a690316d5554b73cccac34f00,NO INJURY / DRIVE AWAY,"OVER $1,500",2025-09-20T20:42:00.000,NO CONTROLS,REAR END,,0,0,2,0,0,0,0,41.6776306491,DARKNESS,-87.6624507112,NO INDICATION OF INJURY,2,30,EQUIPMENT - VEHICLE CONDITION,ON SCENE,NO DEFECTS,WET,NOT APPLICABLE,W,119TH ST,1630,NO CONTROLS,NOT DIVIDED,RAIN,,,,,,,2,2,"{""coordinates"": [-87.662450711185, 41.677630649115], ""type"": ""Point""}","[""FRONT-RIGHT-CORNER"", ""REAR-LEFT-CORNER""]","[""STRAIGHT AHEAD""]",[],"[""W""]","[""DRIVER""]","[""NONE"", ""STEERING""]","[""CTA"", ""PERSONAL""]","[""2001"", ""2023""]","[""21"", ""52""]","[""DEPLOYED, FRONT"", ""NOT APPLICABLE""]","[""NONE""]","[""NO INDICATION OF INJURY""]","[""DRIVER""]","[""SAFETY BELT USED""]","[""F"", ""M""]",[]
STRAIGHT AND LEVEL,911,2025-09-20T20:41:00.000,7,20,9,ac6e691ee78b39a7b5ae6107ad2a1d15edb5b9836e079fdae3a506e976c43e0587939f13400f9d3a544487783042287cfb54b69f6f2164b02dd6fdc58da2b2e2,INJURY AND / OR TOW DUE TO CRASH,"OVER $1,500",2025-09-20T21:45:00.000,NO CONTROLS,PARKED MOTOR VEHICLE,,0,0,1,0,0,0,0,41.828881765,"DARKNESS, LIGHTED ROAD",-87.6949308939,NO INDICATION OF INJURY,3,30,WEATHER,NOT ON SCENE (DESK REPORT),NO DEFECTS,WET,UNABLE TO DETERMINE,S,CALIFORNIA AVE,3540,NO CONTROLS,NOT DIVIDED,RAIN,,,,,,,3,1,"{""coordinates"": [-87.694930893869, 41.828881765018], ""type"": ""Point""}","[""FRONT-RIGHT-CORNER"", ""SIDE-LEFT""]","[""PARKED"", ""STRAIGHT AHEAD""]","[""Y""]","[""S""]","[""DRIVER"", ""PARKED""]","[""NONE"", ""UNKNOWN""]","[""PERSONAL""]","[""2012"", ""2013"", ""2019""]","[""67""]","[""DID NOT DEPLOY""]","[""NONE""]","[""NO INDICATION OF INJURY""]","[""DRIVER""]","[""SAFETY BELT USED""]","[""M""]",[]
STRAIGHT AND LEVEL,2533,2025-09-20T20:50:00.000,7,20,9,c09f1d572239d22f451c7a8bf039f401477763b57b385ca5bd95305450db0f57297ec721dcffb8048b07e04dfded3b8d708570e88d716a089d176f141d5b5575,NO INJURY / DRIVE AWAY,"OVER $1,500",2025-09-20T21:25:00.000,NO CONTROLS,HEAD ON,Y,0,0,2,0,0,0,0,41.9168314692,"DARKNESS, LIGHTED ROAD",-87.745312908,NO INDICATION OF INJURY,2,30,DRIVING ON WRONG SIDE/WRONG WAY,NOT ON SCENE (DESK REPORT),UNKNOWN,DRY,IMPROPER OVERTAKING/PASSING,W,ARMITAGE AVE,4741,NO CONTROLS,NOT DIVIDED,CLEAR,,,,,,,2,2,"{""coordinates"": [-87.745312907971, 41.916831469166], ""type"": ""Point""}","[""FRONT""]","[""DRIVING WRONG WAY"", ""SLOW/STOP IN TRAFFIC""]",[],"[""E"", ""W""]","[""DRIVER""]","[""UNKNOWN""]","[""PERSONAL"", ""UNKNOWN/NA""]","[""2015""]","[""67""]","[""DEPLOYMENT UNKNOWN"", ""NOT APPLICABLE""]","[""NONE""]","[""NO INDICATION OF INJURY""]","[""DRIVER""]","[""USAGE UNKNOWN""]","[""M""]",[]
STRAIGHT AND LEVEL,1224,2025-09-20T21:00:00.000,7,21,9,0738d035559951577c7c2304de74733bdb0638580cc79cb76d7fd1c98c30af3da2b46ccb5584b634de8fc7556f8123627483d3dd6e6253ea86b963e416e51edb,NO INJURY / DRIVE AWAY,"$501 - $1,500",2025-09-20T22:00:00.000,NO CONTROLS,PARKED MOTOR VEHICLE,,0,0,2,0,0,0,0,41.8818631747,"DARKNESS, LIGHTED ROAD",-87.6489431523,NO INDICATION OF INJURY,2,30,UNABLE TO DETERMINE,NOT ON SCENE (DESK REPORT),UNKNOWN,DRY,UNABLE TO DETERMINE,W,MADISON ST,840,NO CONTROLS,DIVIDED - W/MEDIAN (NOT RAISED),CLEAR,,,,,,,2,2,"{""coordinates"": [-87.648943152265, 41.88186317466], ""type"": ""Point""}","[""FRONT"", ""REAR""]","[""PARKED"", ""STRAIGHT AHEAD""]",[],"[""W""]","[""DRIVER"", ""PARKED""]","[""UNKNOWN""]","[""UNKNOWN/NA""]","[""2017"", ""2022""]","[""26"", ""65""]","[""DID NOT DEPLOY"", ""NOT APPLICABLE""]","[""NONE""]","[""NO INDICATION OF INJURY""]","[""DRIVER"", ""PASSENGER""]","[""USAGE UNKNOWN""]","[""F"", ""M""]","[""1""]"
STRAIGHT AND LEVEL,914,2025-09-20T21:10:00.000,7,21,9,480f122e9a8c074502b75e433a776dd6958faaef9f6e5a33d15ca2cd1e468abfd37254befd67cb030b2220dccaf5b93e9078cb526f7b8a97c15b5eab68f3191f,NO INJURY / DRIVE AWAY,"OVER $1,500",2025-09-20T22:30:00.000,FUNCTIONING PROPERLY,TURNING,,0,0,2,0,0,0,0,41.8527370879,"DARKNESS, LIGHTED ROAD",-87.6323696142,NO INDICATION OF INJURY,2,30,DISREGARDING TRAFFIC SIGNALS,NOT ON SCENE (DESK REPORT),NO DEFECTS,DRY,FAILING TO REDUCE SPEED TO AVOID CRASH,W,CERMAK RD,207,TRAFFIC SIGNAL,FOUR WAY,CLEAR,Y,,,,,,2,2,"{""coordinates"": [-87.632369614237, 41.852737087893], ""type"": ""Point""}","[""FRONT-RIGHT-CORNER"", ""SIDE-RIGHT""]","[""STRAIGHT AHEAD"", ""TURNING LEFT""]",[],"[""E"", ""W""]","[""DRIVER""]","[""NONE"", ""UNKNOWN""]","[""PERSONAL""]","[""2006"", ""2021""]","[""19"", ""38""]","[""DID NOT DEPLOY"", ""NOT APPLICABLE""]","[""NONE""]","[""NO INDICATION OF INJURY""]","[""DRIVER""]","[""SAFETY BELT USED""]","[""F"", ""M""]",[]