alignment,beat_of_occurrence,crash_date,crash_day_of_week,crash_hour,crash_month,crash_record_id,crash_type,damage,date_police_notified,device_condition,first_crash_type,hit_and_run_i,injuries_fatal,injuries_incapacitating,injuries_no_indication,injuries_non_incapacitating,injuries_reported_not_evident,injuries_total,injuries_unknown,latitude,lighting_condition,longitude,most_severe_injury,num_units,posted_speed_limit,prim_contributory_cause,report_type,road_defect,roadway_surface_cond,sec_contributory_cause,street_direction,street_name,street_no,traffic_control_device,trafficway_type,weather_condition,intersection_related_i,crash_date_est_i,private_property_i,statements_taken_i,photos_taken_i,work_zone_i,veh_count,ppl_count,location_json,veh_first_contact_point_list_json,veh_maneuver_list_json,veh_towed_i_list_json,veh_travel_direction_list_json,veh_unit_type_list_json,veh_vehicle_defect_list_json,veh_vehicle_use_list_json,veh_vehicle_year_list_json,ppl_age_list_json,ppl_airbag_deployed_list_json,ppl_ejection_list_json,ppl_injury_classification_list_json,ppl_person_type_list_json,ppl_safety_equipment_list_json,ppl_sex_list_json,ppl_seat_no_list_json
STRAIGHT AND LEVEL,932,2025-09-20T21:10:00.000,7,21,9,8b89b1d1eb7c0a6c6bc5661872de25c5d1d1c74df2e0fb20e75337f520870b1297e85da6ec1f7fa14fdc913d2c67267bad77c5d02139640f06c5efa2e15afe51,INJURY AND / OR TOW DUE TO CRASH,"OVER $1,500",2025-09-20T21:20:00.000,FUNCTIONING PROPERLY,ANGLE,Y,0,0,2,0,0,0,0,41.7940133348,DARKNESS,-87.6741591019,NO INDICATION OF INJURY,2,30,IMPROPER OVERTAKING/PASSING,ON SCENE,NO DEFECTS,WET,NOT APPLICABLE,S,DAMEN AVE,5463,TRAFFIC SIGNAL,T-INTERSECTION,RAIN,,,,,,,2,2,"{""coordinates"": [-87.674159101906, 41.794013334818], ""type"": ""Point""}","[""FRONT""]","[""PASSING/OVERTAKING"", ""STRAIGHT AHEAD""]","[""Y""]","[""S"", ""W""]","[""DRIVER""]","[""NONE""]","[""PERSONAL""]","[""2019""]","[""24""]","[""NOT APPLICABLE""]","[""NONE"", ""UNKNOWN""]","[""NO INDICATION OF INJURY""]","[""DRIVER""]","[""NONE PRESENT"", ""USAGE UNKNOWN""]","[""M"", ""X""]",[]
STRAIGHT AND LEVEL,715,2025-09-20T21:14:00.000,7,21,9,49d453f9846039e3c854e115b92906bb104123f583bc5bf02826b07b59800afee05a4dbbd9c735d770428e71d9151cf45aa9a2f8a079c8900eafcc9aa175cce0,INJURY AND / OR TOW DUE TO CRASH,"OVER $1,500",2025-09-20T21:21:00.000,FUNCTIONING PROPERLY,ANGLE,Y,0,0,1,1,0,1,0,41.7886579718,DARKNESS,-87.6740062187,NONINCAPACITATING INJURY,4,30,FAILING TO YIELD RIGHT-OF-WAY,ON SCENE,NO DEFECTS,WET,UNABLE TO DETERMINE,S,DAMEN AVE,5755,STOP SIGN/FLASHER,FOUR WAY,CLEAR,,,,,,,4,2,"{""coordinates"": [-87.674006218682, 41.788657971808], ""type"": ""Point""}","[""FRONT"", ""FRONT-LEFT-CORNER"", ""REAR-LEFT-CORNER""]","[""PARKED"", ""STRAIGHT AHEAD"", ""UNKNOWN/NA""]",[],"[""E"", ""N"", ""S""]","[""DRIVER"", ""PARKED""]","[""NONE"", ""UNKNOWN""]","[""PERSONAL"", ""UNKNOWN/NA""]","[""2001"", ""2003"", ""2022""]","[""59""]","[""DEPLOYMENT UNKNOWN"", ""DID NOT DEPLOY""]","[""NONE""]","[""NO INDICATION OF INJURY"", ""NONINCAPACITATING INJURY""]","[""DRIVER""]","[""USAGE UNKNOWN""]","[""M"", ""X""]",[]
STRAIGHT AND LEVEL,623,2025-09-20T21:28:00.000,7,21,9,bb462ef85f4952b67222a89281f1a4d6c6fa2cf99151c735919fabff61eecc899661d8ad48c97c839bcc4ccbdf0304bc6805aa35be5b0cc1f2a580ecfcb6e88c,NO INJURY / DRIVE AWAY,"OVER $1,500",2025-09-20T21:28:00.000,FUNCTIONING PROPERLY,HEAD ON,Y,0,0,2,0,0,0,0,41.7562857008,DARKNESS,-87.6324066628,NO INDICATION OF INJURY,2,30,FAILING TO YIELD RIGHT-OF-WAY,ON SCENE,NO DEFECTS,WET,NOT APPLICABLE,S,VINCENNES AVE,7600,TRAFFIC SIGNAL,FOUR WAY,RAIN,,,,,,,2,2,"{""coordinates"": [-87.632406662789, 41.756285700818], ""type"": ""Point""}","[""FRONT""]","[""STRAIGHT AHEAD""]",[],"[""E"", ""W""]","[""DRIVER""]","[""NONE"", ""UNKNOWN""]","[""PERSONAL"", ""UNKNOWN/NA""]","[""2013"", ""2021""]","[""56""]","[""DEPLOYMENT UNKNOWN"", ""NOT APPLICABLE""]","[""NONE"", ""UNKNOWN""]","[""NO INDICATION OF INJURY""]","[""DRIVER""]","[""SAFETY BELT USED"", ""USAGE UNKNOWN""]","[""M"", ""X""]",[]
STRAIGHT AND LEVEL,323,2025-09-20T21:28:00.000,7,21,9,c94b8177030fd90513c1d3dd0351ecc9482ba389666d612066569388b654407a59f14e01637f135c53480c9926eab4945f7b99f4f273ef9bb90af5fd117ff53b,NO INJURY / DRIVE AWAY,"OVER $1,500",2025-09-20T21:40:00.000,UNKNOWN,TURNING,,0,0,3,0,0,0,0,41.7658003513,"DARKNESS, LIGHTED ROAD",-87.605729127,NO INDICATION OF INJURY,2,30,IMPROPER TURNING/NO SIGNAL,NOT ON SCENE (DESK REPORT),UNKNOWN,UNKNOWN,UNABLE TO DETERMINE,S,COTTAGE GROVE AVE,7100,TRAFFIC SIGNAL,"FIVE POINT, OR MORE",UNKNOWN,Y,,,,,,2,3,"{""coordinates"": [-87.60572912699, 41.765800351319], ""type"": ""Point""}","[""FRONT-LEFT-CORNER"", ""SIDE-RIGHT-FRONT""]","[""TURNING LEFT""]",[],"[""N""]","[""DRIVER""]","[""UNKNOWN""]","[""PERSONAL""]","[""2019"", ""2025""]","[""28"", ""43"", ""66""]","[""DEPLOYED, COMBINATION"", ""DEPLOYMENT UNKNOWN"", ""DID NOT DEPLOY""]","[""NONE"", ""UNKNOWN""]","[""NO INDICATION OF INJURY""]","[""DRIVER"", ""PASSENGER""]","[""USAGE UNKNOWN""]","[""F"", ""M""]","[""2""]"
STRAIGHT AND LEVEL,1832,2025-09-20T21:30:00.000,7,21,9,40a90636cd431a1f05608ce1bf12ef07458d7fdfa4a9cc11145460c37194b2b80bb164635b1165fd3c8ffbca9235b9bfc528c5fc443f6c7c942513911d36c5d9,NO INJURY / DRIVE AWAY,"OVER $1,500",2025-09-21T12:05:00.000,NO CONTROLS,PARKED MOTOR VEHICLE,Y,0,0,1,0,0,0,0,41.8955683487,"DARKNESS, LIGHTED ROAD",-87.6282518615,NO INDICATION OF INJURY,2,10,UNABLE TO DETERMINE,NOT ON SCENE (DESK REPORT),NO DEFECTS,DRY,UNABLE TO DETERMINE,W,SUPERIOR ST,1,NO CONTROLS,PARKING LOT,CLEAR,,,Y,,,,2,1,"{""coordinates"": [-87.628251861473, 41.895568348703], ""type"": ""Point""}","[""REAR-RIGHT-CORNER"", ""UNKNOWN""]","[""PARKED"", ""UNKNOWN/NA""]",[],"[""UNKNOWN""]","[""DRIVER"", ""PARKED""]","[""NONE"", ""UNKNOWN""]","[""NOT IN USE"", ""UNKNOWN/NA""]","[""2018""]",[],"[""DEPLOYMENT UNKNOWN""]","[""NONE""]","[""NO INDICATION OF INJURY""]","[""DRIVER""]","[""USAGE UNKNOWN""]","[""X""]",[]
STRAIGHT AND LEVEL,414,2025-09-20T21:34:00.000,7,21,9,faedca844e6f91921e6e9d333626fcab71bbdbf29838803dac2d53eb332b1b5aabad869bef2d3c7ef6479459927962fde71e215a394e94176404d666c42851e0,NO INJURY / DRIVE AWAY,$500 OR LESS,2025-09-20T21:34:00.000,NO CONTROLS,SIDESWIPE SAME DIRECTION,,0,0,2,0,0,0,0,41.7514422069,"DARKNESS, LIGHTED ROAD",-87.5818232159,NO INDICATION OF INJURY,2,30,UNABLE TO DETERMINE,ON SCENE,UNKNOWN,DRY,UNABLE TO DETERMINE,S,RIDGELAND AVE,7900,NO CONTROLS,NOT DIVIDED,RAIN,,,,,,,2,2,"{""coordinates"": [-87.581823215883, 41.751442206869], ""type"": ""Point""}","[""FRONT-LEFT-CORNER"", ""REAR-LEFT-CORNER""]","[""ENTERING TRAFFIC LANE FROM PARKING"", ""STRAIGHT AHEAD""]",[],"[""W""]","[""DRIVER""]","[""NONE"", ""UNKNOWN""]","[""CTA"", ""PERSONAL""]","[""2005"", ""2017""]",[],"[""DEPLOYMENT UNKNOWN"", ""NOT APPLICABLE""]","[""NONE"", ""UNKNOWN""]","[""NO INDICATION OF INJURY""]","[""DRIVER""]","[""USAGE UNKNOWN""]","[""M""]",[]
STRAIGHT AND LEVEL,1413,2025-09-20T21:46:00.000,7,21,9,8d35b4a009fe017241d9101da2720c2fa1127fc6b1bb427b7a2b75329772d0641db51656cb87953d3fd3cb4614a565f55eb5c8a9da5abc6e6bfceaf00b91e52a,INJURY AND / OR TOW DUE TO CRASH,"OVER $1,500",2025-09-20T21:59:00.000,NO CONTROLS,HEAD ON,,0,0,2,0,0,0,0,41.9174958374,"DARKNESS, LIGHTED ROAD",-87.7081851231,NO INDICATION OF INJURY,2,30,UNDER THE INFLUENCE OF ALCOHOL/DRUGS (USE WHEN ARREST IS EFFECTED),,NO DEFECTS,DRY,FAILING TO REDUCE SPEED TO AVOID CRASH,W,ARMITAGE AVE,3228,NO CONTROLS,NOT DIVIDED,CLEAR,,,,,,,2,2,"{""coordinates"": [-87.708185123144, 41.917495837364], ""type"": ""Point""}","[""FRONT-LEFT-CORNER""]","[""STRAIGHT AHEAD""]","[""Y""]","[""E"", ""W""]","[""DRIVER""]","[""UNKNOWN""]","[""PERSONAL""]","[""2013"", ""2016""]","[""29"", ""37""]","[""DID NOT DEPLOY"", ""NOT APPLICABLE""]","[""NONE""]","[""NO INDICATION OF INJURY""]","[""DRIVER""]","[""USAGE UNKNOWN""]","[""M""]",[]
STRAIGHT AND LEVEL,914,2025-09-20T21:48:00.000,7,21,9,4201b1fb5df24e6d70203d3c0559eba70ef7bef0dfd8997029af1a275b573ef0aac1ec74e9b3d9f0bcba71f7fe6cb276c9db554aaf96cd2978fc8f787b7bf64f,NO INJURY / DRIVE AWAY,"OVER $1,500",2025-09-20T22:30:00.000,FUNCTIONING PROPERLY,ANGLE,,0,0,3,0,0,0,0,41.8382990401,"DARKNESS, LIGHTED ROAD",-87.6352600804,NO INDICATION OF INJURY,2,30,FAILING TO YIELD RIGHT-OF-WAY,NOT ON SCENE (DESK REPORT),NO DEFECTS,WET,UNABLE TO DETERMINE,W,31ST ST,332,STOP SIGN/FLASHER,FOUR WAY,CLEAR,Y,,,,,,2,3,"{""coordinates"": [-87.63526008043, 41.838299040082], ""type"": ""Point""}","[""FRONT-LEFT-CORNER"", ""FRONT-RIGHT-CORNER""]","[""STRAIGHT AHEAD""]",[],"[""N"", ""W""]","[""DRIVER""]","[""NONE""]","[""PERSONAL""]","[""2018"", ""2022""]","[""25"", ""44""]","[""NOT APPLICABLE""]","[""NONE""]","[""NO INDICATION OF INJURY""]","[""DRIVER"", ""PASSENGER""]","[""SAFETY BELT USED""]","[""F"", ""M""]","[""3""]"
STRAIGHT AND LEVEL,835,2025-09-20T21:50:00.000,7,21,9,8f45fda5a555df94584b08f695fba480cc20a566e37154826e890782492fcdfca9c5e0b6e0ac3a647b7ad2751456432d1a6fc57ae1a79546ec102bb5fd814347,NO INJURY / DRIVE AWAY,"OVER $1,500",2025-09-20T22:39:00.000,NO CONTROLS,PARKED MOTOR VEHICLE,Y,0,0,3,0,0,0,0,41.7527987972,"DARKNESS, LIGHTED ROAD",-87.7023340783,NO INDICATION OF INJURY,2,30,FAILING TO REDUCE SPEED TO AVOID CRASH,NOT ON SCENE (DESK REPORT),NO DEFECTS,DRY,UNABLE TO DETERMINE,S,KEDZIE AVE,7723,NO CONTROLS,NOT DIVIDED,CLEAR,,,,,,,2,3,"{""coordinates"": [-87.70233407833, 41.752798797249], ""type"": ""Point""}","[""UNKNOWN""]","[""PARKED IN TRAFFIC LANE"", ""STRAIGHT AHEAD""]",[],"[""N""]","[""DRIVER"", ""PARKED""]","[""UNKNOWN""]","[""PERSONAL"", ""UNKNOWN/NA""]","[""2004"", ""2005""]","[""24"", ""3""]","[""DEPLOYMENT UNKNOWN"", ""NOT APPLICABLE""]","[""NONE""]","[""NO INDICATION OF INJURY""]","[""DRIVER"", ""PASSENGER""]","[""CHILD RESTRAINT NOT USED"", ""USAGE UNKNOWN""]","[""F"", ""M""]","[""1"", ""3""]"
STRAIGHT AND LEVEL,1234,2025-09-20T21:55:00.000,7,21,9,1037eaee7d135edc1be967ef6d372a6a1bcdb6dcde5106e4c0f996a61493e2e7ec33eebb8ea8050be6ec6a3f80baa804c4f627f6d1c7946ca5e8c8f017a4a621,NO INJURY / DRIVE AWAY,"OVER $1,500",2025-09-21T09:20:00.000,NO CONTROLS,PARKED MOTOR VEHICLE,,0,0,1,0,0,0,0,41.8569918886,"DARKNESS, LIGHTED ROAD",-87.6662718588,NO INDICATION OF INJURY,2,30,UNABLE TO DETERMINE,NOT ON SCENE (DESK REPORT),NO DEFECTS,DRY,NOT APPLICABLE,S,ASHLAND AVE,1824,NO CONTROLS,NOT DIVIDED,CLEAR,,Y,,,,,2,1,"{""coordinates"": [-87.66627185879, 41.856991888622], ""type"": ""Point""}","[""FRONT"", ""UNKNOWN""]","[""BACKING"", ""PARKED""]",[],"[""S""]","[""DRIVER"", ""PARKED""]","[""NONE""]","[""PERSONAL""]","[""2018"", ""2025""]",[],"[""DEPLOYMENT UNKNOWN""]","[""NONE""]","[""NO INDICATION OF INJURY""]","[""DRIVER""]","[""USAGE UNKNOWN""]","[""M""]",[]
STRAIGHT AND LEVEL,124,2025-09-20T22:00:00.000,7,22,9,b499e21b94857a8c57c4787d3e5eb24767b0a692d50ff0e1f828700568cba584c13e2e24c6d9ff3694f022e58be791bcc89800e98c890c56ca7e620ed926e610,INJURY AND / OR TOW DUE TO CRASH,"OVER $1,500",2025-09-20T22:20:00.000,FUNCTIONING PROPERLY,PEDALCYCLIST,Y,0,0,1,1,0,1,0,41.8669015974,"DARKNESS, LIGHTED ROAD",-87.6405682481,NONINCAPACITATING INJURY,2,30,FAILING TO REDUCE SPEED TO AVOID CRASH,NOT ON SCENE (DESK REPORT),NO DEFECTS,WET,NOT APPLICABLE,S,CLINTON ST,1211,TRAFFIC SIGNAL,NOT DIVIDED,CLEAR,Y,,,,,,2,2,"{""coordinates"": [-87.640568248121, 41.866901597394], ""type"": ""Point""}","[""SIDE-LEFT-FRONT""]","[""STRAIGHT AHEAD""]",[],"[""N""]","[""BICYCLE"", ""DRIVER""]","[""NONE""]","[""PERSONAL""]","[""2023""]","[""31""]","[""NOT APPLICABLE""]","[""NONE""]","[""NO INDICATION OF INJURY"", ""NONINCAPACITATING INJURY""]","[""BICYCLE"", ""DRIVER""]","[""BICYCLE HELMET (PEDACYCLIST INVOLVED ONLY)"", ""SAFETY BELT USED""]","[""F"", ""M""]",[]
STRAIGHT AND LEVEL,1214,2025-09-20T22:00:00.000,7,22,9,fd376523a76e94c0855891af6267352d045dfac5c050cc0a3a4094ee5295254657cbc60b40b8c7d1769533a0f23b9c81297c1381ab7fa66c72432aeeb5a976ac,NO INJURY / DRIVE AWAY,"$501 - $1,500",2025-09-20T23:00:00.000,UNKNOWN,PARKED MOTOR VEHICLE,,0,0,1,0,0,0,0,41.8910585539,DUSK,-87.6490395797,NO INDICATION OF INJURY,2,30,NOT APPLICABLE,NOT ON SCENE (DESK REPORT),UNKNOWN,DRY,UNABLE TO DETERMINE,W,GRAND AVE,837,UNKNOWN,NOT DIVIDED,CLEAR,,,,,,,2,1,"{""coordinates"": [-87.649039579683, 41.891058553887], ""type"": ""Point""}","[""SIDE-LEFT-FRONT"", ""UNKNOWN""]","[""PARKED"", ""UNKNOWN/NA""]",[],"[""E""]","[""DRIVER"", ""PARKED""]","[""UNKNOWN""]","[""PERSONAL""]","[""2016"", ""2025""]",[],"[""DID NOT DEPLOY""]","[""NONE""]","[""NO INDICATION OF INJURY""]","[""DRIVER""]","[""USAGE UNKNOWN""]","[""F""]",[]
STRAIGHT AND LEVEL,424,2025-09-20T22:01:00.000,7,22,9,b03621828e6926ebadb791476f8e7c80e05f1e957c3b8c7f3934360ffb7cac56cf0eb9ba63b2b37f37919d3103990ce346eecbd124bc92c8fdf128d2157bcfec,INJURY AND / OR TOW DUE TO CRASH,"OVER $1,500",2025-09-20T22:01:00.000,FUNCTIONING PROPERLY,REAR END,Y,0,0,3,0,0,0,0,41.7373739463,"DARKNESS, LIGHTED ROAD",-87.5430052179,NO INDICATION OF INJURY,2,30,FOLLOWING TOO CLOSELY,,NO DEFECTS,WET,UNABLE TO DETERMINE,E,87TH ST,3333,TRAFFIC SIGNAL,DIVIDED - W/MEDIAN (NOT RAISED),RAIN,Y,,,,,,2,3,"{""coordinates"": [-87.543005217892, 41.737373946305], ""type"": ""Point""}","[""FRONT"", ""REAR""]","[""SLOW/STOP IN TRAFFIC"", ""STRAIGHT AHEAD""]","[""Y""]","[""W""]","[""DRIVER""]","[""UNKNOWN""]","[""PERSONAL""]","[""2017"", ""2023""]","[""30"", ""54""]","[""DEPLOYMENT UNKNOWN"", ""DID NOT DEPLOY""]","[""NONE""]","[""NO INDICATION OF INJURY""]","[""DRIVER"", ""PASSENGER""]","[""USAGE UNKNOWN""]","[""F"", ""M""]","[""3""]"
STRAIGHT AND LEVEL,623,2025-09-20T22:06:00.000,7,22,9,0fd9e5bc70d08b1a869731264c4cfeaba42f6be2c606e0fc2d789249e27aa24b605d4895f9ed17a2389dc022abddd38cf80823258f12cf01387bea22b1e26c84,INJURY AND / OR TOW DUE TO CRASH,"OVER $1,500",2025-09-20T22:06:00.000,FUNCTIONING PROPERLY,ANGLE,Y,0,0,1,3,0,3,0,41.756231795,"DARKNESS, LIGHTED ROAD",-87.6324323658,NONINCAPACITATING INJURY,2,30,DISREGARDING TRAFFIC SIGNALS,ON SCENE,NO DEFECTS,DRY,UNABLE TO DETERMINE,S,VINCENNES AVE,7602,TRAFFIC SIGNAL,FOUR WAY,CLEAR,Y,,,,,,2,4,"{""coordinates"": [-87.632432365792, 41.756231795022], ""type"": ""Point""}","[""UNKNOWN""]","[""STRAIGHT AHEAD""]","[""Y""]","[""S"", ""W""]","[""DRIVER""]","[""NONE"", ""UNKNOWN""]","[""PERSONAL"", ""UNKNOWN/NA""]","[""2004"", ""2020""]","[""20"", ""27"", ""46""]","[""DEPLOYED, FRONT"", ""DEPLOYMENT UNKNOWN"", ""DID NOT DEPLOY""]","[""NONE"", ""UNKNOWN""]","[""NO INDICATION OF INJURY"", ""NONINCAPACITATING INJURY""]","[""DRIVER"", ""PASSENGER""]","[""SAFETY BELT USED"", ""USAGE UNKNOWN""]","[""F"", ""M""]","[""3""]"
STRAIGHT AND LEVEL,2521,2025-09-20T22:10:00.000,7,22,9,b4723923274a60fb41b354ba8066fd263a79995f0666dfc3325f50e2e20bab98b17cada29c013c1b4584de1c00596d37e989289edd77141c8d5e4ccc93069f15,INJURY AND / OR TOW DUE TO CRASH,"OVER $1,500",2025-09-20T22:10:00.000,NO CONTROLS,PARKED MOTOR VEHICLE,Y,0,0,1,0,0,0,0,41.9251704423,"DARKNESS, LIGHTED ROAD",-87.7560602484,NO INDICATION OF INJURY,2,30,UNABLE TO DETERMINE,ON SCENE,NO DEFECTS,WET,NOT APPLICABLE,W,MONTANA ST,5198,NO CONTROLS,ONE-WAY,RAIN,,,,,,,2,1,"{""coordinates"": [-87.756060248415, 41.925170442327], ""type"": ""Point""}","[""FRONT"", ""REAR""]","[""PARKED"", ""UNKNOWN/NA""]","[""Y""]","[""E""]","[""DRIVER"", ""PARKED""]","[""UNKNOWN""]","[""UNKNOWN/NA""]","[""2014"", ""2016""]",[],"[""DEPLOYMENT UNKNOWN""]","[""NONE""]","[""NO INDICATION OF INJURY""]","[""DRIVER""]","[""USAGE UNKNOWN""]","[""X""]",[]
STRAIGHT AND LEVEL,1914,2025-09-20T22:30:00.000,7,22,9,710adab4003bde08c708a9d1ea060c0f67e789119c1f8afdb7429277af4e7d963a68ad6df0638ac119b70d86f0d7bc352adc4a91d1e66d5be33ff0ac175468c2,INJURY AND / OR TOW DUE TO CRASH,"OVER $1,500",2025-09-20T22:31:00.000,FUNCTIONING PROPERLY,REAR END,Y,0,0,1,0,1,1,0,41.9689820543,"DARKNESS, LIGHTED ROAD",-87.6547033367,"REPORTED, NOT EVIDENT",2,30,UNABLE TO DETERMINE,,NO DEFECTS,DRY,NOT APPLICABLE,W,LAWRENCE AVE,997,STOP SIGN/FLASHER,NOT DIVIDED,CLEAR,,,Y,,,,2,2,"{""coordinates"": [-87.65470333669, 41.96898205433], ""type"": ""Point""}","[""FRONT"", ""REAR-LEFT-CORNER""]","[""STRAIGHT AHEAD""]",[],"[""W""]","[""DRIVER""]","[""NONE"", ""UNKNOWN""]","[""PERSONAL""]","[""2004"", ""2007""]","[""38""]","[""DEPLOYMENT UNKNOWN"", ""NOT APPLICABLE""]","[""NONE""]","[""NO INDICATION OF INJURY"", ""REPORTED, NOT EVIDENT""]","[""DRIVER""]","[""SAFETY BELT USED"", ""USAGE UNKNOWN""]","[""F"", ""M""]",[]
STRAIGHT AND LEVEL,621,2025-09-20T22:30:00.000,7,22,9,adc050a20867d3234c3fecbb3f7a61e9f3e1ef42c6171a6cb27b6e0fce34d4acbb25e323b1b263b1b6c92a468799964cd4193c0d00b255058089a335c89d21a9,NO INJURY / DRIVE AWAY,"OVER $1,500",2025-09-21T18:10:00.000,FUNCTIONING PROPERLY,TURNING,,0,0,2,0,0,0,0,41.7525468687,DAYLIGHT,-87.6439437732,NO INDICATION OF INJURY,2,35,IMPROPER TURNING/NO SIGNAL,NOT ON SCENE (DESK REPORT),NO DEFECTS,DRY,UNABLE TO DETERMINE,S,HALSTED ST,7759,TRAFFIC SIGNAL,FOUR WAY,CLEAR,,,,,,,2,2,"{""coordinates"": [-87.643943773195, 41.752546868729], ""type"": ""Point""}","[""FRONT-LEFT-CORNER"", ""SIDE-RIGHT-FRONT""]","[""TURNING LEFT"", ""TURNING RIGHT""]",[],"[""NE"", ""SE""]","[""DRIVER""]","[""NONE""]","[""PERSONAL"", ""UNKNOWN/NA""]","[""2011"", ""2013""]",[],"[""DID NOT DEPLOY""]","[""NONE""]","[""NO INDICATION OF INJURY""]","[""DRIVER""]","[""SAFETY BELT USED""]","[""F"", ""M""]",[]
STRAIGHT AND LEVEL,632,2025-09-20T22:30:00.000,7,22,9,b2cf07e20df5396d91ae338eab79eaf61214b91411b044dd78ee1ac0e3f625eb97d423b63d5bdfbabee79890af7a5cfadd86bdbce33292d302e4218cf0946133,NO INJURY / DRIVE AWAY,"OVER $1,500",2025-09-21T09:25:00.000,NO CONTROLS,ANGLE,,0,0,2,0,0,0,0,41.7383914836,DARKNESS,-87.6177307399,NO INDICATION OF INJURY,2,30,FAILING TO YIELD RIGHT-OF-WAY,NOT ON SCENE (DESK REPORT),NO DEFECTS,DRY,FAILING TO YIELD RIGHT-OF-WAY,E,86TH ST,300,STOP SIGN/FLASHER,FOUR WAY,CLEAR,,,,,,,2,2,"{""coordinates"": [-87.617730739943, 41.738391483629], ""type"": ""Point""}","[""FRONT"", ""SIDE-LEFT-REAR""]","[""STRAIGHT AHEAD""]",[],"[""N"", ""W""]","[""DRIVER""]","[""NONE""]","[""PERSONAL""]","[""2008"", ""2017""]","[""21"", ""55""]","[""DID NOT DEPLOY""]","[""NONE""]","[""NO INDICATION OF INJURY""]","[""DRIVER""]","[""SAFETY BELT USED""]","[""M""]",[]
STRAIGHT AND LEVEL,1622,2025-09-20T22:35:00.000,7,22,9,0977b25029af8e7732b4937f05d718c5e265299d5ccde024cd4578bda2a28318007e29d1a6c45a578b830d6608effbb56ba4967ad34ebb4a22c00218bf38d478,NO INJURY / DRIVE AWAY,"OVER $1,500",2025-09-20T22:50:00.000,NO CONTROLS,REAR TO FRONT,Y,0,0,4,0,0,0,0,41.9767014663,"DARKNESS, LIGHTED ROAD",-87.7684264173,NO INDICATION OF INJURY,2,30,UNABLE TO DETERMINE,,NO DEFECTS,DRY,UNABLE TO DETERMINE,N,MILWAUKEE AVE,5301,NO CONTROLS,UNKNOWN,CLEAR,,Y,,,,,2,4,"{""coordinates"": [-87.768426417312, 41.976701466264], ""type"": ""Point""}","[""FRONT"", ""REAR""]","[""ENTERING TRAFFIC LANE FROM PARKING"", ""OTHER""]",[],"[""UNKNOWN""]","[""DRIVER""]","[""NONE"", ""UNKNOWN""]","[""PERSONAL""]","[""2019""]","[""23""]","[""DEPLOYMENT UNKNOWN"", ""NOT APPLICABLE""]","[""NONE"", ""UNKNOWN""]","[""NO INDICATION OF INJURY""]","[""DRIVER"", ""PASSENGER""]","[""NONE PRESENT"", ""USAGE UNKNOWN""]","[""F"", ""M""]","[""3""]"
STRAIGHT AND LEVEL,1623,2025-09-20T22:40:00.000,7,22,9,707aaa31effdbb9a2111dde877c8eca0e1ad8a41099646c3b0f219d3adc2fec6069580e61666b9742b19d6b0428cec79eb22f6c49cea5d3745b58c92eb177853,INJURY AND / OR TOW DUE TO CRASH,"OVER $1,500",2025-09-20T22:45:00.000,FUNCTIONING PROPERLY,ANGLE,Y,0,0,2,1,0,1,0,41.9814353382,"DARKNESS, LIGHTED ROAD",-87.7682250463,NONINCAPACITATING INJURY,3,30,DISREGARDING STOP SIGN,,NO DEFECTS,DRY,FAILING TO REDUCE SPEED TO AVOID CRASH,N,CENTRAL AVE,5509,STOP SIGN/FLASHER,NOT DIVIDED,CLEAR,Y,,,Y,,,3,3,"{""coordinates"": [-87.768225046273, 41.981435338155], ""type"": ""Point""}","[""FRONT"", ""FRONT-LEFT-CORNER"", ""REAR-RIGHT-CORNER""]","[""PARKED"", ""STRAIGHT AHEAD""]","[""Y""]","[""E"", ""N"", ""UNKNOWN""]","[""DRIVER"", ""PARKED""]","[""NONE""]","[""CTA"", ""NOT IN USE"", ""PERSONAL""]","[""2010"", ""2016"", ""2019""]","[""46""]","[""DEPLOYED, COMBINATION"", ""NOT APPLICABLE""]","[""NONE""]","[""NO INDICATION OF INJURY"", ""NONINCAPACITATING INJURY""]","[""DRIVER"", ""PASSENGER""]","[""USAGE UNKNOWN""]","[""F"", ""M""]","[""3""]"
STRAIGHT AND LEVEL,512,2025-09-20T22:40:00.000,7,22,9,d9d2eab9c24314e95e1fc1abad2ec0a36b0b434067fda539959dcf8ef74b3bbb7ace02cd4b17db3a40d8618f11ac59000e0a0444ca65b77d6fb8d885d36a5368,INJURY AND / OR TOW DUE TO CRASH,"OVER $1,500",2025-09-20T23:01:00.000,FUNCTIONING PROPERLY,TRAIN,,0,0,1,1,0,1,0,41.7069341548,DARKNESS,-87.6330238153,NONINCAPACITATING INJURY,2,25,UNABLE TO DETERMINE,ON SCENE,NO DEFECTS,DRY,UNABLE TO DETERMINE,W,103RD ST,359,RAILROAD CROSSING GATE,OTHER,CLEAR,,,,,,,2,2,"{""coordinates"": [-87.633023815324, 41.706934154806], ""type"": ""Point""}","[""FRONT"", ""UNKNOWN""]","[""STRAIGHT AHEAD""]","[""Y""]","[""N"", ""W""]","[""DRIVER""]","[""NONE""]","[""OTHER"", ""PERSONAL""]","[""2019""]","[""33""]","[""DEPLOYMENT UNKNOWN"", ""NOT APPLICABLE""]","[""NONE""]","[""NO INDICATION OF INJURY"", ""NONINCAPACITATING INJURY""]","[""DRIVER""]","[""USAGE UNKNOWN""]","[""M"", ""X""]",[]