alignment,beat_of_occurrence,crash_date,crash_day_of_week,crash_hour,crash_month,crash_record_id,crash_type,damage,date_police_notified,device_condition,first_crash_type,hit_and_run_i,injuries_fatal,injuries_incapacitating,injuries_no_indication,injuries_non_incapacitating,injuries_reported_not_evident,injuries_total,injuries_unknown,latitude,lighting_condition,longitude,most_severe_injury,num_units,posted_speed_limit,prim_contributory_cause,report_type,road_defect,roadway_surface_cond,sec_contributory_cause,street_direction,street_name,street_no,traffic_control_device,trafficway_type,weather_condition,intersection_related_i,crash_date_est_i,private_property_i,statements_taken_i,photos_taken_i,work_zone_i,veh_count,ppl_count,location_json,veh_first_contact_point_list_json,veh_maneuver_list_json,veh_towed_i_list_json,veh_travel_direction_list_json,veh_unit_type_list_json,veh_vehicle_defect_list_json,veh_vehicle_use_list_json,veh_vehicle_year_list_json,ppl_age_list_json,ppl_airbag_deployed_list_json,ppl_ejection_list_json,ppl_injury_classification_list_json,ppl_person_type_list_json,ppl_safety_equipment_list_json,ppl_sex_list_json,ppl_seat_no_list_json
STRAIGHT AND LEVEL,1831,2025-09-20T22:45:00.000,7,22,9,aaab1b40daf1c7987dec4b70e41b2d60ccfbac14fda3455190dd07bab57045d6576ae84482158deac99660aa086a3348b09d62f0cd3ba383ad9d50a0e2466f35,NO INJURY / DRIVE AWAY,"$501 - $1,500",2025-09-20T23:15:00.000,FUNCTIONING PROPERLY,SIDESWIPE SAME DIRECTION,,0,0,2,0,0,0,0,41.8924152017,"DARKNESS, LIGHTED ROAD",-87.6369089289,NO INDICATION OF INJURY,2,30,UNABLE TO DETERMINE,NOT ON SCENE (DESK REPORT),NO DEFECTS,DRY,UNABLE TO DETERMINE,N,ORLEANS ST,601,TRAFFIC SIGNAL,FOUR WAY,CLEAR,Y,,,,,,2,2,"{""coordinates"": [-87.636908928924, 41.892415201721], ""type"": ""Point""}","[""FRONT-RIGHT-CORNER"", ""SIDE-LEFT""]","[""OTHER"", ""STRAIGHT AHEAD""]",[],"[""E""]","[""DRIVER""]","[""UNKNOWN""]","[""PERSONAL""]",[],[],"[""NOT APPLICABLE""]","[""NONE""]","[""NO INDICATION OF INJURY""]","[""DRIVER""]","[""USAGE UNKNOWN""]","[""F"", ""M""]",[]
STRAIGHT AND LEVEL,1432,2025-09-20T22:59:00.000,7,22,9,e4a4e472843bb826b3dbbfcb1f6dc5538c177ccd22ecb53244ff43ca0eaebb16d1725baa7aa0ceb7dbb1279795a74e2c61b20aca992e9758cb6e1e59424ee866,INJURY AND / OR TOW DUE TO CRASH,"OVER $1,500",2025-09-20T22:59:00.000,NO CONTROLS,PEDALCYCLIST,,0,0,1,1,0,1,0,41.9176779054,"DARKNESS, LIGHTED ROAD",-87.6873125753,NONINCAPACITATING INJURY,2,30,UNABLE TO DETERMINE,ON SCENE,NO DEFECTS,DRY,NOT APPLICABLE,W,ARMITAGE AVE,2354,NO CONTROLS,NOT DIVIDED,CLEAR,,,,,,,2,2,"{""coordinates"": [-87.687312575332, 41.917677905409], ""type"": ""Point""}","[""FRONT""]","[""TURNING LEFT""]",[],"[""E""]","[""BICYCLE"", ""DRIVER""]","[""UNKNOWN""]","[""PERSONAL""]","[""2002""]","[""35"", ""61""]","[""DID NOT DEPLOY""]","[""NONE"", ""TOTALLY EJECTED""]","[""NO INDICATION OF INJURY"", ""NONINCAPACITATING INJURY""]","[""BICYCLE"", ""DRIVER""]","[""HELMET NOT USED"", ""SAFETY BELT USED""]","[""M""]",[]
STRAIGHT AND LEVEL,1924,2025-09-20T23:00:00.000,7,23,9,75704dc60da28a0bd1fff38de0475960b49aaddb5b2406d6750f219a7bf2bbaff995cee934aa6eacb8589507ed81acc1cc79028cb6e73d2c9e4db21960488328,NO INJURY / DRIVE AWAY,"OVER $1,500",2025-09-21T10:20:00.000,UNKNOWN,TURNING,,0,0,4,0,0,0,0,41.9445744161,"DARKNESS, LIGHTED ROAD",-87.6592523666,NO INDICATION OF INJURY,2,30,FAILING TO YIELD RIGHT-OF-WAY,NOT ON SCENE (DESK REPORT),UNKNOWN,UNKNOWN,UNABLE TO DETERMINE,N,RACINE AVE,3436,STOP SIGN/FLASHER,DIVIDED - W/MEDIAN (NOT RAISED),CLEAR,,,,,,,2,4,"{""coordinates"": [-87.659252366557, 41.944574416105], ""type"": ""Point""}","[""FRONT-LEFT-CORNER"", ""FRONT-RIGHT-CORNER""]","[""STRAIGHT AHEAD"", ""TURNING LEFT""]",[],"[""N"", ""SE""]","[""DRIVER""]","[""UNKNOWN""]","[""PERSONAL""]","[""2007"", ""2023""]","[""20"", ""26""]","[""DID NOT DEPLOY""]","[""NONE""]","[""NO INDICATION OF INJURY""]","[""DRIVER"", ""PASSENGER""]","[""SAFETY BELT USED""]","[""F"", ""M""]","[""3"", ""6""]"
STRAIGHT AND LEVEL,1831,2025-09-20T23:05:00.000,7,23,9,9bac2f30a67f8ba729556a6ee9c819f6280998c67d52bd39851a5783806d5eacb07cecde66aed34a7137e2812562a233649a43c19b6b987583a8d016750ea432,NO INJURY / DRIVE AWAY,"$501 - $1,500",2025-09-22T17:28:00.000,FUNCTIONING PROPERLY,SIDESWIPE SAME DIRECTION,,0,0,2,0,0,0,0,41.8891449353,DARKNESS,-87.6294365779,NO INDICATION OF INJURY,2,30,FOLLOWING TOO CLOSELY,NOT ON SCENE (DESK REPORT),NO DEFECTS,DRY,NOT APPLICABLE,N,DEARBORN ST,359,TRAFFIC SIGNAL,NOT DIVIDED,CLEAR,,,,,,,2,2,"{""coordinates"": [-87.629436577918, 41.889144935303], ""type"": ""Point""}","[""SIDE-LEFT"", ""UNKNOWN""]","[""STRAIGHT AHEAD""]",[],"[""N"", ""UNKNOWN""]","[""DRIVER""]","[""NONE"", ""UNKNOWN""]","[""PERSONAL""]","[""2020"", ""2022""]","[""27""]","[""NOT APPLICABLE""]","[""NONE""]","[""NO INDICATION OF INJURY""]","[""DRIVER""]","[""SAFETY BELT USED"", ""USAGE UNKNOWN""]","[""M""]",[]
STRAIGHT AND LEVEL,712,2025-09-20T23:10:00.000,7,23,9,43315b05f9ea1ef0557af21fe3c1a71979c1d5130d16fdaa0b00d990e4e8496d989dab3ce1263f3d70808474a8890d9d7618985739cfe361e1d4982a1d30bc53,NO INJURY / DRIVE AWAY,"OVER $1,500",2025-09-20T23:11:00.000,NO CONTROLS,TURNING,,0,0,2,0,0,0,0,41.7889553446,"DARKNESS, LIGHTED ROAD",-87.6450801856,NO INDICATION OF INJURY,2,30,FOLLOWING TOO CLOSELY,ON SCENE,NO DEFECTS,DRY,IMPROPER TURNING/NO SIGNAL,W,58TH ST,800,NO CONTROLS,FOUR WAY,CLEAR,Y,,,,,,2,2,"{""coordinates"": [-87.645080185609, 41.788955344574], ""type"": ""Point""}","[""FRONT"", ""SIDE-RIGHT-FRONT""]","[""STRAIGHT AHEAD"", ""TURNING RIGHT""]",[],"[""S""]","[""DRIVER""]","[""UNKNOWN""]","[""PERSONAL"", ""UNKNOWN/NA""]","[""2013""]","[""38"", ""40""]","[""DID NOT DEPLOY"", ""NOT APPLICABLE""]","[""NONE""]","[""NO INDICATION OF INJURY""]","[""DRIVER""]","[""USAGE UNKNOWN""]","[""M""]",[]
STRAIGHT AND LEVEL,1133,2025-09-20T23:10:00.000,7,23,9,45518d04e9b848c5a2e50da5a5249381722ca8b60b7ba255e8d18b2dd2521ec742a0fc042fc4c12f5da429f06039e1f7678163c064deb1d5d0461d7238f09779,NO INJURY / DRIVE AWAY,"$501 - $1,500",2025-09-20T23:18:00.000,FUNCTIONING PROPERLY,TURNING,Y,0,0,2,0,0,0,0,41.8736241188,"DARKNESS, LIGHTED ROAD",-87.7204065573,NO INDICATION OF INJURY,2,30,IMPROPER LANE USAGE,ON SCENE,NO DEFECTS,WET,FAILING TO YIELD RIGHT-OF-WAY,W,HARRISON ST,3800,TRAFFIC SIGNAL,FOUR WAY,RAIN,Y,,,,,,2,2,"{""coordinates"": [-87.720406557306, 41.873624118782], ""type"": ""Point""}","[""FRONT-RIGHT-CORNER"", ""SIDE-LEFT""]","[""STRAIGHT AHEAD"", ""TURNING LEFT""]",[],"[""E"", ""S""]","[""DRIVER""]","[""NONE"", ""UNKNOWN""]","[""PERSONAL"", ""UNKNOWN/NA""]","[""2023""]","[""22""]","[""DEPLOYMENT UNKNOWN"", ""NOT APPLICABLE""]","[""NONE""]","[""NO INDICATION OF INJURY""]","[""DRIVER""]","[""SAFETY BELT USED"", ""USAGE UNKNOWN""]","[""M"", ""X""]",[]
STRAIGHT AND LEVEL,1021,2025-09-20T23:10:00.000,7,23,9,548a9fac695256991ba531ea679389c85268b3bc00b7c1aedb2e8ee5b93bfd127b4c763767039fe3c1a4fb6de8bbe26399c3b9d73fc582d972fbfcef542f74bc,INJURY AND / OR TOW DUE TO CRASH,"$501 - $1,500",2025-09-20T23:14:00.000,NO CONTROLS,PEDESTRIAN,Y,0,0,1,1,0,1,0,41.8620738764,"DARKNESS, LIGHTED ROAD",-87.7105679707,NONINCAPACITATING INJURY,2,30,UNABLE TO DETERMINE,ON SCENE,NO DEFECTS,WET,NOT APPLICABLE,S,HOMAN AVE,1410,NO CONTROLS,NOT DIVIDED,CLEAR,,,,,,,2,2,"{""coordinates"": [-87.71056797073, 41.862073876405], ""type"": ""Point""}","[""FRONT-LEFT-CORNER""]","[""STRAIGHT AHEAD""]",[],"[""S""]","[""DRIVER"", ""PEDESTRIAN""]","[""UNKNOWN""]","[""UNKNOWN/NA""]",[],"[""30""]","[""DEPLOYMENT UNKNOWN""]","[""NONE""]","[""NO INDICATION OF INJURY"", ""NONINCAPACITATING INJURY""]","[""DRIVER"", ""PEDESTRIAN""]","[""NONE PRESENT"", ""USAGE UNKNOWN""]","[""M"", ""X""]",[]
STRAIGHT AND LEVEL,312,2025-09-20T23:14:00.000,7,23,9,867378ed649520fb99080c251bef88373bbaf6a3936b4fe514afbb7f46898285635784313ee7b10932d74623b592cb4ed7e18d60d5bc0b6ed2dd2e50afdffbab,NO INJURY / DRIVE AWAY,"OVER $1,500",2025-09-20T23:30:00.000,UNKNOWN,SIDESWIPE SAME DIRECTION,Y,0,0,2,0,0,0,0,41.7801482643,"DARKNESS, LIGHTED ROAD",-87.6145521353,NO INDICATION OF INJURY,2,30,UNABLE TO DETERMINE,NOT ON SCENE (DESK REPORT),UNKNOWN,OTHER,NOT APPLICABLE,E,63RD ST,425,UNKNOWN,FOUR WAY,CLOUDY/OVERCAST,,,,,,,2,2,"{""coordinates"": [-87.614552135332, 41.780148264311], ""type"": ""Point""}","[""FRONT-RIGHT-CORNER"", ""SIDE-LEFT""]","[""STRAIGHT AHEAD""]",[],"[""E""]","[""DRIVER""]","[""UNKNOWN""]","[""PERSONAL"", ""UNKNOWN/NA""]","[""2016""]","[""21""]","[""DEPLOYMENT UNKNOWN""]","[""NONE"", ""UNKNOWN""]","[""NO INDICATION OF INJURY""]","[""DRIVER""]","[""USAGE UNKNOWN""]","[""M""]",[]
STRAIGHT AND LEVEL,835,2025-09-20T23:19:00.000,7,23,9,7ae5db02a528aaba3ea535af48556a23541bf8e9832328bb3b8089588046dadb3f2e535448454a881c04fc035f3438c51404bb39391a977f57c95202844188b4,INJURY AND / OR TOW DUE TO CRASH,"OVER $1,500",2025-09-20T23:41:00.000,NO CONTROLS,PARKED MOTOR VEHICLE,Y,0,0,4,0,0,0,0,41.7376470434,"DARKNESS, LIGHTED ROAD",-87.6917275799,NO INDICATION OF INJURY,2,10,FOLLOWING TOO CLOSELY,ON SCENE,NO DEFECTS,DRY,NOT APPLICABLE,W,SEIPP ST,2751,NO CONTROLS,NOT DIVIDED,CLEAR,,,,,,,2,4,"{""coordinates"": [-87.691727579935, 41.737647043381], ""type"": ""Point""}","[""FRONT"", ""FRONT-LEFT-CORNER""]","[""PARKED"", ""STRAIGHT AHEAD""]","[""Y""]","[""E"", ""W""]","[""DRIVER"", ""PARKED""]","[""NONE""]","[""PERSONAL""]","[""2013"", ""2018""]",[],"[""DEPLOYED, FRONT"", ""DID NOT DEPLOY"", ""NOT APPLICABLE""]","[""NONE""]","[""NO INDICATION OF INJURY""]","[""DRIVER"", ""PASSENGER""]","[""USAGE UNKNOWN""]","[""M"", ""X""]","[""4"", ""5"", ""6""]"
STRAIGHT AND LEVEL,432,2025-09-20T23:26:00.000,7,23,9,8e109f5e0dc6f1c3543bf52e8b5e456aa5e71687d14d6118d5b9385f20222964eb671d1e264b56e8e0d0cead4f5ae08961803638a5e2671c854df20520b080e6,INJURY AND / OR TOW DUE TO CRASH,"OVER $1,500",2025-09-20T23:50:00.000,NO CONTROLS,FIXED OBJECT,Y,0,0,1,0,0,0,0,41.7223164717,"DARKNESS, LIGHTED ROAD",-87.5332347334,NO INDICATION OF INJURY,1,30,UNABLE TO DETERMINE,ON SCENE,NO DEFECTS,WET,UNABLE TO DETERMINE,E,FOREMAN DR,3730,NO CONTROLS,NOT DIVIDED,CLEAR,,,,,,,1,1,"{""coordinates"": [-87.533234733448, 41.722316471668], ""type"": ""Point""}","[""FRONT""]","[""STRAIGHT AHEAD""]","[""Y""]","[""S""]","[""DRIVER""]","[""UNKNOWN""]","[""UNKNOWN/NA""]","[""2019""]",[],"[""DEPLOYED, FRONT""]","[""NONE""]","[""NO INDICATION OF INJURY""]","[""DRIVER""]","[""USAGE UNKNOWN""]","[""X""]",[]
STRAIGHT AND LEVEL,2424,2025-09-20T23:38:00.000,7,23,9,5e580a99000c64f081101921a414cfe6d5b90ff22fa0aa037f7206d92d0da9960ba7a40e8ae8751c4846f9ebeb6ee28f746ff9516da13b4498f0cb48b34d8ab2,INJURY AND / OR TOW DUE TO CRASH,"OVER $1,500",2025-09-20T23:41:00.000,NO CONTROLS,PARKED MOTOR VEHICLE,,0,0,1,0,0,0,0,42.0090857552,"DARKNESS, LIGHTED ROAD",-87.6745259231,NO INDICATION OF INJURY,2,30,UNABLE TO DETERMINE,ON SCENE,NO DEFECTS,WET,UNABLE TO DETERMINE,W,LUNT AVE,1758,NO CONTROLS,NOT DIVIDED,RAIN,,,,,,,2,1,"{""coordinates"": [-87.67452592311, 42.009085755178], ""type"": ""Point""}","[""FRONT-RIGHT-CORNER"", ""SIDE-LEFT""]","[""PARKED"", ""UNKNOWN/NA""]","[""Y""]","[""W""]","[""DRIVER"", ""PARKED""]","[""UNKNOWN""]","[""PERSONAL"", ""UNKNOWN/NA""]","[""2009"", ""2010""]","[""33""]","[""DID NOT DEPLOY""]","[""NONE""]","[""NO INDICATION OF INJURY""]","[""DRIVER""]","[""USAGE UNKNOWN""]","[""M""]",[]
STRAIGHT AND LEVEL,1831,2025-09-21T00:01:00.000,1,0,9,5e542c023e9780c4d0607cab33e0c03f675aca6f46dbbfdc0ddbbf6d4b998c9de518923245378a1186e22709c698fb21b26dbae83e5f8b4b03d265a7db6f19d3,NO INJURY / DRIVE AWAY,"$501 - $1,500",2025-09-21T01:00:00.000,FUNCTIONING PROPERLY,TURNING,,0,0,2,0,0,0,0,41.8922797337,"DARKNESS, LIGHTED ROAD",-87.6340120037,NO INDICATION OF INJURY,2,30,IMPROPER TURNING/NO SIGNAL,NOT ON SCENE (DESK REPORT),NO DEFECTS,DRY,IMPROPER TURNING/NO SIGNAL,W,OHIO ST,199,TRAFFIC SIGNAL,ONE-WAY,CLEAR,Y,,,,,,2,1,"{""coordinates"": [-87.634012003657, 41.892279733667], ""type"": ""Point""}","[""FRONT"", ""SIDE-RIGHT""]","[""STRAIGHT AHEAD"", ""TURNING RIGHT""]",[],"[""E""]","[""DRIVER""]","[""UNKNOWN""]","[""PERSONAL"", ""RIDESHARE SERVICE""]",[],[],"[""NOT APPLICABLE""]","[""NONE""]","[""NO INDICATION OF INJURY""]","[""DRIVER""]","[""SAFETY BELT USED""]","[""M""]",[]
STRAIGHT AND LEVEL,1214,2025-09-21T00:07:00.000,1,0,9,ed45583e98bd0eaad0d90e95bc5c515987d7653abff4158e7b061eb774461408a97773532620e3519d97c11282f690fe44f9154d40bcd9fe9f807759778b0b8b,NO INJURY / DRIVE AWAY,$500 OR LESS,2025-09-21T00:08:00.000,FUNCTIONING PROPERLY,TURNING,,0,0,6,0,0,0,0,41.8856927032,"DARKNESS, LIGHTED ROAD",-87.6522023153,NO INDICATION OF INJURY,2,30,FAILING TO YIELD RIGHT-OF-WAY,ON SCENE,NO DEFECTS,WET,DRIVING ON WRONG SIDE/WRONG WAY,W,LAKE ST,1000,TRAFFIC SIGNAL,FOUR WAY,RAIN,Y,,,,,,2,6,"{""coordinates"": [-87.652202315319, 41.885692703217], ""type"": ""Point""}","[""FRONT-RIGHT-CORNER"", ""REAR""]","[""BACKING"", ""TURNING RIGHT""]",[],"[""N"", ""S""]","[""DRIVER""]","[""NONE""]","[""PERSONAL""]","[""2012"", ""2022""]","[""43"", ""44"", ""45"", ""47""]","[""NOT APPLICABLE""]","[""NONE""]","[""NO INDICATION OF INJURY""]","[""DRIVER"", ""PASSENGER""]","[""NONE PRESENT"", ""USAGE UNKNOWN""]","[""F"", ""M""]","[""3"", ""4"", ""6""]"
STRAIGHT AND LEVEL,2213,2025-09-21T00:10:00.000,1,0,9,9127db7749bbd9e8236ca85785057e5b751279931fc9902b88edba7f4981c240a2ac4e08ad3be8f6a9e481068aacb5be19f4c8f1af97d7b06c3d4a07ddfe10a1,INJURY AND / OR TOW DUE TO CRASH,"OVER $1,500",2025-09-21T00:17:00.000,NO CONTROLS,PARKED MOTOR VEHICLE,,0,0,1,0,0,0,0,41.7143194189,"DARKNESS, LIGHTED ROAD",-87.6599557233,NO INDICATION OF INJURY,2,30,UNABLE TO DETERMINE,ON SCENE,NO DEFECTS,DRY,UNABLE TO DETERMINE,S,BEVERLY AVE,9854,NO CONTROLS,NOT DIVIDED,CLEAR,,,,,,,2,1,"{""coordinates"": [-87.659955723273, 41.714319418878], ""type"": ""Point""}","[""FRONT-LEFT-CORNER"", ""SIDE-LEFT-REAR""]","[""PARKED"", ""STRAIGHT AHEAD""]","[""Y""]","[""S""]","[""DRIVER"", ""PARKED""]","[""NONE""]","[""PERSONAL""]","[""2015"", ""2016""]","[""50""]","[""DID NOT DEPLOY""]","[""NONE""]","[""NO INDICATION OF INJURY""]","[""DRIVER""]","[""SAFETY BELT USED""]","[""M""]",[]
STRAIGHT AND LEVEL,912,2025-09-21T00:17:00.000,1,0,9,f69177415d0eb4e6dae07450ee6f3b13d27b70b19aacaa4321eeb433cb3c0ee0e75f674258490364931ffdd5592b606f115b3b9b8f0178bfecd637fa7b59936f,INJURY AND / OR TOW DUE TO CRASH,"OVER $1,500",2025-09-21T00:18:00.000,NO CONTROLS,FIXED OBJECT,,0,0,0,1,0,1,0,41.8306296145,"DARKNESS, LIGHTED ROAD",-87.6642469034,NONINCAPACITATING INJURY,1,30,DRIVING SKILLS/KNOWLEDGE/EXPERIENCE,ON SCENE,UNKNOWN,DRY,UNABLE TO DETERMINE,W,35TH ST,1528,NO CONTROLS,NOT DIVIDED,CLEAR,,,,,,,1,1,"{""coordinates"": [-87.664246903355, 41.830629614514], ""type"": ""Point""}","[""FRONT-RIGHT-CORNER""]","[""STRAIGHT AHEAD""]","[""Y""]","[""W""]","[""DRIVER""]","[""UNKNOWN""]","[""PERSONAL""]","[""2023""]","[""22""]","[""DEPLOYED, COMBINATION""]","[""NONE""]","[""NONINCAPACITATING INJURY""]","[""DRIVER""]","[""SAFETY BELT USED""]","[""F""]",[]
STRAIGHT AND LEVEL,1111,2025-09-21T00:20:00.000,1,0,9,8f31a858faa52db2ba220483169efa4f045ce4d3e3b73aa24806f670cedad1b6a137b301e879f2cc41eec79f395e1b416c5bf3588627c32a17dc2bc2659bf92d,INJURY AND / OR TOW DUE TO CRASH,"OVER $1,500",2025-09-21T00:23:00.000,UNKNOWN,SIDESWIPE SAME DIRECTION,,0,0,1,1,4,5,0,41.8991094792,"DARKNESS, LIGHTED ROAD",-87.7263425919,NONINCAPACITATING INJURY,3,30,FAILING TO REDUCE SPEED TO AVOID CRASH,ON SCENE,UNKNOWN,DRY,NOT APPLICABLE,N,PULASKI RD,1000,TRAFFIC SIGNAL,DIVIDED - W/MEDIAN (NOT RAISED),CLEAR,Y,,,,,,3,6,"{""coordinates"": [-87.726342591907, 41.899109479205], ""type"": ""Point""}","[""FRONT"", ""FRONT-RIGHT-CORNER""]","[""SLOW/STOP IN TRAFFIC"", ""STRAIGHT AHEAD""]","[""Y""]","[""N"", ""S""]","[""DRIVER""]","[""UNKNOWN""]","[""PERSONAL""]","[""2013"", ""2017""]","[""17"", ""44"", ""50""]","[""DEPLOYED, SIDE"", ""DEPLOYMENT UNKNOWN""]","[""NONE""]","[""NO INDICATION OF INJURY"", ""NONINCAPACITATING INJURY"", ""REPORTED, NOT EVIDENT""]","[""DRIVER"", ""PASSENGER""]","[""USAGE UNKNOWN""]","[""F"", ""M"", ""X""]","[""3"", ""6""]"
STRAIGHT AND LEVEL,621,2025-09-21T00:21:00.000,1,0,9,ae5d0475c0b740294f86cf2b20128a1135b5394f837bc221a678e82690734e0d8624726d0ff43d6daa0cd891dea22f56bbcb49a2bdc8d78f60d25b244a5492c8,INJURY AND / OR TOW DUE TO CRASH,$500 OR LESS,2025-09-21T00:21:00.000,FUNCTIONING PROPERLY,PEDESTRIAN,,0,0,0,2,1,3,0,41.7505338174,"DARKNESS, LIGHTED ROAD",-87.6439792279,NONINCAPACITATING INJURY,2,30,NOT APPLICABLE,ON SCENE,NO DEFECTS,DRY,NOT APPLICABLE,W,79TH ST,799,TRAFFIC SIGNAL,CENTER TURN LANE,CLEAR,Y,,,Y,Y,,2,3,"{""coordinates"": [-87.643979227938, 41.750533817426], ""type"": ""Point""}","[""NONE""]","[""TURNING LEFT""]",[],"[""E""]","[""DRIVER"", ""PEDESTRIAN""]","[""NONE""]","[""POLICE""]","[""2021""]","[""21"", ""33"", ""36""]","[""NOT APPLICABLE""]","[""NONE""]","[""NONINCAPACITATING INJURY"", ""REPORTED, NOT EVIDENT""]","[""DRIVER"", ""PASSENGER"", ""PEDESTRIAN""]","[""SAFETY BELT USED""]","[""F"", ""M""]","[""3""]"
STRAIGHT AND LEVEL,1014,2025-09-21T00:28:00.000,1,0,9,aa976286e0ea76d127d010ddc215a26823ac7af3417568995c1fc8584e650c4b329015d94fb0d1578fd9779f7fbfbb96f7db6d4ec135526fb2abc56f8fe8043f,INJURY AND / OR TOW DUE TO CRASH,"OVER $1,500",2025-09-21T00:28:00.000,NO CONTROLS,SIDESWIPE SAME DIRECTION,,0,1,2,0,0,1,0,41.8556672291,"DARKNESS, LIGHTED ROAD",-87.7237651031,INCAPACITATING INJURY,3,25,FAILING TO YIELD RIGHT-OF-WAY,ON SCENE,NO DEFECTS,DRY,FAILING TO YIELD RIGHT-OF-WAY,S,HARDING AVE,1846,NO CONTROLS,ONE-WAY,CLEAR,,,,,,,3,3,"{""coordinates"": [-87.723765103135, 41.855667229057], ""type"": ""Point""}","[""FRONT-LEFT-CORNER"", ""FRONT-RIGHT-CORNER"", ""REAR""]","[""PARKED"", ""STARTING IN TRAFFIC"", ""STRAIGHT AHEAD""]","[""Y""]","[""N"", ""S""]","[""DRIVER"", ""PARKED""]","[""UNKNOWN""]","[""PERSONAL""]","[""2001"", ""2009"", ""2014""]","[""21"", ""30"", ""33""]","[""DEPLOYED, FRONT"", ""DID NOT DEPLOY""]","[""NONE""]","[""INCAPACITATING INJURY"", ""NO INDICATION OF INJURY""]","[""DRIVER"", ""PASSENGER""]","[""SAFETY BELT USED""]","[""F"", ""M""]","[""3""]"
STRAIGHT AND LEVEL,234,2025-09-21T00:30:00.000,1,0,9,5e3af1a414db77ccb0797b0900d8c57221d16e414e9f79768e76506724c55ca28dcf411c60443c2d139ab78043106b9e4e2821e3c1fc112968c51ed1cb1f5037,NO INJURY / DRIVE AWAY,"OVER $1,500",2025-09-22T11:00:00.000,UNKNOWN,SIDESWIPE SAME DIRECTION,Y,0,0,2,0,0,0,0,41.8024704203,UNKNOWN,-87.5817779276,NO INDICATION OF INJURY,2,30,UNABLE TO DETERMINE,NOT ON SCENE (DESK REPORT),UNKNOWN,UNKNOWN,DRIVING SKILLS/KNOWLEDGE/EXPERIENCE,S,LAKE SHORE DR SB,5100,NO CONTROLS,NOT DIVIDED,UNKNOWN,,,,,,,2,2,"{""coordinates"": [-87.581777927646, 41.802470420281], ""type"": ""Point""}","[""SIDE-LEFT"", ""SIDE-RIGHT""]","[""STRAIGHT AHEAD""]",[],"[""S""]","[""DRIVER""]","[""UNKNOWN""]","[""PERSONAL"", ""UNKNOWN/NA""]","[""2020""]","[""38""]","[""DEPLOYMENT UNKNOWN"", ""NOT APPLICABLE""]","[""NONE""]","[""NO INDICATION OF INJURY""]","[""DRIVER""]","[""SAFETY BELT USED"", ""USAGE UNKNOWN""]","[""F""]",[]
STRAIGHT AND LEVEL,632,2025-09-21T00:30:00.000,1,0,9,f7fa39f6089f0f9e2ddb841d60cb4b21356e07d3a8ff034aceb2c68da957a262992f73229fa90eb3e7cff806d33fb76132d907b82b69381adbdc598e0961e261,NO INJURY / DRIVE AWAY,"OVER $1,500",2025-09-21T00:30:00.000,FUNCTIONING PROPERLY,REAR END,N,0,0,4,0,0,0,0,41.7383698914,DARKNESS,-87.6050189968,NO INDICATION OF INJURY,2,30,UNABLE TO DETERMINE,NOT ON SCENE (DESK REPORT),UNKNOWN,UNKNOWN,NOT APPLICABLE,S,COTTAGE GROVE AVE,8600,TRAFFIC SIGNAL,NOT DIVIDED,CLEAR,,,,,,,2,4,"{""coordinates"": [-87.605018996828, 41.738369891427], ""type"": ""Point""}","[""FRONT"", ""REAR""]","[""STRAIGHT AHEAD""]",[],"[""S""]","[""DRIVER""]","[""OTHER""]","[""PERSONAL"", ""TOW TRUCK""]","[""2014"", ""2015""]","[""31""]","[""DEPLOYMENT UNKNOWN"", ""DID NOT DEPLOY""]","[""NONE""]","[""NO INDICATION OF INJURY""]","[""DRIVER"", ""PASSENGER""]","[""SAFETY BELT USED"", ""USAGE UNKNOWN""]","[""F"", ""M""]","[""2"", ""4""]"
STRAIGHT AND LEVEL,432,2025-09-21T00:34:00.000,1,0,9,6cc507d5dfb9eade4b390715f7ab73e11489e26ceedf625bd914644966c88a4ebbb51e7500027b092151960ef33075d900645b0879089607873a72f6f9148036,INJURY AND / OR TOW DUE TO CRASH,"OVER $1,500",2025-09-21T00:34:00.000,NO CONTROLS,PARKED MOTOR VEHICLE,,0,0,0,4,0,4,0,41.7112667219,"DARKNESS, LIGHTED ROAD",-87.5378437937,NONINCAPACITATING INJURY,4,15,PHYSICAL CONDITION OF DRIVER,,UNKNOWN,DRY,PHYSICAL CONDITION OF DRIVER,S,AVENUE M,10122,NO CONTROLS,NOT DIVIDED,CLEAR,,,,,,,4,4,"{""coordinates"": [-87.537843793736, 41.71126672186], ""type"": ""Point""}","[""FRONT"", ""FRONT-LEFT-CORNER"", ""SIDE-LEFT""]","[""PARKED"", ""STRAIGHT AHEAD""]","[""Y""]","[""N"", ""S""]","[""DRIVER"", ""PARKED""]","[""UNKNOWN""]","[""PERSONAL"", ""UNKNOWN/NA""]","[""2013"", ""2015"", ""2016"", ""2020""]","[""18"", ""20"", ""22""]","[""DEPLOYED, COMBINATION""]","[""NONE"", ""TRAPPED/EXTRICATED""]","[""NONINCAPACITATING INJURY""]","[""DRIVER"", ""PASSENGER""]","[""USAGE UNKNOWN""]","[""M""]","[""3"", ""4"", ""6""]"
STRAIGHT AND LEVEL,815,2025-09-21T00:35:00.000,1,0,9,25fc20cc92cc813a9ea817d2eaa88d251163eb2b186f12d3082051ef95bccd603761e5e760319f28b736dffa5af952eec9fcc273f3d47e5b75cab15f5cb19fea,NO INJURY / DRIVE AWAY,"OVER $1,500",2025-09-21T00:45:00.000,FUNCTIONING PROPERLY,REAR END,Y,0,0,2,0,0,0,0,41.8077519558,"DARKNESS, LIGHTED ROAD",-87.7258823749,NO INDICATION OF INJURY,2,35,FOLLOWING TOO CLOSELY,NOT ON SCENE (DESK REPORT),NO DEFECTS,DRY,FAILING TO REDUCE SPEED TO AVOID CRASH,S,KARLOV AVE,4701,STOP SIGN/FLASHER,ONE-WAY,CLEAR,,,,,,,2,2,"{""coordinates"": [-87.725882374879, 41.807751955788], ""type"": ""Point""}","[""FRONT"", ""REAR""]","[""SLOW/STOP IN TRAFFIC"", ""STRAIGHT AHEAD""]",[],"[""N""]","[""DRIVER""]","[""NONE"", ""UNKNOWN""]","[""PERSONAL"", ""UNKNOWN/NA""]","[""2025""]","[""32""]","[""DEPLOYMENT UNKNOWN"", ""NOT APPLICABLE""]","[""NONE""]","[""NO INDICATION OF INJURY""]","[""DRIVER""]","[""SAFETY BELT USED"", ""USAGE UNKNOWN""]","[""F""]",[]