alignment,beat_of_occurrence,crash_date,crash_day_of_week,crash_hour,crash_month,crash_record_id,crash_type,damage,date_police_notified,device_condition,first_crash_type,hit_and_run_i,injuries_fatal,injuries_incapacitating,injuries_no_indication,injuries_non_incapacitating,injuries_reported_not_evident,injuries_total,injuries_unknown,latitude,lighting_condition,longitude,most_severe_injury,num_units,posted_speed_limit,prim_contributory_cause,report_type,road_defect,roadway_surface_cond,sec_contributory_cause,street_direction,street_name,street_no,traffic_control_device,trafficway_type,weather_condition,intersection_related_i,crash_date_est_i,private_property_i,statements_taken_i,photos_taken_i,work_zone_i,veh_count,ppl_count,location_json,veh_first_contact_point_list_json,veh_maneuver_list_json,veh_towed_i_list_json,veh_travel_direction_list_json,veh_unit_type_list_json,veh_vehicle_defect_list_json,veh_vehicle_use_list_json,veh_vehicle_year_list_json,ppl_age_list_json,ppl_airbag_deployed_list_json,ppl_ejection_list_json,ppl_injury_classification_list_json,ppl_person_type_list_json,ppl_safety_equipment_list_json,ppl_sex_list_json,ppl_seat_no_list_json
STRAIGHT AND LEVEL,1024,2025-09-21T00:40:00.000,1,0,9,699e79c405373776f7d18a9ec69ff5f22cccca44338eb84459dcd0b6889f95fb0d3fe9d40a70e3d91e4fc8485f1945a631b7d6e6c1624cdb628421ff8a9c7f7c,INJURY AND / OR TOW DUE TO CRASH,"OVER $1,500",2025-09-21T00:41:00.000,NO CONTROLS,PARKED MOTOR VEHICLE,,0,0,1,1,0,1,0,41.851834234,"DARKNESS, LIGHTED ROAD",-87.7087619337,NONINCAPACITATING INJURY,3,30,UNABLE TO DETERMINE,ON SCENE,NO DEFECTS,DRY,UNABLE TO DETERMINE,W,CERMAK RD,3324,NO CONTROLS,NOT DIVIDED,CLEAR,,,,,,,3,2,"{""coordinates"": [-87.708761933682, 41.85183423404], ""type"": ""Point""}","[""FRONT-RIGHT-CORNER"", ""REAR"", ""REAR-LEFT-CORNER""]","[""PARKED"", ""STRAIGHT AHEAD""]","[""Y""]","[""UNKNOWN"", ""W""]","[""DRIVER"", ""PARKED""]","[""UNKNOWN""]","[""UNKNOWN/NA""]","[""1999"", ""2008"", ""2017""]","[""33"", ""48""]","[""DID NOT DEPLOY""]","[""NONE""]","[""NO INDICATION OF INJURY"", ""NONINCAPACITATING INJURY""]","[""DRIVER"", ""PASSENGER""]","[""SAFETY BELT NOT USED"", ""USAGE UNKNOWN""]","[""F"", ""M""]","[""3""]"
STRAIGHT AND LEVEL,1214,2025-09-21T00:45:00.000,1,0,9,6fae50f5f0ebe0c2e38c0d55e2fe2baaf14940a79129baf515d7bb633f607614f6446cc87f64bae73dcd3593d83f02044edaaad754abef181087ad5b23515394,NO INJURY / DRIVE AWAY,"$501 - $1,500",2025-09-21T02:38:00.000,NO CONTROLS,SIDESWIPE SAME DIRECTION,,0,0,3,0,0,0,0,41.8865103797,"DARKNESS, LIGHTED ROAD",-87.6473504925,NO INDICATION OF INJURY,2,30,IMPROPER OVERTAKING/PASSING,NOT ON SCENE (DESK REPORT),UNKNOWN,UNKNOWN,IMPROPER OVERTAKING/PASSING,N,HALSTED ST,225,NO CONTROLS,NOT DIVIDED,CLEAR,,,,,,,2,3,"{""coordinates"": [-87.647350492452, 41.886510379661], ""type"": ""Point""}","[""FRONT-LEFT-CORNER"", ""FRONT-RIGHT-CORNER""]","[""LEAVING TRAFFIC LANE TO PARK"", ""STRAIGHT AHEAD""]",[],"[""N""]","[""DRIVER""]","[""UNKNOWN""]","[""PERSONAL""]","[""2020"", ""2022""]","[""29"", ""32""]","[""DID NOT DEPLOY"", ""NOT APPLICABLE""]","[""NONE""]","[""NO INDICATION OF INJURY""]","[""DRIVER"", ""PASSENGER""]","[""NONE PRESENT""]","[""F"", ""M""]","[""3""]"
"CURVE, LEVEL",2422,2025-09-21T00:50:00.000,1,0,9,650d764a29bf165c64fb521f05b555d51d157793fc054ae2d288da5c3aef174d722eada02d5dbde36e7527872042a2506be026966542683ef3f083b32f6edef2,INJURY AND / OR TOW DUE TO CRASH,"OVER $1,500",2025-09-21T00:56:00.000,UNKNOWN,FIXED OBJECT,Y,0,0,1,0,0,0,0,42.0226518702,DARKNESS,-87.6663073503,NO INDICATION OF INJURY,1,25,UNABLE TO DETERMINE,,UNKNOWN,WET,UNABLE TO DETERMINE,N,SHERIDAN RD,7758,TRAFFIC SIGNAL,DIVIDED - W/MEDIAN (NOT RAISED),RAIN,,Y,,,,,1,1,"{""coordinates"": [-87.666307350337, 42.022651870249], ""type"": ""Point""}","[""FRONT-RIGHT-CORNER""]","[""UNKNOWN/NA""]","[""Y""]","[""S""]","[""DRIVER""]","[""UNKNOWN""]","[""UNKNOWN/NA""]","[""2021""]",[],"[""DEPLOYED, COMBINATION""]","[""NONE""]","[""NO INDICATION OF INJURY""]","[""DRIVER""]","[""USAGE UNKNOWN""]","[""X""]",[]
STRAIGHT AND LEVEL,2033,2025-09-21T00:50:00.000,1,0,9,d7fc82d796b6fcb328c64ddfb5438081ebcdd05ac05f94e1e76005cfdf7aa7c67e7f778038283b5018235bb7ea8190ad48c9f32ef5560ede95b4559342a51752,NO INJURY / DRIVE AWAY,"OVER $1,500",2025-09-21T01:01:00.000,NO CONTROLS,PARKED MOTOR VEHICLE,,0,0,2,0,0,0,0,41.9704890768,"DARKNESS, LIGHTED ROAD",-87.6612295575,NO INDICATION OF INJURY,3,30,UNABLE TO DETERMINE,ON SCENE,NO DEFECTS,WET,UNABLE TO DETERMINE,N,MAGNOLIA AVE,4850,NO CONTROLS,NOT DIVIDED,RAIN,,,,,,,3,2,"{""coordinates"": [-87.661229557477, 41.970489076821], ""type"": ""Point""}","[""FRONT-LEFT-CORNER"", ""FRONT-RIGHT-CORNER"", ""REAR-LEFT-CORNER""]","[""PARKED"", ""STRAIGHT AHEAD""]",[],"[""S""]","[""DRIVER"", ""PARKED""]","[""UNKNOWN""]","[""PERSONAL"", ""UNKNOWN/NA""]","[""2009"", ""2012"", ""2017""]","[""43"", ""48""]","[""NOT APPLICABLE""]","[""NONE""]","[""NO INDICATION OF INJURY""]","[""DRIVER"", ""PASSENGER""]","[""USAGE UNKNOWN""]","[""F"", ""M""]","[""3""]"
STRAIGHT AND LEVEL,1225,2025-09-21T01:00:00.000,1,1,9,44e747c3782ba5e894fc87ffbbeeee22f82faa5923b9f1eed356c58d11037d23b2259539bb95c401a3be374371f70f3e64918bcc32c52af5f421ff7358b0e287,NO INJURY / DRIVE AWAY,"$501 - $1,500",2025-09-21T08:45:00.000,NO CONTROLS,PARKED MOTOR VEHICLE,Y,0,0,1,0,0,0,0,41.8786126179,UNKNOWN,-87.6784526888,NO INDICATION OF INJURY,2,20,UNABLE TO DETERMINE,ON SCENE,NO DEFECTS,DRY,NOT APPLICABLE,W,ADAMS ST,2047,NO CONTROLS,NOT DIVIDED,UNKNOWN,,Y,,,,,2,1,"{""coordinates"": [-87.678452688766, 41.87861261788], ""type"": ""Point""}","[""REAR-LEFT-CORNER"", ""UNKNOWN""]","[""PARKED"", ""UNKNOWN/NA""]",[],"[""E"", ""UNKNOWN""]","[""DRIVER"", ""PARKED""]","[""NONE"", ""UNKNOWN""]","[""PERSONAL"", ""UNKNOWN/NA""]","[""2025""]",[],"[""DEPLOYMENT UNKNOWN""]","[""NONE""]","[""NO INDICATION OF INJURY""]","[""DRIVER""]","[""USAGE UNKNOWN""]","[""X""]",[]
STRAIGHT AND LEVEL,825,2025-09-21T01:00:00.000,1,1,9,a46e71a6ddc78838c38209e4578068fbbfdcb441739aac54ce3d63717a6c1cf02ea5f174c7893e4c7b40a8f868552794f4780d70ba16e1e5c5d5ef3fe2a36bf2,NO INJURY / DRIVE AWAY,"$501 - $1,500",2025-09-23T10:00:00.000,NO CONTROLS,PARKED MOTOR VEHICLE,,0,0,1,0,0,0,0,41.7778692637,DARKNESS,-87.6834591156,NO INDICATION OF INJURY,2,30,UNABLE TO DETERMINE,NOT ON SCENE (DESK REPORT),NO DEFECTS,DRY,UNABLE TO DETERMINE,S,WESTERN AVE,6343,NO CONTROLS,PARKING LOT,CLEAR,,,,,,,2,1,"{""coordinates"": [-87.683459115577, 41.777869263705], ""type"": ""Point""}","[""SIDE-LEFT"", ""SIDE-RIGHT""]","[""ENTERING TRAFFIC LANE FROM PARKING"", ""PARKED""]",[],"[""UNKNOWN""]","[""DRIVER"", ""PARKED""]","[""NONE""]","[""PERSONAL""]",[],[],"[""DEPLOYMENT UNKNOWN""]","[""NONE""]","[""NO INDICATION OF INJURY""]","[""DRIVER""]","[""USAGE UNKNOWN""]","[""F""]",[]
STRAIGHT AND LEVEL,1811,2025-09-21T01:00:00.000,1,1,9,fa46b590723d1267d48c038b7ff13973e8d9353ce91f905505ec867234ca7a7be33be3b22ec0a17d94f65085003da4af7c69c21c85cab5e19b53977f9259efa7,NO INJURY / DRIVE AWAY,"OVER $1,500",2025-09-21T16:20:00.000,UNKNOWN,PARKED MOTOR VEHICLE,Y,0,0,1,0,0,0,0,41.9148257868,"DARKNESS, LIGHTED ROAD",-87.6533999838,NO INDICATION OF INJURY,2,30,UNABLE TO DETERMINE,NOT ON SCENE (DESK REPORT),UNKNOWN,UNKNOWN,UNABLE TO DETERMINE,N,SHEFFIELD AVE,1830,UNKNOWN,NOT DIVIDED,CLEAR,,,,,,,2,1,"{""coordinates"": [-87.653399983824, 41.914825786784], ""type"": ""Point""}","[""SIDE-LEFT"", ""UNKNOWN""]","[""PARKED"", ""UNKNOWN/NA""]",[],"[""UNKNOWN""]","[""DRIVER"", ""PARKED""]","[""UNKNOWN""]","[""NOT IN USE"", ""UNKNOWN/NA""]","[""2016""]",[],"[""DEPLOYMENT UNKNOWN""]","[""UNKNOWN""]","[""NO INDICATION OF INJURY""]","[""DRIVER""]","[""USAGE UNKNOWN""]","[""X""]",[]
STRAIGHT AND LEVEL,1424,2025-09-21T01:04:00.000,1,1,9,bf8144af641b95b41141998652d4dc7f35b4be72183ffec8da592cd254231d49a39bcd010af9bf316df51d117b7170ea4d1f388e6f11ee9449511011d221893f,NO INJURY / DRIVE AWAY,"OVER $1,500",2025-09-21T01:04:00.000,NO CONTROLS,PARKED MOTOR VEHICLE,,0,0,3,0,0,0,0,41.9079522479,DARKNESS,-87.6772492379,NO INDICATION OF INJURY,3,20,FAILING TO REDUCE SPEED TO AVOID CRASH,ON SCENE,NO DEFECTS,WET,UNABLE TO DETERMINE,N,DAMEN AVE,1425,NO CONTROLS,NOT DIVIDED,RAIN,,,,N,,,3,3,"{""coordinates"": [-87.677249237888, 41.907952247911], ""type"": ""Point""}","[""FRONT-RIGHT-CORNER"", ""REAR"", ""REAR-LEFT-CORNER""]","[""PARKED"", ""STRAIGHT AHEAD""]",[],"[""N""]","[""DRIVER"", ""PARKED""]","[""UNKNOWN""]","[""PERSONAL"", ""UNKNOWN/NA""]","[""2012"", ""2013"", ""2015""]","[""22"", ""23"", ""4""]","[""DID NOT DEPLOY""]","[""NONE""]","[""NO INDICATION OF INJURY""]","[""DRIVER"", ""PASSENGER""]","[""USAGE UNKNOWN""]","[""F"", ""M""]","[""12"", ""3""]"
STRAIGHT AND LEVEL,1225,2025-09-21T01:09:00.000,1,1,9,f1bba7149c3f3706b73814b2ae3d788cc8036a68a670dfe9e384c413df17e2757ad0436074307f5c2896ffa868257c80922ea69b0ca7d7fd2800c9a8e30ac45f,INJURY AND / OR TOW DUE TO CRASH,"OVER $1,500",2025-09-21T01:13:00.000,FUNCTIONING PROPERLY,FIXED OBJECT,,0,0,2,0,0,0,0,41.8667583434,"DARKNESS, LIGHTED ROAD",-87.6834698385,NO INDICATION OF INJURY,1,30,UNABLE TO DETERMINE,ON SCENE,NO DEFECTS,DRY,UNABLE TO DETERMINE,W,ROOSEVELT RD,2260,TRAFFIC SIGNAL,FOUR WAY,CLEAR,,,,,,,1,2,"{""coordinates"": [-87.683469838532, 41.866758343433], ""type"": ""Point""}","[""FRONT""]","[""STRAIGHT AHEAD""]","[""Y""]","[""W""]","[""DRIVER""]","[""NONE""]","[""PERSONAL""]","[""2011""]","[""0"", ""46""]","[""DEPLOYED, FRONT"", ""DEPLOYMENT UNKNOWN""]","[""NONE""]","[""NO INDICATION OF INJURY""]","[""DRIVER"", ""PASSENGER""]","[""USAGE UNKNOWN""]","[""M"", ""X""]","[""3""]"
STRAIGHT AND LEVEL,1031,2025-09-21T01:12:00.000,1,1,9,6144977f69dcc95f4ee03099303be3c1fc4adb713476344737e1f49db8348b93ccc97bc197a65eaa15f2e22c46c6566ac8178652f5e03d0d39f8609893e21f4b,NO INJURY / DRIVE AWAY,"OVER $1,500",2025-09-21T01:12:00.000,NO CONTROLS,PARKED MOTOR VEHICLE,Y,0,0,1,0,0,0,0,41.8359171808,"DARKNESS, LIGHTED ROAD",-87.7192982405,NO INDICATION OF INJURY,4,30,UNABLE TO DETERMINE,ON SCENE,NO DEFECTS,WET,UNABLE TO DETERMINE,S,HAMLIN AVE,3135,NO CONTROLS,ONE-WAY,RAIN,,,,,,,4,1,"{""coordinates"": [-87.719298240464, 41.835917180795], ""type"": ""Point""}","[""FRONT-LEFT-CORNER"", ""FRONT-RIGHT-CORNER"", ""REAR"", ""SIDE-LEFT""]","[""PARKED"", ""UNKNOWN/NA""]",[],"[""S"", ""UNKNOWN""]","[""DRIVER"", ""PARKED""]","[""UNKNOWN""]","[""PERSONAL"", ""UNKNOWN/NA""]","[""1998"", ""2017""]",[],"[""DEPLOYMENT UNKNOWN""]","[""UNKNOWN""]","[""NO INDICATION OF INJURY""]","[""DRIVER""]","[""USAGE UNKNOWN""]","[""X""]",[]
STRAIGHT AND LEVEL,1112,2025-09-21T01:16:00.000,1,1,9,36176244207341f5a13d6a4ec13e71ccf8a8d342cce8fe9fb0e6a5d8ef027f751cb452154df213ba456bb9b61a7dba0c580495ee6474242a0d84c261fb9a1edb,INJURY AND / OR TOW DUE TO CRASH,"OVER $1,500",2025-09-21T01:20:00.000,FUNCTIONING PROPERLY,ANGLE,,0,0,3,0,0,0,0,41.9026072813,"DARKNESS, LIGHTED ROAD",-87.72091259,NO INDICATION OF INJURY,2,35,DISREGARDING TRAFFIC SIGNALS,ON SCENE,NO DEFECTS,DRY,NOT APPLICABLE,W,DIVISION ST,3749,TRAFFIC SIGNAL,FOUR WAY,CLEAR,Y,,,,,,2,3,"{""coordinates"": [-87.720912590023, 41.90260728126], ""type"": ""Point""}","[""FRONT"", ""SIDE-LEFT-REAR""]","[""STRAIGHT AHEAD""]","[""Y""]","[""E"", ""S""]","[""DRIVER""]","[""NONE""]","[""PERSONAL""]","[""2017"", ""2022""]","[""31"", ""37"", ""44""]","[""DEPLOYMENT UNKNOWN""]","[""NONE""]","[""NO INDICATION OF INJURY""]","[""DRIVER"", ""PASSENGER""]","[""USAGE UNKNOWN""]","[""F"", ""M""]","[""3""]"
STRAIGHT AND LEVEL,1633,2025-09-21T01:19:00.000,1,1,9,9ddf1cee578639739f197dfc1e5c49b11c46393e30677a7e0b26054f58616815ed414b096e720638b826279cf67d2fba82be2cc74c39b7a1f2a680953ca7e13d,INJURY AND / OR TOW DUE TO CRASH,"OVER $1,500",2025-09-21T01:19:00.000,NO CONTROLS,PARKED MOTOR VEHICLE,,0,0,0,1,0,1,0,41.9531176828,"DARKNESS, LIGHTED ROAD",-87.7634968202,NONINCAPACITATING INJURY,3,30,"DISTRACTION - OTHER ELECTRONIC DEVICE (NAVIGATION DEVICE, DVD PLAYER, ETC.)",ON SCENE,NO DEFECTS,WET,"DISTRACTION - OTHER ELECTRONIC DEVICE (NAVIGATION DEVICE, DVD PLAYER, ETC.)",W,IRVING PARK RD,5435,NO CONTROLS,NOT DIVIDED,CLEAR,,,,,,,3,1,"{""coordinates"": [-87.763496820185, 41.953117682809], ""type"": ""Point""}","[""FRONT-RIGHT-CORNER"", ""REAR-LEFT-CORNER""]","[""PARKED"", ""STRAIGHT AHEAD""]","[""Y""]","[""E""]","[""DRIVER"", ""PARKED""]","[""NONE""]","[""PERSONAL"", ""UNKNOWN/NA""]","[""2011"", ""2015"", ""2020""]","[""21""]","[""DID NOT DEPLOY""]","[""NONE""]","[""NONINCAPACITATING INJURY""]","[""DRIVER""]","[""SAFETY BELT USED""]","[""F""]",[]
STRAIGHT AND LEVEL,914,2025-09-21T01:24:00.000,1,1,9,2d3a8687a459d5bdaec72f72ff44487c64987e72cdc86d03c43bbc6f419a3ffa91d3daf15403b71d368147e330f4e9015343cb37885c0876b9a87e414ef62d1b,NO INJURY / DRIVE AWAY,"OVER $1,500",2025-09-21T01:25:00.000,NO CONTROLS,PARKED MOTOR VEHICLE,,0,0,2,0,0,0,0,41.8492672107,"DARKNESS, LIGHTED ROAD",-87.6317873531,NO INDICATION OF INJURY,2,15,NOT APPLICABLE,ON SCENE,NO DEFECTS,DRY,NOT APPLICABLE,S,WENTWORTH AVE,2357,NO CONTROLS,PARKING LOT,CLEAR,,,,,,,2,2,"{""coordinates"": [-87.631787353134, 41.849267210651], ""type"": ""Point""}","[""FRONT-LEFT-CORNER"", ""SIDE-RIGHT-REAR""]","[""OTHER"", ""PARKED""]",[],"[""N""]","[""DRIVER"", ""PARKED""]","[""NONE""]","[""NOT IN USE"", ""PERSONAL""]","[""2013"", ""2025""]","[""17"", ""49""]","[""NOT APPLICABLE""]","[""NONE""]","[""NO INDICATION OF INJURY""]","[""DRIVER"", ""PASSENGER""]","[""SAFETY BELT USED""]","[""F"", ""M""]","[""3""]"
STRAIGHT AND LEVEL,1823,2025-09-21T01:30:00.000,1,1,9,3a022d1558eebcdee7ebfec61ee3672d66cca9d3f9a3fc21f287e90672ddf6aa678dda67c8e140d021525f3d47dc2f96c8d7aab6c15c1c5d0c0a9d888685e866,NO INJURY / DRIVE AWAY,"$501 - $1,500",2025-09-21T01:37:00.000,FUNCTIONING PROPERLY,REAR END,Y,0,0,2,0,0,0,0,41.903656038,"DARKNESS, LIGHTED ROAD",-87.6400225038,NO INDICATION OF INJURY,2,30,UNABLE TO DETERMINE,ON SCENE,UNKNOWN,DRY,NOT APPLICABLE,W,DIVISION ST,443,TRAFFIC SIGNAL,FOUR WAY,CLEAR,,,,,,,2,2,"{""coordinates"": [-87.640022503836, 41.903656037982], ""type"": ""Point""}","[""FRONT"", ""REAR""]","[""SLOW/STOP IN TRAFFIC"", ""STRAIGHT AHEAD""]",[],"[""E""]","[""DRIVER""]","[""UNKNOWN""]","[""PERSONAL"", ""UNKNOWN/NA""]","[""2017""]","[""48""]","[""DEPLOYMENT UNKNOWN"", ""DID NOT DEPLOY""]","[""NONE""]","[""NO INDICATION OF INJURY""]","[""DRIVER""]","[""USAGE UNKNOWN""]","[""M""]",[]
STRAIGHT AND LEVEL,122,2025-09-21T01:30:00.000,1,1,9,4af718fbf74b0a43dc246572770d0b94933c827b9cecae2658a0d133aefd51163faf9c1d7500c7cee3360c069936ba3ed5a5418bf8a036b3fce8f262dfe079ba,NO INJURY / DRIVE AWAY,"OVER $1,500",2025-09-22T18:19:00.000,UNKNOWN,REAR END,Y,0,0,2,0,0,0,0,41.884067765,UNKNOWN,-87.632281664,NO INDICATION OF INJURY,2,25,NOT APPLICABLE,NOT ON SCENE (DESK REPORT),UNKNOWN,UNKNOWN,NOT APPLICABLE,N,LA SALLE ST,133,UNKNOWN,NOT DIVIDED,UNKNOWN,,,,,,,2,2,"{""coordinates"": [-87.63228166405, 41.884067765036], ""type"": ""Point""}","[""FRONT"", ""REAR""]","[""UNKNOWN/NA""]",[],"[""UNKNOWN""]","[""DRIVER""]","[""UNKNOWN""]","[""PERSONAL""]","[""2013"", ""2017""]","[""27""]","[""DEPLOYMENT UNKNOWN"", ""NOT APPLICABLE""]","[""NONE""]","[""NO INDICATION OF INJURY""]","[""DRIVER""]","[""USAGE UNKNOWN""]","[""F"", ""X""]",[]
STRAIGHT AND LEVEL,411,2025-09-21T01:35:00.000,1,1,9,b1775215dda2f05790da4879bf46578176783f53f5656c3e4f468edaecb7149116acd1e68010bd3e3edd4a10f3b6e807be582bf0d0277eeffa3ba7d6468ab48d,INJURY AND / OR TOW DUE TO CRASH,"OVER $1,500",2025-09-22T14:30:00.000,FUNCTIONING PROPERLY,ANGLE,,0,0,1,1,0,1,0,41.7586582177,"DARKNESS, LIGHTED ROAD",-87.5856793843,NONINCAPACITATING INJURY,2,30,DISREGARDING TRAFFIC SIGNALS,NOT ON SCENE (DESK REPORT),NO DEFECTS,DRY,FAILING TO REDUCE SPEED TO AVOID CRASH,E,75TH ST,1601,TRAFFIC SIGNAL,DIVIDED - W/MEDIAN BARRIER,CLEAR,,,,,,,2,2,"{""coordinates"": [-87.585679384328, 41.758658217701], ""type"": ""Point""}","[""FRONT-LEFT-CORNER"", ""FRONT-RIGHT-CORNER""]","[""STRAIGHT AHEAD""]",[],"[""S"", ""W""]","[""DRIVER""]","[""NONE"", ""OTHER""]","[""PERSONAL"", ""UNKNOWN/NA""]","[""2010""]","[""61""]","[""DEPLOYMENT UNKNOWN"", ""NOT APPLICABLE""]","[""NONE""]","[""NO INDICATION OF INJURY"", ""NONINCAPACITATING INJURY""]","[""DRIVER""]","[""SAFETY BELT USED"", ""USAGE UNKNOWN""]","[""F"", ""M""]",[]
STRAIGHT AND LEVEL,1414,2025-09-21T01:38:00.000,1,1,9,a62438853d479d5848b7417e567753391f7639aaeb42bbe08241b39ae413fc776bdbe3def1b34039a70b08b21712b01b7538163b68c4f1ddfde30840f2bffc2c,NO INJURY / DRIVE AWAY,"$501 - $1,500",2025-09-21T01:38:00.000,FUNCTIONING PROPERLY,REAR END,,0,0,2,0,0,0,0,41.9258834432,DAWN,-87.7019774764,NO INDICATION OF INJURY,2,30,FAILING TO REDUCE SPEED TO AVOID CRASH,ON SCENE,NO DEFECTS,WET,NOT APPLICABLE,N,MILWAUKEE AVE,2453,TRAFFIC SIGNAL,NOT DIVIDED,RAIN,,,,,,,2,2,"{""coordinates"": [-87.701977476394, 41.925883443191], ""type"": ""Point""}","[""FRONT"", ""REAR""]","[""SLOW/STOP IN TRAFFIC"", ""STRAIGHT AHEAD""]",[],"[""NW""]","[""DRIVER""]","[""UNKNOWN""]","[""PERSONAL""]","[""2012"", ""2025""]","[""34"", ""37""]","[""NOT APPLICABLE""]","[""NONE""]","[""NO INDICATION OF INJURY""]","[""DRIVER""]","[""USAGE UNKNOWN""]","[""F"", ""M""]",[]
STRAIGHT AND LEVEL,2212,2025-09-21T02:00:00.000,1,2,9,955b01c536fcc850c16ab4ea5be11f34a5a8da6a9660a788b51e54543aca6877e6eda3a98fe9f183671aa69c7bd29eb2dbdacd17ca01e29b5b6fce5c4380b8fa,NO INJURY / DRIVE AWAY,"OVER $1,500",2025-09-21T15:43:00.000,NO CONTROLS,SIDESWIPE SAME DIRECTION,Y,0,0,2,0,0,0,0,41.6788439529,"DARKNESS, LIGHTED ROAD",-87.6808968259,NO INDICATION OF INJURY,2,30,UNABLE TO DETERMINE,NOT ON SCENE (DESK REPORT),UNKNOWN,DRY,NOT APPLICABLE,S,WESTERN AVE,11800,NO CONTROLS,NOT DIVIDED,CLEAR,,,,,,,2,2,"{""coordinates"": [-87.680896825911, 41.678843952905], ""type"": ""Point""}","[""REAR"", ""SIDE-RIGHT""]","[""STRAIGHT AHEAD""]",[],"[""S""]","[""DRIVER""]","[""UNKNOWN""]","[""PERSONAL""]",[],[],"[""DEPLOYMENT UNKNOWN"", ""DID NOT DEPLOY""]","[""NONE""]","[""NO INDICATION OF INJURY""]","[""DRIVER""]","[""SAFETY BELT USED"", ""USAGE UNKNOWN""]","[""F""]",[]
STRAIGHT AND LEVEL,1812,2025-09-21T02:00:00.000,1,2,9,aabc4a438cc1c4b49193b41f23de4ecd8e7221caa726a39241c99b93c3cd9e9e4bf4b31b2f54998a736696639e6105e4a2104ec5d03377f5a576da022476a74c,NO INJURY / DRIVE AWAY,"$501 - $1,500",2025-09-21T03:50:00.000,FUNCTIONING PROPERLY,REAR END,,0,0,2,0,0,0,0,41.9216104783,"DARKNESS, LIGHTED ROAD",-87.648773916,NO INDICATION OF INJURY,2,30,UNABLE TO DETERMINE,NOT ON SCENE (DESK REPORT),NO DEFECTS,WET,UNABLE TO DETERMINE,N,HALSTED ST,2154,TRAFFIC SIGNAL,NOT DIVIDED,CLEAR,Y,,,,,,2,2,"{""coordinates"": [-87.648773915976, 41.921610478287], ""type"": ""Point""}","[""FRONT"", ""REAR""]","[""SLOW/STOP IN TRAFFIC""]",[],"[""N""]","[""DRIVER""]","[""NONE"", ""UNKNOWN""]","[""PERSONAL""]","[""2004"", ""2015""]","[""26"", ""72""]","[""DID NOT DEPLOY""]","[""NONE""]","[""NO INDICATION OF INJURY""]","[""DRIVER""]","[""SAFETY BELT USED""]","[""M""]",[]
STRAIGHT AND LEVEL,1031,2025-09-21T02:00:00.000,1,2,9,ce66f749815ef4a59c749bf86a1e1828f578f1e254c4fb215a2ea27df858bcca35221d951324c2a65d0aa27b3f69cfba3b4cb7035df47b6fceb2d5b5ec316734,NO INJURY / DRIVE AWAY,"OVER $1,500",2025-09-21T12:46:00.000,NO CONTROLS,PARKED MOTOR VEHICLE,N,0,0,1,0,0,0,0,41.8428409041,DARKNESS,-87.7207007718,NO INDICATION OF INJURY,2,25,UNABLE TO DETERMINE,ON SCENE,NO DEFECTS,DRY,UNABLE TO DETERMINE,S,AVERS AVE,2649,NO CONTROLS,ONE-WAY,CLEAR,,Y,,,,,2,1,"{""coordinates"": [-87.720700771782, 41.842840904076], ""type"": ""Point""}","[""FRONT-RIGHT-CORNER"", ""SIDE-LEFT""]","[""PARKED"", ""UNKNOWN/NA""]",[],"[""N""]","[""DRIVER"", ""PARKED""]","[""NONE""]","[""PERSONAL""]","[""2013""]",[],"[""DEPLOYMENT UNKNOWN""]","[""NONE""]","[""NO INDICATION OF INJURY""]","[""DRIVER""]","[""USAGE UNKNOWN""]","[""X""]",[]
STRAIGHT AND LEVEL,323,2025-09-21T02:20:00.000,1,2,9,fee6ac3ca34649e7a7dddff474484b8a9e5a0245812833141787613ff5da611e06d7b99159bdca7c750c2734ad678de6b2180141b89910b15ae0c031c31cf09e,NO INJURY / DRIVE AWAY,"OVER $1,500",2025-09-21T11:30:00.000,NO CONTROLS,TURNING,,0,0,2,0,0,0,0,41.7583793278,DARKNESS,-87.6227656677,NO INDICATION OF INJURY,2,25,UNABLE TO DETERMINE,NOT ON SCENE (DESK REPORT),NO DEFECTS,DRY,UNABLE TO DETERMINE,E,75TH ST,50,STOP SIGN/FLASHER,NOT DIVIDED,CLEAR,Y,,,,,,2,2,"{""coordinates"": [-87.622765667652, 41.758379327761], ""type"": ""Point""}","[""FRONT-LEFT-CORNER""]","[""STRAIGHT AHEAD"", ""TURNING LEFT""]",[],"[""N"", ""W""]","[""DRIVER""]","[""UNKNOWN""]","[""PERSONAL"", ""UNKNOWN/NA""]","[""2019"", ""2020""]",[],"[""DEPLOYMENT UNKNOWN"", ""DID NOT DEPLOY""]","[""NONE""]","[""NO INDICATION OF INJURY""]","[""DRIVER""]","[""USAGE UNKNOWN""]","[""F""]",[]