alignment,beat_of_occurrence,crash_date,crash_day_of_week,crash_hour,crash_month,crash_record_id,crash_type,damage,date_police_notified,device_condition,first_crash_type,hit_and_run_i,injuries_fatal,injuries_incapacitating,injuries_no_indication,injuries_non_incapacitating,injuries_reported_not_evident,injuries_total,injuries_unknown,latitude,lighting_condition,longitude,most_severe_injury,num_units,posted_speed_limit,prim_contributory_cause,report_type,road_defect,roadway_surface_cond,sec_contributory_cause,street_direction,street_name,street_no,traffic_control_device,trafficway_type,weather_condition,intersection_related_i,crash_date_est_i,private_property_i,statements_taken_i,photos_taken_i,work_zone_i,veh_count,ppl_count,location_json,veh_first_contact_point_list_json,veh_maneuver_list_json,veh_towed_i_list_json,veh_travel_direction_list_json,veh_unit_type_list_json,veh_vehicle_defect_list_json,veh_vehicle_use_list_json,veh_vehicle_year_list_json,ppl_age_list_json,ppl_airbag_deployed_list_json,ppl_ejection_list_json,ppl_injury_classification_list_json,ppl_person_type_list_json,ppl_safety_equipment_list_json,ppl_sex_list_json,ppl_seat_no_list_json
STRAIGHT AND LEVEL,1834,2025-09-21T02:21:00.000,1,2,9,07248eff26815648ab791cf2f0f7601844c39575ed4bf8c9b9c58c09c679ea507a9a1586ad201f6341ae4f9b153d8483c7a9106e360e0d18142135a03b81cabb,NO INJURY / DRIVE AWAY,"$501 - $1,500",2025-09-21T03:14:00.000,FUNCTIONING PROPERLY,SIDESWIPE SAME DIRECTION,,0,0,2,0,0,0,0,41.8923834166,"DARKNESS, LIGHTED ROAD",-87.6268047866,NO INDICATION OF INJURY,2,30,FAILING TO YIELD RIGHT-OF-WAY,NOT ON SCENE (DESK REPORT),NO DEFECTS,DRY,FAILING TO YIELD RIGHT-OF-WAY,E,OHIO ST,31,TRAFFIC SIGNAL,ONE-WAY,CLEAR,,,,,,,2,2,"{""coordinates"": [-87.626804786562, 41.892383416639], ""type"": ""Point""}","[""FRONT-LEFT-CORNER"", ""SIDE-RIGHT""]","[""STARTING IN TRAFFIC"", ""STRAIGHT AHEAD""]",[],"[""E""]","[""DRIVER""]","[""UNKNOWN""]","[""PERSONAL"", ""UNKNOWN/NA""]",[],[],"[""DID NOT DEPLOY"", ""NOT APPLICABLE""]","[""NONE""]","[""NO INDICATION OF INJURY""]","[""DRIVER""]","[""USAGE UNKNOWN""]","[""M""]",[]
STRAIGHT AND LEVEL,522,2025-09-21T02:22:00.000,1,2,9,39532540e563bfcd93d163d7f2b57cd12d4cc73e2906624e67df0db68d24fbe4bbc406cabee109a68cb2e27c167badbfe10fb15c9746c8fe71adfa510158ae56,INJURY AND / OR TOW DUE TO CRASH,"OVER $1,500",2025-09-21T02:22:00.000,UNKNOWN,PARKED MOTOR VEHICLE,,0,0,0,2,0,2,0,41.6923803305,"DARKNESS, LIGHTED ROAD",-87.6311014356,NONINCAPACITATING INJURY,2,30,UNABLE TO DETERMINE,ON SCENE,UNKNOWN,DRY,UNABLE TO DETERMINE,W,111TH ST,319,UNKNOWN,NOT DIVIDED,CLEAR,,,,,,,2,2,"{""coordinates"": [-87.631101435565, 41.692380330527], ""type"": ""Point""}","[""FRONT"", ""REAR-LEFT-CORNER""]","[""PARKED"", ""STRAIGHT AHEAD""]","[""Y""]","[""E""]","[""DRIVER"", ""PARKED""]","[""UNKNOWN""]","[""PERSONAL""]","[""2016"", ""2021""]","[""28"", ""31""]","[""DID NOT DEPLOY"", ""NOT APPLICABLE""]","[""NONE""]","[""NONINCAPACITATING INJURY""]","[""DRIVER"", ""PASSENGER""]","[""USAGE UNKNOWN""]","[""F"", ""M""]","[""3""]"
STRAIGHT AND LEVEL,522,2025-09-21T02:28:00.000,1,2,9,6b4a42d541accda9ac8367cddc1f2fc3e41767fe71b3b9120e8b4c5c94f8fedb8546f66c1c29795107ec70ba6638cfb07eeb0adc980a5610502911c926347218,INJURY AND / OR TOW DUE TO CRASH,"OVER $1,500",2025-09-21T02:28:00.000,NO CONTROLS,PARKED MOTOR VEHICLE,,0,0,1,0,0,0,0,41.6828143143,"DARKNESS, LIGHTED ROAD",-87.6277583957,NO INDICATION OF INJURY,3,30,DISTRACTION - FROM INSIDE VEHICLE,ON SCENE,NO DEFECTS,DRY,DISTRACTION - FROM INSIDE VEHICLE,S,WENTWORTH AVE,11620,NO CONTROLS,NOT DIVIDED,CLEAR,,,,,,,3,1,"{""coordinates"": [-87.627758395674, 41.682814314323], ""type"": ""Point""}","[""FRONT"", ""REAR"", ""REAR-LEFT-CORNER""]","[""PARKED"", ""STRAIGHT AHEAD""]","[""Y""]","[""S""]","[""DRIVER"", ""PARKED""]","[""UNKNOWN""]","[""PERSONAL""]","[""2013"", ""2017"", ""2024""]","[""40""]","[""DEPLOYED, FRONT""]","[""NONE""]","[""NO INDICATION OF INJURY""]","[""DRIVER""]","[""USAGE UNKNOWN""]","[""F""]",[]
STRAIGHT AND LEVEL,2234,2025-09-21T02:30:00.000,1,2,9,17b5c42377172641b70785bec0448bf446a365c563054cf5dfb9bececbd6dc28a8c9b49adc5513581e8ab5d27c0c7633b5205e6ffe9f51aa7e40f78e29c3be78,INJURY AND / OR TOW DUE TO CRASH,"OVER $1,500",2025-09-21T02:44:00.000,FUNCTIONING PROPERLY,ANGLE,,0,0,2,1,0,1,0,41.6920731982,"DARKNESS, LIGHTED ROAD",-87.661003058,NONINCAPACITATING INJURY,2,30,UNABLE TO DETERMINE,ON SCENE,NO DEFECTS,DRY,UNABLE TO DETERMINE,S,MARSHFIELD AVE,11100,TRAFFIC SIGNAL,T-INTERSECTION,CLEAR,,,,,,,2,3,"{""coordinates"": [-87.661003057986, 41.692073198171], ""type"": ""Point""}","[""FRONT-LEFT-CORNER"", ""FRONT-RIGHT-CORNER""]","[""STRAIGHT AHEAD""]","[""N""]","[""S"", ""W""]","[""DRIVER""]","[""NONE""]","[""PERSONAL""]","[""2021"", ""2023""]","[""40"", ""44"", ""45""]","[""DEPLOYED, COMBINATION""]","[""NONE""]","[""NO INDICATION OF INJURY"", ""NONINCAPACITATING INJURY""]","[""DRIVER"", ""PASSENGER""]","[""USAGE UNKNOWN""]","[""F"", ""M""]","[""3""]"
STRAIGHT AND LEVEL,212,2025-09-21T02:30:00.000,1,2,9,28d333b055bbee686fcf2e7ca0788adfc90e879c1ac4317b6293f6801c0c5a7705907fae69d504baf1714867342ea549811bd221eb8e48594c365a567ee87e30,NO INJURY / DRIVE AWAY,"$501 - $1,500",2025-09-21T02:49:00.000,NO CONTROLS,SIDESWIPE SAME DIRECTION,Y,0,0,2,0,0,0,0,41.8311117688,"DARKNESS, LIGHTED ROAD",-87.6062745353,NO INDICATION OF INJURY,2,45,IMPROPER OVERTAKING/PASSING,NOT ON SCENE (DESK REPORT),NO DEFECTS,DRY,NOT APPLICABLE,S,LAKE SHORE DR NB,3500,NO CONTROLS,OTHER,CLEAR,,,,,,,2,2,"{""coordinates"": [-87.606274535319, 41.831111768829], ""type"": ""Point""}","[""SIDE-LEFT"", ""SIDE-RIGHT""]","[""STRAIGHT AHEAD""]",[],"[""N""]","[""DRIVER""]","[""NONE"", ""UNKNOWN""]","[""UNKNOWN/NA""]","[""2016""]","[""19""]","[""DEPLOYMENT UNKNOWN"", ""DID NOT DEPLOY""]","[""NONE""]","[""NO INDICATION OF INJURY""]","[""DRIVER""]","[""USAGE UNKNOWN""]","[""M"", ""X""]",[]
STRAIGHT AND LEVEL,834,2025-09-21T02:47:00.000,1,2,9,5aa21cc378bd784713e6039e03c1efcdeaa0616d5045fb3f6d4bdaabc15ffcf3673e803004d841133e3dc41d507a7318c87e0e1a2060c28dc607b27d83b7aa3a,INJURY AND / OR TOW DUE TO CRASH,"$501 - $1,500",2025-09-21T02:57:00.000,NO CONTROLS,FIXED OBJECT,,0,0,1,0,0,0,0,41.7474139234,"DARKNESS, LIGHTED ROAD",-87.7338878805,NO INDICATION OF INJURY,1,30,UNDER THE INFLUENCE OF ALCOHOL/DRUGS (USE WHEN ARREST IS EFFECTED),ON SCENE,NO DEFECTS,DRY,UNDER THE INFLUENCE OF ALCOHOL/DRUGS (USE WHEN ARREST IS EFFECTED),S,KILBOURN AVE,7963,NO CONTROLS,OTHER,CLEAR,,,Y,,,,1,1,"{""coordinates"": [-87.733887880516, 41.74741392342], ""type"": ""Point""}","[""FRONT""]","[""UNKNOWN/NA""]","[""Y""]","[""W""]","[""DRIVER""]","[""UNKNOWN""]","[""UNKNOWN/NA""]","[""2016""]","[""20""]","[""NOT APPLICABLE""]","[""NONE""]","[""NO INDICATION OF INJURY""]","[""DRIVER""]","[""USAGE UNKNOWN""]","[""M""]",[]
STRAIGHT AND LEVEL,114,2025-09-21T03:00:00.000,1,3,9,47d29c3edbf55385c551aa1d905f47f76ab778e5bfa743f9a19d7f8c4aac2d960e931eb8a9b05049419a0a8261a9b82a95f177ce957a940c978ab46a11b58f03,NO INJURY / DRIVE AWAY,"$501 - $1,500",2025-09-24T15:15:00.000,NO CONTROLS,PARKED MOTOR VEHICLE,Y,0,0,1,0,0,0,0,41.8794917607,"DARKNESS, LIGHTED ROAD",-87.6242043888,NO INDICATION OF INJURY,2,30,UNABLE TO DETERMINE,NOT ON SCENE (DESK REPORT),UNKNOWN,UNKNOWN,NOT APPLICABLE,S,MICHIGAN AVE,201,NO CONTROLS,UNKNOWN,CLEAR,,,,,,,2,1,"{""coordinates"": [-87.624204388826, 41.87949176069], ""type"": ""Point""}","[""FRONT"", ""UNKNOWN""]","[""PARKED"", ""UNKNOWN/NA""]",[],"[""UNKNOWN""]","[""DRIVER"", ""PARKED""]","[""UNKNOWN""]","[""OTHER"", ""UNKNOWN/NA""]","[""2024""]",[],"[""DEPLOYMENT UNKNOWN""]","[""NONE""]","[""NO INDICATION OF INJURY""]","[""DRIVER""]","[""USAGE UNKNOWN""]","[""X""]",[]
STRAIGHT AND LEVEL,122,2025-09-21T03:04:00.000,1,3,9,3f63e3d18de33cbcc8ab0f93383bf9b3b8e292d9a13b3e36f21d363f9e6dd8d3ff78b4ef58e6be3c15e70aa856a5372850b22ffc8696a30f84183cebc42a8205,NO INJURY / DRIVE AWAY,"OVER $1,500",2025-09-21T03:04:00.000,FUNCTIONING PROPERLY,ANGLE,,0,0,2,0,0,0,0,41.8794175161,"DARKNESS, LIGHTED ROAD",-87.6365578636,NO INDICATION OF INJURY,2,30,UNDER THE INFLUENCE OF ALCOHOL/DRUGS (USE WHEN ARREST IS EFFECTED),ON SCENE,NO DEFECTS,WET,DRIVING ON WRONG SIDE/WRONG WAY,S,WACKER DR,151,TRAFFIC SIGNAL,DIVIDED - W/MEDIAN BARRIER,CLEAR,,Y,,,,,2,2,"{""coordinates"": [-87.636557863568, 41.879417516097], ""type"": ""Point""}","[""FRONT-LEFT-CORNER""]","[""STRAIGHT AHEAD""]","[""N""]","[""E"", ""S""]","[""DRIVER""]","[""UNKNOWN""]","[""PERSONAL""]","[""2011""]","[""0"", ""57""]","[""DEPLOYMENT UNKNOWN"", ""NOT APPLICABLE""]","[""NONE""]","[""NO INDICATION OF INJURY""]","[""DRIVER""]","[""USAGE UNKNOWN""]","[""M""]",[]
STRAIGHT AND LEVEL,2533,2025-09-21T03:05:00.000,1,3,9,57fa9ea91602ffa38810ef53e01def5c368c42fc708d13d4658e9acce1c2b6824c9f6cd7dcb79060964267348032baeb2f4b4459a129700160c8aa3d7b783fec,INJURY AND / OR TOW DUE TO CRASH,"OVER $1,500",2025-09-21T03:10:00.000,NO CONTROLS,HEAD ON,Y,0,0,1,1,0,1,0,41.9120465334,"DARKNESS, LIGHTED ROAD",-87.7494056619,NONINCAPACITATING INJURY,2,25,UNABLE TO DETERMINE,ON SCENE,NO DEFECTS,DRY,UNABLE TO DETERMINE,N,LAMON AVE,1720,NO CONTROLS,NOT DIVIDED,CLEAR,,,,,,,2,2,"{""coordinates"": [-87.749405661898, 41.912046533389], ""type"": ""Point""}","[""FRONT""]","[""STRAIGHT AHEAD"", ""UNKNOWN/NA""]","[""Y""]","[""N"", ""S""]","[""DRIVER""]","[""UNKNOWN""]","[""PERSONAL"", ""UNKNOWN/NA""]","[""2016""]","[""25""]","[""DEPLOYED, COMBINATION"", ""DEPLOYMENT UNKNOWN""]","[""NONE"", ""UNKNOWN""]","[""NO INDICATION OF INJURY"", ""NONINCAPACITATING INJURY""]","[""DRIVER""]","[""SAFETY BELT USED"", ""USAGE UNKNOWN""]","[""M"", ""X""]",[]
STRAIGHT AND LEVEL,522,2025-09-21T03:17:00.000,1,3,9,6b6fd107a416adf08b3fb0c31fd682c0b3ad5b2bccacd28c2cc25bdae0a3292e81db2002bdf8f801035c4c34fe054e87d10ec5539e68beff6f366d86238046c1,INJURY AND / OR TOW DUE TO CRASH,"OVER $1,500",2025-09-21T03:54:00.000,FUNCTIONING PROPERLY,ANGLE,Y,0,0,1,1,1,2,0,41.6851692166,"DARKNESS, LIGHTED ROAD",-87.6278337937,NONINCAPACITATING INJURY,2,30,DISREGARDING TRAFFIC SIGNALS,ON SCENE,NO DEFECTS,DRY,NOT APPLICABLE,S,WENTWORTH AVE,11500,TRAFFIC SIGNAL,NOT DIVIDED,CLEAR,,,,,,,2,3,"{""coordinates"": [-87.627833793667, 41.68516921663], ""type"": ""Point""}","[""FRONT""]","[""STRAIGHT AHEAD""]","[""Y""]","[""N"", ""W""]","[""DRIVER""]","[""NONE""]","[""PERSONAL"", ""UNKNOWN/NA""]","[""2005"", ""2013""]","[""36"", ""41""]","[""DEPLOYED, COMBINATION"", ""DEPLOYMENT UNKNOWN""]","[""NONE""]","[""NO INDICATION OF INJURY"", ""NONINCAPACITATING INJURY"", ""REPORTED, NOT EVIDENT""]","[""DRIVER"", ""PASSENGER""]","[""SAFETY BELT USED"", ""USAGE UNKNOWN""]","[""M""]","[""3""]"
STRAIGHT AND LEVEL,1225,2025-09-21T03:20:00.000,1,3,9,5610133436c4326a5e984e8ac42d7e92b5767ffe7ddb84fe58203235acc4ce00c9915f452cecd8e31f6abbce8df0681bbb168e0c5f91b902208b2a4f28faddb3,INJURY AND / OR TOW DUE TO CRASH,"OVER $1,500",2025-09-21T03:23:00.000,FUNCTIONING PROPERLY,ANGLE,,0,0,2,2,0,2,0,41.8775905328,"DARKNESS, LIGHTED ROAD",-87.6765991166,NONINCAPACITATING INJURY,2,30,FAILING TO YIELD RIGHT-OF-WAY,ON SCENE,NO DEFECTS,DRY,DISREGARDING TRAFFIC SIGNALS,W,JACKSON BLVD,2000,TRAFFIC SIGNAL,FOUR WAY,CLEAR,Y,,,,,,2,4,"{""coordinates"": [-87.676599116599, 41.877590532768], ""type"": ""Point""}","[""FRONT"", ""FRONT-RIGHT-CORNER""]","[""STRAIGHT AHEAD""]",[],"[""E"", ""S""]","[""DRIVER""]","[""NONE""]","[""AMBULANCE"", ""PERSONAL""]","[""2014"", ""2017""]","[""30"", ""46"", ""47"", ""55""]","[""DEPLOYMENT UNKNOWN"", ""DID NOT DEPLOY""]","[""NONE""]","[""NO INDICATION OF INJURY"", ""NONINCAPACITATING INJURY""]","[""DRIVER"", ""PASSENGER""]","[""USAGE UNKNOWN""]","[""F"", ""M""]","[""3""]"
STRAIGHT AND LEVEL,1632,2025-09-21T03:35:00.000,1,3,9,5406c303900f758b7c7d93a55ebe59cbdcc57cd1c5c059cababd5c7415dd51c64ea136a6d2ac9fd18a40d5cb06b10b5bf65208e2b5201df123c77920d317f51d,INJURY AND / OR TOW DUE TO CRASH,"OVER $1,500",2025-09-21T03:37:00.000,NO CONTROLS,PARKED MOTOR VEHICLE,,0,0,0,0,1,1,0,41.9511435935,"DARKNESS, LIGHTED ROAD",-87.796063105,"REPORTED, NOT EVIDENT",2,30,PHYSICAL CONDITION OF DRIVER,ON SCENE,NO DEFECTS,WET,NOT APPLICABLE,N,OAK PARK AVE,3907,NO CONTROLS,NOT DIVIDED,CLEAR,,,,,,,2,1,"{""coordinates"": [-87.796063105026, 41.951143593533], ""type"": ""Point""}","[""FRONT-RIGHT-CORNER"", ""REAR-LEFT-CORNER""]","[""PARKED"", ""STRAIGHT AHEAD""]","[""Y""]","[""N""]","[""DRIVER"", ""PARKED""]","[""NONE""]","[""NOT IN USE"", ""PERSONAL""]","[""2009"", ""2017""]","[""36""]","[""DID NOT DEPLOY""]","[""NONE""]","[""REPORTED, NOT EVIDENT""]","[""DRIVER""]","[""USAGE UNKNOWN""]","[""F""]",[]
STRAIGHT AND LEVEL,1831,2025-09-21T03:45:00.000,1,3,9,98b30930360de5ecf0b93085a4ee26f3ab94025b7da03f4edf71336599bf98fd609ae17cca41015b73840fef794bce4630072ba0b07cfdbfc061aebe525cd859,NO INJURY / DRIVE AWAY,$500 OR LESS,2025-09-21T04:08:00.000,NO CONTROLS,SIDESWIPE SAME DIRECTION,,0,0,2,0,0,0,0,41.8937827774,"DARKNESS, LIGHTED ROAD",-87.6357793414,NO INDICATION OF INJURY,2,30,DISTRACTION - FROM INSIDE VEHICLE,NOT ON SCENE (DESK REPORT),NO DEFECTS,DRY,DISTRACTION - FROM INSIDE VEHICLE,N,FRANKLIN ST,646,NO CONTROLS,NOT DIVIDED,CLEAR,,,,,,,2,2,"{""coordinates"": [-87.635779341382, 41.893782777377], ""type"": ""Point""}","[""SIDE-LEFT"", ""SIDE-RIGHT""]","[""OTHER""]",[],"[""N""]","[""DRIVER""]","[""UNKNOWN""]","[""COMMERCIAL - SINGLE UNIT"", ""PERSONAL""]",[],[],"[""DID NOT DEPLOY"", ""NOT APPLICABLE""]","[""NONE""]","[""NO INDICATION OF INJURY""]","[""DRIVER""]","[""USAGE UNKNOWN""]","[""F"", ""M""]",[]
STRAIGHT AND LEVEL,2411,2025-09-21T03:57:00.000,1,3,9,5cad6f2cb2b888041794e50254c1044d637e4b94f56527af46b93fa10430784124b7eb0d515d0733bd15ab9a72c402c1aeae44c8e4d5298e3c8fe7fbd444d6f3,INJURY AND / OR TOW DUE TO CRASH,"OVER $1,500",2025-09-21T04:20:00.000,NO CONTROLS,PARKED MOTOR VEHICLE,,0,0,1,0,0,0,0,42.0056145366,"DARKNESS, LIGHTED ROAD",-87.7091715264,NO INDICATION OF INJURY,3,25,UNABLE TO DETERMINE,ON SCENE,NO DEFECTS,WET,UNABLE TO DETERMINE,N,KEDZIE AVE,6833,NO CONTROLS,NOT DIVIDED,CLEAR,,,,,,,3,1,"{""coordinates"": [-87.709171526438, 42.005614536586], ""type"": ""Point""}","[""FRONT-RIGHT-CORNER"", ""REAR"", ""REAR-LEFT-CORNER""]","[""PARKED"", ""STRAIGHT AHEAD""]","[""Y""]","[""S""]","[""DRIVER"", ""PARKED""]","[""UNKNOWN""]","[""PERSONAL""]","[""2002"", ""2016"", ""2024""]","[""47""]","[""DID NOT DEPLOY""]","[""NONE""]","[""NO INDICATION OF INJURY""]","[""DRIVER""]","[""USAGE UNKNOWN""]","[""M""]",[]
STRAIGHT AND LEVEL,1722,2025-09-21T04:00:00.000,1,4,9,14d0ea23fdd15ed7a19930340bd76b2ed796beef2e12f813008c9bd60a5d8b76922123a5fdfb75747f1f0e3a748f49e71bb2c2617af4ef801fcd2b6e6cf0d34d,NO INJURY / DRIVE AWAY,"OVER $1,500",2025-09-21T12:40:00.000,NO CONTROLS,PARKED MOTOR VEHICLE,Y,0,0,1,0,0,0,0,41.9577722934,UNKNOWN,-87.7278834195,NO INDICATION OF INJURY,2,30,IMPROPER OVERTAKING/PASSING,NOT ON SCENE (DESK REPORT),NO DEFECTS,DRY,UNABLE TO DETERMINE,N,PULASKI RD,4214,NO CONTROLS,DIVIDED - W/MEDIAN (NOT RAISED),CLEAR,,,,,,,2,1,"{""coordinates"": [-87.727883419518, 41.957772293415], ""type"": ""Point""}","[""SIDE-LEFT"", ""SIDE-RIGHT""]","[""PARKED"", ""UNKNOWN/NA""]",[],"[""N""]","[""DRIVER"", ""PARKED""]","[""NONE"", ""UNKNOWN""]","[""NOT IN USE"", ""UNKNOWN/NA""]","[""2024""]",[],"[""DEPLOYMENT UNKNOWN""]","[""NONE""]","[""NO INDICATION OF INJURY""]","[""DRIVER""]","[""USAGE UNKNOWN""]","[""X""]",[]
STRAIGHT AND LEVEL,614,2025-09-21T04:05:00.000,1,4,9,6bf263b53f78e1a8eefe0ffaf537fe055aba3bb81d5a7417954d68f14e7fab97525665525e6a21f438c97f11840fdefc7738ae7dc8be4b4eba9a0ea162aaa324,NO INJURY / DRIVE AWAY,"OVER $1,500",2025-09-21T04:35:00.000,NO CONTROLS,PARKED MOTOR VEHICLE,Y,0,0,1,0,0,0,0,41.7393572582,"DARKNESS, LIGHTED ROAD",-87.6620851694,NO INDICATION OF INJURY,2,30,UNABLE TO DETERMINE,NOT ON SCENE (DESK REPORT),UNKNOWN,DRY,UNABLE TO DETERMINE,S,JUSTINE ST,8500,NO CONTROLS,ONE-WAY,CLEAR,,,,,,,2,1,"{""coordinates"": [-87.662085169446, 41.739357258189], ""type"": ""Point""}","[""SIDE-LEFT"", ""SIDE-RIGHT""]","[""PARKED"", ""UNKNOWN/NA""]",[],"[""S""]","[""DRIVER"", ""PARKED""]","[""UNKNOWN""]","[""NOT IN USE"", ""UNKNOWN/NA""]","[""2017""]",[],"[""DEPLOYMENT UNKNOWN""]","[""NONE""]","[""NO INDICATION OF INJURY""]","[""DRIVER""]","[""USAGE UNKNOWN""]","[""F""]",[]
STRAIGHT AND LEVEL,2213,2025-09-21T04:12:00.000,1,4,9,885432df00f99e989a8cc01512694348fb23f36bb688c0f62d7ea9cc030873d252104d78e9a168ecbdabc8fa0725333c09e274159a4cd20a8e194785a171df8a,INJURY AND / OR TOW DUE TO CRASH,"OVER $1,500",2025-09-21T04:14:00.000,NO CONTROLS,FIXED OBJECT,,0,0,1,0,0,0,0,41.706853083,"DARKNESS, LIGHTED ROAD",-87.6588740632,NO INDICATION OF INJURY,1,30,PHYSICAL CONDITION OF DRIVER,ON SCENE,NO DEFECTS,DRY,UNABLE TO DETERMINE,W,103RD ST,1440,NO CONTROLS,NOT DIVIDED,CLEAR,,,,,,,1,1,"{""coordinates"": [-87.658874063172, 41.706853083008], ""type"": ""Point""}","[""FRONT-RIGHT-CORNER""]","[""STRAIGHT AHEAD""]","[""Y""]","[""W""]","[""DRIVER""]","[""NONE""]","[""PERSONAL""]","[""2022""]","[""45""]","[""DEPLOYED, FRONT""]","[""NONE""]","[""NO INDICATION OF INJURY""]","[""DRIVER""]","[""SAFETY BELT USED""]","[""F""]",[]
STRAIGHT AND LEVEL,1113,2025-09-21T04:20:00.000,1,4,9,7db6d021a3e04a73d9977978ff5aaf9e3a3bd6a9bfa6622d0e063ae55ffbe0db67e72b25174cd9b2e62893e1a52329d17dd8d8f16d9ef4a2adebe217092edd68,INJURY AND / OR TOW DUE TO CRASH,"OVER $1,500",2025-09-21T13:54:00.000,FUNCTIONING PROPERLY,HEAD ON,Y,0,0,4,0,0,0,0,41.8854516289,DARKNESS,-87.7403985043,NO INDICATION OF INJURY,2,30,UNABLE TO DETERMINE,NOT ON SCENE (DESK REPORT),UNKNOWN,UNKNOWN,UNABLE TO DETERMINE,N,KENTON AVE,300,STOP SIGN/FLASHER,FOUR WAY,UNKNOWN,Y,,,,,,2,4,"{""coordinates"": [-87.740398504269, 41.885451628909], ""type"": ""Point""}","[""FRONT""]","[""UNKNOWN/NA""]","[""Y""]","[""UNKNOWN""]","[""DRIVER""]","[""UNKNOWN""]","[""UNKNOWN/NA""]","[""2022""]","[""31""]","[""DEPLOYMENT UNKNOWN"", ""DID NOT DEPLOY""]","[""NONE""]","[""NO INDICATION OF INJURY""]","[""DRIVER"", ""PASSENGER""]","[""SAFETY BELT USED"", ""USAGE UNKNOWN""]","[""F"", ""X""]","[""3"", ""6""]"
STRAIGHT AND LEVEL,1834,2025-09-21T04:20:00.000,1,4,9,c13c40fb94c84d37c841f1b7e6302f300ab35a42cc7e4211f49d9baad5c99d9a6af6871593a0d3af1f9ec5080aeb6079231e97775a07b779ba0221f3ae6c723d,NO INJURY / DRIVE AWAY,"OVER $1,500",2025-09-21T05:10:00.000,NO CONTROLS,SIDESWIPE SAME DIRECTION,,0,0,3,0,0,0,0,41.8927155909,DARKNESS,-87.6240443336,NO INDICATION OF INJURY,2,30,FAILING TO REDUCE SPEED TO AVOID CRASH,NOT ON SCENE (DESK REPORT),UNKNOWN,WET,IMPROPER LANE USAGE,N,MICHIGAN AVE,605,NO CONTROLS,DIVIDED - W/MEDIAN BARRIER,CLEAR,,,,,,,2,3,"{""coordinates"": [-87.624044333609, 41.892715590941], ""type"": ""Point""}","[""FRONT-RIGHT-CORNER"", ""SIDE-LEFT""]","[""STRAIGHT AHEAD""]",[],"[""N""]","[""DRIVER""]","[""NONE"", ""UNKNOWN""]","[""PERSONAL""]","[""2019"", ""2025""]","[""32"", ""55"", ""65""]","[""DID NOT DEPLOY""]","[""NONE""]","[""NO INDICATION OF INJURY""]","[""DRIVER"", ""PASSENGER""]","[""SAFETY BELT USED""]","[""F"", ""M""]","[""3""]"
STRAIGHT AND LEVEL,833,2025-09-21T04:24:00.000,1,4,9,5699bcd0cd114e790ba3249d740c2bafbaff1af65602f6009af3419b3acd4153c344b568e16944d15e3695f5e884985dea988d10abeb525c05427e2219635ad3,INJURY AND / OR TOW DUE TO CRASH,"OVER $1,500",2025-09-21T04:24:00.000,NO CONTROLS,PARKED MOTOR VEHICLE,,0,0,2,0,0,0,0,41.7698295432,"DARKNESS, LIGHTED ROAD",-87.7226809851,NO INDICATION OF INJURY,2,30,EQUIPMENT - VEHICLE CONDITION,ON SCENE,NO DEFECTS,DRY,NOT APPLICABLE,S,PULASKI RD,6750,NO CONTROLS,NOT DIVIDED,CLEAR,,,,,,,2,2,"{""coordinates"": [-87.722680985078, 41.769829543233], ""type"": ""Point""}","[""FRONT-RIGHT-CORNER"", ""REAR-LEFT-CORNER""]","[""PARKED"", ""STRAIGHT AHEAD""]","[""Y""]","[""S""]","[""DRIVER"", ""PARKED""]","[""NONE"", ""STEERING""]","[""COMMERCIAL - MULTI-UNIT"", ""PERSONAL""]","[""2006"", ""2012""]","[""27"", ""29""]","[""DEPLOYED, COMBINATION""]","[""NONE""]","[""NO INDICATION OF INJURY""]","[""DRIVER"", ""PASSENGER""]","[""USAGE UNKNOWN""]","[""F"", ""M""]","[""6""]"
STRAIGHT AND LEVEL,813,2025-09-21T04:30:00.000,1,4,9,82a7a0b8b80282bdb021deed817eb0d024c31846c54efb4eea42588a1fe8ac70a3c2bc15e6c1e4210039e43c47f8271729629615ea38ac9a003ab626c5c6e994,INJURY AND / OR TOW DUE TO CRASH,"OVER $1,500",2025-09-21T04:34:00.000,NO CONTROLS,TURNING,,0,2,0,2,0,4,0,41.7786229531,DARKNESS,-87.7352122874,INCAPACITATING INJURY,3,30,FAILING TO YIELD RIGHT-OF-WAY,ON SCENE,NO DEFECTS,WET,NOT APPLICABLE,W,63RD ST,4504,NO CONTROLS,NOT DIVIDED,CLEAR,,,,,,,3,4,"{""coordinates"": [-87.735212287366, 41.778622953072], ""type"": ""Point""}","[""FRONT"", ""OTHER""]","[""PARKED"", ""STRAIGHT AHEAD"", ""TURNING LEFT""]","[""Y""]","[""N"", ""S"", ""W""]","[""DRIVER"", ""PARKED""]","[""NONE""]","[""PERSONAL""]","[""2015"", ""2017"", ""2018""]","[""18"", ""25"", ""32"", ""43""]","[""DEPLOYED, COMBINATION"", ""DEPLOYED, SIDE""]","[""NONE""]","[""INCAPACITATING INJURY"", ""NONINCAPACITATING INJURY""]","[""DRIVER"", ""PASSENGER""]","[""SAFETY BELT USED""]","[""F"", ""M""]","[""3"", ""4""]"