alignment,beat_of_occurrence,crash_date,crash_day_of_week,crash_hour,crash_month,crash_record_id,crash_type,damage,date_police_notified,device_condition,first_crash_type,hit_and_run_i,injuries_fatal,injuries_incapacitating,injuries_no_indication,injuries_non_incapacitating,injuries_reported_not_evident,injuries_total,injuries_unknown,latitude,lighting_condition,longitude,most_severe_injury,num_units,posted_speed_limit,prim_contributory_cause,report_type,road_defect,roadway_surface_cond,sec_contributory_cause,street_direction,street_name,street_no,traffic_control_device,trafficway_type,weather_condition,intersection_related_i,crash_date_est_i,private_property_i,statements_taken_i,photos_taken_i,work_zone_i,veh_count,ppl_count,location_json,veh_first_contact_point_list_json,veh_maneuver_list_json,veh_towed_i_list_json,veh_travel_direction_list_json,veh_unit_type_list_json,veh_vehicle_defect_list_json,veh_vehicle_use_list_json,veh_vehicle_year_list_json,ppl_age_list_json,ppl_airbag_deployed_list_json,ppl_ejection_list_json,ppl_injury_classification_list_json,ppl_person_type_list_json,ppl_safety_equipment_list_json,ppl_sex_list_json,ppl_seat_no_list_json
STRAIGHT AND LEVEL,323,2025-09-21T04:40:00.000,1,4,9,927f7529c83a1ac144497f39efbcf336eaafc4346d769c09d314e1e22a62a7ec395ac94c029f2d51f78c7fe84a0bf3d79e4f393e3c6ddea44da42acb916cf705,NO INJURY / DRIVE AWAY,"OVER $1,500",2025-09-21T04:46:00.000,FUNCTIONING PROPERLY,TURNING,Y,0,0,3,0,0,0,0,41.7654513146,"DARKNESS, LIGHTED ROAD",-87.6151113491,NO INDICATION OF INJURY,2,30,UNABLE TO DETERMINE,,NO DEFECTS,UNKNOWN,NOT APPLICABLE,S,DR MARTIN LUTHER KING JR DR,7107,TRAFFIC SIGNAL,FOUR WAY,CLEAR,Y,,,,,,2,3,"{""coordinates"": [-87.61511134908, 41.765451314585], ""type"": ""Point""}","[""FRONT-LEFT-CORNER"", ""FRONT-RIGHT-CORNER""]","[""PASSING/OVERTAKING"", ""TURNING RIGHT""]",[],"[""N""]","[""DRIVER""]","[""UNKNOWN""]","[""PERSONAL"", ""UNKNOWN/NA""]","[""2015"", ""2025""]","[""39"", ""41""]","[""DEPLOYMENT UNKNOWN"", ""DID NOT DEPLOY""]","[""NONE""]","[""NO INDICATION OF INJURY""]","[""DRIVER"", ""PASSENGER""]","[""SAFETY BELT USED"", ""USAGE UNKNOWN""]","[""F"", ""M""]","[""3""]"
STRAIGHT AND LEVEL,1731,2025-09-21T04:45:00.000,1,4,9,9484e12a4b02d2436742795b1878646db259ec572e28e27fdcf263aa5b56baa2d7cc50c5b47b928b4345304e11915977e8654133a42c31afbabc4d007807d820,INJURY AND / OR TOW DUE TO CRASH,"OVER $1,500",2025-09-21T18:20:00.000,NO CONTROLS,PARKED MOTOR VEHICLE,Y,0,0,1,0,0,0,0,41.9390373979,"DARKNESS, LIGHTED ROAD",-87.7395610769,NO INDICATION OF INJURY,2,30,IMPROPER LANE USAGE,NOT ON SCENE (DESK REPORT),NO DEFECTS,DRY,NOT APPLICABLE,W,BELMONT AVE,4500,NO CONTROLS,DIVIDED - W/MEDIAN (NOT RAISED),CLEAR,,,,,,,2,1,"{""coordinates"": [-87.739561076866, 41.939037397917], ""type"": ""Point""}","[""REAR"", ""UNKNOWN""]","[""PARKED"", ""STRAIGHT AHEAD""]","[""Y""]","[""W""]","[""DRIVER"", ""PARKED""]","[""NONE"", ""UNKNOWN""]","[""PERSONAL"", ""UNKNOWN/NA""]","[""2012""]",[],"[""DEPLOYMENT UNKNOWN""]","[""NONE""]","[""NO INDICATION OF INJURY""]","[""DRIVER""]","[""USAGE UNKNOWN""]","[""M""]",[]
STRAIGHT AND LEVEL,814,2025-09-21T04:50:00.000,1,4,9,26a2534d460f4f8da32bcaed0d5deb0b6ac4b8faaf9f683f80861600699f6c1e3dbf2df5a3188a038347b6ae9082a06bb01edf72614f344d1c94b64a968b9f0b,INJURY AND / OR TOW DUE TO CRASH,"OVER $1,500",2025-09-21T05:00:00.000,UNKNOWN,FIXED OBJECT,,0,1,0,0,0,1,0,41.7966757919,"DARKNESS, LIGHTED ROAD",-87.7622830005,INCAPACITATING INJURY,1,30,UNABLE TO DETERMINE,ON SCENE,NO DEFECTS,DRY,UNABLE TO DETERMINE,S,CENTRAL AVE,5259,UNKNOWN,CENTER TURN LANE,CLEAR,,,,,,,1,1,"{""coordinates"": [-87.762283000475, 41.796675791949], ""type"": ""Point""}","[""REAR""]","[""STRAIGHT AHEAD""]","[""Y""]","[""N""]","[""DRIVER""]","[""UNKNOWN""]","[""PERSONAL""]","[""2021""]","[""25""]","[""DEPLOYMENT UNKNOWN""]","[""NONE""]","[""INCAPACITATING INJURY""]","[""DRIVER""]","[""USAGE UNKNOWN""]","[""M""]",[]
STRAIGHT AND LEVEL,2531,2025-09-21T05:12:00.000,1,5,9,4da93a4f8bae31fe01bf274cb3a606fbe62561cc73b254a554076212de6e17b414235291b09521d73e3ea03334497ae03ebf9be3ad9c6657b51ba33ad8a55461,INJURY AND / OR TOW DUE TO CRASH,"OVER $1,500",2025-09-21T05:29:00.000,NO CONTROLS,PARKED MOTOR VEHICLE,,0,0,1,1,0,1,0,41.9093903894,"DARKNESS, LIGHTED ROAD",-87.773378177,NONINCAPACITATING INJURY,2,30,UNABLE TO DETERMINE,,NO DEFECTS,DRY,NOT APPLICABLE,W,NORTH AVE,5914,NO CONTROLS,DIVIDED - W/MEDIAN (NOT RAISED),CLEAR,,,,,,,2,2,"{""coordinates"": [-87.773378176978, 41.909390389387], ""type"": ""Point""}","[""FRONT-RIGHT-CORNER"", ""REAR-LEFT-CORNER""]","[""PARKED"", ""UNKNOWN/NA""]","[""Y""]","[""W""]","[""DRIVER"", ""PARKED""]","[""NONE"", ""UNKNOWN""]","[""NOT IN USE"", ""PERSONAL""]","[""2012"", ""2015""]","[""29""]","[""DEPLOYED, FRONT""]","[""NONE""]","[""NO INDICATION OF INJURY"", ""NONINCAPACITATING INJURY""]","[""DRIVER"", ""PASSENGER""]","[""USAGE UNKNOWN""]","[""M""]","[""3""]"
STRAIGHT AND LEVEL,1934,2025-09-21T05:15:00.000,1,5,9,cf65c4f11c3f0da3fa7c550a023dfffd2ffe6e2ff332129808dacf29ddd01eb83a6a7b622ce30afec3699f92ecc08b2347ed0a4ed83dbcd002f0f1fdb4401515,NO INJURY / DRIVE AWAY,"OVER $1,500",2025-09-21T06:00:00.000,NO CONTROLS,HEAD ON,Y,0,0,2,0,0,0,0,41.9356742273,"DARKNESS, LIGHTED ROAD",-87.6454961138,NO INDICATION OF INJURY,4,30,DRIVING ON WRONG SIDE/WRONG WAY,NOT ON SCENE (DESK REPORT),NO DEFECTS,WET,"OPERATING VEHICLE IN ERRATIC, RECKLESS, CARELESS, NEGLIGENT OR AGGRESSIVE MANNER",W,OAKDALE AVE,630,NO CONTROLS,ONE-WAY,RAIN,,,,,,,4,2,"{""coordinates"": [-87.645496113751, 41.935674227283], ""type"": ""Point""}","[""FRONT-LEFT-CORNER"", ""UNKNOWN""]","[""PARKED"", ""STRAIGHT AHEAD""]",[],"[""E"", ""W""]","[""DRIVER"", ""PARKED""]","[""NONE"", ""UNKNOWN""]","[""PERSONAL"", ""UNKNOWN/NA""]","[""2019"", ""2021""]","[""50""]","[""DEPLOYMENT UNKNOWN"", ""DID NOT DEPLOY""]","[""NONE""]","[""NO INDICATION OF INJURY""]","[""DRIVER""]","[""SAFETY BELT USED"", ""USAGE UNKNOWN""]","[""M""]",[]
STRAIGHT AND LEVEL,1831,2025-09-21T05:20:00.000,1,5,9,b51ea79228a5e91a4a3538badcbfad46adab98dceac811532efce90c8aa5ce9ad84bc9945d8dea75710bd6840a1c97f7b095349245736f33c008cd5109a0075f,NO INJURY / DRIVE AWAY,"$501 - $1,500",2025-09-21T13:40:00.000,NO CONTROLS,ANGLE,Y,0,0,2,0,0,0,0,41.894066648,DUSK,-87.6365931854,NO INDICATION OF INJURY,2,35,UNABLE TO DETERMINE,NOT ON SCENE (DESK REPORT),NO DEFECTS,DRY,NOT APPLICABLE,W,ERIE ST,320,UNKNOWN,NOT DIVIDED,CLEAR,,,,,,,2,2,"{""coordinates"": [-87.636593185403, 41.894066647976], ""type"": ""Point""}","[""FRONT-LEFT-CORNER"", ""FRONT-RIGHT-CORNER""]","[""STRAIGHT AHEAD""]",[],"[""UNKNOWN""]","[""DRIVER""]","[""NONE""]","[""DRIVER EDUCATION"", ""PERSONAL""]","[""2014""]",[],"[""DEPLOYMENT UNKNOWN"", ""NOT APPLICABLE""]","[""NONE""]","[""NO INDICATION OF INJURY""]","[""DRIVER""]","[""SAFETY BELT USED"", ""USAGE UNKNOWN""]","[""F"", ""X""]",[]
STRAIGHT AND LEVEL,332,2025-09-21T05:23:00.000,1,5,9,0faacc651d895861601fd9c97e51ea99c52ab914d4be3764398a0eb4f7f951ee4200df73850e3632a69237d50c7e257d1d1507c38b862173719b8820fe7a5145,INJURY AND / OR TOW DUE TO CRASH,"OVER $1,500",2025-09-21T05:26:00.000,NO CONTROLS,PARKED MOTOR VEHICLE,,0,0,1,0,0,0,0,41.7668137779,"DARKNESS, LIGHTED ROAD",-87.57646401,NO INDICATION OF INJURY,2,30,FAILING TO REDUCE SPEED TO AVOID CRASH,ON SCENE,UNKNOWN,WET,DISTRACTION - FROM INSIDE VEHICLE,S,JEFFERY BLVD,7040,NO CONTROLS,NOT DIVIDED,OTHER,,,,,,,2,1,"{""coordinates"": [-87.576464010035, 41.766813777882], ""type"": ""Point""}","[""FRONT-RIGHT-CORNER"", ""REAR""]","[""PARKED IN TRAFFIC LANE"", ""STRAIGHT AHEAD""]","[""N"", ""Y""]","[""S""]","[""DRIVER"", ""PARKED""]","[""NONE"", ""UNKNOWN""]","[""PERSONAL""]","[""2013"", ""2014""]","[""27""]","[""DEPLOYED, FRONT""]","[""NONE""]","[""NO INDICATION OF INJURY""]","[""DRIVER""]","[""USAGE UNKNOWN""]","[""M""]",[]
STRAIGHT AND LEVEL,2535,2025-09-21T05:30:00.000,1,5,9,094f32b1f6b2ff5f6709f2a0491f1c2481b1ce0fe1b43b97f666cf0317d3bb3c27c342eaddb14448c0c936e5269ab44e0e21cc278da94c0c218ad82be9612501,INJURY AND / OR TOW DUE TO CRASH,$500 OR LESS,2025-09-24T22:50:00.000,NO CONTROLS,PEDESTRIAN,Y,0,0,1,0,2,2,0,41.9171388511,"DARKNESS, LIGHTED ROAD",-87.7195924632,"REPORTED, NOT EVIDENT",3,30,IMPROPER OVERTAKING/PASSING,NOT ON SCENE (DESK REPORT),NO DEFECTS,DRY,NOT APPLICABLE,W,ARMITAGE AVE,3709,NO CONTROLS,DIVIDED - W/MEDIAN (NOT RAISED),CLEAR,,,,,,,2,2,"{""coordinates"": [-87.719592463157, 41.917138851059], ""type"": ""Point""}","[""UNKNOWN""]","[""PASSING/OVERTAKING""]",[],"[""W""]","[""DRIVER"", ""PEDESTRIAN""]","[""OTHER""]","[""UNKNOWN/NA""]",[],"[""44""]","[""DEPLOYMENT UNKNOWN""]","[""NONE""]","[""NO INDICATION OF INJURY"", ""REPORTED, NOT EVIDENT""]","[""DRIVER"", ""PEDESTRIAN""]","[""HELMET NOT USED"", ""NONE PRESENT""]","[""F"", ""M""]",[]
STRAIGHT AND LEVEL,1923,2025-09-21T05:55:00.000,1,5,9,788046e046869fb22cf72633de5c322d674f354ced847b595851e931a8e749d84030d0856503670e676de5ca2ea092f70abb3e3c7210472c53bea2888c5e4a64,INJURY AND / OR TOW DUE TO CRASH,"OVER $1,500",2025-09-21T06:00:00.000,NO CONTROLS,PARKED MOTOR VEHICLE,Y,0,0,1,0,0,0,0,41.9509737395,"DARKNESS, LIGHTED ROAD",-87.6570106776,NO INDICATION OF INJURY,3,25,UNABLE TO DETERMINE,NOT ON SCENE (DESK REPORT),NO DEFECTS,WET,NOT APPLICABLE,W,GRACE ST,1101,NO CONTROLS,NOT DIVIDED,RAIN,,,,,,,3,1,"{""coordinates"": [-87.65701067765, 41.95097373947], ""type"": ""Point""}","[""FRONT-RIGHT-CORNER"", ""SIDE-LEFT-REAR"", ""SIDE-RIGHT-REAR""]","[""PARKED"", ""STRAIGHT AHEAD""]","[""Y""]","[""W""]","[""DRIVER"", ""PARKED""]","[""NONE"", ""UNKNOWN""]","[""PERSONAL"", ""UNKNOWN/NA""]","[""2019"", ""2020"", ""2022""]",[],"[""DEPLOYED, FRONT""]","[""NONE""]","[""NO INDICATION OF INJURY""]","[""DRIVER""]","[""USAGE UNKNOWN""]","[""X""]",[]
STRAIGHT AND LEVEL,533,2025-09-21T06:00:00.000,1,6,9,a63c8c0013b98265bc1f0e8fe4305a9e8a00e52cb869a377b52a02ddb2b31a9b0c0469eb3cb76a305a67407d617a49232e0c669e16d7cdf2300be43331293ab4,INJURY AND / OR TOW DUE TO CRASH,"OVER $1,500",2025-09-21T07:12:00.000,FUNCTIONING PROPERLY,PARKED MOTOR VEHICLE,,0,0,1,0,0,0,0,,"DARKNESS, LIGHTED ROAD",,NO INDICATION OF INJURY,4,30,UNABLE TO DETERMINE,ON SCENE,NO DEFECTS,WET,UNABLE TO DETERMINE,S,ELLIS AVE,13318,TRAFFIC SIGNAL,NOT DIVIDED,RAIN,,,,,,,3,1,,"[""FRONT-RIGHT-CORNER"", ""REAR"", ""REAR-LEFT-CORNER""]","[""PARKED"", ""STRAIGHT AHEAD""]","[""Y""]","[""S""]","[""DRIVER"", ""PARKED""]","[""UNKNOWN""]","[""NOT IN USE"", ""PERSONAL""]","[""2012""]","[""43""]","[""DID NOT DEPLOY""]","[""NONE""]","[""NO INDICATION OF INJURY""]","[""DRIVER""]","[""USAGE UNKNOWN""]","[""M""]",[]
STRAIGHT AND LEVEL,2522,2025-09-21T06:00:00.000,1,6,9,c355559f9d0981a80ca59653748045137882596c142939f043c8f4a4d324b51ef89dda1b3916a54be32762c12690b1f18c5248175fcb4eca1920f85defe3f128,NO INJURY / DRIVE AWAY,"OVER $1,500",2025-09-22T16:15:00.000,NO CONTROLS,PARKED MOTOR VEHICLE,Y,0,0,1,0,0,0,0,41.9209017606,DAWN,-87.7387520791,NO INDICATION OF INJURY,2,25,UNABLE TO DETERMINE,NOT ON SCENE (DESK REPORT),UNKNOWN,UNKNOWN,UNABLE TO DETERMINE,N,KILBOURN AVE,2207,NO CONTROLS,ONE-WAY,CLEAR,,Y,,,,,2,1,"{""coordinates"": [-87.73875207909, 41.920901760552], ""type"": ""Point""}","[""UNKNOWN""]","[""PARKED"", ""UNKNOWN/NA""]",[],"[""N"", ""UNKNOWN""]","[""DRIVER"", ""PARKED""]","[""UNKNOWN""]","[""PERSONAL"", ""UNKNOWN/NA""]","[""1999"", ""2011""]",[],"[""DEPLOYMENT UNKNOWN""]","[""NONE""]","[""NO INDICATION OF INJURY""]","[""DRIVER""]","[""USAGE UNKNOWN""]","[""X""]",[]
STRAIGHT AND LEVEL,1513,2025-09-21T06:00:00.000,1,6,9,e5644ec47e8c85f520eaf1180367313ddce8dd2d55843ef1b1d603478f7a25b152d8a82a9747a84f8c82458ffa4c91b239c98698e9dac22b1e88279ba15c5a61,INJURY AND / OR TOW DUE TO CRASH,"OVER $1,500",2025-09-21T06:12:00.000,FUNCTIONING PROPERLY,PEDESTRIAN,,0,0,1,1,0,1,0,41.8819946121,DAWN,-87.7746465579,NONINCAPACITATING INJURY,2,30,UNABLE TO DETERMINE,ON SCENE,NO DEFECTS,WET,UNABLE TO DETERMINE,W,WASHINGTON BLVD,5999,TRAFFIC SIGNAL,FOUR WAY,CLEAR,Y,,,Y,,,2,2,"{""coordinates"": [-87.774646557926, 41.881994612141], ""type"": ""Point""}","[""NONE""]","[""TURNING LEFT""]",[],"[""SE""]","[""DRIVER"", ""PEDESTRIAN""]","[""NONE""]","[""PERSONAL""]","[""2016""]","[""32"", ""55""]","[""DID NOT DEPLOY""]","[""NONE""]","[""NO INDICATION OF INJURY"", ""NONINCAPACITATING INJURY""]","[""DRIVER"", ""PEDESTRIAN""]","[""NONE PRESENT"", ""SAFETY BELT USED""]","[""F"", ""M""]",[]
STRAIGHT AND LEVEL,1412,2025-09-21T06:15:00.000,1,6,9,451b87dc51aaae5a54f5ae4062a5829110a4a10bf665ff26330e54be3904e0ef96c7f002d5c5f6b3439aecd00f7ea7491b45284751cd5ba0aede15fc9c298546,NO INJURY / DRIVE AWAY,"OVER $1,500",2025-09-21T06:24:00.000,NO CONTROLS,REAR END,Y,0,0,2,0,0,0,0,41.9321395417,DAYLIGHT,-87.7074869119,NO INDICATION OF INJURY,2,30,DISREGARDING STOP SIGN,ON SCENE,UNKNOWN,WET,UNABLE TO DETERMINE,W,DIVERSEY AVE,3200,NO CONTROLS,NOT DIVIDED,RAIN,,,,,,,2,2,"{""coordinates"": [-87.707486911862, 41.932139541722], ""type"": ""Point""}","[""FRONT"", ""REAR""]","[""STRAIGHT AHEAD""]",[],"[""UNKNOWN"", ""W""]","[""DRIVER""]","[""NONE"", ""UNKNOWN""]","[""PERSONAL"", ""UNKNOWN/NA""]","[""2006"", ""2026""]","[""76""]","[""DEPLOYMENT UNKNOWN"", ""DID NOT DEPLOY""]","[""NONE""]","[""NO INDICATION OF INJURY""]","[""DRIVER""]","[""NONE PRESENT"", ""USAGE UNKNOWN""]","[""M"", ""X""]",[]
"CURVE, LEVEL",1833,2025-09-21T06:30:00.000,1,6,9,b8bbd272b919e878212d015bfa944439636fca872239e573c31b2a8229c3f298fd296fb9de302833e91f077d9a830786bd0f759ab705c945ecc4c0c02774bd09,NO INJURY / DRIVE AWAY,"OVER $1,500",2025-09-21T06:31:00.000,NO CONTROLS,FIXED OBJECT,,0,0,1,0,0,0,0,41.8993222788,DAYLIGHT,-87.6187384331,NO INDICATION OF INJURY,1,40,WEATHER,ON SCENE,NO DEFECTS,WET,UNABLE TO DETERMINE,N,LAKE SHORE DR SB,900,NO CONTROLS,DIVIDED - W/MEDIAN BARRIER,RAIN,,,,,,,1,1,"{""coordinates"": [-87.618738433114, 41.899322278833], ""type"": ""Point""}","[""FRONT""]","[""SKIDDING/CONTROL LOSS""]",[],"[""N""]","[""DRIVER""]","[""NONE""]","[""PERSONAL""]","[""2012""]","[""43""]","[""DEPLOYED, FRONT""]","[""NONE""]","[""NO INDICATION OF INJURY""]","[""DRIVER""]","[""SAFETY BELT USED""]","[""F""]",[]
STRAIGHT AND LEVEL,1834,2025-09-21T06:55:00.000,1,6,9,d2934f44cb83b8df297773712371d339e1bdb02a1dd3b80428409cb682687a0b6348b737d20b0988b4347ace8a6b67856fa7dc965fa733e647a29c13a740ff22,INJURY AND / OR TOW DUE TO CRASH,"OVER $1,500",2025-09-21T06:59:00.000,NO CONTROLS,FIXED OBJECT,,0,0,0,1,0,1,0,41.895078838,DAWN,-87.6158466585,NONINCAPACITATING INJURY,1,45,UNABLE TO DETERMINE,ON SCENE,UNKNOWN,WET,NOT APPLICABLE,N,LAKE SHORE DR NB,700,NO CONTROLS,DIVIDED - W/MEDIAN BARRIER,RAIN,,,,,,,1,1,"{""coordinates"": [-87.615846658479, 41.895078838031], ""type"": ""Point""}","[""FRONT""]","[""STRAIGHT AHEAD""]",[],"[""N""]","[""DRIVER""]","[""UNKNOWN""]","[""PERSONAL""]","[""2024""]","[""21""]","[""DEPLOYED, COMBINATION""]","[""NONE""]","[""NONINCAPACITATING INJURY""]","[""DRIVER""]","[""USAGE UNKNOWN""]","[""M""]",[]
STRAIGHT AND LEVEL,413,2025-09-21T07:00:00.000,1,7,9,adc0e1354a81260c7735c1afb6ef54b1cbe441b38c0bd5c5d22a4ba04b9693f3beb77389a60a4518da5625b9652462fd10aea9bf38f75aec0064141255fc22ab,NO INJURY / DRIVE AWAY,"$501 - $1,500",2025-09-21T10:15:00.000,UNKNOWN,PARKED MOTOR VEHICLE,,0,0,1,0,0,0,0,41.7311889504,UNKNOWN,-87.5729972017,NO INDICATION OF INJURY,2,20,UNABLE TO DETERMINE,NOT ON SCENE (DESK REPORT),UNKNOWN,UNKNOWN,NOT APPLICABLE,S,CLYDE AVE,9013,UNKNOWN,UNKNOWN,UNKNOWN,,,,,,,2,1,"{""coordinates"": [-87.572997201725, 41.731188950359], ""type"": ""Point""}","[""UNKNOWN""]","[""PARKED"", ""UNKNOWN/NA""]",[],"[""UNKNOWN""]","[""DRIVER"", ""PARKED""]","[""UNKNOWN""]","[""NOT IN USE"", ""UNKNOWN/NA""]","[""2006""]",[],"[""DEPLOYMENT UNKNOWN""]","[""UNKNOWN""]","[""NO INDICATION OF INJURY""]","[""DRIVER""]","[""USAGE UNKNOWN""]","[""X""]",[]
STRAIGHT AND LEVEL,1512,2025-09-21T07:05:00.000,1,7,9,5774be9846661c8a5768cdb96ebbe94fcd92103ed06806972c893737bdab68507eb20aaa3296df1bf5072a7e80471772ff080e53248fe155d478aec1a1e63b01,INJURY AND / OR TOW DUE TO CRASH,"OVER $1,500",2025-09-21T07:07:00.000,FUNCTIONING PROPERLY,ANGLE,,0,0,2,0,0,0,0,41.8879161716,DAYLIGHT,-87.7677862619,NO INDICATION OF INJURY,2,30,FAILING TO YIELD RIGHT-OF-WAY,ON SCENE,NO DEFECTS,WET,FAILING TO YIELD RIGHT-OF-WAY,W,LAKE ST,5700,STOP SIGN/FLASHER,FOUR WAY,CLOUDY/OVERCAST,Y,,,N,,,2,2,"{""coordinates"": [-87.76778626188, 41.887916171634], ""type"": ""Point""}","[""FRONT-RIGHT-CORNER"", ""SIDE-LEFT-FRONT""]","[""STRAIGHT AHEAD""]","[""Y""]","[""S"", ""W""]","[""DRIVER""]","[""UNKNOWN""]","[""PERSONAL"", ""POLICE""]","[""2006"", ""2025""]","[""27"", ""45""]","[""DEPLOYED, COMBINATION"", ""NOT APPLICABLE""]","[""NONE""]","[""NO INDICATION OF INJURY""]","[""DRIVER""]","[""SAFETY BELT USED"", ""USAGE UNKNOWN""]","[""F""]",[]
STRAIGHT AND LEVEL,1432,2025-09-21T07:30:00.000,1,7,9,95d611bd6bc72949fcc7067568743e548f0bc8c1900d2ffdc93405a0a51d7c6db831061b9eedb49e4bfa495343ad455c97541ec7ac2c145837b6eb2a5be9e2c6,NO INJURY / DRIVE AWAY,"OVER $1,500",2025-09-21T08:30:00.000,NO CONTROLS,PARKED MOTOR VEHICLE,,0,0,1,0,0,0,0,41.9214057453,DAYLIGHT,-87.6706888925,NO INDICATION OF INJURY,2,30,UNABLE TO DETERMINE,NOT ON SCENE (DESK REPORT),NO DEFECTS,DRY,NOT APPLICABLE,W,WEBSTER AVE,1701,NO CONTROLS,NOT DIVIDED,CLEAR,,,,,,,2,1,"{""coordinates"": [-87.670688892482, 41.921405745346], ""type"": ""Point""}","[""FRONT-LEFT-CORNER"", ""UNKNOWN""]","[""PARKED"", ""STRAIGHT AHEAD""]",[],"[""UNKNOWN"", ""W""]","[""DRIVER"", ""PARKED""]","[""NONE"", ""UNKNOWN""]","[""PERSONAL"", ""UNKNOWN/NA""]",[],[],"[""DEPLOYMENT UNKNOWN""]","[""NONE""]","[""NO INDICATION OF INJURY""]","[""DRIVER""]","[""USAGE UNKNOWN""]","[""X""]",[]
STRAIGHT AND LEVEL,1824,2025-09-21T07:31:00.000,1,7,9,8be9afe64f06a36f276e5bd85ca701ed45b08938665f800736287c439cfd09c63092b443a32801aba66f73dd48696ea7d70df0b5767c24d428515a2333b6c1b5,INJURY AND / OR TOW DUE TO CRASH,"OVER $1,500",2025-09-21T07:31:00.000,NO CONTROLS,FIXED OBJECT,,0,0,1,0,0,0,0,41.9009589191,DAYLIGHT,-87.6199281737,NO INDICATION OF INJURY,2,55,WEATHER,ON SCENE,NO DEFECTS,WET,WEATHER,N,LAKE SHORE DR SB,1000,NO CONTROLS,DIVIDED - W/MEDIAN BARRIER,CLEAR,,,,,,,2,1,"{""coordinates"": [-87.619928173678, 41.900958919109], ""type"": ""Point""}","[""SIDE-LEFT"", ""UNKNOWN""]","[""PARKED"", ""STRAIGHT AHEAD""]","[""Y""]","[""S""]","[""DRIVER"", ""PARKED""]","[""NONE"", ""UNKNOWN""]","[""PERSONAL"", ""UNKNOWN/NA""]","[""2023""]","[""23""]","[""DEPLOYED, SIDE""]","[""NONE""]","[""NO INDICATION OF INJURY""]","[""DRIVER""]","[""SAFETY BELT USED""]","[""F""]",[]
STRAIGHT AND LEVEL,1924,2025-09-21T07:45:00.000,1,7,9,85d0ba279d8a542988f1e988e4ebb3953551c077b9540537f90b066df6df6ff026d498c3ad14bb4f83e49e819e87ba253c1a417ecfdbbb1914e6a301fa32cf21,INJURY AND / OR TOW DUE TO CRASH,"OVER $1,500",2025-09-21T08:10:00.000,NO CONTROLS,REAR TO SIDE,,0,0,4,0,0,0,0,41.9443240238,DAYLIGHT,-87.6571670536,NO INDICATION OF INJURY,2,30,FAILING TO YIELD RIGHT-OF-WAY,ON SCENE,UNKNOWN,WET,IMPROPER BACKING,W,NEWPORT AVE,1111,NO CONTROLS,ONE-WAY,RAIN,,,,,,,2,4,"{""coordinates"": [-87.657167053632, 41.944324023798], ""type"": ""Point""}","[""FRONT-RIGHT-CORNER"", ""REAR""]","[""BACKING"", ""STRAIGHT AHEAD""]","[""Y""]","[""E"", ""N""]","[""DRIVER""]","[""UNKNOWN""]","[""PERSONAL""]","[""2010"", ""2018""]","[""36"", ""38"", ""43""]","[""DID NOT DEPLOY"", ""NOT APPLICABLE""]","[""NONE""]","[""NO INDICATION OF INJURY""]","[""DRIVER"", ""PASSENGER""]","[""SAFETY BELT USED"", ""USAGE UNKNOWN""]","[""F"", ""M""]","[""2"", ""5""]"
STRAIGHT AND LEVEL,912,2025-09-21T07:50:00.000,1,7,9,d34180caef0165fe009944901a9a85b71912209bf07e94538b5e0ba3d2076235fb05a299c9e4b187b9ce375f8ff793671f9d91d5d648ae39e8e40fbbe1f14be1,NO INJURY / DRIVE AWAY,"OVER $1,500",2025-09-21T08:10:00.000,FUNCTIONING PROPERLY,REAR END,,0,0,2,0,0,0,0,41.8373702568,DAYLIGHT,-87.6751019202,NO INDICATION OF INJURY,2,30,DRIVING SKILLS/KNOWLEDGE/EXPERIENCE,ON SCENE,NO DEFECTS,WET,WEATHER,W,STEVENSON EXPY OB,1952,TRAFFIC SIGNAL,NOT DIVIDED,RAIN,,,,,,,2,2,"{""coordinates"": [-87.675101920179, 41.837370256762], ""type"": ""Point""}","[""FRONT-LEFT-CORNER"", ""REAR-RIGHT-CORNER""]","[""CHANGING LANES"", ""STRAIGHT AHEAD""]",[],"[""S""]","[""DRIVER""]","[""NONE""]","[""PERSONAL""]","[""2013"", ""2024""]","[""25"", ""39""]","[""DID NOT DEPLOY""]","[""NONE""]","[""NO INDICATION OF INJURY""]","[""DRIVER""]","[""USAGE UNKNOWN""]","[""F""]",[]
STRAIGHT AND LEVEL,822,2025-09-21T07:58:00.000,1,7,9,d33a1be4f76de80c9c99a58397238e78d073628f8a7d7b2f95feb3e035f4d65bb0a35dac90480733cd7afca4ca89dc19c39504cd80957e7b1a473222de40aecb,INJURY AND / OR TOW DUE TO CRASH,"OVER $1,500",2025-09-21T08:00:00.000,FUNCTIONING PROPERLY,HEAD ON,,0,0,0,0,2,2,0,41.7860486166,DAYLIGHT,-87.7228424157,"REPORTED, NOT EVIDENT",2,30,DRIVING ON WRONG SIDE/WRONG WAY,ON SCENE,NO DEFECTS,WET,FAILING TO REDUCE SPEED TO AVOID CRASH,W,59TH ST,3998,TRAFFIC SIGNAL,NOT DIVIDED,RAIN,Y,,,,,,2,2,"{""coordinates"": [-87.722842415722, 41.786048616649], ""type"": ""Point""}","[""FRONT""]","[""STRAIGHT AHEAD""]","[""Y""]","[""E"", ""W""]","[""DRIVER""]","[""NONE""]","[""PERSONAL""]","[""2012"", ""2015""]","[""16"", ""65""]","[""DEPLOYED, COMBINATION""]","[""NONE""]","[""REPORTED, NOT EVIDENT""]","[""DRIVER""]","[""USAGE UNKNOWN""]","[""F"", ""M""]",[]