alignment,beat_of_occurrence,crash_date,crash_day_of_week,crash_hour,crash_month,crash_record_id,crash_type,damage,date_police_notified,device_condition,first_crash_type,hit_and_run_i,injuries_fatal,injuries_incapacitating,injuries_no_indication,injuries_non_incapacitating,injuries_reported_not_evident,injuries_total,injuries_unknown,latitude,lighting_condition,longitude,most_severe_injury,num_units,posted_speed_limit,prim_contributory_cause,report_type,road_defect,roadway_surface_cond,sec_contributory_cause,street_direction,street_name,street_no,traffic_control_device,trafficway_type,weather_condition,intersection_related_i,crash_date_est_i,private_property_i,statements_taken_i,photos_taken_i,work_zone_i,veh_count,ppl_count,location_json,veh_first_contact_point_list_json,veh_maneuver_list_json,veh_towed_i_list_json,veh_travel_direction_list_json,veh_unit_type_list_json,veh_vehicle_defect_list_json,veh_vehicle_use_list_json,veh_vehicle_year_list_json,ppl_age_list_json,ppl_airbag_deployed_list_json,ppl_ejection_list_json,ppl_injury_classification_list_json,ppl_person_type_list_json,ppl_safety_equipment_list_json,ppl_sex_list_json,ppl_seat_no_list_json
STRAIGHT AND LEVEL,1824,2025-09-21T08:05:00.000,1,8,9,faac6efd251c00fa4911ce3c71b4ce0c83191326675703743f2d1dd0866fda8cd8f7079c9d4be6cb1f0e7c5ddda5fa23820d8ffb0516fc975d6eb7184f472361,INJURY AND / OR TOW DUE TO CRASH,"OVER $1,500",2025-09-21T08:16:00.000,FUNCTIONING PROPERLY,FIXED OBJECT,,0,0,0,0,1,1,0,41.9011654159,DAYLIGHT,-87.6195823059,"REPORTED, NOT EVIDENT",1,40,WEATHER,ON SCENE,UNKNOWN,WET,DRIVING SKILLS/KNOWLEDGE/EXPERIENCE,N,LAKE SHORE DR NB,1001,FLASHING CONTROL SIGNAL,DIVIDED - W/MEDIAN BARRIER,CLOUDY/OVERCAST,,,,,,,1,1,"{""coordinates"": [-87.619582305888, 41.901165415908], ""type"": ""Point""}","[""FRONT-RIGHT-CORNER""]","[""STRAIGHT AHEAD""]","[""Y""]","[""N""]","[""DRIVER""]","[""UNKNOWN""]","[""PERSONAL""]","[""2012""]","[""20""]","[""NOT APPLICABLE""]","[""NONE""]","[""REPORTED, NOT EVIDENT""]","[""DRIVER""]","[""USAGE UNKNOWN""]","[""F""]",[]
STRAIGHT AND LEVEL,1824,2025-09-21T08:14:00.000,1,8,9,3917b6a633d4ab3e732e10a93d0ff879489000f4f2b19dc7ce59ca366858f8170d7bf99645df00767f33b86d4e3622753ce16f50df15a2c3d466b81066d1a7ef,INJURY AND / OR TOW DUE TO CRASH,"OVER $1,500",2025-09-21T08:16:00.000,FUNCTIONING PROPERLY,REAR TO REAR,,0,0,0,0,1,1,0,41.9009076709,DAYLIGHT,-87.6240265013,"REPORTED, NOT EVIDENT",2,40,WEATHER,ON SCENE,NO DEFECTS,WET,NOT APPLICABLE,N,LAKE SHORE DR,1001,FLASHING CONTROL SIGNAL,DIVIDED - W/MEDIAN BARRIER,CLOUDY/OVERCAST,,,,,,,2,1,"{""coordinates"": [-87.624026501262, 41.900907670855], ""type"": ""Point""}","[""REAR""]","[""DISABLED"", ""SKIDDING/CONTROL LOSS""]",[],"[""N""]","[""DISABLED VEHICLE"", ""DRIVER""]","[""NONE""]","[""PERSONAL""]","[""2010"", ""2012""]","[""51""]","[""NOT APPLICABLE""]","[""NONE""]","[""REPORTED, NOT EVIDENT""]","[""DRIVER""]","[""USAGE UNKNOWN""]","[""M""]",[]
STRAIGHT AND LEVEL,1833,2025-09-21T08:20:00.000,1,8,9,300a5b2b9cd9d6e9d18cc5b71f0aab1abe636ede17863ef7e252474a476b79826b5d1e681318969c5b1ad0363ed7d6931b390e08c7a76e77be7b45585d070e0d,INJURY AND / OR TOW DUE TO CRASH,$500 OR LESS,2025-09-21T08:30:00.000,FUNCTIONING PROPERLY,PEDESTRIAN,,0,0,1,1,0,1,0,41.8967201137,DAYLIGHT,-87.6175675066,NONINCAPACITATING INJURY,2,25,FAILING TO YIELD RIGHT-OF-WAY,NOT ON SCENE (DESK REPORT),NO DEFECTS,WET,FAILING TO YIELD RIGHT-OF-WAY,E,CHICAGO AVE,375,TRAFFIC SIGNAL,DIVIDED - W/MEDIAN BARRIER,RAIN,Y,,,,,,2,2,"{""coordinates"": [-87.617567506554, 41.896720113748], ""type"": ""Point""}","[""FRONT-LEFT-CORNER""]","[""TURNING LEFT""]",[],"[""W""]","[""DRIVER"", ""PEDESTRIAN""]","[""NONE""]","[""PERSONAL""]","[""2019""]","[""19""]","[""NOT APPLICABLE""]","[""NONE""]","[""NO INDICATION OF INJURY"", ""NONINCAPACITATING INJURY""]","[""DRIVER"", ""PEDESTRIAN""]","[""SAFETY BELT USED"", ""USAGE UNKNOWN""]","[""F""]",[]
STRAIGHT AND LEVEL,323,2025-09-21T08:27:00.000,1,8,9,450ac739f0e6adec32c7421176f2a5d4ddfc90d39b7f65a8415721d65c777736d7e3d1e00c95f7d9cdf095fd44f4f3bbbb9d8ab967476870194369de56e2ad5e,INJURY AND / OR TOW DUE TO CRASH,"OVER $1,500",2025-09-21T08:30:00.000,UNKNOWN,FIXED OBJECT,,0,0,1,0,0,0,0,41.7583251423,DAYLIGHT,-87.6240455636,NO INDICATION OF INJURY,1,35,"EVASIVE ACTION DUE TO ANIMAL, OBJECT, NONMOTORIST",ON SCENE,UNKNOWN,WET,NOT APPLICABLE,E,75TH ST,16,TRAFFIC SIGNAL,FOUR WAY,RAIN,Y,,,,,,1,1,"{""coordinates"": [-87.62404556363, 41.758325142286], ""type"": ""Point""}","[""FRONT-RIGHT-CORNER""]","[""STRAIGHT AHEAD""]","[""Y""]","[""W""]","[""DRIVER""]","[""UNKNOWN""]","[""UNKNOWN/NA""]","[""2018""]","[""53""]","[""NOT APPLICABLE""]","[""NONE""]","[""NO INDICATION OF INJURY""]","[""DRIVER""]","[""USAGE UNKNOWN""]","[""M""]",[]
STRAIGHT AND LEVEL,822,2025-09-21T08:30:00.000,1,8,9,0dc1264bc280567621f65b25a311b8a3fc1655957f9f509bf5c4c7a24924d3a2436faba65301caaa99fbf0c4c004bbc7b19145dd63312f81e981f239bf97e319,INJURY AND / OR TOW DUE TO CRASH,"OVER $1,500",2025-09-21T08:35:00.000,NO CONTROLS,SIDESWIPE OPPOSITE DIRECTION,,0,0,2,0,0,0,0,41.7861004217,DAYLIGHT,-87.719627003,NO INDICATION OF INJURY,3,30,UNABLE TO DETERMINE,ON SCENE,UNKNOWN,WET,UNABLE TO DETERMINE,W,59TH ST,3838,NO CONTROLS,NOT DIVIDED,RAIN,,,,,,,3,2,"{""coordinates"": [-87.719627002971, 41.78610042175], ""type"": ""Point""}","[""FRONT-LEFT-CORNER"", ""REAR-LEFT-CORNER""]","[""PARKED"", ""STRAIGHT AHEAD""]","[""Y""]","[""E"", ""W""]","[""DRIVER"", ""PARKED""]","[""UNKNOWN""]","[""PERSONAL""]","[""2004"", ""2016"", ""2024""]","[""33"", ""38""]","[""DEPLOYED, COMBINATION"", ""DEPLOYED, FRONT""]","[""NONE""]","[""NO INDICATION OF INJURY""]","[""DRIVER""]","[""SAFETY BELT USED""]","[""M""]",[]
STRAIGHT AND LEVEL,1211,2025-09-21T08:40:00.000,1,8,9,10c107a802f9c22e6d9e71a717b91e49f7715a65e178a08ce10f3707b2282e4c9cbc842398384654166eb4a2b4d6a22f8e31a7c11a60d068aba13a6f3592d6ea,INJURY AND / OR TOW DUE TO CRASH,"OVER $1,500",2025-09-21T08:50:00.000,FUNCTIONING PROPERLY,ANGLE,,0,0,2,0,0,0,0,41.8966610612,DAYLIGHT,-87.7021775244,NO INDICATION OF INJURY,2,30,FAILING TO YIELD RIGHT-OF-WAY,NOT ON SCENE (DESK REPORT),NO DEFECTS,DRY,FAILING TO YIELD RIGHT-OF-WAY,W,GRAND AVE,3000,TRAFFIC SIGNAL,FOUR WAY,CLEAR,Y,,,,,,2,2,"{""coordinates"": [-87.702177524363, 41.896661061228], ""type"": ""Point""}","[""FRONT"", ""SIDE-RIGHT""]","[""STRAIGHT AHEAD""]","[""Y""]","[""E"", ""N""]","[""DRIVER""]","[""NONE""]","[""PERSONAL""]","[""2016"", ""2019""]","[""28"", ""38""]","[""DEPLOYED, FRONT"", ""DEPLOYED, SIDE""]","[""NONE""]","[""NO INDICATION OF INJURY""]","[""DRIVER""]","[""SAFETY BELT USED""]","[""F"", ""M""]",[]
STRAIGHT AND LEVEL,1512,2025-09-21T08:40:00.000,1,8,9,87266b2be6d9742d715a2d6d86c94efd9a80cb46b475beeb01f317c82c3f1ae6028db3c2216cf0619516863cdab4ffe2d42b759844e627638cf32ea1f5ef1aba,INJURY AND / OR TOW DUE TO CRASH,"$501 - $1,500",2025-09-21T08:40:00.000,NO CONTROLS,SIDESWIPE OPPOSITE DIRECTION,Y,0,0,1,2,1,3,0,41.8822239804,DAYLIGHT,-87.7741368335,NONINCAPACITATING INJURY,2,30,UNABLE TO DETERMINE,ON SCENE,NO DEFECTS,WET,UNABLE TO DETERMINE,W,WASHINGTON BLVD,5956,NO CONTROLS,DIVIDED - W/MEDIAN (NOT RAISED),CLOUDY/OVERCAST,,,,,,,2,4,"{""coordinates"": [-87.774136833509, 41.882223980378], ""type"": ""Point""}","[""FRONT-LEFT-CORNER"", ""SIDE-LEFT-REAR""]","[""STRAIGHT AHEAD"", ""UNKNOWN/NA""]",[],"[""E"", ""W""]","[""DRIVER""]","[""UNKNOWN""]","[""PERSONAL""]","[""2024""]","[""32"", ""40"", ""50""]","[""DEPLOYMENT UNKNOWN"", ""DID NOT DEPLOY""]","[""UNKNOWN""]","[""NO INDICATION OF INJURY"", ""NONINCAPACITATING INJURY"", ""REPORTED, NOT EVIDENT""]","[""DRIVER"", ""PASSENGER""]","[""USAGE UNKNOWN""]","[""F"", ""M""]","[""4"", ""6""]"
STRAIGHT AND LEVEL,2521,2025-09-21T08:45:00.000,1,8,9,34ef53c2e17a8fbd6e3eacd6e2277c1a1e0902a7d13ab361461e00ab11c281d196dc318b324ca28ddd2ae8dded629221cfc756d6ea773a1a6eee858262e20e09,NO INJURY / DRIVE AWAY,"OVER $1,500",2025-09-22T13:10:00.000,NO CONTROLS,PARKED MOTOR VEHICLE,Y,0,0,1,0,0,0,0,41.9334788916,DAYLIGHT,-87.7457906796,NO INDICATION OF INJURY,2,25,UNABLE TO DETERMINE,NOT ON SCENE (DESK REPORT),NO DEFECTS,DRY,UNABLE TO DETERMINE,W,GEORGE ST,4738,NO CONTROLS,ONE-WAY,CLEAR,,,,,,,2,1,"{""coordinates"": [-87.745790679555, 41.933478891608], ""type"": ""Point""}","[""SIDE-LEFT"", ""UNKNOWN""]","[""PARKED"", ""UNKNOWN/NA""]",[],"[""E"", ""UNKNOWN""]","[""DRIVER"", ""PARKED""]","[""NONE"", ""UNKNOWN""]","[""PERSONAL"", ""UNKNOWN/NA""]","[""2005""]",[],"[""DEPLOYMENT UNKNOWN""]","[""NONE""]","[""NO INDICATION OF INJURY""]","[""DRIVER""]","[""USAGE UNKNOWN""]","[""X""]",[]
STRAIGHT AND LEVEL,323,2025-09-21T08:45:00.000,1,8,9,5bc3fcd0a3a2929a90daf2d35a9e7237b1bbac28b52d73163a96892c6b8b46d1e0adf35a23f1a45f55097fb740f5815af9b2e8bec91c78f48fcbbf7ca8ed64ce,INJURY AND / OR TOW DUE TO CRASH,"OVER $1,500",2025-09-21T08:45:00.000,UNKNOWN,REAR END,,0,0,3,1,0,1,0,41.7651226813,DAYLIGHT,-87.6247511349,NONINCAPACITATING INJURY,3,30,FAILING TO REDUCE SPEED TO AVOID CRASH,ON SCENE,UNKNOWN,WET,NOT APPLICABLE,S,STATE ST,7111,UNKNOWN,ONE-WAY,RAIN,,,,,,,3,4,"{""coordinates"": [-87.624751134863, 41.765122681305], ""type"": ""Point""}","[""FRONT"", ""REAR""]","[""STRAIGHT AHEAD""]",[],"[""N""]","[""DRIVER""]","[""UNKNOWN""]","[""PERSONAL""]","[""2016"", ""2017"", ""2024""]","[""37"", ""42"", ""71"", ""85""]","[""DEPLOYED, FRONT"", ""DID NOT DEPLOY""]","[""NONE""]","[""NO INDICATION OF INJURY"", ""NONINCAPACITATING INJURY""]","[""DRIVER"", ""PASSENGER""]","[""NONE PRESENT""]","[""F"", ""M""]","[""2""]"
STRAIGHT AND LEVEL,733,2025-09-21T08:45:00.000,1,8,9,8d2ae83cc05452858757ed3d13f75bb68fd2ea93d19ff484660bc035015fd8230429cc1045b1675246c482b6ebc2313ac63acb5d307833aba925d5aaea1ede6b,INJURY AND / OR TOW DUE TO CRASH,"OVER $1,500",2025-09-21T09:00:00.000,NO CONTROLS,PARKED MOTOR VEHICLE,Y,0,0,1,0,0,0,0,41.7631676144,DAYLIGHT,-87.6527067693,NO INDICATION OF INJURY,3,30,UNABLE TO DETERMINE,ON SCENE,NO DEFECTS,WET,UNABLE TO DETERMINE,S,MAY ST,7201,NO CONTROLS,ONE-WAY,CLEAR,,,,,,,3,1,"{""coordinates"": [-87.652706769297, 41.763167614426], ""type"": ""Point""}","[""FRONT-LEFT-CORNER"", ""REAR"", ""SIDE-RIGHT""]","[""PARKED"", ""TURNING LEFT""]","[""Y""]","[""S"", ""SW""]","[""DRIVER"", ""PARKED""]","[""NONE"", ""UNKNOWN""]","[""NOT IN USE"", ""UNKNOWN/NA""]","[""2010"", ""2024""]",[],"[""DEPLOYMENT UNKNOWN""]","[""NONE""]","[""NO INDICATION OF INJURY""]","[""DRIVER""]","[""USAGE UNKNOWN""]","[""M""]",[]
STRAIGHT AND LEVEL,1833,2025-09-21T08:51:00.000,1,8,9,0a46dd6334646da3411b22081df6ccf5430d988cf973524650a782fe8773ea817cd8c087ac239e3020bbcc293c29e448b11c167380141562b5d0a6af47a35254,NO INJURY / DRIVE AWAY,"$501 - $1,500",2025-09-21T08:51:00.000,OTHER,REAR END,,0,0,2,0,0,0,0,41.8968049724,DAYLIGHT,-87.6170274232,NO INDICATION OF INJURY,2,30,FOLLOWING TOO CLOSELY,ON SCENE,UNKNOWN,WET,FAILING TO REDUCE SPEED TO AVOID CRASH,N,LAKE SHORE DR NB,800,OTHER,DIVIDED - W/MEDIAN BARRIER,RAIN,Y,,,,,,2,2,"{""coordinates"": [-87.617027423234, 41.896804972416], ""type"": ""Point""}","[""FRONT"", ""REAR""]","[""STRAIGHT AHEAD""]",[],"[""N""]","[""DRIVER""]","[""UNKNOWN""]","[""PERSONAL""]","[""1996"", ""2018""]","[""29"", ""70""]","[""NOT APPLICABLE""]","[""NONE""]","[""NO INDICATION OF INJURY""]","[""DRIVER""]","[""USAGE UNKNOWN""]","[""F"", ""M""]",[]
STRAIGHT AND LEVEL,333,2025-09-21T08:52:00.000,1,8,9,fbe5cf7493b76bf4dd4b5e5927991db7ac3f14c137ef652284101f398b1ddacaf0e58c94cb32f291c3fd140416d6d495e98ad1806cd813865aa87dbe39054c3a,INJURY AND / OR TOW DUE TO CRASH,$500 OR LESS,2025-09-21T08:53:00.000,NO CONTROLS,REAR END,,0,0,2,1,0,1,0,41.7659442532,DAYLIGHT,-87.5781080382,NONINCAPACITATING INJURY,2,30,FOLLOWING TOO CLOSELY,ON SCENE,NO DEFECTS,WET,UNABLE TO DETERMINE,E,71ST ST,1907,NO CONTROLS,DIVIDED - W/MEDIAN BARRIER,RAIN,,,,Y,,,2,3,"{""coordinates"": [-87.578108038234, 41.765944253177], ""type"": ""Point""}","[""FRONT"", ""REAR""]","[""PASSING/OVERTAKING"", ""STRAIGHT AHEAD""]",[],"[""E""]","[""DRIVER""]","[""UNKNOWN""]","[""PERSONAL""]","[""2019""]","[""2"", ""25"", ""31""]","[""DID NOT DEPLOY""]","[""NONE""]","[""NO INDICATION OF INJURY"", ""NONINCAPACITATING INJURY""]","[""DRIVER"", ""PASSENGER""]","[""CHILD RESTRAINT - FORWARD FACING"", ""USAGE UNKNOWN""]","[""F"", ""M""]","[""6""]"
STRAIGHT AND LEVEL,2023,2025-09-21T08:53:00.000,1,8,9,18999259e0a84f3d2fd5bf1ac5fc2768a687c0e5899210426fd856f7e1cf168ec65e48e3dd10ac8cffa09aa34176ecef277e51389dcde3dbccfaea85f2544f89,INJURY AND / OR TOW DUE TO CRASH,"OVER $1,500",2025-09-21T09:02:00.000,UNKNOWN,FIXED OBJECT,,0,0,1,0,0,0,0,41.9767789528,DAYLIGHT,-87.6501635453,NO INDICATION OF INJURY,1,25,DRIVING SKILLS/KNOWLEDGE/EXPERIENCE,ON SCENE,UNKNOWN,WET,DRIVING SKILLS/KNOWLEDGE/EXPERIENCE,N,LAKE SHORE DR NB,5201,UNKNOWN,RAMP,CLEAR,,,,,,,1,1,"{""coordinates"": [-87.650163545346, 41.976778952794], ""type"": ""Point""}","[""FRONT""]","[""STRAIGHT AHEAD""]","[""Y""]","[""N""]","[""DRIVER""]","[""UNKNOWN""]","[""PERSONAL""]","[""2019""]","[""42""]","[""DEPLOYED, COMBINATION""]","[""NONE""]","[""NO INDICATION OF INJURY""]","[""DRIVER""]","[""USAGE UNKNOWN""]","[""M""]",[]
STRAIGHT AND LEVEL,822,2025-09-21T09:00:00.000,1,9,9,bbf9e117832c40cb7a1baa8777f640eb21e59cf0e052fb9b86429a56e8300fcf91fa853232f2904e72b3164a07085863e3163cd5dea5c0eda678a55324ae9f76,INJURY AND / OR TOW DUE TO CRASH,"OVER $1,500",2025-09-21T09:08:00.000,FUNCTIONING PROPERLY,REAR END,,0,0,3,0,1,1,0,41.7935198626,DAYLIGHT,-87.7105512524,"REPORTED, NOT EVIDENT",3,30,FOLLOWING TOO CLOSELY,NOT ON SCENE (DESK REPORT),NO DEFECTS,WET,UNABLE TO DETERMINE,W,55TH ST,3450,TRAFFIC SIGNAL,NOT DIVIDED,CLEAR,,,,,,,3,4,"{""coordinates"": [-87.710551252421, 41.793519862622], ""type"": ""Point""}","[""FRONT"", ""REAR""]","[""SLOW/STOP IN TRAFFIC"", ""STRAIGHT AHEAD""]",[],"[""SW"", ""W""]","[""DRIVER""]","[""NONE""]","[""PERSONAL""]","[""2014"", ""2015""]","[""41"", ""52"", ""62""]","[""DID NOT DEPLOY""]","[""NONE""]","[""NO INDICATION OF INJURY"", ""REPORTED, NOT EVIDENT""]","[""DRIVER"", ""PASSENGER""]","[""SAFETY BELT USED""]","[""F"", ""M""]","[""3""]"
STRAIGHT AND LEVEL,1113,2025-09-21T09:00:00.000,1,9,9,c9ffd294aefd21875b3733197ad6e3ec8b770b09b68122e0a33f9d23cfa6389d7e28fa25e674285851ea9fd6ce8c2c1f3653fc23aef6e87e7450dc6760ff8b6c,NO INJURY / DRIVE AWAY,"OVER $1,500",2025-09-21T12:06:00.000,UNKNOWN,PARKED MOTOR VEHICLE,Y,0,0,1,0,0,0,0,41.8769903549,UNKNOWN,-87.7423839842,NO INDICATION OF INJURY,2,20,UNABLE TO DETERMINE,NOT ON SCENE (DESK REPORT),NO DEFECTS,DRY,UNABLE TO DETERMINE,W,JACKSON BLVD,4652,UNKNOWN,NOT DIVIDED,CLEAR,,,,,,,2,1,"{""coordinates"": [-87.742383984172, 41.87699035491], ""type"": ""Point""}","[""REAR-LEFT-CORNER"", ""UNKNOWN""]","[""PARKED"", ""UNKNOWN/NA""]",[],"[""UNKNOWN"", ""W""]","[""DRIVER"", ""PARKED""]","[""NONE"", ""UNKNOWN""]","[""PERSONAL"", ""UNKNOWN/NA""]","[""2014""]",[],"[""DEPLOYMENT UNKNOWN""]","[""UNKNOWN""]","[""NO INDICATION OF INJURY""]","[""DRIVER""]","[""USAGE UNKNOWN""]","[""X""]",[]
STRAIGHT AND LEVEL,324,2025-09-21T09:05:00.000,1,9,9,82a15addc22962475de26dac5de797c9a5194216e33f73d5816d6363b334ecfeb00d1e86dc73e38494d479f01355721f0a4738f1c1e46de8235ea8e2e9bfc41e,INJURY AND / OR TOW DUE TO CRASH,"OVER $1,500",2025-09-21T10:00:00.000,NO CONTROLS,PARKED MOTOR VEHICLE,,0,0,2,0,0,0,0,41.7610997207,DAYLIGHT,-87.5897939971,NO INDICATION OF INJURY,3,25,UNABLE TO DETERMINE,ON SCENE,UNKNOWN,WET,NOT APPLICABLE,S,DANTE AVE,7342,NO CONTROLS,ONE-WAY,CLEAR,,,,,,,3,2,"{""coordinates"": [-87.5897939971, 41.761099720687], ""type"": ""Point""}","[""FRONT"", ""REAR-RIGHT-CORNER""]","[""PARKED"", ""UNKNOWN/NA""]","[""Y""]","[""S"", ""W""]","[""DRIVER"", ""NON-MOTOR VEHICLE"", ""PARKED""]","[""UNKNOWN""]","[""PERSONAL""]","[""2013"", ""2020""]","[""21""]","[""NOT APPLICABLE""]","[""NONE""]","[""NO INDICATION OF INJURY""]","[""DRIVER"", ""NON-MOTOR VEHICLE""]","[""NONE PRESENT"", ""USAGE UNKNOWN""]","[""F""]",[]
STRAIGHT AND LEVEL,1632,2025-09-21T09:10:00.000,1,9,9,11caa9470d049824a4a942f7c52935047819161a774950ffc89dd92e90ef9d296d161de5a405d75f0d635aeabc4ff3a5e51f30d25b35120d34e274c45f13cb49,INJURY AND / OR TOW DUE TO CRASH,"OVER $1,500",2025-09-21T09:12:00.000,FUNCTIONING PROPERLY,TURNING,,0,0,0,3,0,3,0,41.952852245,DAYLIGHT,-87.7963341442,NONINCAPACITATING INJURY,2,35,DISREGARDING TRAFFIC SIGNALS,ON SCENE,NO DEFECTS,DRY,NOT APPLICABLE,W,IRVING PARK RD,6800,TRAFFIC SIGNAL,DIVIDED - W/MEDIAN (NOT RAISED),CLEAR,Y,,,,,,2,3,"{""coordinates"": [-87.796334144192, 41.952852245038], ""type"": ""Point""}","[""FRONT"", ""FRONT-RIGHT-CORNER""]","[""STRAIGHT AHEAD"", ""TURNING LEFT""]","[""Y""]","[""E"", ""W""]","[""DRIVER""]","[""NONE""]","[""PERSONAL""]","[""2014"", ""2017""]","[""37"", ""57""]","[""DEPLOYED, COMBINATION"", ""DEPLOYED, SIDE""]","[""NONE""]","[""NONINCAPACITATING INJURY""]","[""DRIVER"", ""PASSENGER""]","[""SAFETY BELT USED""]","[""F"", ""M""]","[""3""]"
STRAIGHT AND LEVEL,923,2025-09-21T09:30:00.000,1,9,9,2c6f650086c6f5ca8b849ffb547c117b6e3d7c4e36b6f9faad39eda6cc43bddd9a2983e1cb83faa47f298d6aa681fd1e6050b0d6b4b3dbbdd9e31d4e805c2a1e,NO INJURY / DRIVE AWAY,"$501 - $1,500",2025-09-21T09:35:00.000,FUNCTIONING PROPERLY,REAR END,Y,0,0,2,0,0,0,0,41.801234297,DAYLIGHT,-87.6843737344,NO INDICATION OF INJURY,2,30,UNABLE TO DETERMINE,ON SCENE,NO DEFECTS,DRY,NOT APPLICABLE,S,WESTERN AVE,5058,TRAFFIC SIGNAL,CENTER TURN LANE,CLEAR,N,,,,,,2,2,"{""coordinates"": [-87.68437373438, 41.801234297006], ""type"": ""Point""}","[""FRONT"", ""REAR""]","[""STRAIGHT AHEAD""]",[],"[""S""]","[""DRIVER""]","[""NONE"", ""UNKNOWN""]","[""PERSONAL""]","[""2015"", ""2019""]","[""40""]","[""DEPLOYMENT UNKNOWN"", ""DID NOT DEPLOY""]","[""NONE""]","[""NO INDICATION OF INJURY""]","[""DRIVER""]","[""SAFETY BELT USED"", ""USAGE UNKNOWN""]","[""M""]",[]
STRAIGHT AND LEVEL,735,2025-09-21T09:30:00.000,1,9,9,91f307c76c8eaed8a9ee085e60881f75b873ee21e8d95251ffc5b50558d2c81f0856000c10cd384f4c49ce968364acc5307ab82263d2fe4bcce2d0fea4be5571,NO INJURY / DRIVE AWAY,"OVER $1,500",2025-09-21T09:31:00.000,NO CONTROLS,PARKED MOTOR VEHICLE,N,0,0,1,0,0,0,0,41.7677082511,DAYLIGHT,-87.6652541934,NO INDICATION OF INJURY,2,30,UNABLE TO DETERMINE,ON SCENE,NO DEFECTS,WET,NOT APPLICABLE,S,MARSHFIELD AVE,6926,NO CONTROLS,NOT DIVIDED,CLEAR,,,,,,,2,1,"{""coordinates"": [-87.66525419344, 41.767708251133], ""type"": ""Point""}","[""FRONT""]","[""DRIVING WRONG WAY"", ""PARKED""]",[],"[""N"", ""S""]","[""DRIVER"", ""PARKED""]","[""NONE"", ""UNKNOWN""]","[""PERSONAL"", ""UNKNOWN/NA""]","[""2015""]",[],"[""DID NOT DEPLOY""]","[""NONE""]","[""NO INDICATION OF INJURY""]","[""DRIVER""]","[""USAGE UNKNOWN""]","[""F""]",[]
STRAIGHT AND LEVEL,1512,2025-09-21T09:42:00.000,1,9,9,48598993b642504973ac0fefa26640a644f15e8bd628615b15f56c566132cd05b78390e82c02f36811913a70b6b1a309f4b8fb50d21e623ce10b4fdd5e91f0d5,INJURY AND / OR TOW DUE TO CRASH,"OVER $1,500",2025-09-21T10:00:00.000,NO CONTROLS,ANGLE,Y,0,0,0,1,1,2,0,41.8899485102,DAYLIGHT,-87.7698180275,NONINCAPACITATING INJURY,2,30,UNABLE TO DETERMINE,,NO DEFECTS,WET,NOT APPLICABLE,N,MENARD AVE,527,STOP SIGN/FLASHER,T-INTERSECTION,CLEAR,Y,,,,,,2,2,"{""coordinates"": [-87.769818027496, 41.889948510153], ""type"": ""Point""}","[""FRONT"", ""SIDE-LEFT-REAR""]","[""STRAIGHT AHEAD""]","[""Y""]","[""E"", ""N""]","[""DRIVER""]","[""NONE"", ""UNKNOWN""]","[""PERSONAL"", ""UNKNOWN/NA""]","[""2014"", ""2018""]","[""37"", ""63""]","[""DEPLOYED, COMBINATION"", ""DID NOT DEPLOY""]","[""NONE""]","[""NONINCAPACITATING INJURY"", ""REPORTED, NOT EVIDENT""]","[""DRIVER""]","[""SAFETY BELT USED""]","[""F"", ""M""]",[]
STRAIGHT AND LEVEL,224,2025-09-21T09:45:00.000,1,9,9,f1b6d6fbd5e3956cdb40f60a43da496280df58d3a314de9702740b8174676956810c4c3b3e73fdc8941ab2e35a4d534d4dd3c75c59d5dec58ce176a5e736b65a,NO INJURY / DRIVE AWAY,"OVER $1,500",2025-09-21T09:48:00.000,FUNCTIONING PROPERLY,SIDESWIPE SAME DIRECTION,,0,0,2,0,0,0,0,41.805780773,DAYLIGHT,-87.6210410543,NO INDICATION OF INJURY,2,30,FAILING TO YIELD RIGHT-OF-WAY,ON SCENE,NO DEFECTS,DRY,FAILING TO YIELD RIGHT-OF-WAY,E,49TH ST,200,TRAFFIC SIGNAL,NOT DIVIDED,CLEAR,,,,,,,2,2,"{""coordinates"": [-87.621041054318, 41.805780773025], ""type"": ""Point""}","[""FRONT-LEFT-CORNER"", ""SIDE-RIGHT""]","[""STRAIGHT AHEAD""]",[],"[""E""]","[""DRIVER""]","[""NONE"", ""UNKNOWN""]","[""UNKNOWN/NA""]","[""2019"", ""2025""]","[""25"", ""52""]","[""DID NOT DEPLOY""]","[""NONE""]","[""NO INDICATION OF INJURY""]","[""DRIVER""]","[""USAGE UNKNOWN""]","[""F"", ""M""]",[]
STRAIGHT AND LEVEL,114,2025-09-21T09:49:00.000,1,9,9,ac915349590afab9f9d8d5400206cfbc387aacd2b644554a4862b5d1826c34de8a5b429f6791f309ebd79db006c80cec2770786218a1b1649ccc84b97a660568,NO INJURY / DRIVE AWAY,"OVER $1,500",2025-09-21T10:50:00.000,NO CONTROLS,REAR END,,0,0,3,0,0,0,0,41.8872618288,DAYLIGHT,-87.6158644071,NO INDICATION OF INJURY,2,30,FOLLOWING TOO CLOSELY,NOT ON SCENE (DESK REPORT),NO DEFECTS,DRY,UNABLE TO DETERMINE,E,LOWER WACKER DR,499,NO CONTROLS,DIVIDED - W/MEDIAN BARRIER,CLEAR,,,,,,,2,3,"{""coordinates"": [-87.615864407125, 41.887261828845], ""type"": ""Point""}","[""FRONT"", ""REAR""]","[""STRAIGHT AHEAD""]",[],"[""E""]","[""DRIVER""]","[""NONE""]","[""PERSONAL""]","[""2009"", ""2013""]","[""31"", ""32""]","[""DEPLOYMENT UNKNOWN"", ""NOT APPLICABLE""]","[""NONE""]","[""NO INDICATION OF INJURY""]","[""DRIVER"", ""PASSENGER""]","[""SAFETY BELT USED"", ""USAGE UNKNOWN""]","[""F"", ""M""]","[""3""]"