alignment,beat_of_occurrence,crash_date,crash_day_of_week,crash_hour,crash_month,crash_record_id,crash_type,damage,date_police_notified,device_condition,first_crash_type,hit_and_run_i,injuries_fatal,injuries_incapacitating,injuries_no_indication,injuries_non_incapacitating,injuries_reported_not_evident,injuries_total,injuries_unknown,latitude,lighting_condition,longitude,most_severe_injury,num_units,posted_speed_limit,prim_contributory_cause,report_type,road_defect,roadway_surface_cond,sec_contributory_cause,street_direction,street_name,street_no,traffic_control_device,trafficway_type,weather_condition,intersection_related_i,crash_date_est_i,private_property_i,statements_taken_i,photos_taken_i,work_zone_i,veh_count,ppl_count,location_json,veh_first_contact_point_list_json,veh_maneuver_list_json,veh_towed_i_list_json,veh_travel_direction_list_json,veh_unit_type_list_json,veh_vehicle_defect_list_json,veh_vehicle_use_list_json,veh_vehicle_year_list_json,ppl_age_list_json,ppl_airbag_deployed_list_json,ppl_ejection_list_json,ppl_injury_classification_list_json,ppl_person_type_list_json,ppl_safety_equipment_list_json,ppl_sex_list_json,ppl_seat_no_list_json
STRAIGHT AND LEVEL,524,2025-09-21T11:39:00.000,1,11,9,d91bce00c9f07438f653617aa96a2675b1f56ed95d2197a09c8b7565d1982109488882a9c9134841e30c9b816e1e2586f6e22a1724ccac320c254a349ff01935,INJURY AND / OR TOW DUE TO CRASH,"OVER $1,500",2025-09-21T11:40:00.000,NO CONTROLS,FIXED OBJECT,,0,0,2,1,0,1,0,41.6849548568,DAYLIGHT,-87.6434711249,NONINCAPACITATING INJURY,1,15,DISTRACTION - FROM INSIDE VEHICLE,ON SCENE,NO DEFECTS,DRY,NOT APPLICABLE,W,115TH ST,833,NO CONTROLS,PARKING LOT,CLEAR,,,Y,,,,1,3,"{""coordinates"": [-87.643471124887, 41.684954856802], ""type"": ""Point""}","[""FRONT""]","[""STRAIGHT AHEAD""]","[""Y""]","[""S""]","[""DRIVER""]","[""NONE""]","[""PERSONAL""]","[""2023""]","[""12"", ""34"", ""8""]","[""DEPLOYED, COMBINATION"", ""DEPLOYED, FRONT""]","[""NONE""]","[""NO INDICATION OF INJURY"", ""NONINCAPACITATING INJURY""]","[""DRIVER"", ""PASSENGER""]","[""SAFETY BELT USED""]","[""F""]","[""3"", ""4""]"
STRAIGHT AND LEVEL,132,2025-09-21T11:43:00.000,1,11,9,27f7acd56d7369d869b7ff4cf9370c08201a49d7d28794d4c90e2a11716a52865eeb5e712155f847883451127b2e6d924f308f382bad362bd20e66e5e54f34ea,NO INJURY / DRIVE AWAY,"OVER $1,500",2025-09-21T13:10:00.000,NO CONTROLS,REAR END,,0,0,3,0,0,0,0,41.8603322165,DAYLIGHT,-87.6174346243,NO INDICATION OF INJURY,2,35,FOLLOWING TOO CLOSELY,NOT ON SCENE (DESK REPORT),NO DEFECTS,DRY,NOT APPLICABLE,S,LAKE SHORE DR SB,1601,NO CONTROLS,NOT DIVIDED,CLEAR,,,,,,,2,3,"{""coordinates"": [-87.617434624284, 41.860332216546], ""type"": ""Point""}","[""FRONT"", ""REAR""]","[""SLOW/STOP IN TRAFFIC"", ""STRAIGHT AHEAD""]",[],"[""S""]","[""DRIVER""]","[""NONE""]","[""PERSONAL""]","[""2015""]","[""27"", ""59""]","[""DID NOT DEPLOY"", ""NOT APPLICABLE""]","[""NONE""]","[""NO INDICATION OF INJURY""]","[""DRIVER"", ""PASSENGER""]","[""SAFETY BELT USED""]","[""F"", ""M""]","[""3""]"
STRAIGHT AND LEVEL,1931,2025-09-21T11:45:00.000,1,11,9,6b503a28c663e5b4c94d86647e1e60ecdf715ca402d532f83d1db7fd277e4432b28dd4ac1cd7ebb5c0cbb2e94a762eb896239d58edf8ee290549c14f4c1e0af5,NO INJURY / DRIVE AWAY,"$501 - $1,500",2025-09-21T12:10:00.000,FUNCTIONING PROPERLY,REAR END,,0,0,3,0,0,0,0,41.9310210058,DAYLIGHT,-87.6768640181,NO INDICATION OF INJURY,2,30,UNABLE TO DETERMINE,NOT ON SCENE (DESK REPORT),NO DEFECTS,DRY,NOT APPLICABLE,N,CLYBOURN AVE,2746,STOP SIGN/FLASHER,NOT DIVIDED,CLEAR,,,,,,,2,3,"{""coordinates"": [-87.676864018134, 41.931021005798], ""type"": ""Point""}","[""FRONT"", ""REAR""]","[""SLOW/STOP IN TRAFFIC"", ""STRAIGHT AHEAD""]",[],"[""UNKNOWN""]","[""DRIVER""]","[""NONE"", ""UNKNOWN""]","[""PERSONAL"", ""UNKNOWN/NA""]","[""2017"", ""2018""]","[""53"", ""59""]","[""DID NOT DEPLOY""]","[""NONE""]","[""NO INDICATION OF INJURY""]","[""DRIVER"", ""PASSENGER""]","[""SAFETY BELT USED"", ""USAGE UNKNOWN""]","[""F"", ""M""]","[""3""]"
STRAIGHT AND LEVEL,1925,2025-09-21T11:50:00.000,1,11,9,398b80e591681d3be6c5d747b0b0a7cff29cdce9f288a740bab5dc9efb457edb8c4dc6f589c95f9447d87b1e37b2f4347f45f5c1316c89d5f66085b432e52fb4,NO INJURY / DRIVE AWAY,"OVER $1,500",2025-09-21T12:00:00.000,NO CONTROLS,SIDESWIPE SAME DIRECTION,,0,0,2,0,0,0,0,41.9401016413,DAYLIGHT,-87.6484688648,NO INDICATION OF INJURY,2,30,IMPROPER OVERTAKING/PASSING,ON SCENE,NO DEFECTS,DRY,UNABLE TO DETERMINE,W,BELMONT AVE,740,NO CONTROLS,DIVIDED - W/MEDIAN (NOT RAISED),CLEAR,,,,,,,2,2,"{""coordinates"": [-87.648468864775, 41.940101641257], ""type"": ""Point""}","[""SIDE-LEFT-FRONT"", ""SIDE-RIGHT-FRONT""]","[""PASSING/OVERTAKING"", ""STRAIGHT AHEAD""]",[],"[""W""]","[""DRIVER""]","[""UNKNOWN""]","[""CTA"", ""PERSONAL""]","[""2019"", ""2024""]","[""37"", ""40""]","[""DID NOT DEPLOY""]","[""NONE""]","[""NO INDICATION OF INJURY""]","[""DRIVER""]","[""SAFETY BELT USED""]","[""F"", ""M""]",[]
STRAIGHT AND LEVEL,2433,2025-09-21T11:50:00.000,1,11,9,3efe6cc013782db7f1990d716e59a0eeed0682f35bceb77d830db73d262c2855e0020cc7aa4ae1a6fef7dff09ae112834a67d5dc6c4d080ddb37ccdd7c1089df,NO INJURY / DRIVE AWAY,"$501 - $1,500",2025-09-23T14:50:00.000,NO CONTROLS,PARKED MOTOR VEHICLE,Y,0,0,1,0,0,0,0,41.9944802912,UNKNOWN,-87.6572579851,NO INDICATION OF INJURY,2,30,IMPROPER OVERTAKING/PASSING,NOT ON SCENE (DESK REPORT),UNKNOWN,UNKNOWN,IMPROPER OVERTAKING/PASSING,W,GRANVILLE AVE,1043,NO CONTROLS,PARKING LOT,UNKNOWN,,,Y,,,,2,1,"{""coordinates"": [-87.657257985072, 41.994480291168], ""type"": ""Point""}","[""SIDE-LEFT-REAR"", ""UNKNOWN""]","[""PARKED"", ""PASSING/OVERTAKING""]",[],"[""NE"", ""W""]","[""DRIVER"", ""PARKED""]","[""UNKNOWN""]","[""PERSONAL"", ""UNKNOWN/NA""]","[""2016"", ""2025""]",[],"[""DEPLOYMENT UNKNOWN""]","[""NONE""]","[""NO INDICATION OF INJURY""]","[""DRIVER""]","[""USAGE UNKNOWN""]","[""X""]",[]
STRAIGHT AND LEVEL,1531,2025-09-21T11:57:00.000,1,11,9,d85530354eeb67f0450af21e58a6bde1a4a07bcc35c4c4143df9dbb18d4f67d242cbb46dbffeabc398ec3fde953b24bfd02a60c588e044d7dbf3d83ea4eadb8c,NO INJURY / DRIVE AWAY,"OVER $1,500",2025-09-21T12:01:00.000,NO CONTROLS,REAR END,,0,0,3,0,0,0,0,41.8948620663,DAYLIGHT,-87.7498980078,NO INDICATION OF INJURY,2,30,FOLLOWING TOO CLOSELY,ON SCENE,NO DEFECTS,DRY,NOT APPLICABLE,W,CHICAGO AVE,4941,NO CONTROLS,DIVIDED - W/MEDIAN BARRIER,CLEAR,,,,,,,2,3,"{""coordinates"": [-87.749898007752, 41.894862066332], ""type"": ""Point""}","[""FRONT"", ""REAR""]","[""STRAIGHT AHEAD""]",[],"[""E""]","[""DRIVER""]","[""NONE""]","[""PERSONAL""]","[""2002"", ""2019""]","[""24"", ""35"", ""78""]","[""DID NOT DEPLOY""]","[""NONE""]","[""NO INDICATION OF INJURY""]","[""DRIVER"", ""PASSENGER""]","[""SAFETY BELT USED""]","[""F"", ""M""]","[""3""]"
STRAIGHT AND LEVEL,2433,2025-09-21T12:00:00.000,1,12,9,ed4ad52cc7cf8e00db3510833f95a37cf65b6006c7124f13b7aae45ceca38bd0f79f14e51445055192a2ab1aae9eab5e4ac22e13a8ca705cf5dc6518af7d8a4b,NO INJURY / DRIVE AWAY,$500 OR LESS,2025-09-23T18:30:00.000,NO CONTROLS,PARKED MOTOR VEHICLE,Y,0,0,1,0,0,0,0,41.9958857355,DAYLIGHT,-87.6568445747,NO INDICATION OF INJURY,2,15,UNABLE TO DETERMINE,NOT ON SCENE (DESK REPORT),UNKNOWN,DRY,UNABLE TO DETERMINE,N,KENMORE AVE,6241,NO CONTROLS,PARKING LOT,CLEAR,,,,,,,2,1,"{""coordinates"": [-87.656844574716, 41.995885735478], ""type"": ""Point""}","[""FRONT-RIGHT-CORNER"", ""UNKNOWN""]","[""PARKED"", ""UNKNOWN/NA""]",[],"[""UNKNOWN""]","[""DRIVER"", ""PARKED""]","[""UNKNOWN""]","[""PERSONAL"", ""UNKNOWN/NA""]","[""2022""]",[],"[""DEPLOYMENT UNKNOWN""]","[""UNKNOWN""]","[""NO INDICATION OF INJURY""]","[""DRIVER""]","[""USAGE UNKNOWN""]","[""X""]",[]
STRAIGHT AND LEVEL,2211,2025-09-21T12:00:00.000,1,12,9,eeeb55f4f7ebe6f077148ef92f61c1e94844cbeeadf7d925406b32c72fb1721c8b03e63357c03371d88dc34140868c221f9e42f732915030ba8b9f4043ad44b5,NO INJURY / DRIVE AWAY,"OVER $1,500",2025-09-22T16:10:00.000,NO CONTROLS,REAR END,,0,0,2,0,0,0,0,41.6843294501,DAYLIGHT,-87.7202236839,NO INDICATION OF INJURY,2,30,FOLLOWING TOO CLOSELY,NOT ON SCENE (DESK REPORT),UNKNOWN,DRY,NOT APPLICABLE,S,PULASKI RD,11450,NO CONTROLS,NOT DIVIDED,CLEAR,,,,,,,2,2,"{""coordinates"": [-87.720223683932, 41.684329450086], ""type"": ""Point""}","[""FRONT"", ""REAR-RIGHT-CORNER""]","[""STRAIGHT AHEAD""]",[],"[""W""]","[""DRIVER""]","[""UNKNOWN""]","[""PERSONAL""]",[],[],"[""DID NOT DEPLOY""]","[""NONE""]","[""NO INDICATION OF INJURY""]","[""DRIVER""]","[""SAFETY BELT USED"", ""USAGE UNKNOWN""]","[""F"", ""M""]",[]
STRAIGHT AND LEVEL,2535,2025-09-21T12:03:00.000,1,12,9,004362528b2848c52d55a0ca004ebab727e2f6105c51a2dc8f9ad8bee2d42850d451f08ff764baeee4883f50b87b26ce78fa6ee0447b91a395a4bd7ee554502d,NO INJURY / DRIVE AWAY,"OVER $1,500",2025-09-21T12:50:00.000,FUNCTIONING PROPERLY,REAR END,,0,0,2,0,0,0,0,41.9094500796,DAYLIGHT,-87.7263301777,NO INDICATION OF INJURY,2,20,UNABLE TO DETERMINE,NOT ON SCENE (DESK REPORT),NO DEFECTS,DRY,UNABLE TO DETERMINE,N,PULASKI RD,1545,TRAFFIC SIGNAL,DIVIDED - W/MEDIAN (NOT RAISED),CLEAR,,,,,,,2,2,"{""coordinates"": [-87.726330177734, 41.909450079555], ""type"": ""Point""}","[""FRONT"", ""REAR""]","[""SLOW/STOP IN TRAFFIC"", ""STRAIGHT AHEAD""]",[],"[""N""]","[""DRIVER""]","[""NONE""]","[""PERSONAL""]","[""2016"", ""2018""]","[""27"", ""34""]","[""NOT APPLICABLE""]","[""NONE""]","[""NO INDICATION OF INJURY""]","[""DRIVER""]","[""SAFETY BELT USED""]","[""F"", ""M""]",[]
STRAIGHT AND LEVEL,1215,2025-09-21T12:15:00.000,1,12,9,f9377bb620e03ed764c468e26e910fefc923031379118828b8a51ad9898e2c2ce96d0a7dc060e388315856c311f8de7697a2e901e4c609351e51f4ee29172ced,INJURY AND / OR TOW DUE TO CRASH,"OVER $1,500",2025-09-22T07:50:00.000,UNKNOWN,SIDESWIPE SAME DIRECTION,,0,0,2,0,0,0,0,41.8959485951,DAYLIGHT,-87.6682146133,NO INDICATION OF INJURY,2,25,UNABLE TO DETERMINE,NOT ON SCENE (DESK REPORT),NO DEFECTS,DRY,UNABLE TO DETERMINE,W,CHICAGO AVE,1623,UNKNOWN,DIVIDED - W/MEDIAN (NOT RAISED),CLEAR,,,,,,,2,2,"{""coordinates"": [-87.668214613261, 41.895948595079], ""type"": ""Point""}","[""FRONT"", ""FRONT-LEFT-CORNER""]","[""ENTERING TRAFFIC LANE FROM PARKING"", ""STRAIGHT AHEAD""]","[""Y""]","[""E""]","[""DRIVER""]","[""NONE""]","[""PERSONAL""]","[""2012"", ""2020""]","[""22"", ""30""]","[""DID NOT DEPLOY"", ""NOT APPLICABLE""]","[""UNKNOWN""]","[""NO INDICATION OF INJURY""]","[""DRIVER""]","[""SAFETY BELT USED""]","[""F""]",[]
STRAIGHT AND LEVEL,1711,2025-09-21T12:16:00.000,1,12,9,dee177f3d3ef4e289841e4740a4ed435c5d5398348d52d4ff7d635bf6d05e20a67a14225e478f5c4c9765354063807037318ddea9106496c2e615f842009bd0b,INJURY AND / OR TOW DUE TO CRASH,"OVER $1,500",2025-09-21T12:16:00.000,NO CONTROLS,ANGLE,,0,0,3,1,0,1,0,41.990094655,DAYLIGHT,-87.7408539267,NONINCAPACITATING INJURY,2,30,UNABLE TO DETERMINE,ON SCENE,NO DEFECTS,DRY,NOT APPLICABLE,W,PETERSON AVE,4500,NO CONTROLS,DIVIDED - W/MEDIAN BARRIER,CLEAR,,,,,,,2,4,"{""coordinates"": [-87.740853926689, 41.990094654983], ""type"": ""Point""}","[""FRONT-LEFT-CORNER"", ""SIDE-RIGHT""]","[""STRAIGHT AHEAD""]",[],"[""S"", ""W""]","[""DRIVER""]","[""NONE""]","[""PERSONAL""]","[""2014"", ""2018""]","[""14"", ""16"", ""52"", ""57""]","[""DEPLOYED, FRONT"", ""NOT APPLICABLE""]","[""NONE""]","[""NO INDICATION OF INJURY"", ""NONINCAPACITATING INJURY""]","[""DRIVER"", ""PASSENGER""]","[""SAFETY BELT USED""]","[""F""]","[""3"", ""6""]"
STRAIGHT AND LEVEL,1112,2025-09-21T12:20:00.000,1,12,9,06f8daa303c60b3996e557d2f7cb3295f97e25593617a3af7e37996db3535c29035f11de087abc460990680f3b3ae9599d5cf4101032c46dbf62d455ca324dfd,NO INJURY / DRIVE AWAY,"$501 - $1,500",2025-09-21T15:17:00.000,NO CONTROLS,PARKED MOTOR VEHICLE,Y,0,0,1,0,0,0,0,41.8988749605,DAYLIGHT,-87.7260426077,NO INDICATION OF INJURY,2,30,NOT APPLICABLE,NOT ON SCENE (DESK REPORT),UNKNOWN,DRY,UNABLE TO DETERMINE,N,PULASKI RD,957,NO CONTROLS,PARKING LOT,CLEAR,,,Y,,,,2,1,"{""coordinates"": [-87.726042607707, 41.898874960486], ""type"": ""Point""}","[""REAR-LEFT-CORNER"", ""UNKNOWN""]","[""PARKED"", ""UNKNOWN/NA""]",[],"[""UNKNOWN"", ""W""]","[""DRIVER"", ""PARKED""]","[""UNKNOWN""]","[""PERSONAL"", ""UNKNOWN/NA""]","[""2021""]",[],"[""DEPLOYMENT UNKNOWN""]","[""UNKNOWN""]","[""NO INDICATION OF INJURY""]","[""DRIVER""]","[""USAGE UNKNOWN""]","[""X""]",[]
STRAIGHT AND LEVEL,2211,2025-09-21T12:20:00.000,1,12,9,217d993ab6ee7e654fa060d886c3927a4484fe34c570473fac291d94ce67f6b4565532fcb784d60672510910fcdd8fd976d2556d132d485762cbf9ba0068bd09,NO INJURY / DRIVE AWAY,"OVER $1,500",2025-09-22T09:00:00.000,NO CONTROLS,REAR TO SIDE,,0,0,2,0,0,0,0,41.6956146597,DAYLIGHT,-87.7011105476,NO INDICATION OF INJURY,2,30,IMPROPER BACKING,NOT ON SCENE (DESK REPORT),NO DEFECTS,DRY,NOT APPLICABLE,S,KEDZIE AVE,10846,NO CONTROLS,NOT DIVIDED,CLEAR,,,,,,,2,2,"{""coordinates"": [-87.701110547557, 41.695614659715], ""type"": ""Point""}","[""REAR"", ""SIDE-RIGHT""]","[""BACKING"", ""STARTING IN TRAFFIC""]",[],"[""E"", ""S""]","[""DRIVER""]","[""NONE""]","[""PERSONAL""]","[""2020"", ""2023""]",[],"[""DID NOT DEPLOY""]","[""NONE""]","[""NO INDICATION OF INJURY""]","[""DRIVER""]","[""SAFETY BELT USED""]","[""F"", ""M""]",[]
STRAIGHT AND LEVEL,1533,2025-09-21T12:20:00.000,1,12,9,bd113ab177e6ea9bf3a62e427c302e1c14306558e961b7f97daa64f63a5ac86335bda8d65847c810be0aa51c8ef1c0a1df54fa7616250617f78aec7046950bd9,INJURY AND / OR TOW DUE TO CRASH,"OVER $1,500",2025-09-21T12:27:00.000,NO CONTROLS,SIDESWIPE SAME DIRECTION,,0,0,2,0,0,0,0,41.8805520193,DAYLIGHT,-87.7496479998,NO INDICATION OF INJURY,2,30,IMPROPER LANE USAGE,ON SCENE,NO DEFECTS,DRY,FAILING TO REDUCE SPEED TO AVOID CRASH,W,MADISON ST,4948,NO CONTROLS,NOT DIVIDED,CLEAR,,,,,,,2,2,"{""coordinates"": [-87.749647999781, 41.880552019343], ""type"": ""Point""}","[""UNKNOWN""]","[""CHANGING LANES"", ""STRAIGHT AHEAD""]","[""Y""]","[""W""]","[""DRIVER""]","[""UNKNOWN""]","[""PERSONAL""]","[""2022""]","[""25"", ""39""]","[""DID NOT DEPLOY"", ""NOT APPLICABLE""]","[""NONE""]","[""NO INDICATION OF INJURY""]","[""DRIVER""]","[""SAFETY BELT USED"", ""USAGE UNKNOWN""]","[""M""]",[]
STRAIGHT AND LEVEL,2422,2025-09-21T12:23:00.000,1,12,9,1fed70cc7c8963f413f5f5f9ddf0f87c0ddbcbcc8eb188dce6704773c7c7cc052ee4f36fab30228b4e748fd20a0b21d249b0114b6bb7b3ad5c36be2aa4186ae5,NO INJURY / DRIVE AWAY,"$501 - $1,500",2025-09-23T13:15:00.000,FUNCTIONING PROPERLY,REAR END,,0,0,2,0,0,0,0,42.0178285328,UNKNOWN,-87.6755145606,NO INDICATION OF INJURY,2,30,FOLLOWING TOO CLOSELY,NOT ON SCENE (DESK REPORT),UNKNOWN,UNKNOWN,FOLLOWING TOO CLOSELY,N,CLARK ST,7479,TRAFFIC SIGNAL,NOT DIVIDED,UNKNOWN,,,,,,,2,2,"{""coordinates"": [-87.675514560628, 42.017828532832], ""type"": ""Point""}","[""FRONT"", ""REAR""]","[""SLOW/STOP IN TRAFFIC"", ""STRAIGHT AHEAD""]",[],"[""N""]","[""DRIVER""]","[""UNKNOWN""]","[""PERSONAL""]","[""2013"", ""2025""]","[""29"", ""32""]","[""NOT APPLICABLE""]","[""NONE""]","[""NO INDICATION OF INJURY""]","[""DRIVER""]","[""USAGE UNKNOWN""]","[""F""]",[]
STRAIGHT AND LEVEL,2211,2025-09-21T12:40:00.000,1,12,9,50f2292d6ed2d7b87b2bd73b9ee5adb616d5a460dbecd4db7f1e938cd0eae2f27e4db72c62af426569a85a7ac762448d9562199ee0c13b965d95651666a15b62,NO INJURY / DRIVE AWAY,"$501 - $1,500",2025-09-21T13:20:00.000,NO CONTROLS,PARKED MOTOR VEHICLE,,0,0,1,0,0,0,0,41.6977053635,DAYLIGHT,-87.7158363948,NO INDICATION OF INJURY,2,25,UNABLE TO DETERMINE,NOT ON SCENE (DESK REPORT),NO DEFECTS,DRY,NOT APPLICABLE,S,HAMLIN AVE,10732,NO CONTROLS,NOT DIVIDED,CLEAR,,,,,,,2,1,"{""coordinates"": [-87.715836394798, 41.697705363489], ""type"": ""Point""}","[""REAR-LEFT-CORNER"", ""REAR-RIGHT-CORNER""]","[""PARKED"", ""STRAIGHT AHEAD""]",[],"[""N"", ""S""]","[""DRIVER"", ""PARKED""]","[""UNKNOWN""]","[""OTHER""]","[""2017"", ""2024""]","[""29""]","[""NOT APPLICABLE""]","[""NONE""]","[""NO INDICATION OF INJURY""]","[""DRIVER""]","[""SAFETY BELT USED""]","[""M""]",[]
STRAIGHT AND LEVEL,832,2025-09-21T12:40:00.000,1,12,9,e89a60b3f8b41e93943899e2a5f4d6fbe9ebe103a92a8f7d3cac2b9c4903e36ef640df9eb30cf749127997bb22ea2b18ffe3db2c37d50b7cb6dbd0278544a858,INJURY AND / OR TOW DUE TO CRASH,"OVER $1,500",2025-09-21T12:41:00.000,NO CONTROLS,OTHER OBJECT,,0,0,1,0,0,0,0,41.7629489096,DAYLIGHT,-87.6853045546,NO INDICATION OF INJURY,1,30,"OPERATING VEHICLE IN ERRATIC, RECKLESS, CARELESS, NEGLIGENT OR AGGRESSIVE MANNER",ON SCENE,NO DEFECTS,DRY,UNABLE TO DETERMINE,W,72ND ST,2450,NO CONTROLS,NOT DIVIDED,CLEAR,,,,,,,1,1,"{""coordinates"": [-87.685304554647, 41.762948909616], ""type"": ""Point""}","[""FRONT""]","[""OTHER""]","[""Y""]","[""E""]","[""DRIVER""]","[""UNKNOWN""]","[""PERSONAL""]","[""2015""]","[""37""]","[""DEPLOYED, FRONT""]","[""NONE""]","[""NO INDICATION OF INJURY""]","[""DRIVER""]","[""USAGE UNKNOWN""]","[""M""]",[]
STRAIGHT AND LEVEL,2521,2025-09-21T12:42:00.000,1,12,9,345e6e4952c43de38869a2544dc2591c083a37a764ab52a01455b461be741f95cef6ddae8bccaccaee33d6c1f9201595697f416619564d10351693b678706e96,NO INJURY / DRIVE AWAY,"$501 - $1,500",2025-09-22T10:00:00.000,FUNCTIONING PROPERLY,SIDESWIPE SAME DIRECTION,N,0,0,2,0,0,0,0,41.9290768263,DAYLIGHT,-87.7466403699,NO INDICATION OF INJURY,2,30,IMPROPER OVERTAKING/PASSING,NOT ON SCENE (DESK REPORT),NO DEFECTS,DRY,IMPROPER OVERTAKING/PASSING,N,CICERO AVE,2640,TRAFFIC SIGNAL,NOT DIVIDED,CLEAR,,,,,,,2,2,"{""coordinates"": [-87.746640369902, 41.929076826274], ""type"": ""Point""}","[""FRONT-LEFT-CORNER"", ""SIDE-RIGHT""]","[""PASSING/OVERTAKING"", ""STRAIGHT AHEAD""]",[],"[""N""]","[""DRIVER""]","[""NONE""]","[""PERSONAL""]","[""2023""]","[""39""]","[""NOT APPLICABLE""]","[""NONE""]","[""NO INDICATION OF INJURY""]","[""DRIVER""]","[""SAFETY BELT USED"", ""USAGE UNKNOWN""]","[""M""]",[]
"CURVE, LEVEL",1831,2025-09-21T12:45:00.000,1,12,9,3b69e1a7f50a296c4e919b46727f9e9a998a3d47fbb27118919aa512983dee2bd06ec72dd2ac9ce86a5b98ad51fa14ed4f8e3d88b81712a9ea0fd4ed79fc12c6,NO INJURY / DRIVE AWAY,"$501 - $1,500",2025-09-21T12:48:00.000,FUNCTIONING PROPERLY,SIDESWIPE SAME DIRECTION,,0,0,2,0,0,0,0,41.8932455209,DAYLIGHT,-87.6379491671,NO INDICATION OF INJURY,2,35,IMPROPER LANE USAGE,ON SCENE,NO DEFECTS,DRY,IMPROPER LANE USAGE,W,ONTARIO ST,360,TRAFFIC SIGNAL,ONE-WAY,CLEAR,Y,,,,,,2,2,"{""coordinates"": [-87.637949167063, 41.893245520863], ""type"": ""Point""}","[""SIDE-LEFT-FRONT"", ""SIDE-RIGHT-FRONT""]","[""STRAIGHT AHEAD""]",[],"[""W""]","[""DRIVER""]","[""NONE""]","[""PERSONAL""]","[""2017"", ""2022""]","[""45"", ""54""]","[""NOT APPLICABLE""]","[""NONE""]","[""NO INDICATION OF INJURY""]","[""DRIVER""]","[""SAFETY BELT USED""]","[""M""]",[]
STRAIGHT AND LEVEL,132,2025-09-21T12:45:00.000,1,12,9,3dc1530293edf81bbf8041df4428ed35c923aacb8fdcd1a0d203e7c59741f85acd06b124463a7d67932720a2f074b38d2b96bd070f6a8b9f3b309d33853c4ffd,INJURY AND / OR TOW DUE TO CRASH,"OVER $1,500",2025-09-21T12:55:00.000,NO CONTROLS,REAR END,,0,0,6,0,0,0,0,41.8529549207,DAYLIGHT,-87.6135340683,NO INDICATION OF INJURY,3,45,UNABLE TO DETERMINE,ON SCENE,UNKNOWN,DRY,UNABLE TO DETERMINE,S,LAKE SHORE DR NB,2201,NO CONTROLS,ONE-WAY,CLEAR,,,,,,,3,6,"{""coordinates"": [-87.613534068329, 41.852954920681], ""type"": ""Point""}","[""FRONT"", ""REAR""]","[""STRAIGHT AHEAD""]","[""Y""]","[""N""]","[""DRIVER""]","[""UNKNOWN""]","[""UNKNOWN/NA""]","[""2011"", ""2013"", ""2016""]","[""0"", ""12"", ""33"", ""4"", ""46"", ""47""]","[""DEPLOYMENT UNKNOWN""]","[""NONE""]","[""NO INDICATION OF INJURY""]","[""DRIVER"", ""PASSENGER""]","[""USAGE UNKNOWN""]","[""F"", ""M""]","[""3"", ""6""]"
STRAIGHT AND LEVEL,1911,2025-09-21T12:45:00.000,1,12,9,969e1bc57ec0a45a457805be8ee248c66f6ee91e625d1b9310f6376122642df20995855b8a0d435ccdb0009fc0783cf12a507117f59af1cb9bd3d261787e077d,NO INJURY / DRIVE AWAY,"OVER $1,500",2025-09-21T14:46:00.000,NO CONTROLS,PARKED MOTOR VEHICLE,Y,0,0,1,0,0,0,0,41.9632892256,DAYLIGHT,-87.6857430931,NO INDICATION OF INJURY,2,20,UNABLE TO DETERMINE,NOT ON SCENE (DESK REPORT),UNKNOWN,UNKNOWN,NOT APPLICABLE,W,SUNNYSIDE AVE,2246,NO CONTROLS,ONE-WAY,UNKNOWN,,,,,,,2,1,"{""coordinates"": [-87.685743093127, 41.963289225596], ""type"": ""Point""}","[""FRONT-LEFT-CORNER"", ""SIDE-LEFT-REAR""]","[""PARKED"", ""STRAIGHT AHEAD""]",[],"[""W""]","[""DRIVER"", ""PARKED""]","[""NONE""]","[""PERSONAL"", ""UNKNOWN/NA""]","[""2019""]",[],"[""DEPLOYMENT UNKNOWN""]","[""UNKNOWN""]","[""NO INDICATION OF INJURY""]","[""DRIVER""]","[""USAGE UNKNOWN""]","[""X""]",[]
STRAIGHT AND LEVEL,2515,2025-09-21T12:45:00.000,1,12,9,c5101fb6e812291da6dfe4240c853befad1aa59d5c8f02f378bbc515e01e90646299d75ab62001d4425afb30400f34cfd4405869fc93024b13731f9b250358b8,NO INJURY / DRIVE AWAY,"OVER $1,500",2025-09-21T13:00:00.000,NO CONTROLS,SIDESWIPE SAME DIRECTION,,0,0,3,0,0,0,0,41.9248808902,DAYLIGHT,-87.768601306,NO INDICATION OF INJURY,2,25,UNABLE TO DETERMINE,NOT ON SCENE (DESK REPORT),UNKNOWN,DRY,UNABLE TO DETERMINE,N,MAJOR AVE,2430,NO CONTROLS,ONE-WAY,CLEAR,,,,,,,2,3,"{""coordinates"": [-87.76860130596, 41.924880890184], ""type"": ""Point""}","[""SIDE-LEFT"", ""SIDE-RIGHT-REAR""]","[""STRAIGHT AHEAD""]",[],"[""N""]","[""DRIVER""]","[""UNKNOWN""]","[""PERSONAL""]","[""2015"", ""2016""]","[""29"", ""48""]","[""NOT APPLICABLE""]","[""NONE""]","[""NO INDICATION OF INJURY""]","[""DRIVER"", ""PASSENGER""]","[""USAGE UNKNOWN""]","[""M""]","[""6""]"