alignment,beat_of_occurrence,crash_date,crash_day_of_week,crash_hour,crash_month,crash_record_id,crash_type,damage,date_police_notified,device_condition,first_crash_type,hit_and_run_i,injuries_fatal,injuries_incapacitating,injuries_no_indication,injuries_non_incapacitating,injuries_reported_not_evident,injuries_total,injuries_unknown,latitude,lighting_condition,longitude,most_severe_injury,num_units,posted_speed_limit,prim_contributory_cause,report_type,road_defect,roadway_surface_cond,sec_contributory_cause,street_direction,street_name,street_no,traffic_control_device,trafficway_type,weather_condition,intersection_related_i,crash_date_est_i,private_property_i,statements_taken_i,photos_taken_i,work_zone_i,veh_count,ppl_count,location_json,veh_first_contact_point_list_json,veh_maneuver_list_json,veh_towed_i_list_json,veh_travel_direction_list_json,veh_unit_type_list_json,veh_vehicle_defect_list_json,veh_vehicle_use_list_json,veh_vehicle_year_list_json,ppl_age_list_json,ppl_airbag_deployed_list_json,ppl_ejection_list_json,ppl_injury_classification_list_json,ppl_person_type_list_json,ppl_safety_equipment_list_json,ppl_sex_list_json,ppl_seat_no_list_json
STRAIGHT AND LEVEL,2513,2025-09-21T12:50:00.000,1,12,9,c4529d4ee98a6d652783123848e613c7be1943d5888e2f7abb7c1fbf8b53115f2654af69678b43c58187d74db47a6cec45122fe2f4860f9959bf06a39142acb3,INJURY AND / OR TOW DUE TO CRASH,"OVER $1,500",2025-09-21T13:02:00.000,FUNCTIONING PROPERLY,REAR END,Y,0,0,2,0,2,2,0,41.90898946,DAYLIGHT,-87.8043628415,"REPORTED, NOT EVIDENT",2,30,FAILING TO REDUCE SPEED TO AVOID CRASH,ON SCENE,NO DEFECTS,DRY,FAILING TO REDUCE SPEED TO AVOID CRASH,W,NORTH AVE,7158,TRAFFIC SIGNAL,DIVIDED - W/MEDIAN BARRIER,CLEAR,,,,,,,2,4,"{""coordinates"": [-87.804362841452, 41.908989459958], ""type"": ""Point""}","[""FRONT"", ""REAR""]","[""SLOW/STOP IN TRAFFIC"", ""STRAIGHT AHEAD""]",[],"[""W""]","[""DRIVER""]","[""UNKNOWN""]","[""PERSONAL"", ""UNKNOWN/NA""]","[""2025""]","[""5"", ""68"", ""69""]","[""DEPLOYMENT UNKNOWN"", ""DID NOT DEPLOY""]","[""NONE""]","[""NO INDICATION OF INJURY"", ""REPORTED, NOT EVIDENT""]","[""DRIVER"", ""PASSENGER""]","[""CHILD RESTRAINT - FORWARD FACING"", ""SAFETY BELT USED"", ""USAGE UNKNOWN""]","[""F"", ""M""]","[""3"", ""6""]"
STRAIGHT AND LEVEL,614,2025-09-21T12:54:00.000,1,12,9,145cf040753361023778ab405c95bcda3bcc1fb1f363d5cf0afffcfd4434689fe2f1f73677986c5e3e5aee5d837b292875083892491e58d4e7dfeee06e72dc2e,NO INJURY / DRIVE AWAY,"OVER $1,500",2025-09-21T13:26:00.000,NO CONTROLS,PARKED MOTOR VEHICLE,Y,0,0,1,0,0,0,0,41.7456949035,DAYLIGHT,-87.6695336908,NO INDICATION OF INJURY,2,30,NOT APPLICABLE,ON SCENE,NO DEFECTS,DRY,NOT APPLICABLE,S,HONORE ST,8130,NO CONTROLS,ONE-WAY,CLEAR,,,,,,,2,1,"{""coordinates"": [-87.669533690823, 41.745694903477], ""type"": ""Point""}","[""FRONT-LEFT-CORNER"", ""UNKNOWN""]","[""PARKED"", ""STRAIGHT AHEAD""]",[],"[""UNKNOWN""]","[""DRIVER"", ""PARKED""]","[""UNKNOWN""]","[""UNKNOWN/NA""]","[""2014""]",[],"[""DEPLOYMENT UNKNOWN""]","[""NONE""]","[""NO INDICATION OF INJURY""]","[""DRIVER""]","[""USAGE UNKNOWN""]","[""X""]",[]
STRAIGHT AND LEVEL,2412,2025-09-21T13:00:00.000,1,13,9,03304ccf659a55c546abbc046dcfb85e7815c793a2254d8b0d7b9d958f1b783f1cf545ed260fab909ad34d891d0173cb4927b9832bb3d01ce5002d17c50473fa,NO INJURY / DRIVE AWAY,"OVER $1,500",2025-09-22T09:50:00.000,NO CONTROLS,PARKED MOTOR VEHICLE,,0,0,1,0,0,0,0,42.0022233751,DAYLIGHT,-87.680128828,NO INDICATION OF INJURY,2,10,UNABLE TO DETERMINE,NOT ON SCENE (DESK REPORT),NO DEFECTS,DRY,UNABLE TO DETERMINE,N,DAMEN AVE,6623,NO CONTROLS,PARKING LOT,CLEAR,,,Y,,,,2,1,"{""coordinates"": [-87.680128827981, 42.002223375062], ""type"": ""Point""}","[""FRONT"", ""SIDE-LEFT""]","[""PARKED"", ""STRAIGHT AHEAD""]",[],"[""N""]","[""DRIVER"", ""PARKED""]","[""NONE""]","[""PERSONAL""]","[""2019"", ""2023""]","[""60""]","[""DID NOT DEPLOY""]","[""NONE""]","[""NO INDICATION OF INJURY""]","[""DRIVER""]","[""USAGE UNKNOWN""]","[""M""]",[]
STRAIGHT AND LEVEL,2432,2025-09-21T13:00:00.000,1,13,9,818ef7447013a0e618622dcf357445e78c4d92a3a4737bccdbea7153071e9bcd27fb7848eed914a1490b6a2bd6d0815cce54df616f9b1b7abb091b625f1cbad5,NO INJURY / DRIVE AWAY,"OVER $1,500",2025-09-22T15:11:00.000,UNKNOWN,OTHER NONCOLLISION,,,,,,,,,42.0002377514,UNKNOWN,-87.6693780173,,1,30,WEATHER,NOT ON SCENE (DESK REPORT),UNKNOWN,UNKNOWN,WEATHER,N,BOSWORTH AVE,6508,NO CONTROLS,ONE-WAY,UNKNOWN,,Y,,,,,1,,"{""coordinates"": [-87.669378017257, 42.000237751363], ""type"": ""Point""}","[""TOP""]","[""PARKED""]",[],"[""S""]","[""PARKED""]","[""UNKNOWN""]","[""PERSONAL""]","[""2023""]",,,,,,,,
STRAIGHT AND LEVEL,1833,2025-09-21T13:00:00.000,1,13,9,d3ba85647cb9cd864f96571935d06c58e5aa18bbbaa7d42d64de5a6e39e7814281367dab902e1cca7c1e66a38d7d1df9512919bb94f1c507f76c682acc88aad0,NO INJURY / DRIVE AWAY,"OVER $1,500",2025-09-21T14:13:00.000,UNKNOWN,SIDESWIPE SAME DIRECTION,,0,0,2,0,0,0,0,41.8968049724,UNKNOWN,-87.6170274232,NO INDICATION OF INJURY,2,25,NOT APPLICABLE,NOT ON SCENE (DESK REPORT),UNKNOWN,UNKNOWN,NOT APPLICABLE,N,LAKE SHORE DR NB,800,UNKNOWN,NOT DIVIDED,UNKNOWN,,,,,,,2,2,"{""coordinates"": [-87.617027423234, 41.896804972416], ""type"": ""Point""}","[""FRONT-RIGHT-CORNER"", ""SIDE-LEFT""]","[""UNKNOWN/NA""]",[],"[""UNKNOWN""]","[""DRIVER""]","[""UNKNOWN""]","[""PERSONAL""]","[""2014"", ""2020""]","[""18"", ""33""]","[""NOT APPLICABLE""]","[""NONE""]","[""NO INDICATION OF INJURY""]","[""DRIVER""]","[""USAGE UNKNOWN""]","[""F""]",[]
STRAIGHT AND LEVEL,2232,2025-09-21T13:03:00.000,1,13,9,f3a4e288e527e91c8dc5a9dffe68d6f71ae61cf86bdbf6113bca57dcc04cfe255d79c4239474f3c34fcc8ce0a539ac87229bb29443a947b7008435f181fbc857,INJURY AND / OR TOW DUE TO CRASH,"OVER $1,500",2025-09-21T13:08:00.000,FUNCTIONING PROPERLY,TURNING,,0,0,2,0,0,0,0,41.7068233366,DAYLIGHT,-87.6429774693,NO INDICATION OF INJURY,2,35,FAILING TO YIELD RIGHT-OF-WAY,ON SCENE,NO DEFECTS,DRY,FAILING TO REDUCE SPEED TO AVOID CRASH,S,HALSTED ST,10300,TRAFFIC SIGNAL,FOUR WAY,CLEAR,Y,,,,,,2,2,"{""coordinates"": [-87.642977469284, 41.706823336585], ""type"": ""Point""}","[""FRONT"", ""SIDE-RIGHT-REAR""]","[""STRAIGHT AHEAD"", ""TURNING LEFT""]","[""Y""]","[""N"", ""S""]","[""DRIVER""]","[""UNKNOWN""]","[""PERSONAL""]","[""2019"", ""2021""]","[""44"", ""45""]","[""DEPLOYED, COMBINATION"", ""DID NOT DEPLOY""]","[""NONE""]","[""NO INDICATION OF INJURY""]","[""DRIVER""]","[""USAGE UNKNOWN""]","[""F"", ""M""]",[]
STRAIGHT AND LEVEL,2223,2025-09-21T13:15:00.000,1,13,9,928081cf0d710fc6a3c3502712cd6e56fcc6997c1363ecf0c93630990a7047463ecd6ac404e00b7efc38e3228ea16ca7e94cba75cf7fe5782cf5a063ad585165,INJURY AND / OR TOW DUE TO CRASH,"OVER $1,500",2025-09-21T13:20:00.000,FUNCTIONING PROPERLY,ANGLE,Y,0,0,1,1,1,2,0,41.7159914656,DAYLIGHT,-87.6417058385,NONINCAPACITATING INJURY,2,35,UNABLE TO DETERMINE,ON SCENE,NO DEFECTS,DRY,UNABLE TO DETERMINE,S,EMERALD AVE,9801,STOP SIGN/FLASHER,FOUR WAY,CLEAR,Y,,,,,,2,3,"{""coordinates"": [-87.641705838488, 41.715991465559], ""type"": ""Point""}","[""FRONT-RIGHT-CORNER"", ""REAR-LEFT-CORNER""]","[""STRAIGHT AHEAD""]","[""Y""]","[""E"", ""S""]","[""DRIVER""]","[""UNKNOWN""]","[""PERSONAL"", ""UNKNOWN/NA""]","[""2014"", ""2017""]","[""39""]","[""DEPLOYED, COMBINATION"", ""DEPLOYMENT UNKNOWN""]","[""NONE""]","[""NO INDICATION OF INJURY"", ""NONINCAPACITATING INJURY"", ""REPORTED, NOT EVIDENT""]","[""DRIVER"", ""PASSENGER""]","[""USAGE UNKNOWN""]","[""F""]","[""3""]"
STRAIGHT AND LEVEL,1634,2025-09-21T13:24:00.000,1,13,9,41acbbea8015ff127bde9b628186bfec2e8acf57298e718cfacf3b3947c9f87941bd3a706a16f84ae2ec6fec1cbfdbedb8aaccdf4c6929a476efef8a172ef1b7,INJURY AND / OR TOW DUE TO CRASH,"OVER $1,500",2025-09-21T13:28:00.000,NO CONTROLS,PARKED MOTOR VEHICLE,,0,1,0,0,0,1,0,41.9460768081,DAYLIGHT,-87.7595267173,INCAPACITATING INJURY,2,30,UNABLE TO DETERMINE,ON SCENE,NO DEFECTS,DRY,UNABLE TO DETERMINE,N,LOCKWOOD AVE,3602,NO CONTROLS,OTHER,CLEAR,,,,,,,2,1,"{""coordinates"": [-87.759526717305, 41.946076808094], ""type"": ""Point""}","[""FRONT"", ""REAR-RIGHT-CORNER""]","[""PARKED"", ""STRAIGHT AHEAD""]","[""Y""]","[""N"", ""W""]","[""DRIVER"", ""PARKED""]","[""UNKNOWN""]","[""UNKNOWN/NA""]","[""2006"", ""2023""]",[],"[""DEPLOYMENT UNKNOWN""]","[""NONE""]","[""INCAPACITATING INJURY""]","[""DRIVER""]","[""USAGE UNKNOWN""]","[""M""]",[]
STRAIGHT AND LEVEL,735,2025-09-21T13:28:00.000,1,13,9,03c0a031fc61b4d4b4797dabd8f9879d7ce6bc2b21ed60f8a7088cdd0bb9b1513b7b91e2bf33860449f466258c2c8d17b11b8b0611805d4013bd06592afa6878,INJURY AND / OR TOW DUE TO CRASH,"OVER $1,500",2025-09-21T13:29:00.000,FUNCTIONING PROPERLY,TURNING,Y,0,0,2,0,0,0,0,41.7648593824,DAYLIGHT,-87.6639401763,NO INDICATION OF INJURY,2,30,FAILING TO YIELD RIGHT-OF-WAY,ON SCENE,NO DEFECTS,DRY,FAILING TO YIELD RIGHT-OF-WAY,S,ASHLAND AVE,7100,TRAFFIC SIGNAL,DIVIDED - W/MEDIAN (NOT RAISED),CLEAR,Y,,,,,,2,2,"{""coordinates"": [-87.663940176305, 41.764859382425], ""type"": ""Point""}","[""FRONT""]","[""STRAIGHT AHEAD"", ""TURNING LEFT""]","[""Y""]","[""E"", ""W""]","[""DRIVER""]","[""NONE"", ""UNKNOWN""]","[""PERSONAL"", ""UNKNOWN/NA""]","[""2012"", ""2014""]","[""65""]","[""DEPLOYED, FRONT"", ""DID NOT DEPLOY""]","[""NONE"", ""UNKNOWN""]","[""NO INDICATION OF INJURY""]","[""DRIVER""]","[""SAFETY BELT USED"", ""USAGE UNKNOWN""]","[""M""]",[]
STRAIGHT AND LEVEL,1131,2025-09-21T13:30:00.000,1,13,9,0c1f831509e30d3e56a89df28bcf06036813ab61f5405bb107f9484d024f5c36c432c5592cb135125ec81f5ddc72a9b0956d357ac1c6b5c9f7be1aaa7ed71be7,NO INJURY / DRIVE AWAY,"OVER $1,500",2025-09-21T13:50:00.000,FUNCTIONING PROPERLY,SIDESWIPE SAME DIRECTION,,0,0,3,0,0,0,0,41.8723278023,DAYLIGHT,-87.7447914886,NO INDICATION OF INJURY,2,30,UNABLE TO DETERMINE,NOT ON SCENE (DESK REPORT),NO DEFECTS,DRY,NOT APPLICABLE,S,CICERO AVE,625,TRAFFIC SIGNAL,NOT DIVIDED,CLEAR,,,,,,,2,3,"{""coordinates"": [-87.74479148865, 41.872327802265], ""type"": ""Point""}","[""REAR-LEFT-CORNER"", ""SIDE-RIGHT""]","[""STRAIGHT AHEAD""]",[],"[""N""]","[""DRIVER""]","[""NONE""]","[""PERSONAL""]","[""2007"", ""2023""]","[""35"", ""38""]","[""NOT APPLICABLE""]","[""NONE""]","[""NO INDICATION OF INJURY""]","[""DRIVER"", ""PASSENGER""]","[""SAFETY BELT USED""]","[""F"", ""M""]","[""3""]"
STRAIGHT AND LEVEL,1215,2025-09-21T13:30:00.000,1,13,9,1a500812083791e2c98d1562733edf05963b9ab049d32b130ff68368dbb1060a83762ee7ea6b8c01af816212dc2fa55dcdae86fee94c4e7f4e345222a69d44b8,NO INJURY / DRIVE AWAY,"OVER $1,500",2025-09-21T16:55:00.000,NO CONTROLS,SIDESWIPE SAME DIRECTION,,0,0,2,0,0,0,0,41.8959797473,DAYLIGHT,-87.6662013289,NO INDICATION OF INJURY,2,30,UNABLE TO DETERMINE,NOT ON SCENE (DESK REPORT),NO DEFECTS,DRY,NOT APPLICABLE,W,CHICAGO AVE,1533,NO CONTROLS,NOT DIVIDED,CLEAR,,,,,,,2,2,"{""coordinates"": [-87.666201328905, 41.895979747265], ""type"": ""Point""}","[""FRONT-LEFT-CORNER"", ""FRONT-RIGHT-CORNER""]","[""ENTERING TRAFFIC LANE FROM PARKING"", ""PASSING/OVERTAKING""]",[],"[""E""]","[""DRIVER""]","[""NONE"", ""UNKNOWN""]","[""PERSONAL"", ""UNKNOWN/NA""]","[""2012"", ""2020""]","[""22"", ""30""]","[""DID NOT DEPLOY"", ""NOT APPLICABLE""]","[""NONE"", ""UNKNOWN""]","[""NO INDICATION OF INJURY""]","[""DRIVER""]","[""USAGE UNKNOWN""]","[""F""]",[]
STRAIGHT AND LEVEL,2533,2025-09-21T13:30:00.000,1,13,9,30e4d02c37b90a514fcaaea467e44299a83ea345d4f3f9b4d05442506aa8b824a9248d127d05620a600c94aff6c64b0353c0db7df5c08eb9b8cbfcc8ba8d6a85,NO INJURY / DRIVE AWAY,"OVER $1,500",2025-09-22T10:50:00.000,NO CONTROLS,ANGLE,Y,0,0,2,0,0,0,0,41.9147480719,DAYLIGHT,-87.7458721147,NO INDICATION OF INJURY,2,20,UNABLE TO DETERMINE,NOT ON SCENE (DESK REPORT),NO DEFECTS,DRY,UNABLE TO DETERMINE,N,CICERO AVE,1851,NO CONTROLS,PARKING LOT,CLEAR,,,,,,,2,2,"{""coordinates"": [-87.745872114699, 41.914748071919], ""type"": ""Point""}","[""REAR"", ""SIDE-LEFT""]","[""BACKING"", ""SLOW/STOP IN TRAFFIC""]",[],"[""S"", ""W""]","[""DRIVER""]","[""NONE"", ""UNKNOWN""]","[""PERSONAL"", ""UNKNOWN/NA""]","[""2019""]","[""57""]","[""DEPLOYMENT UNKNOWN"", ""DID NOT DEPLOY""]","[""NONE""]","[""NO INDICATION OF INJURY""]","[""DRIVER""]","[""SAFETY BELT USED"", ""USAGE UNKNOWN""]","[""F"", ""M""]",[]
STRAIGHT AND LEVEL,2412,2025-09-21T13:30:00.000,1,13,9,f0cbaa5ea55f554cb02a5c8658e1d96c80780df70780c4915261dc729531a116fab3f88d31cd45cce7815af1ee96f3bf221e2a23c32f761573d119b578ac9f52,NO INJURY / DRIVE AWAY,"OVER $1,500",2025-09-21T14:00:00.000,UNKNOWN,PARKED MOTOR VEHICLE,Y,0,0,1,0,0,0,0,42.0002213658,UNKNOWN,-87.6803595955,NO INDICATION OF INJURY,2,30,UNABLE TO DETERMINE,NOT ON SCENE (DESK REPORT),UNKNOWN,UNKNOWN,UNABLE TO DETERMINE,N,DAMEN AVE,6516,UNKNOWN,NOT DIVIDED,UNKNOWN,,N,,,,,2,1,"{""coordinates"": [-87.680359595453, 42.000221365773], ""type"": ""Point""}","[""UNKNOWN""]","[""PARKED"", ""UNKNOWN/NA""]",[],"[""S"", ""UNKNOWN""]","[""DRIVER"", ""PARKED""]","[""UNKNOWN""]","[""NOT IN USE"", ""UNKNOWN/NA""]","[""2024""]",[],"[""DEPLOYMENT UNKNOWN""]","[""NONE""]","[""NO INDICATION OF INJURY""]","[""DRIVER""]","[""USAGE UNKNOWN""]","[""X""]",[]
STRAIGHT AND LEVEL,711,2025-09-21T13:38:00.000,1,13,9,07003ebe0f88c0568173851c41e9d9a6c431ea36a9bf1bc8f37edf0bae6c121e1afb92ae6d59c26b844fe0e8291fa3ce4bf990786806594e4f93e2595c25ee09,INJURY AND / OR TOW DUE TO CRASH,"OVER $1,500",2025-09-21T14:02:00.000,NO CONTROLS,PARKED MOTOR VEHICLE,Y,0,0,3,0,0,0,0,41.7845009004,DAYLIGHT,-87.6378534756,NO INDICATION OF INJURY,3,30,UNABLE TO DETERMINE,ON SCENE,NO DEFECTS,DRY,UNABLE TO DETERMINE,W,60TH PL,504,NO CONTROLS,NOT DIVIDED,CLEAR,,,,,,,3,3,"{""coordinates"": [-87.637853475551, 41.784500900437], ""type"": ""Point""}","[""FRONT-RIGHT-CORNER"", ""SIDE-LEFT-FRONT"", ""SIDE-LEFT-REAR""]","[""PARKED"", ""UNKNOWN/NA""]","[""Y""]","[""E"", ""W""]","[""DRIVER"", ""PARKED""]","[""UNKNOWN""]","[""NOT IN USE"", ""OTHER""]","[""2017"", ""2019"", ""2025""]",[],"[""DEPLOYMENT UNKNOWN"", ""NOT APPLICABLE""]","[""NONE""]","[""NO INDICATION OF INJURY""]","[""DRIVER"", ""PASSENGER""]","[""USAGE UNKNOWN""]","[""F""]","[""11"", ""3""]"
STRAIGHT AND LEVEL,1012,2025-09-21T13:45:00.000,1,13,9,83520b091dae5d7c4454e197de69db6aa9f0a9b965238f1252cd22f9ac3c66d3a7bacc78c80484873eb25c02fb2d9583a6e23085fa29f67f66f10e0c9bd33616,NO INJURY / DRIVE AWAY,"OVER $1,500",2025-09-22T06:10:00.000,NO CONTROLS,PARKED MOTOR VEHICLE,,0,0,1,0,0,0,0,41.8549831324,DAYLIGHT,-87.7249964832,NO INDICATION OF INJURY,2,30,UNABLE TO DETERMINE,NOT ON SCENE (DESK REPORT),NO DEFECTS,DRY,NOT APPLICABLE,S,PULASKI RD,1900,NO CONTROLS,NOT DIVIDED,CLEAR,,,,,,,2,1,"{""coordinates"": [-87.724996483158, 41.854983132358], ""type"": ""Point""}","[""SIDE-RIGHT"", ""UNKNOWN""]","[""PARKED"", ""STRAIGHT AHEAD""]",[],"[""S""]","[""DRIVER"", ""PARKED""]","[""UNKNOWN""]","[""OTHER""]","[""2021""]",[],"[""DID NOT DEPLOY""]","[""NONE""]","[""NO INDICATION OF INJURY""]","[""DRIVER""]","[""USAGE UNKNOWN""]","[""F""]",[]
STRAIGHT AND LEVEL,1733,2025-09-21T13:59:00.000,1,13,9,f4db55690ff9da207ed2b1c65fc5c7f3521d4d5fa4911cea43c1b9618cbc1e0910a93b7005418a35c4c28569f683215f2d831e5b457513e407d33bd0514ce0f8,NO INJURY / DRIVE AWAY,$500 OR LESS,2025-09-21T14:06:00.000,NO CONTROLS,PEDALCYCLIST,,0,0,2,0,0,0,0,41.9471722395,DAYLIGHT,-87.7079836175,NO INDICATION OF INJURY,2,30,FAILING TO YIELD RIGHT-OF-WAY,ON SCENE,NO DEFECTS,DRY,NOT APPLICABLE,N,KEDZIE AVE,3616,NO CONTROLS,DIVIDED - W/MEDIAN (NOT RAISED),CLEAR,,,,,,,2,2,"{""coordinates"": [-87.707983617528, 41.947172239465], ""type"": ""Point""}","[""UNKNOWN""]","[""TURNING LEFT""]",[],"[""N""]","[""BICYCLE"", ""DRIVER""]","[""NONE""]","[""PERSONAL""]","[""2018""]","[""36"", ""40""]","[""DEPLOYMENT UNKNOWN""]","[""NONE""]","[""NO INDICATION OF INJURY""]","[""BICYCLE"", ""DRIVER""]","[""BICYCLE HELMET (PEDACYCLIST INVOLVED ONLY)"", ""USAGE UNKNOWN""]","[""F""]",[]
STRAIGHT AND LEVEL,1722,2025-09-21T14:00:00.000,1,14,9,71979cda6f089ab4b1878c2b4735bfe287326a10159a9883d00b66b6b6034fef54b743a8744d4ddfb6da07aba806334d868eab5272007d65665cf341b57456ca,INJURY AND / OR TOW DUE TO CRASH,"OVER $1,500",2025-09-21T14:30:00.000,NO CONTROLS,REAR END,,0,0,1,0,3,3,0,41.9659293767,DAYLIGHT,-87.7367514409,"REPORTED, NOT EVIDENT",3,30,UNABLE TO DETERMINE,NOT ON SCENE (DESK REPORT),NO DEFECTS,DRY,NOT APPLICABLE,N,ELSTON AVE,4665,NO CONTROLS,DIVIDED - W/MEDIAN (NOT RAISED),CLEAR,,,,,,,3,4,"{""coordinates"": [-87.736751440929, 41.965929376674], ""type"": ""Point""}","[""FRONT"", ""REAR""]","[""STRAIGHT AHEAD""]","[""Y""]","[""SE""]","[""DRIVER""]","[""NONE""]","[""PERSONAL""]","[""2006"", ""2007"", ""2024""]","[""31"", ""40"", ""65"", ""68""]","[""NOT APPLICABLE""]","[""NONE""]","[""NO INDICATION OF INJURY"", ""REPORTED, NOT EVIDENT""]","[""DRIVER"", ""PASSENGER""]","[""SAFETY BELT USED""]","[""F"", ""M""]","[""3""]"
STRAIGHT AND LEVEL,1222,2025-09-21T14:00:00.000,1,14,9,9212d2feb75c9138a34eaeb698448e8e64b04ed81f768db34a990fa9f61a7ddd49cbdd3b59f8f951509967c43935ea4e4840536483e6d8302956eed7f5d65248,NO INJURY / DRIVE AWAY,"OVER $1,500",2025-09-21T14:35:00.000,NO CONTROLS,SIDESWIPE SAME DIRECTION,Y,0,0,3,0,0,0,0,41.881462153,DAYLIGHT,-87.6865858716,NO INDICATION OF INJURY,2,30,UNABLE TO DETERMINE,NOT ON SCENE (DESK REPORT),NO DEFECTS,DRY,UNABLE TO DETERMINE,N,WESTERN AVE,10,NO CONTROLS,NOT DIVIDED,CLEAR,Y,,,,,,2,3,"{""coordinates"": [-87.686585871648, 41.881462152959], ""type"": ""Point""}","[""SIDE-LEFT-REAR"", ""UNKNOWN""]","[""STRAIGHT AHEAD""]",[],"[""S""]","[""DRIVER""]","[""NONE"", ""UNKNOWN""]","[""PERSONAL""]","[""2021"", ""2025""]","[""57""]","[""DEPLOYMENT UNKNOWN"", ""DID NOT DEPLOY""]","[""NONE"", ""UNKNOWN""]","[""NO INDICATION OF INJURY""]","[""DRIVER"", ""PASSENGER""]","[""SAFETY BELT USED"", ""USAGE UNKNOWN""]","[""M""]","[""3""]"
STRAIGHT AND LEVEL,1931,2025-09-21T14:00:00.000,1,14,9,ccaded07c799316554895c7be43d6729107219ccb7b9066458c8f0e83f877f2794c536c4dcc6f307e19069c540bcb5b5dd6eab58ecdf2e0e3d89cdb0112acb24,NO INJURY / DRIVE AWAY,"OVER $1,500",2025-09-21T14:09:00.000,NO CONTROLS,TURNING,,0,0,4,0,0,0,0,41.9323881224,DAYLIGHT,-87.6782832822,NO INDICATION OF INJURY,2,30,UNABLE TO DETERMINE,ON SCENE,NO DEFECTS,DRY,NOT APPLICABLE,N,DAMEN AVE,2802,NO CONTROLS,PARKING LOT,CLEAR,,Y,,,,,2,4,"{""coordinates"": [-87.678283282152, 41.932388122363], ""type"": ""Point""}","[""FRONT-RIGHT-CORNER"", ""REAR""]","[""STRAIGHT AHEAD"", ""TURNING RIGHT""]",[],"[""SE"", ""UNKNOWN""]","[""DRIVER""]","[""NONE""]","[""PERSONAL"", ""TAXI/FOR HIRE""]","[""2016"", ""2024""]","[""16"", ""45"", ""50"", ""74""]","[""NOT APPLICABLE""]","[""NONE""]","[""NO INDICATION OF INJURY""]","[""DRIVER"", ""PASSENGER""]","[""SAFETY BELT USED""]","[""F"", ""M""]","[""3"", ""6""]"
STRAIGHT AND LEVEL,1023,2025-09-21T14:00:00.000,1,14,9,f0f41a8e54969fc73d748ac3a3798b69a69a7cd0a0c9f62b9dc4951585431fe974123ed44cc275fded04f2d8a9750c0ea607dec0de550a77fdb5714bfacf710c,NO INJURY / DRIVE AWAY,"OVER $1,500",2025-09-21T16:31:00.000,NO CONTROLS,PARKED MOTOR VEHICLE,Y,0,0,1,0,0,0,0,41.8610262045,DAYLIGHT,-87.6934011754,NO INDICATION OF INJURY,2,30,NOT APPLICABLE,NOT ON SCENE (DESK REPORT),NO DEFECTS,DRY,NOT APPLICABLE,S,WASHTENAW AVE,1500,NO CONTROLS,NOT DIVIDED,CLEAR,,,,,,,2,1,"{""coordinates"": [-87.693401175443, 41.861026204489], ""type"": ""Point""}","[""REAR-LEFT-CORNER"", ""UNKNOWN""]","[""PARKED"", ""UNKNOWN/NA""]",[],"[""N"", ""UNKNOWN""]","[""DRIVER"", ""PARKED""]","[""NONE"", ""UNKNOWN""]","[""PERSONAL"", ""UNKNOWN/NA""]","[""2024""]",[],"[""DEPLOYMENT UNKNOWN""]","[""NONE""]","[""NO INDICATION OF INJURY""]","[""DRIVER""]","[""USAGE UNKNOWN""]","[""X""]",[]
STRAIGHT AND LEVEL,2222,2025-09-21T14:05:00.000,1,14,9,53e79e22550d26994af84ffb5c5e6667bb23b02e3a83a1adfe1e4e23e74f33d772c9ba7e84692b3fb39031dfd858822cafcee1b0d412b762e999b85f9656b9bb,INJURY AND / OR TOW DUE TO CRASH,"OVER $1,500",2025-09-21T14:12:00.000,NO CONTROLS,PEDESTRIAN,Y,0,0,1,0,1,1,0,41.7358049384,DAYLIGHT,-87.655914666,"REPORTED, NOT EVIDENT",2,30,UNABLE TO DETERMINE,ON SCENE,NO DEFECTS,DRY,UNABLE TO DETERMINE,S,THROOP ST,8700,NO CONTROLS,NOT DIVIDED,CLEAR,,,,,,,2,2,"{""coordinates"": [-87.655914665989, 41.735804938384], ""type"": ""Point""}","[""UNKNOWN""]","[""UNKNOWN/NA""]",[],"[""E""]","[""DRIVER"", ""PEDESTRIAN""]","[""UNKNOWN""]","[""UNKNOWN/NA""]",[],"[""65""]","[""DEPLOYMENT UNKNOWN""]","[""NONE""]","[""NO INDICATION OF INJURY"", ""REPORTED, NOT EVIDENT""]","[""DRIVER"", ""PEDESTRIAN""]","[""USAGE UNKNOWN""]","[""F"", ""X""]",[]
STRAIGHT AND LEVEL,1813,2025-09-21T14:15:00.000,1,14,9,7a27b337718a664037c4f4923f9c578a5685359198e5cd455ce5257237fc20653c7bb1feb38fd3baf056626e6bfc11f4d8f0579e4c87697b2f80cd13247fd130,NO INJURY / DRIVE AWAY,"OVER $1,500",2025-09-21T15:19:00.000,UNKNOWN,PARKED MOTOR VEHICLE,,0,0,1,0,0,0,0,41.9175411268,UNKNOWN,-87.6486290103,NO INDICATION OF INJURY,2,25,NOT APPLICABLE,NOT ON SCENE (DESK REPORT),UNKNOWN,UNKNOWN,NOT APPLICABLE,N,HALSTED ST,1954,UNKNOWN,NOT DIVIDED,UNKNOWN,,,,,,,2,1,"{""coordinates"": [-87.648629010271, 41.917541126814], ""type"": ""Point""}","[""SIDE-LEFT"", ""SIDE-RIGHT""]","[""PARKED"", ""UNKNOWN/NA""]",[],"[""UNKNOWN""]","[""DRIVER"", ""PARKED""]","[""UNKNOWN""]","[""NOT IN USE"", ""PERSONAL""]","[""2015"", ""2023""]","[""26""]","[""NOT APPLICABLE""]","[""NONE""]","[""NO INDICATION OF INJURY""]","[""DRIVER""]","[""USAGE UNKNOWN""]","[""M""]",[]