alignment,beat_of_occurrence,crash_date,crash_day_of_week,crash_hour,crash_month,crash_record_id,crash_type,damage,date_police_notified,device_condition,first_crash_type,hit_and_run_i,injuries_fatal,injuries_incapacitating,injuries_no_indication,injuries_non_incapacitating,injuries_reported_not_evident,injuries_total,injuries_unknown,latitude,lighting_condition,longitude,most_severe_injury,num_units,posted_speed_limit,prim_contributory_cause,report_type,road_defect,roadway_surface_cond,sec_contributory_cause,street_direction,street_name,street_no,traffic_control_device,trafficway_type,weather_condition,intersection_related_i,crash_date_est_i,private_property_i,statements_taken_i,photos_taken_i,work_zone_i,veh_count,ppl_count,location_json,veh_first_contact_point_list_json,veh_maneuver_list_json,veh_towed_i_list_json,veh_travel_direction_list_json,veh_unit_type_list_json,veh_vehicle_defect_list_json,veh_vehicle_use_list_json,veh_vehicle_year_list_json,ppl_age_list_json,ppl_airbag_deployed_list_json,ppl_ejection_list_json,ppl_injury_classification_list_json,ppl_person_type_list_json,ppl_safety_equipment_list_json,ppl_sex_list_json,ppl_seat_no_list_json
STRAIGHT AND LEVEL,2011,2025-09-21T15:30:00.000,1,15,9,fe351ec38a0dd060e7f81d688f0c037b93e1f2564e7673615d16c08f008d15840242c935504224231dfe4b180bec4cd92967b7f0bea1bf439db1e0adf3f88102,NO INJURY / DRIVE AWAY,"OVER $1,500",2025-09-21T16:04:00.000,NO CONTROLS,REAR END,,0,0,2,0,0,0,0,41.9903810956,DAYLIGHT,-87.6910995987,NO INDICATION OF INJURY,2,30,FOLLOWING TOO CLOSELY,NOT ON SCENE (DESK REPORT),NO DEFECTS,DRY,UNABLE TO DETERMINE,W,PETERSON AVE,2435,NO CONTROLS,DIVIDED - W/MEDIAN (NOT RAISED),CLEAR,,,,,,,2,2,"{""coordinates"": [-87.691099598697, 41.990381095596], ""type"": ""Point""}","[""FRONT"", ""REAR""]","[""SLOW/STOP IN TRAFFIC"", ""STRAIGHT AHEAD""]",[],"[""E""]","[""DRIVER""]","[""UNKNOWN""]","[""PERSONAL""]","[""2019"", ""2023""]","[""27"", ""54""]","[""NOT APPLICABLE""]","[""NONE""]","[""NO INDICATION OF INJURY""]","[""DRIVER""]","[""SAFETY BELT USED"", ""USAGE UNKNOWN""]","[""F"", ""M""]",[]
STRAIGHT AND LEVEL,2022,2025-09-21T15:34:00.000,1,15,9,a89d818703593032cebe1e84493160c88dc82b05f372ed9cca79df704aba121571fb97d7ad13fe09be52e8c254564e21f5dea572f3f6a9329234ea2429c181cf,INJURY AND / OR TOW DUE TO CRASH,"OVER $1,500",2025-09-21T15:34:00.000,NO CONTROLS,TURNING,,0,0,3,0,0,0,0,41.9853462593,DAYLIGHT,-87.6600364217,NO INDICATION OF INJURY,3,35,UNABLE TO DETERMINE,ON SCENE,UNKNOWN,DRY,UNABLE TO DETERMINE,W,HOLLYWOOD AVE,1199,NO CONTROLS,DIVIDED - W/MEDIAN (NOT RAISED),CLEAR,,,,,,,3,3,"{""coordinates"": [-87.660036421706, 41.985346259294], ""type"": ""Point""}","[""FRONT"", ""SIDE-LEFT-FRONT"", ""SIDE-RIGHT""]","[""STRAIGHT AHEAD"", ""TURNING LEFT""]","[""Y""]","[""E"", ""NW"", ""W""]","[""DRIVER""]","[""NONE"", ""UNKNOWN""]","[""PERSONAL""]","[""2011"", ""2013"", ""2025""]","[""27"", ""42"", ""43""]","[""NOT APPLICABLE""]","[""NONE""]","[""NO INDICATION OF INJURY""]","[""DRIVER""]","[""SAFETY BELT USED""]","[""F"", ""M""]",[]
STRAIGHT AND LEVEL,2013,2025-09-21T15:35:00.000,1,15,9,5de3df7db5832e47fdf1786ce26a8616055af7211b5ab2f26b9a91a9e65a9f978cf256ed8431c16c653cf184d81257f4ae3ea6feb612a0cfa51fd8a95ffe4e42,NO INJURY / DRIVE AWAY,"OVER $1,500",2025-09-21T16:50:00.000,UNKNOWN,REAR END,,0,0,4,0,0,0,0,41.9854034994,UNKNOWN,-87.6627391675,NO INDICATION OF INJURY,2,30,FOLLOWING TOO CLOSELY,NOT ON SCENE (DESK REPORT),UNKNOWN,UNKNOWN,UNABLE TO DETERMINE,N,RIDGE AVE,5687,UNKNOWN,DIVIDED - W/MEDIAN (NOT RAISED),UNKNOWN,,,,,,,2,4,"{""coordinates"": [-87.662739167535, 41.985403499429], ""type"": ""Point""}","[""FRONT"", ""REAR""]","[""UNKNOWN/NA""]",[],"[""SE""]","[""DRIVER""]","[""UNKNOWN""]","[""PERSONAL"", ""RIDESHARE SERVICE""]","[""2014"", ""2024""]","[""26"", ""46""]","[""DEPLOYMENT UNKNOWN"", ""DID NOT DEPLOY""]","[""NONE""]","[""NO INDICATION OF INJURY""]","[""DRIVER"", ""PASSENGER""]","[""SAFETY BELT USED"", ""USAGE UNKNOWN""]","[""F"", ""M"", ""X""]","[""3"", ""5""]"
STRAIGHT AND LEVEL,1125,2025-09-21T15:35:00.000,1,15,9,d8b0a8791a7e236ce0b8160a4d6daa7da73536a3002e1c2bf7d16fd06b25204f0b5f092772c710063c4617c658399d852a54ecb84366d8e4f7cd1041a2e3274c,NO INJURY / DRIVE AWAY,"$501 - $1,500",2025-09-21T16:22:00.000,NO CONTROLS,PARKED MOTOR VEHICLE,Y,0,0,1,0,0,0,0,41.8770342133,DAYLIGHT,-87.6936039767,NO INDICATION OF INJURY,2,30,IMPROPER BACKING,NOT ON SCENE (DESK REPORT),NO DEFECTS,DRY,NOT APPLICABLE,S,WASHTENAW AVE,313,NO CONTROLS,NOT DIVIDED,CLEAR,,Y,,,,,2,1,"{""coordinates"": [-87.69360397668, 41.8770342133], ""type"": ""Point""}","[""FRONT-LEFT-CORNER"", ""UNKNOWN""]","[""BACKING"", ""PARKED""]",[],"[""UNKNOWN""]","[""DRIVER"", ""PARKED""]","[""UNKNOWN""]","[""PERSONAL""]","[""2011"", ""2019""]",[],"[""DEPLOYMENT UNKNOWN""]","[""NONE""]","[""NO INDICATION OF INJURY""]","[""DRIVER""]","[""USAGE UNKNOWN""]","[""F""]",[]
STRAIGHT AND LEVEL,914,2025-09-21T15:35:00.000,1,15,9,e46f695c434a114c550c22a8e327468562dbccc629dfa7fd70e0048450e9bbea6cdbee4525d044d8fcd17b204b7771a8dfa57fedac1e226c07ab55d84cd32fb7,NO INJURY / DRIVE AWAY,$500 OR LESS,2025-09-21T22:41:00.000,NO CONTROLS,PARKED MOTOR VEHICLE,Y,0,0,1,0,0,0,0,41.855347014,DAYLIGHT,-87.6316990261,NO INDICATION OF INJURY,2,5,IMPROPER BACKING,NOT ON SCENE (DESK REPORT),NO DEFECTS,DRY,NOT APPLICABLE,S,WENTWORTH AVE,2001,NO CONTROLS,PARKING LOT,CLEAR,,,,,,,2,1,"{""coordinates"": [-87.631699026086, 41.855347014042], ""type"": ""Point""}","[""FRONT"", ""REAR""]","[""LEAVING TRAFFIC LANE TO PARK"", ""PARKED""]",[],"[""UNKNOWN""]","[""DRIVER"", ""PARKED""]","[""NONE"", ""UNKNOWN""]","[""UNKNOWN/NA""]","[""2016"", ""2023""]",[],"[""DEPLOYMENT UNKNOWN""]","[""NONE""]","[""NO INDICATION OF INJURY""]","[""DRIVER""]","[""USAGE UNKNOWN""]","[""X""]",[]
STRAIGHT AND LEVEL,2521,2025-09-21T15:37:00.000,1,15,9,7f0e6788e5a15f4562690254a462091937f6e892e34364baefd8d7488bf05091a27f0321168fbd61f7f1de36fd513dd0ce5c583e3fa09e5cf2a8c328e4d4fad1,NO INJURY / DRIVE AWAY,"$501 - $1,500",2025-09-21T15:42:00.000,NO CONTROLS,PARKED MOTOR VEHICLE,,0,0,1,0,0,0,0,41.9316889194,DAYLIGHT,-87.7430169468,NO INDICATION OF INJURY,2,15,IMPROPER BACKING,ON SCENE,NO DEFECTS,DRY,IMPROPER BACKING,W,DIVERSEY AVE,4626,NO CONTROLS,PARKING LOT,CLEAR,,,,,,,2,1,"{""coordinates"": [-87.743016946831, 41.931688919351], ""type"": ""Point""}","[""REAR-LEFT-CORNER""]","[""BACKING"", ""PARKED""]",[],"[""W""]","[""DRIVER"", ""PARKED""]","[""UNKNOWN""]","[""UNKNOWN/NA""]","[""2014"", ""2022""]","[""39""]","[""DID NOT DEPLOY""]","[""NONE""]","[""NO INDICATION OF INJURY""]","[""DRIVER""]","[""USAGE UNKNOWN""]","[""M""]",[]
STRAIGHT AND LEVEL,2532,2025-09-21T15:40:00.000,1,15,9,ae1a9e9be6eb0fdbfe44d51d40f26a27c2cc4ec2eac236adfe2cba38482a05665dd23a73b09fe95f91029df78b72fbc566f1e85f891fd8c086ec26b65ccf574a,NO INJURY / DRIVE AWAY,"OVER $1,500",2025-09-22T08:45:00.000,FUNCTIONING PROPERLY,ANGLE,Y,0,0,4,0,0,0,0,41.9074614321,DAYLIGHT,-87.7622621904,NO INDICATION OF INJURY,2,30,DISREGARDING STOP SIGN,NOT ON SCENE (DESK REPORT),NO DEFECTS,UNKNOWN,FAILING TO YIELD RIGHT-OF-WAY,N,LOTUS AVE,1456,STOP SIGN/FLASHER,FOUR WAY,UNKNOWN,Y,,,,,,2,4,"{""coordinates"": [-87.762262190434, 41.907461432105], ""type"": ""Point""}","[""FRONT-RIGHT-CORNER"", ""REAR-RIGHT-CORNER""]","[""STRAIGHT AHEAD""]",[],"[""S"", ""W""]","[""DRIVER""]","[""NONE"", ""UNKNOWN""]","[""PERSONAL"", ""UNKNOWN/NA""]","[""2024""]","[""25"", ""56"", ""8""]","[""DEPLOYMENT UNKNOWN"", ""DID NOT DEPLOY""]","[""NONE""]","[""NO INDICATION OF INJURY""]","[""DRIVER"", ""PASSENGER""]","[""SAFETY BELT USED"", ""USAGE UNKNOWN""]","[""F"", ""M""]","[""3"", ""4""]"
STRAIGHT AND LEVEL,1032,2025-09-21T15:40:00.000,1,15,9,b983fef28a0421824b4bcf3a3ea98639e6169ecb94f0e5ac2bb7fa37ac122f139cd2de36f3d9e50615ff45bd451d0f7f8ba1d5781a8dbb2275ab39279a666967,NO INJURY / DRIVE AWAY,"OVER $1,500",2025-09-21T16:20:00.000,NO CONTROLS,SIDESWIPE SAME DIRECTION,,0,0,3,0,0,0,0,41.8442879725,DAYLIGHT,-87.7137952948,NO INDICATION OF INJURY,2,25,UNABLE TO DETERMINE,NOT ON SCENE (DESK REPORT),NO DEFECTS,DRY,UNABLE TO DETERMINE,W,26TH ST,3537,NO CONTROLS,NOT DIVIDED,CLEAR,,,,,,,2,3,"{""coordinates"": [-87.713795294844, 41.844287972488], ""type"": ""Point""}","[""FRONT"", ""FRONT-RIGHT-CORNER""]","[""STRAIGHT AHEAD""]",[],"[""E""]","[""DRIVER""]","[""NONE""]","[""PERSONAL""]","[""2003"", ""2021""]","[""61"", ""66"", ""79""]","[""DID NOT DEPLOY"", ""NOT APPLICABLE""]","[""NONE""]","[""NO INDICATION OF INJURY""]","[""DRIVER"", ""PASSENGER""]","[""SAFETY BELT USED""]","[""F"", ""M""]","[""3""]"
STRAIGHT AND LEVEL,921,2025-09-21T15:40:00.000,1,15,9,d2cc233add597d2b1019a332c8c8d86a16a28f291d7abe7be53d690013852c8bd49abfc9293bd77dcaee78410ff6153cf6c8155c78258072e5aa35c0c08965d0,INJURY AND / OR TOW DUE TO CRASH,"OVER $1,500",2025-09-21T15:45:00.000,FUNCTIONING PROPERLY,OTHER OBJECT,,0,0,0,0,1,1,0,41.8229542941,DAYLIGHT,-87.685012986,"REPORTED, NOT EVIDENT",1,30,UNABLE TO DETERMINE,ON SCENE,NO DEFECTS,DRY,NOT APPLICABLE,S,WESTERN AVE,3900,TRAFFIC SIGNAL,NOT DIVIDED,CLEAR,,,,,,,1,1,"{""coordinates"": [-87.685012986006, 41.822954294114], ""type"": ""Point""}","[""FRONT""]","[""STRAIGHT AHEAD""]","[""Y""]","[""N""]","[""DRIVER""]","[""NONE""]","[""PERSONAL""]","[""2024""]","[""65""]","[""DEPLOYED, COMBINATION""]","[""NONE""]","[""REPORTED, NOT EVIDENT""]","[""DRIVER""]","[""SAFETY BELT USED""]","[""F""]",[]
STRAIGHT AND LEVEL,312,2025-09-21T15:41:00.000,1,15,9,5c6cbaed4500d7e3900767d1c55a9fa5ba9f200b710d6e3ae635429280fd515bf7aebdadf0f662fe529511323234ece512e3282640e3f60db1bd99285a1fab9e,INJURY AND / OR TOW DUE TO CRASH,"OVER $1,500",2025-09-21T15:41:00.000,FUNCTIONING PROPERLY,REAR END,Y,0,0,6,0,0,0,0,41.7802113218,DAYLIGHT,-87.6157682918,NO INDICATION OF INJURY,3,25,UNABLE TO DETERMINE,ON SCENE,NO DEFECTS,DRY,NOT APPLICABLE,S,DR MARTIN LUTHER KING JR DR,6300,TRAFFIC SIGNAL,NOT DIVIDED,CLEAR,,,,,,,3,6,"{""coordinates"": [-87.615768291828, 41.780211321839], ""type"": ""Point""}","[""FRONT"", ""NONE""]","[""SLOW/STOP IN TRAFFIC"", ""STRAIGHT AHEAD""]","[""Y""]","[""E""]","[""DRIVER""]","[""NONE"", ""UNKNOWN""]","[""PERSONAL"", ""UNKNOWN/NA""]","[""2011"", ""2016""]","[""0"", ""2"", ""39"", ""58""]","[""DEPLOYMENT UNKNOWN"", ""NOT APPLICABLE""]","[""NONE""]","[""NO INDICATION OF INJURY""]","[""DRIVER"", ""PASSENGER""]","[""CHILD RESTRAINT - TYPE UNKNOWN"", ""SAFETY BELT USED"", ""USAGE UNKNOWN""]","[""F"", ""M"", ""X""]","[""10"", ""12"", ""3""]"
STRAIGHT AND LEVEL,114,2025-09-21T15:45:00.000,1,15,9,977f037ef84c1b92b00c93ae2f160b324fa95bd7634438828ec3f8bcc8eb6d9f0c21cdd65e8cea70b9f0834e54164a032a35e426f606376b8ae4f41be3eba4bf,NO INJURY / DRIVE AWAY,"OVER $1,500",2025-09-21T15:55:00.000,NO CONTROLS,SIDESWIPE SAME DIRECTION,,0,0,2,0,0,0,0,41.8693812351,DAYLIGHT,-87.6169562723,NO INDICATION OF INJURY,2,45,DISTRACTION - FROM INSIDE VEHICLE,ON SCENE,NO DEFECTS,DRY,FAILING TO REDUCE SPEED TO AVOID CRASH,S,LAKE SHORE DR SB,1035,NO CONTROLS,ONE-WAY,CLEAR,,,,,,,2,2,"{""coordinates"": [-87.616956272348, 41.869381235081], ""type"": ""Point""}","[""FRONT-RIGHT-CORNER"", ""SIDE-LEFT-REAR""]","[""CHANGING LANES"", ""STRAIGHT AHEAD""]",[],"[""S""]","[""DRIVER""]","[""NONE""]","[""PERSONAL""]","[""2007"", ""2024""]","[""61"", ""63""]","[""NOT APPLICABLE""]","[""NONE""]","[""NO INDICATION OF INJURY""]","[""DRIVER""]","[""USAGE UNKNOWN""]","[""M""]",[]
STRAIGHT AND LEVEL,2012,2025-09-21T15:48:00.000,1,15,9,ad637ee5f799faeeeea7c7c0841766f53b2efffa97b75313629e0112a44c76c9403dd7b68530b463710b1e1c98e88dd708477a7f81834f83ceafff6f25cc1c97,INJURY AND / OR TOW DUE TO CRASH,"OVER $1,500",2025-09-21T15:51:00.000,FUNCTIONING PROPERLY,ANGLE,,0,0,1,1,0,1,0,41.9762051282,DAYLIGHT,-87.6747765499,NONINCAPACITATING INJURY,2,30,UNABLE TO DETERMINE,ON SCENE,NO DEFECTS,DRY,NOT APPLICABLE,W,FOSTER AVE,1800,TRAFFIC SIGNAL,DIVIDED - W/MEDIAN (NOT RAISED),CLEAR,Y,,,,,,2,2,"{""coordinates"": [-87.674776549853, 41.976205128208], ""type"": ""Point""}","[""FRONT"", ""FRONT-LEFT-CORNER""]","[""STRAIGHT AHEAD""]",[],"[""E"", ""N""]","[""DRIVER""]","[""NONE"", ""UNKNOWN""]","[""PERSONAL""]","[""2018"", ""2022""]","[""50"", ""57""]","[""DEPLOYED, FRONT"", ""DID NOT DEPLOY""]","[""NONE""]","[""NO INDICATION OF INJURY"", ""NONINCAPACITATING INJURY""]","[""DRIVER""]","[""SAFETY BELT USED""]","[""F"", ""M""]",[]
STRAIGHT AND LEVEL,1232,2025-09-21T15:50:00.000,1,15,9,f17547c49b400f649a642637b874ff5c952527fe79c7f366127fe4990a2e0b805277f3da94b366bae87c6c99bebdb9f615d0f88df2006c4ed356212a6c6b229f,NO INJURY / DRIVE AWAY,"OVER $1,500",2025-09-21T16:53:00.000,NO CONTROLS,REAR END,,0,0,2,0,0,0,0,41.8672886544,DAYLIGHT,-87.6451393164,NO INDICATION OF INJURY,2,30,FOLLOWING TOO CLOSELY,NOT ON SCENE (DESK REPORT),NO DEFECTS,DRY,NOT APPLICABLE,W,ROOSEVELT RD,698,NO CONTROLS,NOT DIVIDED,CLEAR,,,,,,,2,2,"{""coordinates"": [-87.645139316373, 41.867288654444], ""type"": ""Point""}","[""REAR-LEFT-CORNER"", ""UNKNOWN""]","[""CHANGING LANES"", ""STRAIGHT AHEAD""]",[],"[""W""]","[""DRIVER""]","[""BRAKES"", ""NONE""]","[""PERSONAL""]","[""2021"", ""2023""]","[""20"", ""42""]","[""DID NOT DEPLOY""]","[""NONE""]","[""NO INDICATION OF INJURY""]","[""DRIVER""]","[""SAFETY BELT USED""]","[""F""]",[]
STRAIGHT ON GRADE,824,2025-09-21T15:55:00.000,1,15,9,e8116aa352bc42c3eeef4653a666c1bc9872286ac1bbccf6b9ed06e9ae98dd1b6084d5aa8d6b788f2470fe41bd555f0c678b2235d50aeb8bfd21facfc22b8f67,NO INJURY / DRIVE AWAY,"$501 - $1,500",2025-09-21T16:53:00.000,FUNCTIONING PROPERLY,SIDESWIPE SAME DIRECTION,Y,0,0,3,0,0,0,0,41.7864384227,DAYLIGHT,-87.6984144855,NO INDICATION OF INJURY,2,25,IMPROPER OVERTAKING/PASSING,NOT ON SCENE (DESK REPORT),NO DEFECTS,DRY,IMPROPER OVERTAKING/PASSING,W,59TH ST,2958,TRAFFIC SIGNAL,NOT DIVIDED,CLEAR,Y,,,,,,2,3,"{""coordinates"": [-87.698414485535, 41.786438422747], ""type"": ""Point""}","[""FRONT-LEFT-CORNER"", ""SIDE-RIGHT""]","[""MERGING"", ""STRAIGHT AHEAD""]",[],"[""W""]","[""DRIVER""]","[""NONE"", ""UNKNOWN""]","[""PERSONAL""]","[""2012""]","[""26""]","[""NOT APPLICABLE""]","[""NONE""]","[""NO INDICATION OF INJURY""]","[""DRIVER"", ""PASSENGER""]","[""SAFETY BELT USED"", ""USAGE UNKNOWN""]","[""F"", ""X""]","[""3""]"
STRAIGHT AND LEVEL,815,2025-09-21T16:18:00.000,1,16,9,b17c8c5999d52cf77e5e35712974f73cf570f3e36f5a4a4c6ffa010d52a2882be754cacbee2167fd21804cec224857885fe500278d42f97f32dd6b8442e07d01,NO INJURY / DRIVE AWAY,"OVER $1,500",2025-09-24T11:00:00.000,FUNCTIONING PROPERLY,REAR END,,0,0,2,0,0,0,0,41.7982853115,DAYLIGHT,-87.7427677652,NO INDICATION OF INJURY,2,30,FOLLOWING TOO CLOSELY,NOT ON SCENE (DESK REPORT),NO DEFECTS,DRY,UNABLE TO DETERMINE,S,CICERO AVE,5211,TRAFFIC SIGNAL,FOUR WAY,CLEAR,Y,,,,,,2,2,"{""coordinates"": [-87.742767765186, 41.798285311537], ""type"": ""Point""}","[""FRONT"", ""REAR""]","[""SLOW/STOP IN TRAFFIC"", ""STRAIGHT AHEAD""]",[],"[""N""]","[""DRIVER""]","[""NONE""]","[""PERSONAL""]","[""2010"", ""2011""]","[""23"", ""35""]","[""DID NOT DEPLOY""]","[""NONE""]","[""NO INDICATION OF INJURY""]","[""DRIVER""]","[""SAFETY BELT USED""]","[""F"", ""M""]",[]
STRAIGHT AND LEVEL,1633,2025-09-21T16:24:00.000,1,16,9,9f0589822666072566c58767ce92a4c4b2c3b09aff2a14bbdf6f59115e0b2b1f430aea5544f5751f0374d8c4cfc28c5d9ab57cc24020aa5cf793714c8f0e6b58,NO INJURY / DRIVE AWAY,"$501 - $1,500",2025-09-21T16:25:00.000,FUNCTIONING PROPERLY,REAR END,,0,0,2,0,0,0,0,41.9531007292,DAYLIGHT,-87.7646569261,NO INDICATION OF INJURY,2,30,FOLLOWING TOO CLOSELY,ON SCENE,NO DEFECTS,DRY,UNABLE TO DETERMINE,W,IRVING PARK RD,5501,TRAFFIC SIGNAL,DIVIDED - W/MEDIAN (NOT RAISED),CLEAR,Y,,,,,,2,2,"{""coordinates"": [-87.764656926062, 41.953100729165], ""type"": ""Point""}","[""FRONT"", ""REAR""]","[""STRAIGHT AHEAD""]",[],"[""E""]","[""DRIVER""]","[""UNKNOWN""]","[""PERSONAL""]","[""1999"", ""2015""]","[""29"", ""35""]","[""NOT APPLICABLE""]","[""NONE""]","[""NO INDICATION OF INJURY""]","[""DRIVER""]","[""USAGE UNKNOWN""]","[""M""]",[]
STRAIGHT AND LEVEL,234,2025-09-21T16:25:00.000,1,16,9,f6f6b5677fda2f988003961ec128e30d30fb61b75a67376a74ce18c3e534b27b5338c207edaac3abdd37b067cd9767b0fc0a29da2a41fccf7403b9870499d21c,NO INJURY / DRIVE AWAY,"OVER $1,500",2025-09-23T09:00:00.000,UNKNOWN,REAR TO FRONT,,0,0,2,0,0,0,0,41.8018296312,UNKNOWN,-87.5878260477,NO INDICATION OF INJURY,2,10,UNABLE TO DETERMINE,NOT ON SCENE (DESK REPORT),UNKNOWN,UNKNOWN,UNABLE TO DETERMINE,S,LAKE PARK AVE,5118,UNKNOWN,UNKNOWN,UNKNOWN,,,,,,,2,2,"{""coordinates"": [-87.587826047696, 41.801829631168], ""type"": ""Point""}","[""FRONT-LEFT-CORNER"", ""REAR""]","[""STRAIGHT AHEAD""]",[],"[""UNKNOWN"", ""W""]","[""DRIVER""]","[""UNKNOWN""]","[""UNKNOWN/NA""]","[""2015"", ""2024""]","[""46""]","[""NOT APPLICABLE""]","[""NONE""]","[""NO INDICATION OF INJURY""]","[""DRIVER""]","[""USAGE UNKNOWN""]","[""F"", ""M""]",[]
STRAIGHT AND LEVEL,222,2025-09-21T16:30:00.000,1,16,9,45459e23775fad52d4eb3d2fe11a527be02a261a9322ba94001aed22ce9ae5970c8af1b4bafd48031ba16c95b117a7404e2a1d7bfc986fce5346446c0bc5594c,NO INJURY / DRIVE AWAY,"OVER $1,500",2025-09-21T16:39:00.000,FUNCTIONING PROPERLY,REAR END,Y,0,0,3,0,0,0,0,41.8095347808,DAYLIGHT,-87.5924502234,NO INDICATION OF INJURY,2,30,UNABLE TO DETERMINE,ON SCENE,UNKNOWN,DRY,NOT APPLICABLE,S,LAKE PARK AVE,4700,TRAFFIC SIGNAL,NOT DIVIDED,CLEAR,Y,,,,,,2,3,"{""coordinates"": [-87.592450223394, 41.809534780826], ""type"": ""Point""}","[""FRONT"", ""REAR""]","[""STRAIGHT AHEAD""]",[],"[""E""]","[""DRIVER""]","[""UNKNOWN""]","[""PERSONAL"", ""UNKNOWN/NA""]","[""2009"", ""9999""]","[""63"", ""65""]","[""DEPLOYMENT UNKNOWN"", ""NOT APPLICABLE""]","[""NONE""]","[""NO INDICATION OF INJURY""]","[""DRIVER"", ""PASSENGER""]","[""SAFETY BELT USED"", ""USAGE UNKNOWN""]","[""F"", ""X""]","[""2""]"
STRAIGHT AND LEVEL,131,2025-09-21T16:30:00.000,1,16,9,6af6f1b9f8a218735193780aad14cee69a251282053e1b3d14e4379e7a8d38d89043be70010bf136cc731c4b51e93a7781f9df91dc9e33d5c4ff76712a08b3d0,NO INJURY / DRIVE AWAY,"OVER $1,500",2025-09-21T16:30:00.000,NO CONTROLS,ANGLE,,0,0,2,0,0,0,0,41.8510210813,DAYLIGHT,-87.6239050482,NO INDICATION OF INJURY,2,30,DISREGARDING STOP SIGN,NOT ON SCENE (DESK REPORT),NO DEFECTS,DRY,DISREGARDING STOP SIGN,S,MICHIGAN AVE,2300,STOP SIGN/FLASHER,DIVIDED - W/MEDIAN (NOT RAISED),CLEAR,Y,,,,,,2,2,"{""coordinates"": [-87.623905048197, 41.851021081261], ""type"": ""Point""}","[""FRONT"", ""SIDE-RIGHT""]","[""STRAIGHT AHEAD""]",[],"[""S"", ""W""]","[""DRIVER""]","[""NONE""]","[""PERSONAL""]","[""2012"", ""2015""]","[""27"", ""93""]","[""NOT APPLICABLE""]","[""NONE""]","[""NO INDICATION OF INJURY""]","[""DRIVER""]","[""USAGE UNKNOWN""]","[""F"", ""M""]",[]
STRAIGHT AND LEVEL,2024,2025-09-21T16:40:00.000,1,16,9,866b9b68fdc7980c56373c7af6321c62b4c806616323b159452c4b2c53c5990ae3febd4d06dd225138b64aef8cc6343d9ce9f0eb51497ae630382e01b850fdf1,NO INJURY / DRIVE AWAY,$500 OR LESS,2025-09-21T17:50:00.000,NO CONTROLS,SIDESWIPE SAME DIRECTION,Y,0,0,2,0,0,0,0,41.9694086179,DAYLIGHT,-87.6483172637,NO INDICATION OF INJURY,2,40,UNABLE TO DETERMINE,NOT ON SCENE (DESK REPORT),UNKNOWN,UNKNOWN,NOT APPLICABLE,N,LAKE SHORE DR NB,4800,NO CONTROLS,DIVIDED - W/MEDIAN BARRIER,UNKNOWN,,,,,,,2,2,"{""coordinates"": [-87.648317263699, 41.969408617919], ""type"": ""Point""}","[""SIDE-LEFT"", ""SIDE-RIGHT""]","[""CHANGING LANES"", ""STRAIGHT AHEAD""]",[],"[""N""]","[""DRIVER""]","[""UNKNOWN""]","[""UNKNOWN/NA""]","[""2012""]","[""23""]","[""DEPLOYMENT UNKNOWN""]","[""NONE""]","[""NO INDICATION OF INJURY""]","[""DRIVER""]","[""USAGE UNKNOWN""]","[""F"", ""M""]",[]
STRAIGHT AND LEVEL,2012,2025-09-21T16:40:00.000,1,16,9,c51e742c2caa8d9447f728ccdb44ce314185b2ad17d3db7ac3100760fd42ac28962b423b2862c686e3060d80ee10bd07d63971e9c0619d67d242d5f80ccc528e,NO INJURY / DRIVE AWAY,"OVER $1,500",2025-09-21T16:49:00.000,NO CONTROLS,TURNING,,0,0,2,0,0,0,0,41.9761264798,DAYLIGHT,-87.680362812,NO INDICATION OF INJURY,2,30,IMPROPER TURNING/NO SIGNAL,ON SCENE,NO DEFECTS,DRY,NOT APPLICABLE,W,FOSTER AVE,2022,NO CONTROLS,NOT DIVIDED,CLEAR,,,,,,,2,2,"{""coordinates"": [-87.680362812044, 41.976126479834], ""type"": ""Point""}","[""FRONT"", ""SIDE-RIGHT-REAR""]","[""STRAIGHT AHEAD"", ""TURNING RIGHT""]",[],"[""E""]","[""DRIVER""]","[""NONE"", ""UNKNOWN""]","[""PERSONAL""]","[""2002"", ""2022""]","[""49"", ""68""]","[""DID NOT DEPLOY""]","[""NONE""]","[""NO INDICATION OF INJURY""]","[""DRIVER""]","[""SAFETY BELT USED"", ""USAGE UNKNOWN""]","[""F""]",[]
STRAIGHT AND LEVEL,913,2025-09-21T16:45:00.000,1,16,9,a4f37eec2e3a5e4cf08a773acdda631e7e71297bbdfcfaa3d15166088ee118ee9a15e4e31178af688bff7c98ce2581ddaa5109b77a0c60921a6699f8e1285dfe,INJURY AND / OR TOW DUE TO CRASH,"OVER $1,500",2025-09-21T16:49:00.000,NO CONTROLS,PARKED MOTOR VEHICLE,,0,0,1,0,0,0,0,41.8384563911,DAYLIGHT,-87.6527164973,NO INDICATION OF INJURY,2,30,EQUIPMENT - VEHICLE CONDITION,ON SCENE,NO DEFECTS,DRY,EQUIPMENT - VEHICLE CONDITION,S,BONFIELD ST,3085,NO CONTROLS,ONE-WAY,CLEAR,,,,,,,2,1,"{""coordinates"": [-87.652716497348, 41.838456391073], ""type"": ""Point""}","[""FRONT-RIGHT-CORNER"", ""SIDE-LEFT-REAR""]","[""PARKED"", ""STRAIGHT AHEAD""]","[""Y""]","[""NW""]","[""DRIVER"", ""PARKED""]","[""NONE"", ""STEERING""]","[""NOT IN USE"", ""PERSONAL""]","[""2005"", ""2015""]","[""81""]","[""DEPLOYED, COMBINATION""]","[""NONE""]","[""NO INDICATION OF INJURY""]","[""DRIVER""]","[""USAGE UNKNOWN""]","[""M""]",[]