alignment,beat_of_occurrence,crash_date,crash_day_of_week,crash_hour,crash_month,crash_record_id,crash_type,damage,date_police_notified,device_condition,first_crash_type,hit_and_run_i,injuries_fatal,injuries_incapacitating,injuries_no_indication,injuries_non_incapacitating,injuries_reported_not_evident,injuries_total,injuries_unknown,latitude,lighting_condition,longitude,most_severe_injury,num_units,posted_speed_limit,prim_contributory_cause,report_type,road_defect,roadway_surface_cond,sec_contributory_cause,street_direction,street_name,street_no,traffic_control_device,trafficway_type,weather_condition,intersection_related_i,crash_date_est_i,private_property_i,statements_taken_i,photos_taken_i,work_zone_i,veh_count,ppl_count,location_json,veh_first_contact_point_list_json,veh_maneuver_list_json,veh_towed_i_list_json,veh_travel_direction_list_json,veh_unit_type_list_json,veh_vehicle_defect_list_json,veh_vehicle_use_list_json,veh_vehicle_year_list_json,ppl_age_list_json,ppl_airbag_deployed_list_json,ppl_ejection_list_json,ppl_injury_classification_list_json,ppl_person_type_list_json,ppl_safety_equipment_list_json,ppl_sex_list_json,ppl_seat_no_list_json
STRAIGHT AND LEVEL,2521,2025-09-21T18:20:00.000,1,18,9,75270ffa408abb09c93f9aeec1fae417469b34c839e489134de23ef1f0b2cf9cfdb6c37163b0267e56173c33cf632d7147e0a40ea03c26bc349c374a9299e577,NO INJURY / DRIVE AWAY,"OVER $1,500",2025-09-21T19:00:00.000,NO CONTROLS,PARKED MOTOR VEHICLE,Y,0,0,1,0,0,0,0,41.9316889194,DAYLIGHT,-87.7430169468,NO INDICATION OF INJURY,2,15,UNABLE TO DETERMINE,ON SCENE,NO DEFECTS,DRY,UNABLE TO DETERMINE,W,DIVERSEY AVE,4626,NO CONTROLS,PARKING LOT,CLEAR,,Y,,,,,2,1,"{""coordinates"": [-87.743016946831, 41.931688919351], ""type"": ""Point""}","[""UNKNOWN""]","[""PARKED"", ""UNKNOWN/NA""]",[],"[""E"", ""UNKNOWN""]","[""DRIVER"", ""PARKED""]","[""UNKNOWN""]","[""UNKNOWN/NA""]","[""2011""]",[],"[""DEPLOYMENT UNKNOWN""]","[""NONE""]","[""NO INDICATION OF INJURY""]","[""DRIVER""]","[""USAGE UNKNOWN""]","[""X""]",[]
STRAIGHT AND LEVEL,1922,2025-09-21T18:29:00.000,1,18,9,701585599b738f485bbfbfbfd5d28f49d94fdc852ce8acd53baa46255a933733a30d46864bfb102e3f28413f13ac36e302aa5141ed404f427289235801fae0e6,NO INJURY / DRIVE AWAY,$500 OR LESS,2025-09-21T19:00:00.000,FUNCTIONING PROPERLY,REAR END,Y,0,0,2,0,0,0,0,41.9539232571,"DARKNESS, LIGHTED ROAD",-87.6691848419,NO INDICATION OF INJURY,2,25,FOLLOWING TOO CLOSELY,NOT ON SCENE (DESK REPORT),UNKNOWN,DRY,UNABLE TO DETERMINE,N,ASHLAND AVE,3950,TRAFFIC SIGNAL,DIVIDED - W/MEDIAN (NOT RAISED),CLEAR,,,,,,,2,2,"{""coordinates"": [-87.669184841931, 41.953923257078], ""type"": ""Point""}","[""FRONT"", ""REAR-RIGHT-CORNER""]","[""STRAIGHT AHEAD""]",[],"[""N""]","[""DRIVER""]","[""NONE"", ""UNKNOWN""]","[""RIDESHARE SERVICE"", ""UNKNOWN/NA""]","[""2009"", ""2017""]","[""40""]","[""DEPLOYMENT UNKNOWN"", ""DID NOT DEPLOY""]","[""NONE""]","[""NO INDICATION OF INJURY""]","[""DRIVER""]","[""SAFETY BELT USED"", ""USAGE UNKNOWN""]","[""F"", ""M""]",[]
STRAIGHT AND LEVEL,1434,2025-09-21T18:30:00.000,1,18,9,b6c104f6427e9fea2ecb821205c507f9335c811e1428cc388bf7f347e29545be6ce7765d77d70506ce4b6f50604f84b607b73261bb1afe29e9a25bea63dd884a,NO INJURY / DRIVE AWAY,"OVER $1,500",2025-09-23T15:15:00.000,NO CONTROLS,PARKED MOTOR VEHICLE,Y,0,0,1,0,0,0,0,41.9168191104,"DARKNESS, LIGHTED ROAD",-87.6774480553,NO INDICATION OF INJURY,2,30,UNABLE TO DETERMINE,NOT ON SCENE (DESK REPORT),NO DEFECTS,DRY,NOT APPLICABLE,N,DAMEN AVE,1931,NO CONTROLS,NOT DIVIDED,CLEAR,N,,,,,,2,1,"{""coordinates"": [-87.677448055263, 41.91681911038], ""type"": ""Point""}","[""FRONT-RIGHT-CORNER"", ""SIDE-LEFT""]","[""PARKED"", ""STRAIGHT AHEAD""]",[],"[""N""]","[""DRIVER"", ""PARKED""]","[""NONE"", ""UNKNOWN""]","[""PERSONAL"", ""UNKNOWN/NA""]","[""2022""]",[],"[""DEPLOYMENT UNKNOWN""]","[""NONE""]","[""NO INDICATION OF INJURY""]","[""DRIVER""]","[""USAGE UNKNOWN""]","[""F""]",[]
STRAIGHT AND LEVEL,1614,2025-09-21T18:30:00.000,1,18,9,eda3cffff815a62254f8b2b4b3f3a6b7ae110a1f67a5457023b9f97199832555df6e33a0a0c8cfe43b9f191b254b7a2e7f9ad1beb69a3113eb54c9b2ea1757ac,INJURY AND / OR TOW DUE TO CRASH,"OVER $1,500",2025-09-21T18:32:00.000,FUNCTIONING PROPERLY,TURNING,,0,0,2,0,1,1,0,41.9863426288,DUSK,-87.8371039498,"REPORTED, NOT EVIDENT",2,30,FAILING TO YIELD RIGHT-OF-WAY,ON SCENE,UNKNOWN,DRY,UNABLE TO DETERMINE,W,HIGGINS RD,8401,TRAFFIC SIGNAL,NOT DIVIDED,CLOUDY/OVERCAST,Y,,,,,,2,3,"{""coordinates"": [-87.837103949785, 41.986342628794], ""type"": ""Point""}","[""FRONT-LEFT-CORNER""]","[""STRAIGHT AHEAD"", ""TURNING LEFT""]",[],"[""E"", ""W""]","[""DRIVER""]","[""UNKNOWN""]","[""PERSONAL""]","[""2015"", ""2024""]","[""30"", ""36"", ""45""]","[""DID NOT DEPLOY""]","[""NONE""]","[""NO INDICATION OF INJURY"", ""REPORTED, NOT EVIDENT""]","[""DRIVER"", ""PASSENGER""]","[""USAGE UNKNOWN""]","[""F"", ""M""]","[""3""]"
STRAIGHT AND LEVEL,815,2025-09-21T18:34:00.000,1,18,9,a075f055ec2a85ea3ce078f576008f7211640c8b68ae233725d2fd95e961804c262b3ba757cdc7a0e7308e94f120c7d66138b33d7ee725e7b70e7e5140e0d34d,NO INJURY / DRIVE AWAY,"$501 - $1,500",2025-09-21T19:26:00.000,NO CONTROLS,PARKED MOTOR VEHICLE,,0,0,3,0,0,0,0,41.7961975914,DARKNESS,-87.7233918834,NO INDICATION OF INJURY,2,10,IMPROPER TURNING/NO SIGNAL,NOT ON SCENE (DESK REPORT),NO DEFECTS,DRY,NOT APPLICABLE,S,PULASKI RD,5320,NO CONTROLS,PARKING LOT,CLEAR,,,Y,,,,2,3,"{""coordinates"": [-87.723391883445, 41.796197591416], ""type"": ""Point""}","[""FRONT-RIGHT-CORNER"", ""REAR-RIGHT-CORNER""]","[""PARKED"", ""TURNING RIGHT""]",[],"[""N"", ""S""]","[""DRIVER"", ""PARKED""]","[""NONE""]","[""PERSONAL""]","[""2004"", ""2025""]","[""49""]","[""DID NOT DEPLOY""]","[""NONE""]","[""NO INDICATION OF INJURY""]","[""DRIVER"", ""PASSENGER""]","[""SAFETY BELT USED""]","[""F"", ""M""]","[""1"", ""3""]"
STRAIGHT AND LEVEL,2232,2025-09-21T18:40:00.000,1,18,9,f45880b71ec3d9bc433f547f6a4b5a9b01104ba63ad41ed958d129fb82057e77d3b33907af1762360777613a39b6cebcaf932aca21c5f712e8dcc64e542ce1db,INJURY AND / OR TOW DUE TO CRASH,"OVER $1,500",2025-09-21T18:44:00.000,NO CONTROLS,OTHER OBJECT,,0,0,1,0,0,0,0,41.7134955733,DUSK,-87.6428339365,NO INDICATION OF INJURY,1,30,UNABLE TO DETERMINE,ON SCENE,NO DEFECTS,DRY,NOT APPLICABLE,S,HALSTED ST,9923,NO CONTROLS,NOT DIVIDED,CLEAR,,,,,,,1,1,"{""coordinates"": [-87.64283393649, 41.713495573303], ""type"": ""Point""}","[""FRONT-RIGHT-CORNER""]","[""AVOIDING VEHICLES/OBJECTS""]","[""Y""]","[""N""]","[""DRIVER""]","[""UNKNOWN""]","[""PERSONAL""]","[""2007""]","[""55""]","[""DEPLOYED, FRONT""]","[""NONE""]","[""NO INDICATION OF INJURY""]","[""DRIVER""]","[""USAGE UNKNOWN""]","[""F""]",[]
STRAIGHT AND LEVEL,1934,2025-09-21T18:50:00.000,1,18,9,1a1fd40ffcd8e539257dab1f37f5fdeebbf8fb10e29b03909456814c4226fe2d4bcdf7c943c5af37d6cdc3cfce3b7eaf727e29de7e2ee784c09f5c8ab6e99a78,NO INJURY / DRIVE AWAY,"OVER $1,500",2025-09-21T19:30:00.000,NO CONTROLS,SIDESWIPE OPPOSITE DIRECTION,Y,0,0,2,0,0,0,0,41.9389210638,DAYLIGHT,-87.6442135215,NO INDICATION OF INJURY,2,30,DRIVING ON WRONG SIDE/WRONG WAY,NOT ON SCENE (DESK REPORT),UNKNOWN,DRY,NOT APPLICABLE,N,BROADWAY,3143,NO CONTROLS,NOT DIVIDED,CLEAR,,Y,,,,,2,2,"{""coordinates"": [-87.644213521548, 41.9389210638], ""type"": ""Point""}","[""FRONT-LEFT-CORNER"", ""SIDE-LEFT""]","[""PASSING/OVERTAKING"", ""STRAIGHT AHEAD""]",[],"[""N"", ""S""]","[""DRIVER""]","[""UNKNOWN""]","[""PERSONAL""]","[""2020"", ""2023""]","[""34""]","[""DEPLOYMENT UNKNOWN"", ""NOT APPLICABLE""]","[""NONE""]","[""NO INDICATION OF INJURY""]","[""DRIVER""]","[""USAGE UNKNOWN""]","[""F"", ""M""]",[]
STRAIGHT AND LEVEL,131,2025-09-21T19:00:00.000,1,19,9,033663c0cdab0191e226526412cbcdb39aa0740fec559ab432c07bbe1a2d29ae46d796c200bd1c6fb38d7cccb52394fe9a2fc3340e3c87e48fae05f41b48014a,NO INJURY / DRIVE AWAY,"OVER $1,500",2025-09-24T18:56:00.000,NO CONTROLS,PEDESTRIAN,Y,0,0,2,0,0,0,0,41.8657003856,DAYLIGHT,-87.6242595813,NO INDICATION OF INJURY,2,30,FAILING TO YIELD RIGHT-OF-WAY,NOT ON SCENE (DESK REPORT),UNKNOWN,DRY,NOT APPLICABLE,S,MICHIGAN AVE,1300,NO CONTROLS,FOUR WAY,CLEAR,,,,,,,2,2,"{""coordinates"": [-87.624259581278, 41.865700385616], ""type"": ""Point""}","[""FRONT-RIGHT-CORNER""]","[""STRAIGHT AHEAD""]",[],"[""S""]","[""DRIVER"", ""PEDESTRIAN""]","[""NONE""]","[""PERSONAL""]","[""2019""]",[],"[""DID NOT DEPLOY""]","[""NONE""]","[""NO INDICATION OF INJURY""]","[""DRIVER"", ""PEDESTRIAN""]","[""NONE PRESENT"", ""SAFETY BELT USED""]","[""M""]",[]
STRAIGHT AND LEVEL,131,2025-09-21T19:00:00.000,1,19,9,622071eaec5b87e4cc6436ec7e491ad4b3cde7acc0f4f4fb01dc4c49f66a3a50620844a2b6d4c8ea60a095a8757c2ef77e951eedf80bdbe4b2fd53bd8dc72335,NO INJURY / DRIVE AWAY,"OVER $1,500",2025-09-21T20:15:00.000,UNKNOWN,PARKED MOTOR VEHICLE,Y,0,0,1,0,0,0,0,41.8529802641,UNKNOWN,-87.6256484724,NO INDICATION OF INJURY,2,30,DRIVING SKILLS/KNOWLEDGE/EXPERIENCE,NOT ON SCENE (DESK REPORT),UNKNOWN,UNKNOWN,UNABLE TO DETERMINE,S,WABASH AVE,2140,UNKNOWN,NOT DIVIDED,UNKNOWN,,,,,,,2,1,"{""coordinates"": [-87.625648472423, 41.852980264092], ""type"": ""Point""}","[""UNKNOWN""]","[""PARKED"", ""STRAIGHT AHEAD""]",[],"[""N""]","[""DRIVER"", ""PARKED""]","[""UNKNOWN""]","[""PERSONAL"", ""UNKNOWN/NA""]","[""2021""]",[],"[""DEPLOYMENT UNKNOWN""]","[""UNKNOWN""]","[""NO INDICATION OF INJURY""]","[""DRIVER""]","[""USAGE UNKNOWN""]","[""X""]",[]
STRAIGHT AND LEVEL,111,2025-09-21T19:00:00.000,1,19,9,65a8e7f5c9d2b4a59b60f69edccd436dd09a1f87f89ac598c3c56c9649a485a11251957bd6ab3752a19660f471ce47efc99299464cb2b4a5fb55888626d6610e,NO INJURY / DRIVE AWAY,"$501 - $1,500",2025-09-21T23:00:00.000,NO CONTROLS,SIDESWIPE SAME DIRECTION,,0,0,2,0,0,0,0,41.8843757761,"DARKNESS, LIGHTED ROAD",-87.628865882,NO INDICATION OF INJURY,2,30,UNABLE TO DETERMINE,NOT ON SCENE (DESK REPORT),UNKNOWN,UNKNOWN,UNABLE TO DETERMINE,W,RANDOLPH ST,25,NO CONTROLS,ONE-WAY,CLEAR,,,,,,,2,2,"{""coordinates"": [-87.628865882038, 41.884375776088], ""type"": ""Point""}","[""SIDE-LEFT"", ""SIDE-RIGHT""]","[""STRAIGHT AHEAD""]",[],"[""W""]","[""DRIVER""]","[""UNKNOWN""]","[""PERSONAL"", ""UNKNOWN/NA""]","[""2021"", ""2025""]","[""27"", ""41""]","[""DID NOT DEPLOY""]","[""NONE""]","[""NO INDICATION OF INJURY""]","[""DRIVER""]","[""USAGE UNKNOWN""]","[""M""]",[]
STRAIGHT AND LEVEL,1654,2025-09-21T19:03:00.000,1,19,9,4cc6c7f4f8b11cad4ca9986a9bcc2c6623f9d18959c76f81223d0a41ebba51843e51d8e74e17f483fd014d401ef2443f8f02dae2cd52a23570aaffb657a30adb,NO INJURY / DRIVE AWAY,"OVER $1,500",2025-09-21T19:28:00.000,FUNCTIONING PROPERLY,TURNING,,0,0,2,0,0,0,0,,"DARKNESS, LIGHTED ROAD",,NO INDICATION OF INJURY,2,30,DISREGARDING TRAFFIC SIGNALS,ON SCENE,UNKNOWN,DRY,NOT APPLICABLE,N,BESSIE COLEMAN DR,136,TRAFFIC SIGNAL,CENTER TURN LANE,CLEAR,Y,,,,,,2,2,,"[""FRONT"", ""SIDE-RIGHT""]","[""STRAIGHT AHEAD"", ""TURNING LEFT""]",[],"[""N"", ""S""]","[""DRIVER""]","[""UNKNOWN""]","[""PERSONAL""]","[""2008"", ""2020""]","[""30"", ""68""]","[""NOT APPLICABLE""]","[""NONE""]","[""NO INDICATION OF INJURY""]","[""DRIVER""]","[""USAGE UNKNOWN""]","[""F"", ""M""]",[]
STRAIGHT AND LEVEL,132,2025-09-21T19:10:00.000,1,19,9,50a208e9794d2f677b0192a151a2c0646c90523fa9d7ec704e7525c932bb8a7a9f6b15055b8179bdd82488c284af9e0c687674b2cf68af8f001af26dc39a4b07,NO INJURY / DRIVE AWAY,"OVER $1,500",2025-09-22T19:30:00.000,UNKNOWN,SIDESWIPE SAME DIRECTION,,0,0,2,0,0,0,0,41.8604394942,UNKNOWN,-87.6174075902,NO INDICATION OF INJURY,2,30,IMPROPER BACKING,NOT ON SCENE (DESK REPORT),UNKNOWN,UNKNOWN,DRIVING SKILLS/KNOWLEDGE/EXPERIENCE,E,WALDRON DR,406,UNKNOWN,DIVIDED - W/MEDIAN (NOT RAISED),UNKNOWN,Y,,,,,,2,2,"{""coordinates"": [-87.61740759022, 41.860439494184], ""type"": ""Point""}","[""FRONT"", ""UNKNOWN""]","[""BACKING"", ""STRAIGHT AHEAD""]",[],"[""N""]","[""DRIVER""]","[""UNKNOWN""]","[""UNKNOWN/NA""]","[""2010"", ""2012""]","[""21"", ""32""]","[""DEPLOYMENT UNKNOWN""]","[""UNKNOWN""]","[""NO INDICATION OF INJURY""]","[""DRIVER""]","[""USAGE UNKNOWN""]","[""F"", ""M""]",[]
STRAIGHT AND LEVEL,833,2025-09-21T19:10:00.000,1,19,9,ecdfb0c066d4662cacfb0f4be11e9655e226989e60b50b52b4de0bd95b79ced2b9706dce0402decd18d57aa9c0b6edfb7291734254e16a7e17bd3208263e2116,NO INJURY / DRIVE AWAY,"OVER $1,500",2025-09-21T19:14:00.000,NO CONTROLS,SIDESWIPE SAME DIRECTION,Y,0,0,2,0,0,0,0,41.7715664129,"DARKNESS, LIGHTED ROAD",-87.7172488199,NO INDICATION OF INJURY,2,30,IMPROPER OVERTAKING/PASSING,ON SCENE,NO DEFECTS,DRY,NOT APPLICABLE,W,MARQUETTE RD,3750,NO CONTROLS,NOT DIVIDED,CLEAR,,,,,,,2,2,"{""coordinates"": [-87.717248819947, 41.771566412947], ""type"": ""Point""}","[""FRONT-LEFT-CORNER"", ""REAR-RIGHT-CORNER""]","[""PASSING/OVERTAKING"", ""STRAIGHT AHEAD""]",[],"[""W""]","[""DRIVER""]","[""NONE"", ""UNKNOWN""]","[""PERSONAL""]","[""2023""]","[""29""]","[""DEPLOYMENT UNKNOWN"", ""DID NOT DEPLOY""]","[""NONE""]","[""NO INDICATION OF INJURY""]","[""DRIVER""]","[""SAFETY BELT USED"", ""USAGE UNKNOWN""]","[""M""]",[]
STRAIGHT AND LEVEL,224,2025-09-21T19:14:00.000,1,19,9,abb40794e3da62042f82442ffc526b13e53dab8a063bc1339e82a99aa479c174ff82c8da9172ee28109541afee302340df20907c7e5ad1a7e6b543727bc757e3,INJURY AND / OR TOW DUE TO CRASH,"$501 - $1,500",2025-09-21T19:20:00.000,NO CONTROLS,PEDALCYCLIST,,0,0,1,1,0,1,0,,DARKNESS,,NONINCAPACITATING INJURY,2,30,UNABLE TO DETERMINE,ON SCENE,UNKNOWN,DRY,UNABLE TO DETERMINE,S,DR MARTIN LUTHER KING JR SD,4910,NO CONTROLS,DIVIDED - W/MEDIAN (NOT RAISED),CLEAR,,,,,,,2,2,,"[""FRONT""]","[""STRAIGHT AHEAD""]",[],"[""S""]","[""BICYCLE"", ""DRIVER""]","[""NONE""]","[""PERSONAL""]","[""1986""]","[""51"", ""63""]","[""NOT APPLICABLE""]","[""NONE""]","[""NO INDICATION OF INJURY"", ""NONINCAPACITATING INJURY""]","[""BICYCLE"", ""DRIVER""]","[""HELMET NOT USED"", ""USAGE UNKNOWN""]","[""M""]",[]
STRAIGHT AND LEVEL,1634,2025-09-21T19:15:00.000,1,19,9,718579c8af9e6b4d3b841b512c249235bfe9a93b611003ad300b68650ba47173f4c98fcd3e9ab53608c7507611126f854599940a68f04ff899df5786fbd0ca2e,NO INJURY / DRIVE AWAY,"OVER $1,500",2025-09-21T19:17:00.000,FUNCTIONING PROPERLY,ANGLE,,0,0,2,0,0,0,0,41.9425200062,"DARKNESS, LIGHTED ROAD",-87.7471128212,NO INDICATION OF INJURY,2,30,FAILING TO YIELD RIGHT-OF-WAY,ON SCENE,NO DEFECTS,DRY,NOT APPLICABLE,N,CICERO AVE,3400,TRAFFIC SIGNAL,FOUR WAY,CLEAR,Y,,,,,,2,2,"{""coordinates"": [-87.747112821184, 41.942520006214], ""type"": ""Point""}","[""FRONT-LEFT-CORNER"", ""FRONT-RIGHT-CORNER""]","[""STRAIGHT AHEAD""]",[],"[""E"", ""S""]","[""DRIVER""]","[""NONE"", ""UNKNOWN""]","[""PERSONAL""]","[""2007"", ""2015""]","[""42"", ""63""]","[""DID NOT DEPLOY"", ""NOT APPLICABLE""]","[""NONE""]","[""NO INDICATION OF INJURY""]","[""DRIVER""]","[""NONE PRESENT"", ""USAGE UNKNOWN""]","[""M""]",[]
STRAIGHT AND LEVEL,1653,2025-09-21T19:20:00.000,1,19,9,c73756e4643d0c22cbfab4b079c78246da6d800d87f92d5b8ccb371d7607aa59555594fea7033a775de8bd767a022831e80ad0af5c571fa699cdf4dbb616da90,NO INJURY / DRIVE AWAY,"OVER $1,500",2025-09-21T19:40:00.000,NO CONTROLS,PARKED MOTOR VEHICLE,,0,0,2,0,0,0,0,,"DARKNESS, LIGHTED ROAD",,NO INDICATION OF INJURY,2,30,UNABLE TO DETERMINE,ON SCENE,NO DEFECTS,DRY,NOT APPLICABLE,W,TERMINAL ST,3,NO CONTROLS,ONE-WAY,CLEAR,,,,,,,2,2,,"[""FRONT-RIGHT-CORNER"", ""REAR-LEFT-CORNER""]","[""ENTERING TRAFFIC LANE FROM PARKING"", ""PARKED""]",[],"[""W""]","[""DRIVER"", ""PARKED""]","[""NONE""]","[""PERSONAL""]","[""2007"", ""2022""]","[""26"", ""28""]","[""DID NOT DEPLOY"", ""NOT APPLICABLE""]","[""NONE""]","[""NO INDICATION OF INJURY""]","[""DRIVER"", ""PASSENGER""]","[""SAFETY BELT USED""]","[""M""]","[""1""]"
STRAIGHT AND LEVEL,131,2025-09-21T19:21:00.000,1,19,9,0d9a8e5dbe6ff1406abd5f9e6d1aac5d6ef9d355aa26cc6a6613db3fe22e9d9da361faf282f95d69ae2225468e5a3de38af8b88870cacf5b4cf43b5ff710a028,INJURY AND / OR TOW DUE TO CRASH,"OVER $1,500",2025-09-21T19:38:00.000,FUNCTIONING PROPERLY,TURNING,,0,0,2,0,1,1,0,41.8553886105,"DARKNESS, LIGHTED ROAD",-87.6269979453,"REPORTED, NOT EVIDENT",2,30,FAILING TO YIELD RIGHT-OF-WAY,ON SCENE,NO DEFECTS,DRY,NOT APPLICABLE,S,STATE ST,2001,TRAFFIC SIGNAL,FOUR WAY,CLEAR,,,,,,,2,3,"{""coordinates"": [-87.62699794531, 41.855388610498], ""type"": ""Point""}","[""FRONT""]","[""STRAIGHT AHEAD"", ""TURNING LEFT""]",[],"[""N"", ""S""]","[""DRIVER""]","[""NONE""]","[""PERSONAL""]","[""2006"", ""2017""]","[""17"", ""25""]","[""DEPLOYED, FRONT"", ""DID NOT DEPLOY""]","[""NONE""]","[""NO INDICATION OF INJURY"", ""REPORTED, NOT EVIDENT""]","[""DRIVER"", ""PASSENGER""]","[""SAFETY BELT USED""]","[""F"", ""M""]","[""3""]"
STRAIGHT AND LEVEL,424,2025-09-21T19:30:00.000,1,19,9,42b136c0e4b95b8e1b7f6616cba7369993f83af4c2695491ea6c51c3cbb2cf2b0adf52e15063e11f1b66dffbaebb84ff6118e3f89aac5af3228f036405929b39,NO INJURY / DRIVE AWAY,"OVER $1,500",2025-09-21T20:00:00.000,UNKNOWN,SIDESWIPE SAME DIRECTION,Y,0,0,2,0,0,0,0,41.7373280444,"DARKNESS, LIGHTED ROAD",-87.5401550669,NO INDICATION OF INJURY,2,55,UNABLE TO DETERMINE,NOT ON SCENE (DESK REPORT),NO DEFECTS,DRY,UNABLE TO DETERMINE,S,LAKE SHORE DR,8701,UNKNOWN,DIVIDED - W/MEDIAN BARRIER,CLEAR,,,,,,,2,2,"{""coordinates"": [-87.540155066852, 41.737328044439], ""type"": ""Point""}","[""SIDE-LEFT"", ""UNKNOWN""]","[""STRAIGHT AHEAD""]",[],"[""N""]","[""DRIVER""]","[""UNKNOWN""]","[""PERSONAL"", ""UNKNOWN/NA""]","[""2023""]","[""66""]","[""DEPLOYMENT UNKNOWN"", ""NOT APPLICABLE""]","[""NONE""]","[""NO INDICATION OF INJURY""]","[""DRIVER""]","[""SAFETY BELT USED"", ""USAGE UNKNOWN""]","[""M""]",[]
STRAIGHT AND LEVEL,2514,2025-09-21T19:30:00.000,1,19,9,49d59e4ad9b8496458607e46dfac1d79e21bb0df7dd0cecb22f1620b203c9014091f43efd4f04168e490d675c2cfc85bd2fcbc9c8ea3073f67595e80e36e4a59,NO INJURY / DRIVE AWAY,"OVER $1,500",2025-09-21T20:18:00.000,FUNCTIONING PROPERLY,REAR END,Y,0,0,2,0,0,0,0,41.9296304303,"DARKNESS, LIGHTED ROAD",-87.7565001649,NO INDICATION OF INJURY,2,30,FOLLOWING TOO CLOSELY,ON SCENE,NO DEFECTS,DRY,NOT APPLICABLE,N,LARAMIE AVE,2700,STOP SIGN/FLASHER,NOT DIVIDED,CLEAR,Y,,,,,,2,2,"{""coordinates"": [-87.756500164878, 41.929630430303], ""type"": ""Point""}","[""FRONT"", ""REAR""]","[""SLOW/STOP IN TRAFFIC"", ""STRAIGHT AHEAD""]",[],"[""N""]","[""DRIVER""]","[""NONE"", ""UNKNOWN""]","[""OTHER"", ""PERSONAL""]","[""2009"", ""2014""]","[""25"", ""29""]","[""DEPLOYMENT UNKNOWN"", ""DID NOT DEPLOY""]","[""NONE"", ""UNKNOWN""]","[""NO INDICATION OF INJURY""]","[""DRIVER""]","[""USAGE UNKNOWN""]","[""M""]",[]
STRAIGHT AND LEVEL,1911,2025-09-21T19:35:00.000,1,19,9,b76118f56aa323c48eaf79481469df41bb98de9a36bf771994c4d17d20f65e2734b1e9e0a86c2ee5701c26a5ec49ed083c54efff4dd40da881ba261966df9956,NO INJURY / DRIVE AWAY,"$501 - $1,500",2025-09-21T21:20:00.000,FUNCTIONING PROPERLY,TURNING,,0,0,2,0,0,0,0,41.966848451,"DARKNESS, LIGHTED ROAD",-87.6889984037,NO INDICATION OF INJURY,2,30,UNABLE TO DETERMINE,NOT ON SCENE (DESK REPORT),UNKNOWN,DRY,UNABLE TO DETERMINE,N,WESTERN AVE,4700,TRAFFIC SIGNAL,NOT DIVIDED,CLEAR,,,,,,,2,2,"{""coordinates"": [-87.688998403679, 41.966848450952], ""type"": ""Point""}","[""TOTAL (ALL AREAS)"", ""UNKNOWN""]","[""STRAIGHT AHEAD"", ""TURNING LEFT""]",[],"[""N""]","[""DRIVER""]","[""UNKNOWN""]","[""UNKNOWN/NA""]","[""2003"", ""2020""]","[""38"", ""48""]","[""DID NOT DEPLOY""]","[""NONE""]","[""NO INDICATION OF INJURY""]","[""DRIVER""]","[""SAFETY BELT USED"", ""USAGE UNKNOWN""]","[""F"", ""M""]",[]
STRAIGHT AND LEVEL,1831,2025-09-21T19:40:00.000,1,19,9,57d0e303be6a53d38ce237d691956d533f694ac8fff8c13535c7b4c47ae3d47872e53bc61ff4faad68a4e75f0d743cdf3c70992030279a0ffee8d71b5532a740,NO INJURY / DRIVE AWAY,"OVER $1,500",2025-09-22T11:55:00.000,FUNCTIONING PROPERLY,SIDESWIPE SAME DIRECTION,,0,0,2,0,0,0,0,41.8916567898,DAYLIGHT,-87.6369610306,NO INDICATION OF INJURY,2,30,IMPROPER OVERTAKING/PASSING,NOT ON SCENE (DESK REPORT),NO DEFECTS,DRY,FAILING TO YIELD RIGHT-OF-WAY,W,GRAND AVE,332,TRAFFIC SIGNAL,FOUR WAY,CLEAR,Y,,,,,,2,2,"{""coordinates"": [-87.636961030603, 41.891656789759], ""type"": ""Point""}","[""FRONT-RIGHT-CORNER"", ""SIDE-LEFT""]","[""PASSING/OVERTAKING"", ""STRAIGHT AHEAD""]",[],"[""W""]","[""DRIVER""]","[""NONE"", ""UNKNOWN""]","[""PERSONAL""]","[""2017"", ""2021""]","[""30"", ""46""]","[""DID NOT DEPLOY""]","[""NONE""]","[""NO INDICATION OF INJURY""]","[""DRIVER""]","[""SAFETY BELT USED"", ""USAGE UNKNOWN""]","[""M""]",[]
STRAIGHT AND LEVEL,834,2025-09-21T19:40:00.000,1,19,9,73d3da0187134a155d6a94c3f0929e0d1cc9ebc859f4258da547c411ca7bb2167510e3fbebff5939afd06496db6a2ef171cb5767c5823b82d8dac706379e4a15,NO INJURY / DRIVE AWAY,"OVER $1,500",2025-09-22T15:27:00.000,NO CONTROLS,SIDESWIPE SAME DIRECTION,,0,0,2,0,0,0,0,41.7385181508,"DARKNESS, LIGHTED ROAD",-87.7022289549,NO INDICATION OF INJURY,2,30,IMPROPER OVERTAKING/PASSING,NOT ON SCENE (DESK REPORT),UNKNOWN,DRY,NOT APPLICABLE,S,KEDZIE AVE,8510,NO CONTROLS,NOT DIVIDED,CLEAR,,,,,,,2,2,"{""coordinates"": [-87.702228954865, 41.738518150771], ""type"": ""Point""}","[""SIDE-LEFT"", ""SIDE-RIGHT""]","[""STRAIGHT AHEAD""]",[],"[""S"", ""SE""]","[""DRIVER""]","[""UNKNOWN""]","[""PERSONAL""]","[""2016""]",[],"[""DID NOT DEPLOY""]","[""NONE""]","[""NO INDICATION OF INJURY""]","[""DRIVER""]","[""SAFETY BELT USED"", ""USAGE UNKNOWN""]","[""F"", ""M""]",[]