alignment,beat_of_occurrence,crash_date,crash_day_of_week,crash_hour,crash_month,crash_record_id,crash_type,damage,date_police_notified,device_condition,first_crash_type,hit_and_run_i,injuries_fatal,injuries_incapacitating,injuries_no_indication,injuries_non_incapacitating,injuries_reported_not_evident,injuries_total,injuries_unknown,latitude,lighting_condition,longitude,most_severe_injury,num_units,posted_speed_limit,prim_contributory_cause,report_type,road_defect,roadway_surface_cond,sec_contributory_cause,street_direction,street_name,street_no,traffic_control_device,trafficway_type,weather_condition,intersection_related_i,crash_date_est_i,private_property_i,statements_taken_i,photos_taken_i,work_zone_i,veh_count,ppl_count,location_json,veh_first_contact_point_list_json,veh_maneuver_list_json,veh_towed_i_list_json,veh_travel_direction_list_json,veh_unit_type_list_json,veh_vehicle_defect_list_json,veh_vehicle_use_list_json,veh_vehicle_year_list_json,ppl_age_list_json,ppl_airbag_deployed_list_json,ppl_ejection_list_json,ppl_injury_classification_list_json,ppl_person_type_list_json,ppl_safety_equipment_list_json,ppl_sex_list_json,ppl_seat_no_list_json
STRAIGHT AND LEVEL,2233,2025-09-21T19:44:00.000,1,19,9,def27a30b96ae5fb71dd042ea1b18bbe2a25a39584939bc1a5d7cfe4957b5f474f12b28d38e5b92a8d6d1c1fce633183e3e9d7fba640662210299cbd2b75babc,NO INJURY / DRIVE AWAY,"OVER $1,500",2025-09-22T12:45:00.000,FUNCTIONING PROPERLY,ANGLE,,0,0,2,0,0,0,0,41.6925245332,"DARKNESS, LIGHTED ROAD",-87.6375966645,NO INDICATION OF INJURY,2,30,UNABLE TO DETERMINE,NOT ON SCENE (DESK REPORT),NO DEFECTS,DRY,NOT APPLICABLE,W,111TH ST,600,STOP SIGN/FLASHER,NOT DIVIDED,CLEAR,,,,,,,2,2,"{""coordinates"": [-87.63759666452, 41.692524533233], ""type"": ""Point""}","[""FRONT"", ""SIDE-RIGHT-REAR""]","[""STRAIGHT AHEAD""]",[],"[""N"", ""W""]","[""DRIVER""]","[""NONE"", ""UNKNOWN""]","[""PERSONAL"", ""UNKNOWN/NA""]","[""2014"", ""2023""]","[""53""]","[""NOT APPLICABLE""]","[""NONE""]","[""NO INDICATION OF INJURY""]","[""DRIVER""]","[""SAFETY BELT USED"", ""USAGE UNKNOWN""]","[""F"", ""M""]",[]
STRAIGHT AND LEVEL,815,2025-09-21T19:45:00.000,1,19,9,364455bde52c999ee8c210ff1e44a3c525f9202bf65a155fb328e1d804d9eb51d8dc70cd03edadbb60b178ec6756cc9504eb6d9b2e7e516aa7650ca9ced0744c,NO INJURY / DRIVE AWAY,"OVER $1,500",2025-09-21T20:06:00.000,NO CONTROLS,SIDESWIPE SAME DIRECTION,,0,0,6,0,0,0,0,41.798747281,DARKNESS,-87.7427856868,NO INDICATION OF INJURY,2,30,IMPROPER OVERTAKING/PASSING,NOT ON SCENE (DESK REPORT),NO DEFECTS,DRY,NOT APPLICABLE,S,CICERO AVE,5199,NO CONTROLS,NOT DIVIDED,CLEAR,,,,,,,2,6,"{""coordinates"": [-87.742785686821, 41.798747281016], ""type"": ""Point""}","[""FRONT-RIGHT-CORNER"", ""SIDE-LEFT""]","[""PASSING/OVERTAKING"", ""STRAIGHT AHEAD""]",[],"[""S""]","[""DRIVER""]","[""NONE""]","[""PERSONAL""]","[""2014"", ""2019""]","[""42"", ""44""]","[""DID NOT DEPLOY""]","[""NONE""]","[""NO INDICATION OF INJURY""]","[""DRIVER"", ""PASSENGER""]","[""CHILD RESTRAINT - FORWARD FACING"", ""SAFETY BELT USED""]","[""F"", ""M""]","[""12"", ""3"", ""4"", ""6""]"
STRAIGHT AND LEVEL,1213,2025-09-21T19:50:00.000,1,19,9,442f8da28e8d8b40383d5d00efcbcaca063a20b839d1c79e9a538331c738e5417624eba25c8ac2c576469b97a725fd21f28f93232762b918a9519ec565740d51,NO INJURY / DRIVE AWAY,"OVER $1,500",2025-09-21T20:17:00.000,FUNCTIONING PROPERLY,PARKED MOTOR VEHICLE,Y,0,0,1,0,0,0,0,41.8995252364,"DARKNESS, LIGHTED ROAD",-87.6721335794,NO INDICATION OF INJURY,4,30,UNABLE TO DETERMINE,ON SCENE,UNKNOWN,DRY,NOT APPLICABLE,W,AUGUSTA BLVD,1759,TRAFFIC SIGNAL,NOT DIVIDED,CLEAR,,,,,,,4,1,"{""coordinates"": [-87.672133579432, 41.899525236418], ""type"": ""Point""}","[""REAR"", ""UNKNOWN""]","[""PARKED"", ""UNKNOWN/NA""]",[],"[""E"", ""UNKNOWN""]","[""DRIVER"", ""PARKED""]","[""UNKNOWN""]","[""PERSONAL"", ""UNKNOWN/NA""]","[""2005"", ""2014"", ""2016"", ""2026""]",[],"[""DEPLOYMENT UNKNOWN""]","[""NONE""]","[""NO INDICATION OF INJURY""]","[""DRIVER""]","[""USAGE UNKNOWN""]","[""X""]",[]
STRAIGHT AND LEVEL,123,2025-09-21T19:55:00.000,1,19,9,8bf390a72d8b468d5ad1e713c3e82a0b782345043922c035781f42311df10663aae239b2a750e53a71c80b25bf7104cca354129eaf73df5db9a35bc9aa07f0fc,NO INJURY / DRIVE AWAY,"OVER $1,500",2025-09-21T21:30:00.000,NO CONTROLS,SIDESWIPE SAME DIRECTION,,0,0,2,0,0,0,0,41.8727988694,"DARKNESS, LIGHTED ROAD",-87.6243378103,NO INDICATION OF INJURY,2,30,IMPROPER LANE USAGE,NOT ON SCENE (DESK REPORT),NO DEFECTS,DRY,IMPROPER TURNING/NO SIGNAL,S,MICHIGAN AVE,720,NO CONTROLS,DIVIDED - W/MEDIAN BARRIER,CLEAR,,,,,,,2,2,"{""coordinates"": [-87.62433781031, 41.872798869355], ""type"": ""Point""}","[""FRONT-LEFT-CORNER"", ""FRONT-RIGHT-CORNER""]","[""ENTERING TRAFFIC LANE FROM PARKING"", ""STRAIGHT AHEAD""]",[],"[""S"", ""SE""]","[""DRIVER""]","[""NONE""]","[""PERSONAL"", ""TAXI/FOR HIRE""]","[""2012"", ""2019""]","[""29"", ""33""]","[""DID NOT DEPLOY"", ""NOT APPLICABLE""]","[""NONE""]","[""NO INDICATION OF INJURY""]","[""DRIVER""]","[""SAFETY BELT USED""]","[""M""]",[]
STRAIGHT AND LEVEL,731,2025-09-21T19:57:00.000,1,19,9,6cd383cb3373b709d07292332c0d864e742e5440609e25c9605a25bb0f971126d7123a03fccf9a8a1b9f861c4136b66c36773ee671ab8dd2546bff1043bc032a,INJURY AND / OR TOW DUE TO CRASH,"OVER $1,500",2025-09-21T19:57:00.000,NO CONTROLS,REAR END,,0,0,2,0,1,1,0,41.7653024908,"DARKNESS, LIGHTED ROAD",-87.6312257949,"REPORTED, NOT EVIDENT",3,30,FOLLOWING TOO CLOSELY,ON SCENE,UNKNOWN,DRY,FOLLOWING TOO CLOSELY,W,71ST ST,237,NO CONTROLS,NOT DIVIDED,CLEAR,,,,,,,3,3,"{""coordinates"": [-87.631225794911, 41.765302490792], ""type"": ""Point""}","[""FRONT"", ""REAR""]","[""SLOW/STOP IN TRAFFIC"", ""STRAIGHT AHEAD""]",[],"[""E""]","[""DRIVER""]","[""UNKNOWN""]","[""PERSONAL""]","[""2007"", ""2024""]","[""22"", ""26"", ""49""]","[""DEPLOYED, COMBINATION"", ""DID NOT DEPLOY"", ""NOT APPLICABLE""]","[""NONE""]","[""NO INDICATION OF INJURY"", ""REPORTED, NOT EVIDENT""]","[""DRIVER""]","[""USAGE UNKNOWN""]","[""F"", ""M""]",[]
STRAIGHT AND LEVEL,2535,2025-09-21T20:00:00.000,1,20,9,c72ba949a5857b708e94226451b823ffbbf6c549fa9c8d1d786950b041ef588971c2c767ba74975a3593b15f9cd0f5b47009f114dab8d83470a548259eb12c65,NO INJURY / DRIVE AWAY,"OVER $1,500",2025-09-21T20:00:00.000,UNKNOWN,TURNING,,0,0,2,0,0,0,0,41.9057938403,DUSK,-87.7262511371,NO INDICATION OF INJURY,2,30,NOT APPLICABLE,NOT ON SCENE (DESK REPORT),UNKNOWN,DRY,NOT APPLICABLE,N,PULASKI RD,1345,UNKNOWN,UNKNOWN,CLEAR,,,,,,,2,2,"{""coordinates"": [-87.726251137072, 41.905793840339], ""type"": ""Point""}","[""FRONT-LEFT-CORNER"", ""FRONT-RIGHT-CORNER""]","[""CHANGING LANES"", ""TURNING RIGHT""]",[],"[""N""]","[""DRIVER""]","[""NONE"", ""UNKNOWN""]","[""PERSONAL""]","[""2015"", ""2021""]","[""30"", ""32""]","[""DID NOT DEPLOY"", ""NOT APPLICABLE""]","[""NONE"", ""UNKNOWN""]","[""NO INDICATION OF INJURY""]","[""DRIVER""]","[""SAFETY BELT USED""]","[""M""]",[]
STRAIGHT AND LEVEL,331,2025-09-21T20:07:00.000,1,20,9,c7364bd5df3a1224483ff7f713ae348607345fd2a8d0db77f16c3cece0e14a862396b4fb8365c9d03161262e0dde2b31e045582134b5488a36c7e73021c99646,NO INJURY / DRIVE AWAY,"OVER $1,500",2025-09-21T20:07:00.000,FUNCTIONING PROPERLY,TURNING,Y,0,0,2,0,0,0,0,41.775307524,"DARKNESS, LIGHTED ROAD",-87.5753109171,NO INDICATION OF INJURY,2,30,DISREGARDING TRAFFIC SIGNALS,ON SCENE,NO DEFECTS,DRY,NOT APPLICABLE,S,JEFFERY DR,6600,TRAFFIC SIGNAL,FOUR WAY,CLEAR,Y,,,,,,2,2,"{""coordinates"": [-87.575310917059, 41.775307524011], ""type"": ""Point""}","[""FRONT"", ""SIDE-RIGHT""]","[""STRAIGHT AHEAD"", ""TURNING LEFT""]",[],"[""E"", ""N""]","[""DRIVER""]","[""UNKNOWN""]","[""TAXI/FOR HIRE"", ""UNKNOWN/NA""]","[""2013"", ""2019""]","[""75""]","[""DEPLOYMENT UNKNOWN"", ""DID NOT DEPLOY""]","[""NONE""]","[""NO INDICATION OF INJURY""]","[""DRIVER""]","[""USAGE UNKNOWN""]","[""M""]",[]
STRAIGHT AND LEVEL,1432,2025-09-21T20:10:00.000,1,20,9,2701e57a5abe9374ccd9eb1d1fe22c3b264a4df5f9d1c81028db06734ee149a5f283abee44bc1531a41f4ad5c5a54117f3138dccf207e30faf62c1bcfb649a6e,NO INJURY / DRIVE AWAY,"OVER $1,500",2025-09-21T20:35:00.000,NO CONTROLS,REAR END,,0,0,3,0,0,0,0,41.9248397851,DAYLIGHT,-87.6840939415,NO INDICATION OF INJURY,3,30,FOLLOWING TOO CLOSELY,NOT ON SCENE (DESK REPORT),NO DEFECTS,DRY,UNABLE TO DETERMINE,W,FULLERTON AVE,2225,NO CONTROLS,NOT DIVIDED,CLEAR,,,,,,,3,3,"{""coordinates"": [-87.684093941542, 41.924839785095], ""type"": ""Point""}","[""FRONT"", ""REAR""]","[""STRAIGHT AHEAD""]",[],"[""E""]","[""DRIVER""]","[""NONE""]","[""PERSONAL""]","[""1998"", ""2018""]","[""27"", ""52""]","[""DEPLOYMENT UNKNOWN"", ""DID NOT DEPLOY""]","[""NONE""]","[""NO INDICATION OF INJURY""]","[""DRIVER""]","[""SAFETY BELT USED"", ""USAGE UNKNOWN""]","[""F"", ""M""]",[]
STRAIGHT AND LEVEL,131,2025-09-21T20:10:00.000,1,20,9,e706b019efe9c7831c639b9a31dae1900c472eb2dac3fcdff618ee552f7afb93d8cfbf92fa57a77b0f92f9cd91636c845264f1ab3e075d8fa1f8c6ba1471240d,NO INJURY / DRIVE AWAY,"OVER $1,500",2025-09-21T20:12:00.000,NO CONTROLS,TURNING,,0,0,3,0,0,0,0,41.8542293469,"DARKNESS, LIGHTED ROAD",-87.6299869456,NO INDICATION OF INJURY,2,30,UNABLE TO DETERMINE,,NO DEFECTS,DRY,UNABLE TO DETERMINE,S,CLARK ST,2095,NO CONTROLS,NOT DIVIDED,CLEAR,,,,,,,2,3,"{""coordinates"": [-87.629986945614, 41.854229346856], ""type"": ""Point""}","[""FRONT-RIGHT-CORNER"", ""SIDE-LEFT""]","[""STRAIGHT AHEAD"", ""U-TURN""]",[],"[""N""]","[""DRIVER""]","[""UNKNOWN""]","[""PERSONAL""]","[""2009"", ""2010""]","[""25"", ""28""]","[""NOT APPLICABLE""]","[""NONE""]","[""NO INDICATION OF INJURY""]","[""DRIVER"", ""PASSENGER""]","[""USAGE UNKNOWN""]","[""F"", ""M""]","[""3""]"
STRAIGHT AND LEVEL,1712,2025-09-21T20:11:00.000,1,20,9,852f225e6309e1dd2e34984cb2e19cd6826be9791b7801edea3a01de0e1a012d82a6f9e94885ced2d5ca5cd3809903b403edbaef7099d64393d45d4feae931df,NO INJURY / DRIVE AWAY,"$501 - $1,500",2025-09-21T20:59:00.000,NO CONTROLS,PARKED MOTOR VEHICLE,N,0,0,1,0,0,0,0,41.9703821959,"DARKNESS, LIGHTED ROAD",-87.7328784657,NO INDICATION OF INJURY,2,30,FAILING TO REDUCE SPEED TO AVOID CRASH,ON SCENE,NO DEFECTS,DRY,FAILING TO REDUCE SPEED TO AVOID CRASH,N,KEELER AVE,4911,NO CONTROLS,ONE-WAY,CLEAR,,,,,,,2,1,"{""coordinates"": [-87.732878465709, 41.970382195887], ""type"": ""Point""}","[""SIDE-LEFT"", ""SIDE-RIGHT""]","[""PARKED"", ""STRAIGHT AHEAD""]",[],"[""N""]","[""DRIVER"", ""PARKED""]","[""UNKNOWN""]","[""PERSONAL""]","[""2004"", ""2014""]","[""59""]","[""DID NOT DEPLOY""]","[""NONE""]","[""NO INDICATION OF INJURY""]","[""DRIVER""]","[""USAGE UNKNOWN""]","[""M""]",[]
STRAIGHT AND LEVEL,1235,2025-09-21T20:20:00.000,1,20,9,0f953ecbeb607c64ec5b848367281ad144db129c341a7c36fc7d873006c67187e3e317e8cd7526b60bc6391bfd3c7de3fd8373dc9e8ae0476479c93e7a0d86ff,NO INJURY / DRIVE AWAY,"OVER $1,500",2025-09-21T21:00:00.000,NO CONTROLS,SIDESWIPE SAME DIRECTION,,0,0,2,0,0,0,0,41.8528716877,"DARKNESS, LIGHTED ROAD",-87.6405636549,NO INDICATION OF INJURY,2,30,UNABLE TO DETERMINE,NOT ON SCENE (DESK REPORT),UNKNOWN,UNKNOWN,UNABLE TO DETERMINE,W,CERMAK RD,500,NO CONTROLS,NOT DIVIDED,CLEAR,,,,,,,2,2,"{""coordinates"": [-87.640563654904, 41.852871687739], ""type"": ""Point""}","[""FRONT-RIGHT-CORNER"", ""SIDE-LEFT-REAR""]","[""STRAIGHT AHEAD""]",[],"[""W""]","[""DRIVER""]","[""UNKNOWN""]","[""UNKNOWN/NA""]","[""2018"", ""2021""]","[""18"", ""33""]","[""DID NOT DEPLOY""]","[""NONE""]","[""NO INDICATION OF INJURY""]","[""DRIVER""]","[""USAGE UNKNOWN""]","[""M""]",[]
STRAIGHT AND LEVEL,815,2025-09-21T20:48:00.000,1,20,9,f5a655050585df80d167160b76bf7f874ccad6fc6e22ff08c45b2e69c9d40208b396411e02cb37f10e450849542517e5ca633747b46050bb41720f13f07ded4b,INJURY AND / OR TOW DUE TO CRASH,"OVER $1,500",2025-09-21T20:50:00.000,NO CONTROLS,PARKED MOTOR VEHICLE,Y,0,0,1,0,0,0,0,41.798759983,"DARKNESS, LIGHTED ROAD",-87.7293830898,NO INDICATION OF INJURY,4,20,IMPROPER LANE USAGE,ON SCENE,NO DEFECTS,DRY,UNABLE TO DETERMINE,W,52ND ST,4230,NO CONTROLS,NOT DIVIDED,CLEAR,,,,,,,4,1,"{""coordinates"": [-87.72938308976, 41.798759982998], ""type"": ""Point""}","[""FRONT-LEFT-CORNER"", ""SIDE-LEFT""]","[""PARKED"", ""STRAIGHT AHEAD""]","[""Y""]","[""E"", ""W""]","[""DRIVER"", ""PARKED""]","[""NONE"", ""UNKNOWN""]","[""NOT IN USE"", ""UNKNOWN/NA""]","[""1999"", ""2001"", ""2005"", ""2024""]",[],"[""DEPLOYMENT UNKNOWN""]","[""NONE""]","[""NO INDICATION OF INJURY""]","[""DRIVER""]","[""USAGE UNKNOWN""]","[""X""]",[]
STRAIGHT AND LEVEL,1512,2025-09-21T21:00:00.000,1,21,9,67ac354270fb77d90563391e9855e5153ab3e5048293d8c5043db775b4cbdc008f922323f2ccd3eaed7d01fcc9a13d67741eba04c732b9d906bcfed5f141089e,NO INJURY / DRIVE AWAY,"OVER $1,500",2025-09-21T22:00:00.000,NO CONTROLS,PARKED MOTOR VEHICLE,,0,0,1,0,0,0,0,41.8908984969,UNKNOWN,-87.7742593643,NO INDICATION OF INJURY,2,15,IMPROPER OVERTAKING/PASSING,NOT ON SCENE (DESK REPORT),UNKNOWN,UNKNOWN,DRIVING SKILLS/KNOWLEDGE/EXPERIENCE,W,OHIO ST,5953,NO CONTROLS,ALLEY,UNKNOWN,,N,,,,,2,1,"{""coordinates"": [-87.774259364263, 41.890898496875], ""type"": ""Point""}","[""FRONT-LEFT-CORNER"", ""REAR-RIGHT-CORNER""]","[""OTHER"", ""PARKED""]",[],"[""E""]","[""DRIVER"", ""PARKED""]","[""NONE"", ""UNKNOWN""]","[""PERSONAL""]","[""2009"", ""2020""]","[""33""]","[""NOT APPLICABLE""]","[""NONE""]","[""NO INDICATION OF INJURY""]","[""DRIVER""]","[""USAGE UNKNOWN""]","[""F""]",[]
STRAIGHT AND LEVEL,914,2025-09-21T21:00:00.000,1,21,9,8e73f172b57e65dc189baff2feedd3a9df40c59b263702c0e32ef773889ae78ba6473606c51b01662f33107401408b8dee610085bd57d10a5d983d252cd70c17,NO INJURY / DRIVE AWAY,"OVER $1,500",2025-09-22T13:15:00.000,NO CONTROLS,PARKED MOTOR VEHICLE,Y,0,0,1,0,0,0,0,41.8522564092,"DARKNESS, LIGHTED ROAD",-87.6339100665,NO INDICATION OF INJURY,2,30,UNABLE TO DETERMINE,NOT ON SCENE (DESK REPORT),NO DEFECTS,DRY,UNABLE TO DETERMINE,W,22ND PL,248,NO CONTROLS,ONE-WAY,CLEAR,,,,,N,,2,1,"{""coordinates"": [-87.63391006654, 41.852256409191], ""type"": ""Point""}","[""SIDE-RIGHT"", ""UNKNOWN""]","[""PARKED"", ""UNKNOWN/NA""]",[],"[""UNKNOWN"", ""W""]","[""DRIVER"", ""PARKED""]","[""NONE"", ""UNKNOWN""]","[""PERSONAL"", ""UNKNOWN/NA""]","[""2024""]",[],"[""DEPLOYMENT UNKNOWN""]","[""NONE""]","[""NO INDICATION OF INJURY""]","[""DRIVER""]","[""USAGE UNKNOWN""]","[""X""]",[]
STRAIGHT AND LEVEL,1634,2025-09-21T21:00:00.000,1,21,9,a9f2c365a9fcdfba6fa7acba89d1703e1f760ef8d47cfd288947b40b45c5134442fd8c27106126a9c9861d47e580675847be71ca5a767c063f19b1df0e3d572c,NO INJURY / DRIVE AWAY,"OVER $1,500",2025-09-22T10:00:00.000,NO CONTROLS,PARKED MOTOR VEHICLE,Y,0,0,1,0,0,0,0,41.9423578921,"DARKNESS, LIGHTED ROAD",-87.7476067609,NO INDICATION OF INJURY,2,30,UNABLE TO DETERMINE,NOT ON SCENE (DESK REPORT),NO DEFECTS,DRY,NOT APPLICABLE,W,ROSCOE ST,4815,NO CONTROLS,ONE-WAY,CLEAR,,,,,,,2,1,"{""coordinates"": [-87.747606760931, 41.942357892071], ""type"": ""Point""}","[""FRONT-LEFT-CORNER"", ""SIDE-RIGHT""]","[""PARKED"", ""STRAIGHT AHEAD""]",[],"[""E""]","[""DRIVER"", ""PARKED""]","[""UNKNOWN""]","[""PERSONAL""]","[""2017""]",[],"[""DEPLOYMENT UNKNOWN""]","[""NONE""]","[""NO INDICATION OF INJURY""]","[""DRIVER""]","[""USAGE UNKNOWN""]","[""X""]",[]
STRAIGHT AND LEVEL,334,2025-09-21T21:00:00.000,1,21,9,adbf28b29b5c418ce38fcff4537014005f51124b6d902cfb7211f31f44537d9a99987b65427ace654474fa4ddfe30860bb23ea116f4843b35da84a2f78c53cde,NO INJURY / DRIVE AWAY,"OVER $1,500",2025-09-21T21:44:00.000,NO CONTROLS,PARKED MOTOR VEHICLE,,0,0,1,0,0,0,0,41.7593227306,"DARKNESS, LIGHTED ROAD",-87.5606960236,NO INDICATION OF INJURY,2,30,UNABLE TO DETERMINE,ON SCENE,NO DEFECTS,DRY,UNABLE TO DETERMINE,S,EXCHANGE AVE,7460,NO CONTROLS,OTHER,CLEAR,,,,,,,2,1,"{""coordinates"": [-87.560696023588, 41.759322730554], ""type"": ""Point""}","[""SIDE-LEFT"", ""UNKNOWN""]","[""PARKED"", ""STRAIGHT AHEAD""]",[],"[""S""]","[""DRIVER"", ""PARKED""]","[""NONE"", ""UNKNOWN""]","[""PERSONAL""]","[""2004"", ""2024""]",[],"[""DEPLOYMENT UNKNOWN""]","[""NONE""]","[""NO INDICATION OF INJURY""]","[""DRIVER""]","[""USAGE UNKNOWN""]","[""X""]",[]
STRAIGHT AND LEVEL,911,2025-09-21T21:00:00.000,1,21,9,f0f9a758514a1c6aae47a95b1260e0f12bba4de021695105d19463d3072b3dbf62e32d8e651cc0c2588d778adb0d5caaf88dc0f2ef13d57d25c5d2c82ca6e1a5,NO INJURY / DRIVE AWAY,"OVER $1,500",2025-09-21T21:29:00.000,FUNCTIONING PROPERLY,HEAD ON,,0,0,2,0,0,0,0,41.8301872553,"DARKNESS, LIGHTED ROAD",-87.6851779251,NO INDICATION OF INJURY,2,30,UNABLE TO DETERMINE,NOT ON SCENE (DESK REPORT),NO DEFECTS,DRY,NOT APPLICABLE,S,WESTERN AVE,3500,TRAFFIC SIGNAL,NOT DIVIDED,CLEAR,Y,,,,,,2,2,"{""coordinates"": [-87.685177925102, 41.830187255269], ""type"": ""Point""}","[""FRONT""]","[""STRAIGHT AHEAD""]",[],"[""N"", ""S""]","[""DRIVER""]","[""NONE""]","[""PERSONAL""]","[""2014"", ""2018""]","[""20"", ""36""]","[""DID NOT DEPLOY""]","[""NONE""]","[""NO INDICATION OF INJURY""]","[""DRIVER""]","[""SAFETY BELT USED""]","[""F"", ""M""]",[]
STRAIGHT AND LEVEL,114,2025-09-21T21:10:00.000,1,21,9,f600dc350ba7b432216767b3f86fe3e4c4daa1a7de959e5fd8b601cfdeadde99b57fd89bb7c04158afd15dbc1d42192e9cf0dd817ff22dd0fd6da97ef91a1f25,NO INJURY / DRIVE AWAY,$500 OR LESS,2025-09-21T21:45:00.000,NO CONTROLS,REAR END,,0,0,2,0,0,0,0,41.8866175341,"DARKNESS, LIGHTED ROAD",-87.6186716726,NO INDICATION OF INJURY,2,30,UNABLE TO DETERMINE,NOT ON SCENE (DESK REPORT),UNKNOWN,DRY,UNABLE TO DETERMINE,E,SOUTH WATER ST,360,NO CONTROLS,ONE-WAY,CLEAR,,,,,,,2,2,"{""coordinates"": [-87.618671672579, 41.886617534125], ""type"": ""Point""}","[""FRONT-RIGHT-CORNER"", ""REAR-LEFT-CORNER""]","[""STRAIGHT AHEAD""]",[],"[""W""]","[""DRIVER""]","[""UNKNOWN""]","[""COMMERCIAL - SINGLE UNIT"", ""PERSONAL""]",[],[],"[""DEPLOYMENT UNKNOWN"", ""NOT APPLICABLE""]","[""NONE""]","[""NO INDICATION OF INJURY""]","[""DRIVER""]","[""USAGE UNKNOWN""]","[""F"", ""M""]",[]
STRAIGHT AND LEVEL,2534,2025-09-21T21:21:00.000,1,21,9,0383e90a921ee287633e03840fd4674f168a1dbb20b2b991f8b3c50f8e75c94d800cf83a5f73951595e6f857db7469584d6c645789d974c94ac51a08b7cc7e1d,INJURY AND / OR TOW DUE TO CRASH,"OVER $1,500",2025-09-21T21:21:00.000,NO CONTROLS,PEDESTRIAN,N,0,0,1,1,0,1,0,41.9068304483,"DARKNESS, LIGHTED ROAD",-87.7314706618,NONINCAPACITATING INJURY,2,30,IMPROPER LANE USAGE,ON SCENE,NO DEFECTS,DRY,UNABLE TO DETERMINE,N,KEELER AVE,1420,NO CONTROLS,ALLEY,CLEAR,,,,,,,2,2,"{""coordinates"": [-87.731470661799, 41.906830448267], ""type"": ""Point""}","[""OTHER""]","[""STRAIGHT AHEAD""]",[],"[""S""]","[""DRIVER"", ""PEDESTRIAN""]","[""NONE""]","[""PERSONAL""]","[""2020""]","[""41"", ""45""]","[""NOT APPLICABLE""]","[""NONE""]","[""NO INDICATION OF INJURY"", ""NONINCAPACITATING INJURY""]","[""DRIVER"", ""PEDESTRIAN""]","[""NONE PRESENT"", ""SAFETY BELT USED""]","[""M""]",[]
STRAIGHT AND LEVEL,1512,2025-09-21T21:24:00.000,1,21,9,f6d9a66bc4e8b482eebbd2aa51f740c372e0038b06240e05cf734767d15e498cbbbb09bb6f6f2842f22880d96d5ad9514d56d50fd5795c7893d87ee890423a1c,NO INJURY / DRIVE AWAY,"OVER $1,500",2025-09-21T22:35:00.000,FUNCTIONING PROPERLY,ANGLE,,0,0,3,0,0,0,0,41.8879071703,"DARKNESS, LIGHTED ROAD",-87.774773261,NO INDICATION OF INJURY,2,30,DISREGARDING TRAFFIC SIGNALS,NOT ON SCENE (DESK REPORT),NO DEFECTS,UNKNOWN,NOT APPLICABLE,W,LAKE ST,5999,TRAFFIC SIGNAL,FOUR WAY,UNKNOWN,Y,,,,,,2,3,"{""coordinates"": [-87.774773260955, 41.887907170285], ""type"": ""Point""}","[""FRONT"", ""SIDE-RIGHT""]","[""STRAIGHT AHEAD""]",[],"[""N"", ""W""]","[""DRIVER""]","[""NONE""]","[""PERSONAL""]","[""2009"", ""2024""]","[""33"", ""34"", ""46""]","[""NOT APPLICABLE""]","[""NONE""]","[""NO INDICATION OF INJURY""]","[""DRIVER"", ""PASSENGER""]","[""USAGE UNKNOWN""]","[""F"", ""M""]","[""3""]"
STRAIGHT AND LEVEL,923,2025-09-21T21:32:00.000,1,21,9,4e746ba8e75454e815140f6c1ad526646e97801c3271dc749e628d874b6550f1888ddef88e874f246c8e8ed7c6d39c36457dbb32e0cee6742c8f5e3364a783e5,NO INJURY / DRIVE AWAY,"OVER $1,500",2025-09-21T21:40:00.000,FUNCTIONING PROPERLY,TURNING,Y,0,0,2,0,0,0,0,41.7954227598,DARKNESS,-87.6939923565,NO INDICATION OF INJURY,2,30,FAILING TO YIELD RIGHT-OF-WAY,ON SCENE,NO DEFECTS,DRY,NOT APPLICABLE,S,CALIFORNIA AVE,5400,STOP SIGN/FLASHER,FOUR WAY,CLEAR,Y,,,,,,2,2,"{""coordinates"": [-87.693992356462, 41.795422759814], ""type"": ""Point""}","[""FRONT-RIGHT-CORNER"", ""UNKNOWN""]","[""STRAIGHT AHEAD"", ""U-TURN""]",[],"[""S"", ""W""]","[""DRIVER""]","[""UNKNOWN""]","[""UNKNOWN/NA""]","[""2002"", ""2017""]","[""38""]","[""DEPLOYMENT UNKNOWN"", ""NOT APPLICABLE""]","[""NONE"", ""UNKNOWN""]","[""NO INDICATION OF INJURY""]","[""DRIVER""]","[""USAGE UNKNOWN""]","[""F"", ""M""]",[]
STRAIGHT AND LEVEL,221,2025-09-21T21:55:00.000,1,21,9,419f5ab66c9d7b2e34113b8ea677676f36e594d1f536c36ab7cafc5941d6f6226382b02c529e7f1f35ff6de71ad6b13d1292d24050d32c21422443cd40cd4dd2,INJURY AND / OR TOW DUE TO CRASH,"OVER $1,500",2025-09-21T22:30:00.000,NO CONTROLS,PARKED MOTOR VEHICLE,,0,0,0,0,1,1,0,41.8095205688,"DARKNESS, LIGHTED ROAD",-87.614824016,"REPORTED, NOT EVIDENT",2,30,DRIVING SKILLS/KNOWLEDGE/EXPERIENCE,ON SCENE,NO DEFECTS,DRY,EQUIPMENT - VEHICLE CONDITION,E,47TH ST,436,NO CONTROLS,NOT DIVIDED,CLEAR,,,,,,,2,1,"{""coordinates"": [-87.614824016031, 41.809520568844], ""type"": ""Point""}","[""FRONT-RIGHT-CORNER"", ""REAR-RIGHT-CORNER""]","[""PARKED"", ""STRAIGHT AHEAD""]","[""Y""]","[""W""]","[""DRIVER"", ""PARKED""]","[""NONE"", ""UNKNOWN""]","[""PERSONAL""]","[""2010"", ""2023""]","[""43""]","[""NOT APPLICABLE""]","[""NONE""]","[""REPORTED, NOT EVIDENT""]","[""DRIVER""]","[""USAGE UNKNOWN""]","[""F""]",[]