alignment,beat_of_occurrence,crash_date,crash_day_of_week,crash_hour,crash_month,crash_record_id,crash_type,damage,date_police_notified,device_condition,first_crash_type,hit_and_run_i,injuries_fatal,injuries_incapacitating,injuries_no_indication,injuries_non_incapacitating,injuries_reported_not_evident,injuries_total,injuries_unknown,latitude,lighting_condition,longitude,most_severe_injury,num_units,posted_speed_limit,prim_contributory_cause,report_type,road_defect,roadway_surface_cond,sec_contributory_cause,street_direction,street_name,street_no,traffic_control_device,trafficway_type,weather_condition,intersection_related_i,crash_date_est_i,private_property_i,statements_taken_i,photos_taken_i,work_zone_i,veh_count,ppl_count,location_json,veh_first_contact_point_list_json,veh_maneuver_list_json,veh_towed_i_list_json,veh_travel_direction_list_json,veh_unit_type_list_json,veh_vehicle_defect_list_json,veh_vehicle_use_list_json,veh_vehicle_year_list_json,ppl_age_list_json,ppl_airbag_deployed_list_json,ppl_ejection_list_json,ppl_injury_classification_list_json,ppl_person_type_list_json,ppl_safety_equipment_list_json,ppl_sex_list_json,ppl_seat_no_list_json
STRAIGHT AND LEVEL,2532,2025-09-21T22:11:00.000,1,22,9,5977bd16f2f904ce635e89745f5edfed764b699be5bbf54765409fefc5231366088c213379af1bec04cf452c8ab6682ab5bba5adf30d41847f1b67204bc567c7,INJURY AND / OR TOW DUE TO CRASH,"OVER $1,500",2025-09-21T22:18:00.000,FUNCTIONING PROPERLY,REAR END,Y,0,0,2,0,0,0,0,41.9023413257,DARKNESS,-87.7573139798,NO INDICATION OF INJURY,2,30,UNABLE TO DETERMINE,ON SCENE,UNKNOWN,UNKNOWN,NOT APPLICABLE,W,DIVISION ST,5236,TRAFFIC SIGNAL,NOT DIVIDED,UNKNOWN,,,,,,,2,2,"{""coordinates"": [-87.757313979833, 41.902341325658], ""type"": ""Point""}","[""FRONT-RIGHT-CORNER"", ""REAR-LEFT-CORNER""]","[""STRAIGHT AHEAD"", ""UNKNOWN/NA""]","[""Y""]","[""W""]","[""DRIVER""]","[""UNKNOWN""]","[""PERSONAL"", ""UNKNOWN/NA""]","[""2024""]","[""29""]","[""DEPLOYMENT UNKNOWN"", ""NOT APPLICABLE""]","[""NONE""]","[""NO INDICATION OF INJURY""]","[""DRIVER""]","[""SAFETY BELT USED"", ""USAGE UNKNOWN""]","[""F"", ""M""]",[]
STRAIGHT AND LEVEL,1821,2025-09-21T22:30:00.000,1,22,9,2c68ab2ae7a97949250e9ab5b1ae54e0b73c160aec2235b66343ca5ab8f3ffeef2c6a9af3bdf1dd9aa6b3961e69ed96c6c76462ae3cc0bc0f51b2763db5ad180,INJURY AND / OR TOW DUE TO CRASH,"$501 - $1,500",2025-09-21T23:15:00.000,FUNCTIONING PROPERLY,REAR END,Y,0,0,1,0,1,1,0,41.9078154637,"DARKNESS, LIGHTED ROAD",-87.6330208098,"REPORTED, NOT EVIDENT",2,30,UNABLE TO DETERMINE,NOT ON SCENE (DESK REPORT),UNKNOWN,DRY,UNABLE TO DETERMINE,W,SCHILLER ST,136,TRAFFIC SIGNAL,NOT DIVIDED,CLEAR,Y,,,,,,2,2,"{""coordinates"": [-87.633020809838, 41.907815463679], ""type"": ""Point""}","[""FRONT"", ""REAR""]","[""SLOW/STOP IN TRAFFIC"", ""UNKNOWN/NA""]",[],"[""W""]","[""DRIVER""]","[""UNKNOWN""]","[""PERSONAL"", ""UNKNOWN/NA""]","[""2024""]",[],"[""DEPLOYMENT UNKNOWN"", ""NOT APPLICABLE""]","[""NONE""]","[""NO INDICATION OF INJURY"", ""REPORTED, NOT EVIDENT""]","[""DRIVER""]","[""USAGE UNKNOWN""]","[""F"", ""M""]",[]
STRAIGHT AND LEVEL,1524,2025-09-21T22:30:00.000,1,22,9,4b2a7aea2e76153f3ccfd90b39e4a02ad2b55ba88b9f44685ce0ce78334f2a7da43a23dad62037639b5c486bd4e91a916e1eb8a22af4ebc84b5aecd738be9685,NO INJURY / DRIVE AWAY,"OVER $1,500",2025-09-24T09:35:00.000,NO CONTROLS,PARKED MOTOR VEHICLE,Y,0,0,1,0,0,0,0,41.9020496556,"DARKNESS, LIGHTED ROAD",-87.7643262636,NO INDICATION OF INJURY,2,30,UNABLE TO DETERMINE,NOT ON SCENE (DESK REPORT),NO DEFECTS,UNKNOWN,NOT APPLICABLE,W,DIVISION ST,5511,NO CONTROLS,NOT DIVIDED,CLEAR,,,,Y,,,2,1,"{""coordinates"": [-87.764326263592, 41.902049655555], ""type"": ""Point""}","[""SIDE-RIGHT-REAR"", ""UNKNOWN""]","[""PARKED"", ""UNKNOWN/NA""]",[],"[""E"", ""UNKNOWN""]","[""DRIVER"", ""PARKED""]","[""UNKNOWN""]","[""PERSONAL"", ""UNKNOWN/NA""]","[""2013""]",[],"[""DEPLOYMENT UNKNOWN""]","[""UNKNOWN""]","[""NO INDICATION OF INJURY""]","[""DRIVER""]","[""USAGE UNKNOWN""]","[""X""]",[]
STRAIGHT AND LEVEL,2531,2025-09-21T22:30:00.000,1,22,9,9d23ca34a130132a850263690954d03706149a1567ef10fb5fe50b364687afc16a8db94f58aaf7054d9ac76270941e990802c2862a6d18761137361a1f7cd553,NO INJURY / DRIVE AWAY,"OVER $1,500",2025-09-21T23:35:00.000,NO CONTROLS,FIXED OBJECT,,0,0,1,0,0,0,0,41.9098096637,"DARKNESS, LIGHTED ROAD",-87.7750980053,NO INDICATION OF INJURY,3,30,ROAD ENGINEERING/SURFACE/MARKING DEFECTS,NOT ON SCENE (DESK REPORT),"RUT, HOLES",DRY,NOT APPLICABLE,N,AUSTIN AVE,1619,NO CONTROLS,NOT DIVIDED,CLEAR,,,,,,,3,1,"{""coordinates"": [-87.7750980053, 41.909809663736], ""type"": ""Point""}","[""NONE"", ""REAR-LEFT-CORNER"", ""UNKNOWN""]","[""OTHER"", ""PARKED"", ""STRAIGHT AHEAD""]",[],"[""N""]","[""DRIVER"", ""DRIVERLESS"", ""PARKED""]","[""NONE"", ""UNKNOWN""]","[""PERSONAL"", ""TOW TRUCK"", ""UNKNOWN/NA""]","[""2019"", ""2024""]","[""38""]","[""DID NOT DEPLOY""]","[""NONE""]","[""NO INDICATION OF INJURY""]","[""DRIVER""]","[""SAFETY BELT USED""]","[""M""]",[]
STRAIGHT AND LEVEL,2521,2025-09-21T22:40:00.000,1,22,9,b462e4490ba4f823589f5b03ac8f6a10f18a9b58902ae26bb8f6de224b16b13277e06aa919e5431f0163380982b6da921c5735470bb28a7e8af2e350b5169fb9,NO INJURY / DRIVE AWAY,"$501 - $1,500",2025-09-21T23:11:00.000,NO CONTROLS,PARKED MOTOR VEHICLE,Y,0,0,1,0,0,0,0,41.9279726789,"DARKNESS, LIGHTED ROAD",-87.7501044407,NO INDICATION OF INJURY,2,30,UNABLE TO DETERMINE,ON SCENE,NO DEFECTS,DRY,UNABLE TO DETERMINE,W,WRIGHTWOOD AVE,4928,NO CONTROLS,ONE-WAY,CLEAR,,Y,,,,,2,1,"{""coordinates"": [-87.750104440747, 41.927972678949], ""type"": ""Point""}","[""FRONT-LEFT-CORNER"", ""REAR-RIGHT-CORNER""]","[""PARKED"", ""STRAIGHT AHEAD""]",[],"[""E""]","[""DRIVER"", ""PARKED""]","[""NONE"", ""UNKNOWN""]","[""PERSONAL"", ""UNKNOWN/NA""]","[""2020""]",[],"[""DEPLOYMENT UNKNOWN""]","[""NONE""]","[""NO INDICATION OF INJURY""]","[""DRIVER""]","[""USAGE UNKNOWN""]","[""X""]",[]
STRAIGHT AND LEVEL,724,2025-09-21T23:10:00.000,1,23,9,b4143b7636dd50b9268962632799804af9fa6138b227c5dba1e98f2ef6f43e22e07ed9f7a01041a5f3cc767f9845b8a3a93f32efb7eaa2315d7e18e4fb33ccbf,NO INJURY / DRIVE AWAY,$500 OR LESS,2025-09-24T16:10:00.000,NO CONTROLS,PARKED MOTOR VEHICLE,Y,0,0,1,0,0,0,0,41.7795682243,UNKNOWN,-87.6510033885,NO INDICATION OF INJURY,2,25,UNABLE TO DETERMINE,NOT ON SCENE (DESK REPORT),UNKNOWN,UNKNOWN,UNABLE TO DETERMINE,S,CARPENTER ST,6300,NO CONTROLS,NOT DIVIDED,UNKNOWN,,,,,,,2,1,"{""coordinates"": [-87.65100338851, 41.779568224334], ""type"": ""Point""}","[""SIDE-RIGHT-FRONT"", ""UNKNOWN""]","[""PARKED"", ""UNKNOWN/NA""]",[],"[""S"", ""UNKNOWN""]","[""DRIVER"", ""PARKED""]","[""UNKNOWN""]","[""NOT IN USE"", ""UNKNOWN/NA""]","[""2024""]",[],"[""DEPLOYMENT UNKNOWN""]","[""UNKNOWN""]","[""NO INDICATION OF INJURY""]","[""DRIVER""]","[""USAGE UNKNOWN""]","[""X""]",[]
STRAIGHT AND LEVEL,1111,2025-09-21T23:30:00.000,1,23,9,17109f2fa3d71f50afaa0f22f9a5a279dda619289914f253edcb3864919496c0cdf631af69d358d6f65d3d7f8ff5998c3f092a54ef74929781d3605a13104505,NO INJURY / DRIVE AWAY,"OVER $1,500",2025-09-22T21:20:00.000,NO CONTROLS,PARKED MOTOR VEHICLE,Y,0,0,1,0,0,0,0,41.9011544517,"DARKNESS, LIGHTED ROAD",-87.7264055253,NO INDICATION OF INJURY,2,30,UNABLE TO DETERMINE,NOT ON SCENE (DESK REPORT),UNKNOWN,DRY,NOT APPLICABLE,N,PULASKI RD,1108,NO CONTROLS,NOT DIVIDED,CLEAR,,,,,,,2,1,"{""coordinates"": [-87.726405525321, 41.901154451668], ""type"": ""Point""}","[""REAR-LEFT-CORNER"", ""UNKNOWN""]","[""PARKED"", ""UNKNOWN/NA""]",[],"[""N"", ""UNKNOWN""]","[""DRIVER"", ""PARKED""]","[""NONE"", ""UNKNOWN""]","[""PERSONAL"", ""UNKNOWN/NA""]","[""2019""]",[],"[""DEPLOYMENT UNKNOWN""]","[""UNKNOWN""]","[""NO INDICATION OF INJURY""]","[""DRIVER""]","[""USAGE UNKNOWN""]","[""X""]",[]
STRAIGHT AND LEVEL,131,2025-09-21T23:30:00.000,1,23,9,1fa69050d52320dc648d8c6968a1454cba2d94d39d7f02c2242d61eca3859a84f2ad8a1da497032e591ecef709a6cc9d2e98802a61066c83f9eca4cdfcea90e1,NO INJURY / DRIVE AWAY,"OVER $1,500",2025-09-22T14:53:00.000,FUNCTIONING PROPERLY,REAR END,,0,0,3,0,0,0,0,41.8673210997,DARKNESS,-87.6259539918,NO INDICATION OF INJURY,2,30,UNABLE TO DETERMINE,NOT ON SCENE (DESK REPORT),UNKNOWN,UNKNOWN,NOT APPLICABLE,E,ROOSEVELT RD,31,TRAFFIC SIGNAL,NOT DIVIDED,UNKNOWN,,,,,,,2,3,"{""coordinates"": [-87.625953991796, 41.867321099741], ""type"": ""Point""}","[""FRONT"", ""REAR""]","[""OTHER"", ""STRAIGHT AHEAD""]",[],"[""E""]","[""DRIVER""]","[""NONE""]","[""RIDESHARE SERVICE"", ""UNKNOWN/NA""]","[""2010"", ""2023""]","[""54""]","[""DEPLOYMENT UNKNOWN"", ""DID NOT DEPLOY""]","[""NONE"", ""UNKNOWN""]","[""NO INDICATION OF INJURY""]","[""DRIVER"", ""PASSENGER""]","[""SAFETY BELT USED"", ""USAGE UNKNOWN""]","[""F"", ""M""]","[""6""]"
STRAIGHT AND LEVEL,511,2025-09-21T23:30:00.000,1,23,9,24fbb1ddd382ee456e432b7baf17b0a66a92f1caeec8594777153aef95570eb49fd81d3c7d35b3a3fabba2d5f0297f0e2a442c5c6e4bc55989fd66760038ac29,NO INJURY / DRIVE AWAY,"$501 - $1,500",2025-09-21T23:35:00.000,NO CONTROLS,PARKED MOTOR VEHICLE,,0,0,1,0,0,0,0,41.7076421509,UNKNOWN,-87.6010128106,NO INDICATION OF INJURY,2,15,UNABLE TO DETERMINE,ON SCENE,NO DEFECTS,DRY,UNABLE TO DETERMINE,E,103RD ST,900,NO CONTROLS,PARKING LOT,CLEAR,,,,,,,2,1,"{""coordinates"": [-87.601012810563, 41.707642150851], ""type"": ""Point""}","[""FRONT-LEFT-CORNER"", ""REAR-RIGHT-CORNER""]","[""OTHER"", ""PARKED""]",[],"[""UNKNOWN"", ""W""]","[""DRIVER"", ""PARKED""]","[""NONE""]","[""NOT IN USE"", ""STATE OWNED""]",[],"[""62""]","[""DID NOT DEPLOY""]","[""NONE""]","[""NO INDICATION OF INJURY""]","[""DRIVER""]","[""USAGE UNKNOWN""]","[""M""]",[]
STRAIGHT AND LEVEL,933,2025-09-21T23:34:00.000,1,23,9,20a7c27621a31eafca85eadc2a015c10dfa327043be4f47c7a4dbeab8961d933fe3f1da5181066891d59c1a134b9276768090a0ec8594f423be709a7bf1a9bed,INJURY AND / OR TOW DUE TO CRASH,"OVER $1,500",2025-09-21T23:38:00.000,FUNCTIONING PROPERLY,TURNING,Y,0,0,5,0,1,1,0,41.8086878811,DARKNESS,-87.6553867772,"REPORTED, NOT EVIDENT",2,30,UNABLE TO DETERMINE,ON SCENE,NO DEFECTS,DRY,NOT APPLICABLE,S,RACINE AVE,4700,TRAFFIC SIGNAL,FOUR WAY,CLEAR,,,,,,,2,6,"{""coordinates"": [-87.655386777207, 41.808687881101], ""type"": ""Point""}","[""FRONT"", ""SIDE-LEFT""]","[""STRAIGHT AHEAD"", ""U-TURN""]","[""Y""]","[""E""]","[""DRIVER""]","[""UNKNOWN""]","[""PERSONAL""]","[""1997"", ""2016""]","[""25"", ""4""]","[""DEPLOYMENT UNKNOWN"", ""DID NOT DEPLOY""]","[""NONE"", ""UNKNOWN""]","[""NO INDICATION OF INJURY"", ""REPORTED, NOT EVIDENT""]","[""DRIVER"", ""PASSENGER""]","[""SAFETY BELT USED"", ""USAGE UNKNOWN""]","[""F"", ""M""]","[""2"", ""4""]"
STRAIGHT AND LEVEL,433,2025-09-21T23:34:00.000,1,23,9,678acbc3ea4dc6b15b5cc28bd3c5e25bfa39818794b219b9676aaa921abc395a07a9f88f42b31b97785208f9623ed94b606ff6188f8bee7b1aa2f07c10ae6a62,INJURY AND / OR TOW DUE TO CRASH,"OVER $1,500",2025-09-21T23:34:00.000,NO CONTROLS,REAR END,,0,0,1,2,0,2,0,41.6693437411,"DARKNESS, LIGHTED ROAD",-87.5390499115,NONINCAPACITATING INJURY,2,30,UNDER THE INFLUENCE OF ALCOHOL/DRUGS (USE WHEN ARREST IS EFFECTED),ON SCENE,NO DEFECTS,DRY,FOLLOWING TOO CLOSELY,S,AVENUE O,12400,NO CONTROLS,DIVIDED - W/MEDIAN BARRIER,CLEAR,,,,,,,2,3,"{""coordinates"": [-87.539049911516, 41.66934374108], ""type"": ""Point""}","[""FRONT"", ""REAR""]","[""STRAIGHT AHEAD""]","[""Y""]","[""S""]","[""DRIVER""]","[""UNKNOWN""]","[""PERSONAL""]","[""2006"", ""2026""]","[""23"", ""31"", ""42""]","[""DID NOT DEPLOY""]","[""NONE""]","[""NO INDICATION OF INJURY"", ""NONINCAPACITATING INJURY""]","[""DRIVER"", ""PASSENGER""]","[""USAGE UNKNOWN""]","[""F"", ""M""]","[""3""]"
"CURVE, LEVEL",222,2025-09-21T23:45:00.000,1,23,9,65a188e62e0ec46b33f3f32f752f7fe639879965e5cd9064e11987fb359754f391c8a905250ce3e51a82ad7a2fd51e34d69b53bf5b85ddd939d53c924f26a07a,NO INJURY / DRIVE AWAY,"OVER $1,500",2025-09-21T23:45:00.000,NO CONTROLS,REAR END,,0,0,3,0,0,0,0,41.8042778752,"DARKNESS, LIGHTED ROAD",-87.5825954387,NO INDICATION OF INJURY,2,40,EQUIPMENT - VEHICLE CONDITION,ON SCENE,NO DEFECTS,DRY,DRIVING SKILLS/KNOWLEDGE/EXPERIENCE,S,LAKE SHORE DR SB,5000,NO CONTROLS,DIVIDED - W/MEDIAN BARRIER,CLEAR,,,,,,,2,2,"{""coordinates"": [-87.582595438713, 41.804277875242], ""type"": ""Point""}","[""FRONT"", ""REAR""]","[""STRAIGHT AHEAD""]",[],"[""S""]","[""DRIVER""]","[""NONE""]","[""PERSONAL""]","[""2016"", ""2017""]",[],"[""DID NOT DEPLOY""]","[""NONE""]","[""NO INDICATION OF INJURY""]","[""DRIVER"", ""PASSENGER""]","[""SAFETY BELT USED""]","[""F"", ""M""]","[""3""]"
STRAIGHT AND LEVEL,1024,2025-09-21T23:46:00.000,1,23,9,c4490784b98024001791fd0dcaa30f3fdb4fba6f31284e3bda4edc788e2f9ff77570466587eae8babec7f2ab10cbd5ba5313b36de44c1babc2d7be1d2154bfe5,INJURY AND / OR TOW DUE TO CRASH,"OVER $1,500",2025-09-21T23:46:00.000,NO CONTROLS,TURNING,Y,0,0,1,1,0,1,0,41.8445108088,"DARKNESS, LIGHTED ROAD",-87.713509186,NONINCAPACITATING INJURY,2,30,UNABLE TO DETERMINE,NOT ON SCENE (DESK REPORT),NO DEFECTS,DRY,UNABLE TO DETERMINE,W,26TH ST,3526,NO CONTROLS,FOUR WAY,CLEAR,Y,,,,,,2,2,"{""coordinates"": [-87.713509186015, 41.844510808819], ""type"": ""Point""}","[""FRONT"", ""UNKNOWN""]","[""STRAIGHT AHEAD"", ""TURNING LEFT""]",[],"[""E"", ""W""]","[""DRIVER""]","[""UNKNOWN""]","[""PERSONAL"", ""UNKNOWN/NA""]","[""2025""]","[""22""]","[""DEPLOYMENT UNKNOWN"", ""NOT APPLICABLE""]","[""TOTALLY EJECTED"", ""UNKNOWN""]","[""NO INDICATION OF INJURY"", ""NONINCAPACITATING INJURY""]","[""DRIVER""]","[""HELMET NOT USED"", ""USAGE UNKNOWN""]","[""M"", ""X""]",[]
STRAIGHT AND LEVEL,623,2025-09-22T00:15:00.000,2,0,9,78f71ee8cbde3b398f9cc58f7da39b86f633813c05f41ae768984e91c0ff3e615388cdba97c7c02706102cb0a7650931ea58b35189aee02ed94c97a9fedd1215,NO INJURY / DRIVE AWAY,"OVER $1,500",2025-09-22T00:30:00.000,NO CONTROLS,HEAD ON,Y,0,0,4,0,0,0,0,41.7547312757,DARKNESS,-87.6328381965,NO INDICATION OF INJURY,3,30,UNABLE TO DETERMINE,NOT ON SCENE (DESK REPORT),UNKNOWN,UNKNOWN,NOT APPLICABLE,S,VINCENNES AVE,7655,NO CONTROLS,OTHER,CLEAR,,,,,,,2,3,"{""coordinates"": [-87.632838196477, 41.754731275685], ""type"": ""Point""}","[""FRONT"", ""UNKNOWN""]","[""STRAIGHT AHEAD"", ""UNKNOWN/NA""]",[],"[""E"", ""UNKNOWN""]","[""DRIVER""]","[""UNKNOWN""]","[""UNKNOWN/NA""]","[""2022""]","[""31"", ""32""]","[""DEPLOYMENT UNKNOWN"", ""NOT APPLICABLE""]","[""NONE"", ""UNKNOWN""]","[""NO INDICATION OF INJURY""]","[""DRIVER"", ""PASSENGER""]","[""USAGE UNKNOWN""]","[""F"", ""X""]","[""3""]"
STRAIGHT AND LEVEL,1622,2025-09-22T00:24:00.000,2,0,9,1a9fc219a5a115197076a7b3a3ef9ed4c43107b480610ba29f535615affeca82956a9514624483c0aa2bf64398319445efcd53cf254f98bb151260f6f53cb862,INJURY AND / OR TOW DUE TO CRASH,"OVER $1,500",2025-09-22T00:29:00.000,NO CONTROLS,PARKED MOTOR VEHICLE,,0,0,1,0,0,0,0,41.9830178606,"DARKNESS, LIGHTED ROAD",-87.7797071094,NO INDICATION OF INJURY,3,30,DISTRACTION - FROM INSIDE VEHICLE,ON SCENE,NO DEFECTS,DRY,FAILING TO REDUCE SPEED TO AVOID CRASH,W,BRYN MAWR AVE,6042,NO CONTROLS,NOT DIVIDED,CLEAR,,,,,,,3,1,"{""coordinates"": [-87.779707109426, 41.983017860618], ""type"": ""Point""}","[""FRONT"", ""REAR"", ""REAR-LEFT-CORNER""]","[""PARKED"", ""STRAIGHT AHEAD""]","[""Y""]","[""W""]","[""DRIVER"", ""PARKED""]","[""UNKNOWN""]","[""NOT IN USE"", ""PERSONAL""]","[""2007"", ""2019"", ""2025""]","[""24""]","[""DEPLOYED, COMBINATION""]","[""NONE""]","[""NO INDICATION OF INJURY""]","[""DRIVER""]","[""SAFETY BELT USED""]","[""M""]",[]
STRAIGHT AND LEVEL,1713,2025-09-22T00:55:00.000,2,0,9,f0b50f60536ececcf9cedd0deedadfd326e1292e91bb54dd86395e5c801936f5195e40e54b568ff23ecf99fb67053175de1f0e39cbe618428e8b1ff4ef45f0ba,NO INJURY / DRIVE AWAY,"$501 - $1,500",2025-09-22T01:15:00.000,FUNCTIONING PROPERLY,SIDESWIPE SAME DIRECTION,,0,0,2,0,0,0,0,41.9739574932,"DARKNESS, LIGHTED ROAD",-87.7084832663,NO INDICATION OF INJURY,2,30,UNABLE TO DETERMINE,NOT ON SCENE (DESK REPORT),UNKNOWN,DRY,UNABLE TO DETERMINE,N,KEDZIE AVE,5101,STOP SIGN/FLASHER,NOT DIVIDED,CLEAR,,,,,,,2,2,"{""coordinates"": [-87.708483266314, 41.973957493183], ""type"": ""Point""}","[""TOTAL (ALL AREAS)""]","[""STRAIGHT AHEAD""]",[],"[""N""]","[""DRIVER""]","[""UNKNOWN""]","[""PERSONAL"", ""UNKNOWN/NA""]","[""1987"", ""2000""]","[""31"", ""76""]","[""DID NOT DEPLOY""]","[""NONE""]","[""NO INDICATION OF INJURY""]","[""DRIVER""]","[""USAGE UNKNOWN""]","[""M""]",[]
STRAIGHT AND LEVEL,725,2025-09-22T01:00:00.000,2,1,9,65d7a9cc4399e321a6933513c0b08cbfd81c9f3ad8e6e19cc7de49f019d7c791d429cd8b4611dafc9f2d8efdff5480c6e1451362336db2aec06dc7f9fd723966,INJURY AND / OR TOW DUE TO CRASH,"OVER $1,500",2025-09-22T17:22:00.000,NO CONTROLS,PARKED MOTOR VEHICLE,Y,0,0,1,0,0,0,0,41.77233814,UNKNOWN,-87.6687564777,NO INDICATION OF INJURY,2,30,UNABLE TO DETERMINE,NOT ON SCENE (DESK REPORT),UNKNOWN,UNKNOWN,UNABLE TO DETERMINE,S,WOOD ST,6655,NO CONTROLS,NOT DIVIDED,UNKNOWN,,,,,,,2,1,"{""coordinates"": [-87.66875647766, 41.772338139966], ""type"": ""Point""}","[""REAR"", ""UNKNOWN""]","[""PARKED"", ""UNKNOWN/NA""]","[""Y""]","[""UNKNOWN""]","[""DRIVER"", ""PARKED""]","[""UNKNOWN""]","[""PERSONAL"", ""UNKNOWN/NA""]","[""2012""]",[],"[""DEPLOYMENT UNKNOWN""]","[""UNKNOWN""]","[""NO INDICATION OF INJURY""]","[""DRIVER""]","[""USAGE UNKNOWN""]","[""X""]",[]
STRAIGHT AND LEVEL,1122,2025-09-22T01:21:00.000,2,1,9,110584190fceddc487edcb7d6219683dcc043840a487cf7e2145a6d6c6664000be8a4810e54243bfee9294e359d2ee11e50359ec700580ce13f531e71deb85b6,NO INJURY / DRIVE AWAY,"OVER $1,500",2025-09-22T01:24:00.000,NO CONTROLS,PARKED MOTOR VEHICLE,,0,0,2,0,0,0,0,41.8810341297,"DARKNESS, LIGHTED ROAD",-87.7206147994,NO INDICATION OF INJURY,2,30,DRIVING SKILLS/KNOWLEDGE/EXPERIENCE,ON SCENE,UNKNOWN,DRY,NOT APPLICABLE,N,HAMLIN BLVD,7,NO CONTROLS,NOT DIVIDED,CLEAR,,,,,,,2,2,"{""coordinates"": [-87.720614799423, 41.881034129743], ""type"": ""Point""}","[""FRONT""]","[""PARKED"", ""STRAIGHT AHEAD""]",[],"[""N"", ""S""]","[""DRIVER"", ""PARKED""]","[""UNKNOWN""]","[""PERSONAL""]","[""2012""]","[""21"", ""22""]","[""NOT APPLICABLE""]","[""NONE""]","[""NO INDICATION OF INJURY""]","[""DRIVER"", ""PASSENGER""]","[""USAGE UNKNOWN""]","[""F"", ""M""]","[""3""]"
STRAIGHT AND LEVEL,1934,2025-09-22T01:26:00.000,2,1,9,9abfc8dc36b8c86993397cc2ce9bf48b15f2f68ae347d3452eda6d653f31732daf9851f600b51adc88c47d94c6a0754d452b12c0e9db13389661d40650818d79,INJURY AND / OR TOW DUE TO CRASH,"OVER $1,500",2025-09-22T01:26:00.000,NO CONTROLS,REAR END,,0,0,1,1,0,1,0,41.935326832,"DARKNESS, LIGHTED ROAD",-87.6329695646,NONINCAPACITATING INJURY,2,40,FOLLOWING TOO CLOSELY,ON SCENE,NO DEFECTS,DRY,PHYSICAL CONDITION OF DRIVER,N,LAKE SHORE DR SB,2930,NO CONTROLS,DIVIDED - W/MEDIAN BARRIER,CLEAR,,,,,,,2,2,"{""coordinates"": [-87.632969564622, 41.935326831961], ""type"": ""Point""}","[""FRONT"", ""REAR""]","[""STRAIGHT AHEAD""]","[""Y""]","[""S""]","[""DRIVER""]","[""NONE""]","[""PERSONAL""]","[""2011"", ""2017""]","[""21"", ""25""]","[""DEPLOYED, FRONT"", ""NOT APPLICABLE""]","[""NONE""]","[""NO INDICATION OF INJURY"", ""NONINCAPACITATING INJURY""]","[""DRIVER""]","[""SAFETY BELT USED""]","[""M""]",[]
CURVE ON GRADE,132,2025-09-22T01:51:00.000,2,1,9,01ff2f80a27ef8b6c765310abeff5511977dd9d5cf3bdfbd1dbe7b9c183ab7e7f311f0ce6f1069424b5625d8c72d04eb2eccf1c2ea70299a06db344c87dd0f4d,INJURY AND / OR TOW DUE TO CRASH,"OVER $1,500",2025-09-22T01:51:00.000,FUNCTIONING PROPERLY,FIXED OBJECT,,0,0,1,0,0,0,0,41.8673307157,"DARKNESS, LIGHTED ROAD",-87.6186546377,NO INDICATION OF INJURY,1,40,DRIVING SKILLS/KNOWLEDGE/EXPERIENCE,ON SCENE,NO DEFECTS,DRY,NOT APPLICABLE,S,LAKE SHORE DR NB,1201,TRAFFIC SIGNAL,T-INTERSECTION,CLEAR,Y,,,,,,1,1,"{""coordinates"": [-87.61865463769, 41.867330715666], ""type"": ""Point""}","[""FRONT""]","[""TURNING LEFT""]","[""Y""]","[""E""]","[""DRIVER""]","[""NONE""]","[""LAWN CARE/LANDSCAPING""]","[""2017""]","[""21""]","[""DEPLOYED, FRONT""]","[""NONE""]","[""NO INDICATION OF INJURY""]","[""DRIVER""]","[""SAFETY BELT USED""]","[""M""]",[]
STRAIGHT AND LEVEL,1723,2025-09-22T01:57:00.000,2,1,9,710d9f228792bf800c0e353b63c18cfc5e644d7e14c56273ca83cdadd332a4eee25345fbcb8249c151f55429757d2f2a0247622ed2e04f637dc578ee43abaae4,INJURY AND / OR TOW DUE TO CRASH,"OVER $1,500",2025-09-22T02:02:00.000,FUNCTIONING PROPERLY,REAR END,Y,0,0,2,0,0,0,0,41.9538932012,"DARKNESS, LIGHTED ROAD",-87.7178856706,NO INDICATION OF INJURY,2,30,NOT APPLICABLE,ON SCENE,NO DEFECTS,WET,NOT APPLICABLE,W,IRVING PARK RD,3600,TRAFFIC SIGNAL,DIVIDED - W/MEDIAN BARRIER,CLEAR,,,,,,,2,2,"{""coordinates"": [-87.717885670552, 41.953893201193], ""type"": ""Point""}","[""FRONT"", ""REAR""]","[""OTHER"", ""STRAIGHT AHEAD""]","[""Y""]","[""W""]","[""DRIVER""]","[""NONE"", ""UNKNOWN""]","[""PERSONAL""]","[""2010"", ""2034""]","[""48""]","[""DEPLOYMENT UNKNOWN"", ""NOT APPLICABLE""]","[""NONE""]","[""NO INDICATION OF INJURY""]","[""DRIVER""]","[""SAFETY BELT USED"", ""USAGE UNKNOWN""]","[""M""]",[]