alignment,beat_of_occurrence,crash_date,crash_day_of_week,crash_hour,crash_month,crash_record_id,crash_type,damage,date_police_notified,device_condition,first_crash_type,hit_and_run_i,injuries_fatal,injuries_incapacitating,injuries_no_indication,injuries_non_incapacitating,injuries_reported_not_evident,injuries_total,injuries_unknown,latitude,lighting_condition,longitude,most_severe_injury,num_units,posted_speed_limit,prim_contributory_cause,report_type,road_defect,roadway_surface_cond,sec_contributory_cause,street_direction,street_name,street_no,traffic_control_device,trafficway_type,weather_condition,intersection_related_i,crash_date_est_i,private_property_i,statements_taken_i,photos_taken_i,work_zone_i,veh_count,ppl_count,location_json,veh_first_contact_point_list_json,veh_maneuver_list_json,veh_towed_i_list_json,veh_travel_direction_list_json,veh_unit_type_list_json,veh_vehicle_defect_list_json,veh_vehicle_use_list_json,veh_vehicle_year_list_json,ppl_age_list_json,ppl_airbag_deployed_list_json,ppl_ejection_list_json,ppl_injury_classification_list_json,ppl_person_type_list_json,ppl_safety_equipment_list_json,ppl_sex_list_json,ppl_seat_no_list_json
STRAIGHT AND LEVEL,623,2025-09-22T02:00:00.000,2,2,9,b7b3b278cef61dc9c9d1bcbfcca960fe6f062bd4326ab085534f53918996ceed2981459a73661a0cc3f4ca990b5c0cf3dcf577438b8cd13436258bd35009cb5d,INJURY AND / OR TOW DUE TO CRASH,"OVER $1,500",2025-09-22T18:48:00.000,NO CONTROLS,SIDESWIPE SAME DIRECTION,Y,0,0,2,0,0,0,0,41.7509181383,DARKNESS,-87.6246901225,NO INDICATION OF INJURY,2,30,UNABLE TO DETERMINE,NOT ON SCENE (DESK REPORT),NO DEFECTS,DRY,UNABLE TO DETERMINE,S,STATE ST,7900,NO CONTROLS,NOT DIVIDED,CLEAR,,,,,,,2,2,"{""coordinates"": [-87.624690122516, 41.750918138315], ""type"": ""Point""}","[""SIDE-LEFT"", ""SIDE-RIGHT""]","[""STRAIGHT AHEAD"", ""UNKNOWN/NA""]","[""Y""]","[""N""]","[""DRIVER""]","[""UNKNOWN""]","[""UNKNOWN/NA""]","[""2022""]","[""40""]","[""DEPLOYMENT UNKNOWN"", ""DID NOT DEPLOY""]","[""NONE""]","[""NO INDICATION OF INJURY""]","[""DRIVER""]","[""USAGE UNKNOWN""]","[""M"", ""X""]",[]
STRAIGHT AND LEVEL,632,2025-09-22T02:16:00.000,2,2,9,81bf006c4d32bb9db4b9bfaee989bdc58b3bd2d1b7ffbba28e1a195bd613220cc933327c97a4f0a81b141a3831686b020dd74a8e8403dbcbcbbe4aa0babe6515,NO INJURY / DRIVE AWAY,$500 OR LESS,2025-09-22T02:20:00.000,NO CONTROLS,PARKED MOTOR VEHICLE,,0,0,2,0,0,0,0,41.7352509883,"DARKNESS, LIGHTED ROAD",-87.6178688857,NO INDICATION OF INJURY,2,15,IMPROPER BACKING,ON SCENE,NO DEFECTS,DRY,NOT APPLICABLE,S,PRAIRIE AVE,8744,NO CONTROLS,NOT DIVIDED,CLEAR,,,,,,,2,2,"{""coordinates"": [-87.617868885724, 41.7352509883], ""type"": ""Point""}","[""FRONT"", ""REAR""]","[""BACKING"", ""PARKED""]",[],"[""S""]","[""DRIVER"", ""PARKED""]","[""NONE""]","[""PERSONAL""]","[""2012"", ""2025""]","[""45"", ""68""]","[""NOT APPLICABLE""]","[""NONE""]","[""NO INDICATION OF INJURY""]","[""DRIVER"", ""PASSENGER""]","[""USAGE UNKNOWN""]","[""M""]","[""2""]"
STRAIGHT AND LEVEL,2521,2025-09-22T02:44:00.000,2,2,9,481158537e6c881be78e62d7f8435cda8af8527ef02cef232c1ba64399640dbcb8eac0e1b041b9dc96f925a460d9c2e24d8404d5684b48004749f9ebb629344e,NO INJURY / DRIVE AWAY,"OVER $1,500",2025-09-22T03:04:00.000,NO CONTROLS,PARKED MOTOR VEHICLE,,0,0,1,0,0,0,0,41.9315952869,"DARKNESS, LIGHTED ROAD",-87.750168995,NO INDICATION OF INJURY,3,30,UNABLE TO DETERMINE,ON SCENE,NO DEFECTS,DRY,UNABLE TO DETERMINE,W,DIVERSEY AVE,4926,NO CONTROLS,NOT DIVIDED,CLEAR,,,,,,,3,1,"{""coordinates"": [-87.750168995015, 41.93159528688], ""type"": ""Point""}","[""FRONT-LEFT-CORNER"", ""FRONT-RIGHT-CORNER"", ""REAR-LEFT-CORNER""]","[""PARKED"", ""STRAIGHT AHEAD""]",[],"[""W""]","[""DRIVER"", ""PARKED""]","[""NONE""]","[""PERSONAL""]","[""2006"", ""2015"", ""2023""]","[""26""]","[""NOT APPLICABLE""]","[""NONE""]","[""NO INDICATION OF INJURY""]","[""DRIVER""]","[""SAFETY BELT USED""]","[""M""]",[]
STRAIGHT AND LEVEL,1512,2025-09-22T03:10:00.000,2,3,9,e6b355b105eb8e523510910564a63a202befcf3dc669bce219d88a1db895453a47c78c9877e06050eb731eb3553e7714233a6ff57eaafa993e933c336fbfa7eb,NO INJURY / DRIVE AWAY,"$501 - $1,500",2025-09-22T23:40:00.000,UNKNOWN,ANGLE,Y,0,0,2,0,0,0,0,41.8872008357,"DARKNESS, LIGHTED ROAD",-87.7678084909,NO INDICATION OF INJURY,2,30,UNABLE TO DETERMINE,NOT ON SCENE (DESK REPORT),UNKNOWN,UNKNOWN,NOT APPLICABLE,N,WALLER AVE,400,STOP SIGN/FLASHER,FOUR WAY,UNKNOWN,Y,,,,,,2,2,"{""coordinates"": [-87.767808490881, 41.887200835725], ""type"": ""Point""}","[""FRONT"", ""REAR-LEFT-CORNER""]","[""PASSING/OVERTAKING"", ""STRAIGHT AHEAD""]",[],"[""E"", ""S""]","[""DRIVER""]","[""NONE"", ""UNKNOWN""]","[""PERSONAL""]","[""2020""]","[""24""]","[""DEPLOYMENT UNKNOWN"", ""NOT APPLICABLE""]","[""NONE""]","[""NO INDICATION OF INJURY""]","[""DRIVER""]","[""USAGE UNKNOWN""]","[""M"", ""X""]",[]
STRAIGHT AND LEVEL,1925,2025-09-22T03:14:00.000,2,3,9,1080954443bca737a1a237ff14bd05bb0c213104100f1ff73e82398599aef1a0fd82f2b8351d2b10b1fd65b29310bb4be49efeca081613bf1a973893ead7d506,NO INJURY / DRIVE AWAY,"OVER $1,500",2025-09-22T03:14:00.000,NO CONTROLS,PARKED MOTOR VEHICLE,,0,0,1,0,0,0,0,41.9474225174,"DARKNESS, LIGHTED ROAD",-87.648120439,NO INDICATION OF INJURY,3,30,TEXTING,ON SCENE,NO DEFECTS,DRY,UNABLE TO DETERMINE,W,ADDISON ST,722,NO CONTROLS,NOT DIVIDED,CLEAR,,,,,,,3,1,"{""coordinates"": [-87.648120438965, 41.94742251742], ""type"": ""Point""}","[""FRONT-RIGHT-CORNER"", ""REAR-LEFT-CORNER"", ""SIDE-LEFT""]","[""OTHER"", ""PARKED""]",[],"[""W""]","[""DRIVER"", ""PARKED""]","[""UNKNOWN""]","[""PERSONAL"", ""UNKNOWN/NA""]","[""2018"", ""2020"", ""2021""]","[""23""]","[""DID NOT DEPLOY""]","[""NONE""]","[""NO INDICATION OF INJURY""]","[""DRIVER""]","[""USAGE UNKNOWN""]","[""M""]",[]
STRAIGHT AND LEVEL,2011,2025-09-22T03:53:00.000,2,3,9,40a99574bcdaf50dc5b3c9cde506b364ecdbd063ca04414eae714f785769ca9de8707c593a3329fe4094b93ac391f3202fcbe5a7a05f5e2dccc57700f7a3f6e8,INJURY AND / OR TOW DUE TO CRASH,"OVER $1,500",2025-09-22T03:57:00.000,NO CONTROLS,FIXED OBJECT,Y,0,0,1,0,0,0,0,41.9882900322,"DARKNESS, LIGHTED ROAD",-87.7036194971,NO INDICATION OF INJURY,1,35,UNABLE TO DETERMINE,ON SCENE,NO DEFECTS,DRY,UNABLE TO DETERMINE,N,LINCOLN AVE,5875,NO CONTROLS,DIVIDED - W/MEDIAN BARRIER,CLEAR,,Y,,,,,1,1,"{""coordinates"": [-87.703619497145, 41.988290032228], ""type"": ""Point""}","[""FRONT""]","[""STRAIGHT AHEAD""]","[""Y""]","[""NW""]","[""DRIVER""]","[""NONE""]","[""PERSONAL""]","[""2013""]",[],"[""DEPLOYMENT UNKNOWN""]","[""UNKNOWN""]","[""NO INDICATION OF INJURY""]","[""DRIVER""]","[""USAGE UNKNOWN""]","[""X""]",[]
STRAIGHT AND LEVEL,613,2025-09-22T03:54:00.000,2,3,9,98223383f1ad27e53afa4a427992fae541cbf15cc92e74b6a48e449eea185616a815d4f2af4b41c964bccd1fc801a236024684c438295e3bc1438ff234f50373,INJURY AND / OR TOW DUE TO CRASH,"OVER $1,500",2025-09-22T03:54:00.000,FUNCTIONING PROPERLY,ANGLE,,0,0,2,1,0,1,0,41.7415896732,"DARKNESS, LIGHTED ROAD",-87.6473872353,NONINCAPACITATING INJURY,2,30,FAILING TO YIELD RIGHT-OF-WAY,ON SCENE,NO DEFECTS,DRY,DRIVING SKILLS/KNOWLEDGE/EXPERIENCE,W,84TH ST,930,STOP SIGN/FLASHER,FOUR WAY,CLEAR,Y,,,,,,2,3,"{""coordinates"": [-87.647387235321, 41.741589673236], ""type"": ""Point""}","[""FRONT-LEFT-CORNER"", ""FRONT-RIGHT-CORNER""]","[""STRAIGHT AHEAD""]","[""Y""]","[""N"", ""W""]","[""DRIVER""]","[""NONE""]","[""PERSONAL""]","[""2015"", ""2024""]","[""31"", ""32"", ""57""]","[""DEPLOYED, COMBINATION""]","[""NONE""]","[""NO INDICATION OF INJURY"", ""NONINCAPACITATING INJURY""]","[""DRIVER"", ""PASSENGER""]","[""SAFETY BELT USED""]","[""F"", ""M""]","[""3""]"
STRAIGHT AND LEVEL,1021,2025-09-22T04:00:00.000,2,4,9,79492fd4cda2aeb6a2e1e08680577daed11673e438ecd07a81396f4261078f1526f68960d4718a655a4ccbdbbec3d77a8cd306976a79bb3a76882491d3f1aec0,NO INJURY / DRIVE AWAY,"$501 - $1,500",2025-09-22T04:10:00.000,NO CONTROLS,FIXED OBJECT,N,0,0,1,0,0,0,0,41.8599550731,"DARKNESS, LIGHTED ROAD",-87.7117244903,NO INDICATION OF INJURY,1,20,UNABLE TO DETERMINE,ON SCENE,NO DEFECTS,DRY,UNABLE TO DETERMINE,S,TRUMBULL AVE,1528,NO CONTROLS,ALLEY,CLEAR,,,,,,,1,1,"{""coordinates"": [-87.71172449033, 41.859955073087], ""type"": ""Point""}","[""FRONT""]","[""UNKNOWN/NA""]",[],"[""N""]","[""DRIVER""]","[""UNKNOWN""]","[""PERSONAL""]","[""2020""]",[],"[""DID NOT DEPLOY""]","[""NONE""]","[""NO INDICATION OF INJURY""]","[""DRIVER""]","[""USAGE UNKNOWN""]","[""X""]",[]
STRAIGHT AND LEVEL,2515,2025-09-22T04:00:00.000,2,4,9,808807ced7f54a2e02705a96513f3cbd885600c203b4e42ec5b858df6bdca4908375c8f0a821c469cd135449b7f34343acf51adca3d24676ae372067f0c37ee1,NO INJURY / DRIVE AWAY,"OVER $1,500",2025-09-22T17:00:00.000,NO CONTROLS,PARKED MOTOR VEHICLE,Y,0,0,1,0,0,0,0,41.9205531188,DARKNESS,-87.768443314,NO INDICATION OF INJURY,2,25,UNABLE TO DETERMINE,NOT ON SCENE (DESK REPORT),UNKNOWN,UNKNOWN,UNABLE TO DETERMINE,N,MAJOR AVE,2206,NO CONTROLS,ONE-WAY,UNKNOWN,,Y,,,,,2,1,"{""coordinates"": [-87.768443313988, 41.92055311882], ""type"": ""Point""}","[""UNKNOWN""]","[""PARKED"", ""UNKNOWN/NA""]",[],"[""N"", ""UNKNOWN""]","[""DRIVER"", ""PARKED""]","[""UNKNOWN""]","[""UNKNOWN/NA""]","[""1999"", ""2016""]",[],"[""DEPLOYMENT UNKNOWN""]","[""UNKNOWN""]","[""NO INDICATION OF INJURY""]","[""DRIVER""]","[""USAGE UNKNOWN""]","[""X""]",[]
STRAIGHT AND LEVEL,1624,2025-09-22T04:06:00.000,2,4,9,1a634627f74666cb90439451750d968f45f80a27f4eb8c5a4e51c9651aab9a885efad5fea3ae0a945be39d047f3eba3fc4dd8ed2fd7d0e3286dc819c8c138ce4,INJURY AND / OR TOW DUE TO CRASH,"OVER $1,500",2025-09-22T04:08:00.000,NO CONTROLS,PARKED MOTOR VEHICLE,Y,0,0,1,0,0,0,0,41.9535079634,"DARKNESS, LIGHTED ROAD",-87.7491055826,NO INDICATION OF INJURY,2,30,UNABLE TO DETERMINE,ON SCENE,NO DEFECTS,DRY,UNABLE TO DETERMINE,W,IRVING PARK RD,4848,NO CONTROLS,NOT DIVIDED,CLEAR,,,,,,,2,1,"{""coordinates"": [-87.74910558256, 41.953507963416], ""type"": ""Point""}","[""FRONT-RIGHT-CORNER"", ""SIDE-LEFT-REAR""]","[""PARKED"", ""STRAIGHT AHEAD""]","[""Y""]","[""W""]","[""DRIVER"", ""PARKED""]","[""UNKNOWN""]","[""PERSONAL""]","[""2015""]",[],"[""DEPLOYMENT UNKNOWN""]","[""NONE""]","[""NO INDICATION OF INJURY""]","[""DRIVER""]","[""USAGE UNKNOWN""]","[""M""]",[]
STRAIGHT AND LEVEL,434,2025-09-22T04:30:00.000,2,4,9,da1c3036afbcfaf46d41e209bf9625d39cb5c91b808335ccee132a09fc7e543ee6525a3faec5984aa108037eba953983cab7fd10f1a523a2c709526bfc1fdfd4,NO INJURY / DRIVE AWAY,"OVER $1,500",2025-09-22T17:25:00.000,NO CONTROLS,ANIMAL,,0,0,1,0,0,0,0,41.6920270766,"DARKNESS, LIGHTED ROAD",-87.5596131617,NO INDICATION OF INJURY,1,30,UNABLE TO DETERMINE,NOT ON SCENE (DESK REPORT),NO DEFECTS,DRY,NOT APPLICABLE,S,TORRENCE AVE,11166,NO CONTROLS,DIVIDED - W/MEDIAN (NOT RAISED),CLEAR,,,,,,,1,1,"{""coordinates"": [-87.559613161727, 41.692027076641], ""type"": ""Point""}","[""FRONT""]","[""STRAIGHT AHEAD""]",[],"[""S""]","[""DRIVER""]","[""NONE""]","[""PERSONAL""]","[""2013""]","[""44""]","[""DID NOT DEPLOY""]","[""NONE""]","[""NO INDICATION OF INJURY""]","[""DRIVER""]","[""SAFETY BELT USED""]","[""F""]",[]
STRAIGHT AND LEVEL,1031,2025-09-22T05:10:00.000,2,5,9,0b233723bb7ecc3d5123f61d80b2d2319e1b57fd612d2fbd79348ddf70927661a269cf4df921c7ea7c08337e6253988402a08c6b795076e56d5e1a421cd017f3,NO INJURY / DRIVE AWAY,"OVER $1,500",2025-09-22T19:00:00.000,NO CONTROLS,PARKED MOTOR VEHICLE,Y,0,0,1,0,0,0,0,41.8404136465,"DARKNESS, LIGHTED ROAD",-87.724591462,NO INDICATION OF INJURY,2,30,UNABLE TO DETERMINE,NOT ON SCENE (DESK REPORT),NO DEFECTS,DRY,UNABLE TO DETERMINE,S,PULASKI RD,2802,NO CONTROLS,NOT DIVIDED,CLEAR,,,,,,,2,1,"{""coordinates"": [-87.72459146197, 41.840413646491], ""type"": ""Point""}","[""REAR-LEFT-CORNER"", ""UNKNOWN""]","[""PARKED"", ""UNKNOWN/NA""]",[],"[""S"", ""UNKNOWN""]","[""DRIVER"", ""PARKED""]","[""UNKNOWN""]","[""PERSONAL"", ""UNKNOWN/NA""]","[""2005""]",[],"[""DEPLOYMENT UNKNOWN""]","[""NONE""]","[""NO INDICATION OF INJURY""]","[""DRIVER""]","[""USAGE UNKNOWN""]","[""X""]",[]
STRAIGHT AND LEVEL,813,2025-09-22T05:10:00.000,2,5,9,16fd6c78bdd1d1c46cfc477fcb1456b71c3236a8f86c9bb77157810ce4e6c86a7486bbfeb0ba03c8d7f905c4ae732340254caa31758b4aaf53a035370c7b8aa0,NO INJURY / DRIVE AWAY,"OVER $1,500",2025-09-22T19:45:00.000,NO CONTROLS,SIDESWIPE SAME DIRECTION,Y,0,0,2,0,0,0,0,41.7783731412,DARKNESS,-87.7508547455,NO INDICATION OF INJURY,2,30,UNABLE TO DETERMINE,NOT ON SCENE (DESK REPORT),NO DEFECTS,DRY,PHYSICAL CONDITION OF DRIVER,W,63RD ST,5132,NO CONTROLS,NOT DIVIDED,CLEAR,,,,,,,2,2,"{""coordinates"": [-87.750854745549, 41.778373141179], ""type"": ""Point""}","[""SIDE-LEFT"", ""SIDE-RIGHT""]","[""PASSING/OVERTAKING"", ""STRAIGHT AHEAD""]",[],"[""W""]","[""DRIVER""]","[""NONE""]","[""PERSONAL""]","[""2015""]","[""54""]","[""DEPLOYMENT UNKNOWN"", ""NOT APPLICABLE""]","[""NONE""]","[""NO INDICATION OF INJURY""]","[""DRIVER""]","[""SAFETY BELT USED"", ""USAGE UNKNOWN""]","[""F"", ""X""]",[]
STRAIGHT AND LEVEL,424,2025-09-22T05:15:00.000,2,5,9,779084bcc57b50f01cd22b6ff43d32b05f0dd0e69a42a1a61e7b52a4ae9582346a136b6815438405409cba1ca9b66e44c9990ba1c853e7e5ee3350da8017e2ba,NO INJURY / DRIVE AWAY,$500 OR LESS,2025-09-22T06:00:00.000,NO CONTROLS,PARKED MOTOR VEHICLE,Y,0,0,1,0,0,0,0,41.7332699952,"DARKNESS, LIGHTED ROAD",-87.5431185083,NO INDICATION OF INJURY,2,30,UNABLE TO DETERMINE,ON SCENE,NO DEFECTS,DRY,NOT APPLICABLE,S,MACKINAW AVE,8916,NO CONTROLS,NOT DIVIDED,CLEAR,,,,,,,2,1,"{""coordinates"": [-87.543118508274, 41.733269995154], ""type"": ""Point""}","[""REAR-LEFT-CORNER"", ""UNKNOWN""]","[""PARKED"", ""UNKNOWN/NA""]",[],"[""S""]","[""DRIVER"", ""DRIVERLESS""]","[""NONE"", ""UNKNOWN""]","[""NOT IN USE"", ""UNKNOWN/NA""]","[""2020""]",[],"[""DEPLOYMENT UNKNOWN""]","[""NONE""]","[""NO INDICATION OF INJURY""]","[""DRIVER""]","[""USAGE UNKNOWN""]","[""X""]",[]
STRAIGHT AND LEVEL,1134,2025-09-22T05:45:00.000,2,5,9,b2efa1164822355d79458a991edf6afe5cc64c53eaab0f2738e4dc90668a1e5bf2bd34955efb55702d831add2a075a18498ee107e33ada3bf0e2dcb9039c76e3,NO INJURY / DRIVE AWAY,"OVER $1,500",2025-09-22T18:00:00.000,NO CONTROLS,PARKED MOTOR VEHICLE,,0,0,1,0,0,0,0,41.8717759116,UNKNOWN,-87.7040576196,NO INDICATION OF INJURY,2,30,UNABLE TO DETERMINE,NOT ON SCENE (DESK REPORT),UNKNOWN,UNKNOWN,NOT APPLICABLE,W,LEXINGTON ST,3115,NO CONTROLS,NOT DIVIDED,UNKNOWN,,,,,,,2,1,"{""coordinates"": [-87.704057619595, 41.871775911592], ""type"": ""Point""}","[""SIDE-LEFT-REAR"", ""UNKNOWN""]","[""PARKED"", ""STRAIGHT AHEAD""]",[],"[""W""]","[""DRIVER"", ""PARKED""]","[""NONE""]","[""PERSONAL""]","[""2015"", ""2018""]","[""59""]","[""NOT APPLICABLE""]","[""NONE""]","[""NO INDICATION OF INJURY""]","[""DRIVER""]","[""SAFETY BELT USED""]","[""M""]",[]
STRAIGHT AND LEVEL,835,2025-09-22T05:49:00.000,2,5,9,8beaa29b009408d848048a518d9b0a0b2fa34ef6f3ae5995a539492d7c18138fcecff93a2ca2dae51eb8f063dc8f18243903ea9d60b17e56851604978eecdec5,INJURY AND / OR TOW DUE TO CRASH,"OVER $1,500",2025-09-22T05:57:00.000,FUNCTIONING PROPERLY,ANGLE,,0,0,0,2,0,2,0,41.7444356325,DAYLIGHT,-87.7021838448,NONINCAPACITATING INJURY,2,30,DISREGARDING TRAFFIC SIGNALS,ON SCENE,NO DEFECTS,DRY,NOT APPLICABLE,W,82ND ST,3198,TRAFFIC SIGNAL,FOUR WAY,CLEAR,,,,,,,2,2,"{""coordinates"": [-87.702183844797, 41.744435632495], ""type"": ""Point""}","[""FRONT"", ""SIDE-RIGHT""]","[""STRAIGHT AHEAD""]","[""Y""]","[""E"", ""N""]","[""DRIVER""]","[""NONE"", ""UNKNOWN""]","[""PERSONAL""]","[""2022"", ""2024""]","[""37"", ""70""]","[""DEPLOYED, COMBINATION""]","[""NONE""]","[""NONINCAPACITATING INJURY""]","[""DRIVER""]","[""SAFETY BELT USED""]","[""F"", ""M""]",[]
STRAIGHT AND LEVEL,1531,2025-09-22T06:00:00.000,2,6,9,268ff8d8c17caeffe836d43fa00644e53f3e95843d439ed6c30317893e0ee06e272d01692043da9a6f082528b8a2aa016c6b435bafe29e49554acfe5d2a2ccc0,NO INJURY / DRIVE AWAY,"OVER $1,500",2025-09-23T08:15:00.000,NO CONTROLS,PARKED MOTOR VEHICLE,Y,0,0,1,0,0,0,0,41.8995241052,DAYLIGHT,-87.7485066723,NO INDICATION OF INJURY,2,20,UNABLE TO DETERMINE,NOT ON SCENE (DESK REPORT),NO DEFECTS,DRY,UNABLE TO DETERMINE,N,LAMON AVE,1030,NO CONTROLS,ONE-WAY,CLEAR,,,,,,,2,1,"{""coordinates"": [-87.748506672349, 41.899524105156], ""type"": ""Point""}","[""SIDE-RIGHT"", ""UNKNOWN""]","[""PARKED"", ""UNKNOWN/NA""]",[],"[""N"", ""UNKNOWN""]","[""DRIVER"", ""PARKED""]","[""NONE"", ""UNKNOWN""]","[""NOT IN USE"", ""UNKNOWN/NA""]","[""2019""]",[],"[""DEPLOYMENT UNKNOWN""]","[""UNKNOWN""]","[""NO INDICATION OF INJURY""]","[""DRIVER""]","[""USAGE UNKNOWN""]","[""X""]",[]
STRAIGHT AND LEVEL,1121,2025-09-22T06:00:00.000,2,6,9,7a7b5535cfe2563680f94d7d74d43c8a9d376378aa1e6e335869b9c54210acf6ab4b535db9ade21e4f5f1ff7851724dc488a44f7c31ebaed57486e7e15546c1c,NO INJURY / DRIVE AWAY,"OVER $1,500",2025-09-22T09:10:00.000,NO CONTROLS,PARKED MOTOR VEHICLE,Y,0,0,1,0,0,0,0,41.8917364491,UNKNOWN,-87.7109506454,NO INDICATION OF INJURY,2,25,IMPROPER BACKING,ON SCENE,NO DEFECTS,UNKNOWN,UNABLE TO DETERMINE,W,OHIO ST,3351,NO CONTROLS,ONE-WAY,UNKNOWN,,Y,,,,,2,1,"{""coordinates"": [-87.710950645431, 41.891736449129], ""type"": ""Point""}","[""FRONT-RIGHT-CORNER"", ""UNKNOWN""]","[""BACKING"", ""PARKED""]",[],"[""E"", ""W""]","[""DRIVER"", ""PARKED""]","[""NONE"", ""UNKNOWN""]","[""NOT IN USE"", ""UNKNOWN/NA""]","[""2019""]",[],"[""DEPLOYMENT UNKNOWN""]","[""UNKNOWN""]","[""NO INDICATION OF INJURY""]","[""DRIVER""]","[""USAGE UNKNOWN""]","[""X""]",[]
STRAIGHT AND LEVEL,815,2025-09-22T06:00:00.000,2,6,9,eac1dbd34b1936579f1e50ee901114df0c1e213d339a7a5b1caaa1c00d2c7b1b09577baa7c1ce4c6ffcdc5d6f4d4789ad5e876b3d026cecb7264859bcaa689c6,NO INJURY / DRIVE AWAY,"OVER $1,500",2025-09-22T06:55:00.000,FUNCTIONING PROPERLY,SIDESWIPE SAME DIRECTION,Y,0,0,2,0,0,0,0,41.7992442508,DAYLIGHT,-87.7428007895,NO INDICATION OF INJURY,2,30,IMPROPER OVERTAKING/PASSING,ON SCENE,NO DEFECTS,DRY,IMPROPER LANE USAGE,S,CICERO AVE,5133,TRAFFIC SIGNAL,DIVIDED - W/MEDIAN (NOT RAISED),CLEAR,,,,Y,,,2,2,"{""coordinates"": [-87.742800789454, 41.799244250829], ""type"": ""Point""}","[""SIDE-LEFT"", ""SIDE-RIGHT""]","[""MERGING"", ""PASSING/OVERTAKING""]",[],"[""W""]","[""DRIVER""]","[""UNKNOWN""]","[""PERSONAL""]","[""1900"", ""2014""]","[""22""]","[""DEPLOYMENT UNKNOWN"", ""DID NOT DEPLOY""]","[""NONE""]","[""NO INDICATION OF INJURY""]","[""DRIVER""]","[""SAFETY BELT USED"", ""USAGE UNKNOWN""]","[""M""]",[]
STRAIGHT AND LEVEL,821,2025-09-22T06:02:00.000,2,6,9,64cead968723c1edcece7d10adb5ccffe28d7322264093550a5251b6c3274f640b7165fdf43a916995038df14bd369b3dcb57ede917e58b263c4ab058a47abfb,INJURY AND / OR TOW DUE TO CRASH,"OVER $1,500",2025-09-22T06:46:00.000,NO CONTROLS,SIDESWIPE SAME DIRECTION,,0,0,3,0,0,0,0,41.8117480489,DAWN,-87.7235833181,NO INDICATION OF INJURY,2,30,IMPROPER OVERTAKING/PASSING,ON SCENE,OTHER,DRY,NOT APPLICABLE,S,PULASKI RD,4455,NO CONTROLS,DIVIDED - W/MEDIAN (NOT RAISED),CLEAR,,,,,,,2,3,"{""coordinates"": [-87.723583318072, 41.81174804888], ""type"": ""Point""}","[""FRONT-LEFT-CORNER"", ""FRONT-RIGHT-CORNER""]","[""CHANGING LANES"", ""PASSING/OVERTAKING""]","[""Y""]","[""N""]","[""DRIVER""]","[""NONE""]","[""PERSONAL""]","[""2008"", ""2020""]","[""18"", ""63""]","[""DEPLOYED, COMBINATION"", ""NOT APPLICABLE""]","[""NONE""]","[""NO INDICATION OF INJURY""]","[""DRIVER"", ""PASSENGER""]","[""USAGE UNKNOWN""]","[""M""]","[""3""]"
STRAIGHT AND LEVEL,725,2025-09-22T06:08:00.000,2,6,9,d57a7015ebdbf065e22b7f2ae8825c42e06afa76d222985d352170b9e832dc93b96c71261247eaa94586d1f1712e029f922b3e5555637c2f4182377754edc704,NO INJURY / DRIVE AWAY,"OVER $1,500",2025-09-23T16:20:00.000,NO CONTROLS,HEAD ON,,0,0,2,0,0,0,0,41.7793357909,"DARKNESS, LIGHTED ROAD",-87.6648360465,NO INDICATION OF INJURY,2,30,UNABLE TO DETERMINE,NOT ON SCENE (DESK REPORT),NO DEFECTS,DRY,UNABLE TO DETERMINE,W,63RD ST,1613,NO CONTROLS,DIVIDED - W/MEDIAN (NOT RAISED),CLEAR,,,,,,,2,2,"{""coordinates"": [-87.664836046488, 41.779335790884], ""type"": ""Point""}","[""FRONT""]","[""STRAIGHT AHEAD""]",[],"[""E"", ""W""]","[""DRIVER""]","[""NONE"", ""UNKNOWN""]","[""PERSONAL"", ""UNKNOWN/NA""]","[""2008"", ""2018""]","[""64""]","[""NOT APPLICABLE""]","[""NONE""]","[""NO INDICATION OF INJURY""]","[""DRIVER""]","[""SAFETY BELT USED"", ""USAGE UNKNOWN""]","[""M""]",[]
STRAIGHT AND LEVEL,412,2025-09-22T06:25:00.000,2,6,9,f5458f4e8b0138aab8933eb0edf1873941cd53bfac7a4495a00d0aa1fbc2d50385fc155a218a3fe68f5e28822494fd12400eda46da7e9010952eb0a6bc1db29b,NO INJURY / DRIVE AWAY,$500 OR LESS,2025-09-22T08:23:00.000,NO CONTROLS,TURNING,Y,0,0,3,0,0,0,0,41.7369644201,DAYLIGHT,-87.5850596484,NO INDICATION OF INJURY,2,30,UNABLE TO DETERMINE,NOT ON SCENE (DESK REPORT),UNKNOWN,DRY,NOT APPLICABLE,S,STONY ISLAND AVE,8699,NO CONTROLS,NOT DIVIDED,CLEAR,,,,,,,2,3,"{""coordinates"": [-87.585059648426, 41.736964420122], ""type"": ""Point""}","[""SIDE-LEFT"", ""SIDE-RIGHT""]","[""TURNING LEFT""]",[],"[""W""]","[""DRIVER""]","[""NONE"", ""UNKNOWN""]","[""PERSONAL"", ""UNKNOWN/NA""]","[""2011"", ""2025""]","[""78""]","[""DEPLOYMENT UNKNOWN"", ""DID NOT DEPLOY""]","[""NONE""]","[""NO INDICATION OF INJURY""]","[""DRIVER"", ""PASSENGER""]","[""SAFETY BELT USED"", ""USAGE UNKNOWN""]","[""F"", ""M""]","[""2""]"