alignment,beat_of_occurrence,crash_date,crash_day_of_week,crash_hour,crash_month,crash_record_id,crash_type,damage,date_police_notified,device_condition,first_crash_type,hit_and_run_i,injuries_fatal,injuries_incapacitating,injuries_no_indication,injuries_non_incapacitating,injuries_reported_not_evident,injuries_total,injuries_unknown,latitude,lighting_condition,longitude,most_severe_injury,num_units,posted_speed_limit,prim_contributory_cause,report_type,road_defect,roadway_surface_cond,sec_contributory_cause,street_direction,street_name,street_no,traffic_control_device,trafficway_type,weather_condition,intersection_related_i,crash_date_est_i,private_property_i,statements_taken_i,photos_taken_i,work_zone_i,veh_count,ppl_count,location_json,veh_first_contact_point_list_json,veh_maneuver_list_json,veh_towed_i_list_json,veh_travel_direction_list_json,veh_unit_type_list_json,veh_vehicle_defect_list_json,veh_vehicle_use_list_json,veh_vehicle_year_list_json,ppl_age_list_json,ppl_airbag_deployed_list_json,ppl_ejection_list_json,ppl_injury_classification_list_json,ppl_person_type_list_json,ppl_safety_equipment_list_json,ppl_sex_list_json,ppl_seat_no_list_json
STRAIGHT AND LEVEL,1111,2025-09-22T06:30:00.000,2,6,9,24845b2547972f6447e38091a9645e4dff5696f172fcff3e14cfb9332b0703287e6042ef1b5ce63801f47087da4bfab983e0efe12803503c4f907d8f90de4b82,INJURY AND / OR TOW DUE TO CRASH,"OVER $1,500",2025-09-22T07:15:00.000,NO CONTROLS,REAR END,,0,0,0,0,2,2,0,41.9023056864,DAYLIGHT,-87.7422428462,"REPORTED, NOT EVIDENT",2,30,FAILING TO REDUCE SPEED TO AVOID CRASH,ON SCENE,NO DEFECTS,DRY,NOT APPLICABLE,W,DIVISION ST,4617,NO CONTROLS,NOT DIVIDED,CLEAR,,,,,,,2,2,"{""coordinates"": [-87.742242846171, 41.902305686385], ""type"": ""Point""}","[""REAR-LEFT-CORNER"", ""TOTAL (ALL AREAS)""]","[""STRAIGHT AHEAD""]","[""Y""]","[""E""]","[""DRIVER""]","[""NONE""]","[""COMMERCIAL - SINGLE UNIT"", ""PERSONAL""]","[""2006"", ""2015""]","[""58"", ""73""]","[""DID NOT DEPLOY"", ""NOT APPLICABLE""]","[""NONE""]","[""REPORTED, NOT EVIDENT""]","[""DRIVER""]","[""HELMET NOT USED"", ""SAFETY BELT USED""]","[""M""]",[]
STRAIGHT AND LEVEL,1833,2025-09-22T06:30:00.000,2,6,9,6ef40c45d6bf6d3ba5a5cb1d21257078d1bacbb7a963b75ffd89bb28f90fb8b88beb252021817acd5c0c1d7f5b1ef8736b7834b0955373daaa459972f31bdb7c,NO INJURY / DRIVE AWAY,"OVER $1,500",2025-09-22T07:15:00.000,NO CONTROLS,SIDESWIPE SAME DIRECTION,,0,0,2,0,0,0,0,41.8990205149,DAYLIGHT,-87.6180037982,NO INDICATION OF INJURY,2,45,IMPROPER LANE USAGE,,UNKNOWN,UNKNOWN,IMPROPER LANE USAGE,N,LAKE SHORE DR NB,881,NO CONTROLS,NOT DIVIDED,CLEAR,,,,,,,2,2,"{""coordinates"": [-87.618003798221, 41.899020514931], ""type"": ""Point""}","[""FRONT-RIGHT-CORNER"", ""SIDE-LEFT""]","[""CHANGING LANES"", ""STRAIGHT AHEAD""]",[],"[""N""]","[""DRIVER""]","[""UNKNOWN""]","[""PERSONAL""]","[""2010"", ""2023""]","[""26"", ""43""]","[""NOT APPLICABLE""]","[""NONE""]","[""NO INDICATION OF INJURY""]","[""DRIVER""]","[""USAGE UNKNOWN""]","[""F"", ""M""]",[]
STRAIGHT ON GRADE,331,2025-09-22T06:42:00.000,2,6,9,f515780f42469422afea843ea5ce1f0585a19963ce5e67fe7221284b32b0b75db590bd2d107aa2f46a8fd9cc5705d58816fe2d8442318cf7175cc06b41c671b0,INJURY AND / OR TOW DUE TO CRASH,"OVER $1,500",2025-09-22T06:47:00.000,NO CONTROLS,SIDESWIPE SAME DIRECTION,,0,0,1,1,0,1,0,41.7817783399,DAYLIGHT,-87.5750881242,NONINCAPACITATING INJURY,2,40,IMPROPER LANE USAGE,ON SCENE,UNKNOWN,UNKNOWN,IMPROPER LANE USAGE,S,LAKE SHORE DR,6225,NO CONTROLS,DIVIDED - W/MEDIAN BARRIER,CLEAR,,,,,,,2,2,"{""coordinates"": [-87.575088124165, 41.781778339916], ""type"": ""Point""}","[""FRONT-RIGHT-CORNER"", ""SIDE-LEFT""]","[""AVOIDING VEHICLES/OBJECTS"", ""STRAIGHT AHEAD""]","[""Y""]","[""N""]","[""DRIVER""]","[""NONE"", ""UNKNOWN""]","[""PERSONAL""]","[""2016""]","[""28"", ""38""]","[""DEPLOYED, COMBINATION"", ""DID NOT DEPLOY""]","[""NONE""]","[""NO INDICATION OF INJURY"", ""NONINCAPACITATING INJURY""]","[""DRIVER""]","[""SAFETY BELT USED""]","[""F""]",[]
STRAIGHT AND LEVEL,414,2025-09-22T06:55:00.000,2,6,9,f6c4e85f80788889fe9f2e3f333d74f251d262071426e70bf1b3118c66b42539e8c6db245b397f562f9744d63ca39580fadbb57f165203b456e3dc9de9ad10be,INJURY AND / OR TOW DUE TO CRASH,"OVER $1,500",2025-09-22T06:55:00.000,NO CONTROLS,HEAD ON,,0,0,0,9,0,9,0,41.7458334148,DAYLIGHT,-87.5757368197,NONINCAPACITATING INJURY,2,30,IMPROPER LANE USAGE,ON SCENE,NO DEFECTS,DRY,DRIVING ON WRONG SIDE/WRONG WAY,S,JEFFERY BLVD,8209,NO CONTROLS,NOT DIVIDED,CLEAR,,,,,,,2,9,"{""coordinates"": [-87.575736819687, 41.745833414801], ""type"": ""Point""}","[""FRONT""]","[""STRAIGHT AHEAD""]","[""Y""]","[""N"", ""S""]","[""DRIVER""]","[""UNKNOWN""]","[""CTA"", ""UNKNOWN/NA""]","[""2020""]","[""19"", ""27"", ""28"", ""34"", ""44"", ""59"", ""62""]","[""DEPLOYED, COMBINATION"", ""NOT APPLICABLE""]","[""NONE"", ""UNKNOWN""]","[""NONINCAPACITATING INJURY""]","[""DRIVER"", ""PASSENGER""]","[""USAGE UNKNOWN""]","[""F"", ""M""]","[""1"", ""10"", ""2"", ""3"", ""4"", ""5"", ""6""]"
STRAIGHT AND LEVEL,2532,2025-09-22T07:00:00.000,2,7,9,44dd0920ab0eee0aaa685f9e8fe840fa8cd547f21d7e7216065d3f1cba0a1a04831205725cb360f735698e44ab2abf1b9870364179f11957e3666d7f2b754e73,NO INJURY / DRIVE AWAY,"OVER $1,500",2025-09-22T07:05:00.000,UNKNOWN,SIDESWIPE SAME DIRECTION,Y,0,0,5,0,0,0,0,41.9093787721,DAYLIGHT,-87.756824282,NO INDICATION OF INJURY,2,35,IMPROPER OVERTAKING/PASSING,ON SCENE,NO DEFECTS,DRY,NOT APPLICABLE,W,NORTH AVE,5229,UNKNOWN,NOT DIVIDED,CLEAR,,,,,,,2,5,"{""coordinates"": [-87.756824281997, 41.909378772134], ""type"": ""Point""}","[""REAR-LEFT-CORNER"", ""UNKNOWN""]","[""PASSING/OVERTAKING"", ""STRAIGHT AHEAD""]",[],"[""E""]","[""DRIVER""]","[""UNKNOWN""]","[""PERSONAL""]","[""1999""]","[""17"", ""21"", ""33"", ""35""]","[""DEPLOYMENT UNKNOWN"", ""NOT APPLICABLE""]","[""NONE""]","[""NO INDICATION OF INJURY""]","[""DRIVER"", ""PASSENGER""]","[""USAGE UNKNOWN""]","[""M""]","[""2"", ""4"", ""5""]"
STRAIGHT AND LEVEL,412,2025-09-22T07:00:00.000,2,7,9,45ba819413a40d974174b57b0cad315c54f1dce0f6e92cdf37cec16fa5f06edd30542ea0ee6c13b410ae9af70315235044171abd448f818991162d9ca64da40c,NO INJURY / DRIVE AWAY,"$501 - $1,500",2025-09-23T01:27:00.000,NO CONTROLS,PARKED MOTOR VEHICLE,,0,0,1,0,0,0,0,41.7401322652,DAYLIGHT,-87.5783482734,NO INDICATION OF INJURY,2,15,IMPROPER BACKING,ON SCENE,OTHER,OTHER,IMPROPER BACKING,S,BENNETT AVE,8516,NO CONTROLS,ALLEY,CLEAR,,N,,Y,,,2,1,"{""coordinates"": [-87.578348273351, 41.740132265208], ""type"": ""Point""}","[""REAR-RIGHT-CORNER"", ""SIDE-RIGHT""]","[""BACKING"", ""PARKED""]",[],"[""W""]","[""DRIVER"", ""PARKED""]","[""NONE"", ""UNKNOWN""]","[""PERSONAL""]","[""2018""]",[],"[""DEPLOYMENT UNKNOWN""]","[""NONE""]","[""NO INDICATION OF INJURY""]","[""DRIVER""]","[""USAGE UNKNOWN""]","[""X""]",[]
STRAIGHT AND LEVEL,1533,2025-09-22T07:00:00.000,2,7,9,a1b2247e468291b339c3db3bfe3b292bada39e500749c0c599159efdf80c069d8bdae28abab32931d45904bb8b41d489d9ce1d25a36640fdc34fdc675ab214b8,NO INJURY / DRIVE AWAY,"OVER $1,500",2025-09-22T09:30:00.000,NO CONTROLS,PARKED MOTOR VEHICLE,Y,0,0,1,0,0,0,0,41.8757478675,DAYLIGHT,-87.7468724219,NO INDICATION OF INJURY,2,20,UNABLE TO DETERMINE,NOT ON SCENE (DESK REPORT),NO DEFECTS,DRY,UNABLE TO DETERMINE,W,GLADYS AVE,4845,NO CONTROLS,ONE-WAY,CLEAR,,Y,,,,,2,1,"{""coordinates"": [-87.746872421944, 41.875747867472], ""type"": ""Point""}","[""SIDE-LEFT"", ""UNKNOWN""]","[""PARKED"", ""UNKNOWN/NA""]",[],"[""UNKNOWN"", ""W""]","[""DRIVER"", ""PARKED""]","[""NONE"", ""UNKNOWN""]","[""NOT IN USE"", ""UNKNOWN/NA""]","[""2024""]",[],"[""DEPLOYMENT UNKNOWN""]","[""UNKNOWN""]","[""NO INDICATION OF INJURY""]","[""DRIVER""]","[""USAGE UNKNOWN""]","[""X""]",[]
STRAIGHT AND LEVEL,1921,2025-09-22T07:10:00.000,2,7,9,3c86696c16cbef5e3a5745931d1fbff217f011cce4f6963c9e094d82dc578bf19d8b4f3e92bd7fade41f9489401214ab7b5381adfedd4a7c7e38e2ae468fc61c,NO INJURY / DRIVE AWAY,"OVER $1,500",2025-09-22T20:00:00.000,FUNCTIONING PROPERLY,REAR END,,0,0,2,0,0,0,0,41.9395074638,DAYLIGHT,-87.6877652076,NO INDICATION OF INJURY,2,30,FAILING TO REDUCE SPEED TO AVOID CRASH,NOT ON SCENE (DESK REPORT),NO DEFECTS,DRY,UNABLE TO DETERMINE,N,WESTERN AVE,3201,TRAFFIC SIGNAL,DIVIDED - W/MEDIAN (NOT RAISED),CLEAR,,,,,,,2,2,"{""coordinates"": [-87.68776520764, 41.939507463765], ""type"": ""Point""}","[""FRONT"", ""REAR""]","[""SLOW/STOP IN TRAFFIC""]",[],"[""S""]","[""DRIVER""]","[""NONE""]","[""PERSONAL""]","[""2010"", ""2018""]","[""40""]","[""DEPLOYMENT UNKNOWN"", ""DID NOT DEPLOY""]","[""NONE""]","[""NO INDICATION OF INJURY""]","[""DRIVER""]","[""SAFETY BELT USED"", ""USAGE UNKNOWN""]","[""M""]",[]
STRAIGHT AND LEVEL,1233,2025-09-22T07:15:00.000,2,7,9,82b65c91ba3224b37de764ccb553e8562191099c2011864f7a8bcf3bbc4e34522004a6ea026c19bb2270304e3f936cbc7b3b5458c631f4b3a32edef3712c26c6,INJURY AND / OR TOW DUE TO CRASH,"OVER $1,500",2025-09-22T07:53:00.000,NO CONTROLS,TURNING,,0,0,1,2,0,2,0,41.8660343587,DAYLIGHT,-87.6614050633,NONINCAPACITATING INJURY,2,30,FAILING TO YIELD RIGHT-OF-WAY,ON SCENE,UNKNOWN,DRY,NOT APPLICABLE,S,LOOMIS ST,1233,NO CONTROLS,NOT DIVIDED,CLEAR,,,,,,,2,3,"{""coordinates"": [-87.661405063319, 41.866034358678], ""type"": ""Point""}","[""FRONT-LEFT-CORNER"", ""FRONT-RIGHT-CORNER""]","[""STRAIGHT AHEAD"", ""TURNING LEFT""]","[""Y""]","[""N"", ""W""]","[""DRIVER""]","[""UNKNOWN""]","[""PERSONAL""]","[""2017"", ""2025""]","[""26"", ""28"", ""6""]","[""DEPLOYED, COMBINATION"", ""DID NOT DEPLOY""]","[""NONE""]","[""NO INDICATION OF INJURY"", ""NONINCAPACITATING INJURY""]","[""DRIVER"", ""PASSENGER""]","[""BOOSTER SEAT"", ""SAFETY BELT USED"", ""USAGE UNKNOWN""]","[""F""]","[""6""]"
STRAIGHT AND LEVEL,1711,2025-09-22T07:15:00.000,2,7,9,927844042228bf364f1d59ce5b381e4c69ff84da7f97b98c7dcd0a882fd6a6b352fd32152651853baf53ac1771cdad961f912fe752518de2cfd121a18a6a2b49,NO INJURY / DRIVE AWAY,"OVER $1,500",2025-09-23T07:55:00.000,NO CONTROLS,PARKED MOTOR VEHICLE,Y,0,0,1,0,0,0,0,41.9948170432,UNKNOWN,-87.7143427683,NO INDICATION OF INJURY,2,15,UNABLE TO DETERMINE,NOT ON SCENE (DESK REPORT),UNKNOWN,UNKNOWN,UNABLE TO DETERMINE,N,LINCOLN AVE,6211,NO CONTROLS,PARKING LOT,UNKNOWN,,,,,,,2,1,"{""coordinates"": [-87.714342768281, 41.994817043186], ""type"": ""Point""}","[""REAR"", ""UNKNOWN""]","[""PARKED"", ""UNKNOWN/NA""]",[],"[""UNKNOWN""]","[""DRIVER"", ""PARKED""]","[""UNKNOWN""]","[""NOT IN USE"", ""UNKNOWN/NA""]","[""2023""]",[],"[""DEPLOYMENT UNKNOWN""]","[""UNKNOWN""]","[""NO INDICATION OF INJURY""]","[""DRIVER""]","[""USAGE UNKNOWN""]","[""X""]",[]
STRAIGHT AND LEVEL,1225,2025-09-22T07:20:00.000,2,7,9,27d43474974650e6bb804276979f6b296aa457b4700a4e093ecd6a00b5c4fa76181734079bea548690de890ccd8bd5763292c1fe8db07af83a1c0c197e1a99d1,NO INJURY / DRIVE AWAY,"OVER $1,500",2025-09-22T11:00:00.000,FUNCTIONING PROPERLY,TURNING,,0,0,2,0,0,0,0,41.8740078865,DAYLIGHT,-87.6763086653,NO INDICATION OF INJURY,2,30,FAILING TO YIELD RIGHT-OF-WAY,NOT ON SCENE (DESK REPORT),NO DEFECTS,DRY,IMPROPER TURNING/NO SIGNAL,S,DAMEN AVE,601,TRAFFIC SIGNAL,FOUR WAY,CLEAR,Y,,,,,,2,2,"{""coordinates"": [-87.676308665279, 41.874007886503], ""type"": ""Point""}","[""FRONT-RIGHT-CORNER""]","[""STRAIGHT AHEAD"", ""TURNING LEFT""]",[],"[""N"", ""S""]","[""DRIVER""]","[""NONE"", ""UNKNOWN""]","[""PERSONAL""]","[""2004"", ""2023""]","[""25"", ""29""]","[""DID NOT DEPLOY""]","[""NONE""]","[""NO INDICATION OF INJURY""]","[""DRIVER""]","[""SAFETY BELT USED"", ""USAGE UNKNOWN""]","[""F"", ""M""]",[]
STRAIGHT AND LEVEL,1821,2025-09-22T07:30:00.000,2,7,9,511c5593402ff41d6bc1cf07fbf9d4af0d928bcc2f61e3000bf2e5061126bfd32f8b7ab2e877bd27ed60de2b2b2598bb1c516421c97e37c02c7a9b00b6d3a1ea,NO INJURY / DRIVE AWAY,"OVER $1,500",2025-09-22T07:36:00.000,FUNCTIONING PROPERLY,REAR END,,0,0,2,0,0,0,0,41.9038809978,DAYLIGHT,-87.6396716481,NO INDICATION OF INJURY,2,30,FOLLOWING TOO CLOSELY,ON SCENE,NO DEFECTS,DRY,NOT APPLICABLE,W,DIVISION ST,440,TRAFFIC SIGNAL,DIVIDED - W/MEDIAN (NOT RAISED),CLEAR,,Y,,,,,2,2,"{""coordinates"": [-87.639671648073, 41.903880997832], ""type"": ""Point""}","[""FRONT"", ""REAR""]","[""STRAIGHT AHEAD""]",[],"[""E""]","[""DRIVER""]","[""UNKNOWN""]","[""PERSONAL""]","[""2012"", ""2021""]","[""25"", ""48""]","[""NOT APPLICABLE""]","[""NONE""]","[""NO INDICATION OF INJURY""]","[""DRIVER""]","[""USAGE UNKNOWN""]","[""F"", ""M""]",[]
STRAIGHT AND LEVEL,1233,2025-09-22T07:30:00.000,2,7,9,6c5cc4c1b0235e75498133bde07c60d9d3a71dc2abc2e13086af6c0705b790f597e6cd4b81391fd5426d9ba8f0de76db47302e48e41d107c45e246658581a9b7,NO INJURY / DRIVE AWAY,"OVER $1,500",2025-09-22T08:18:00.000,FUNCTIONING PROPERLY,ANGLE,Y,0,0,2,0,0,0,0,41.8666045814,DAYLIGHT,-87.6614175253,NO INDICATION OF INJURY,2,30,UNABLE TO DETERMINE,NOT ON SCENE (DESK REPORT),UNKNOWN,DRY,NOT APPLICABLE,S,LOOMIS ST,1211,TRAFFIC SIGNAL,NOT DIVIDED,CLEAR,,,,,,,2,2,"{""coordinates"": [-87.661417525342, 41.86660458136], ""type"": ""Point""}","[""FRONT-LEFT-CORNER"", ""SIDE-LEFT-REAR""]","[""STRAIGHT AHEAD""]",[],"[""E"", ""N""]","[""DRIVER""]","[""NONE"", ""OTHER""]","[""PERSONAL"", ""UNKNOWN/NA""]","[""2016"", ""2018""]","[""70""]","[""DEPLOYMENT UNKNOWN"", ""NOT APPLICABLE""]","[""NONE""]","[""NO INDICATION OF INJURY""]","[""DRIVER""]","[""SAFETY BELT USED"", ""USAGE UNKNOWN""]","[""F"", ""M""]",[]
STRAIGHT AND LEVEL,2515,2025-09-22T07:35:00.000,2,7,9,fa8ea17a1e76d38fd94c0858333f8bf33d3c211d0c9af8c25cb063f28b505e0bfd43ecbd0d942198a5270e0df51d4305bfb95cd52cf04143ef22c6be534ee161,NO INJURY / DRIVE AWAY,"OVER $1,500",2025-09-22T09:00:00.000,FUNCTIONING PROPERLY,REAR END,,0,0,2,0,0,0,0,41.9239011199,DAYLIGHT,-87.7635874532,NO INDICATION OF INJURY,2,30,UNABLE TO DETERMINE,NOT ON SCENE (DESK REPORT),NO DEFECTS,DRY,NOT APPLICABLE,W,FULLERTON AVE,5501,TRAFFIC SIGNAL,FOUR WAY,CLEAR,,,,,,,2,2,"{""coordinates"": [-87.763587453194, 41.923901119853], ""type"": ""Point""}","[""FRONT"", ""REAR""]","[""STRAIGHT AHEAD""]",[],"[""E""]","[""DRIVER""]","[""UNKNOWN""]","[""PERSONAL""]","[""1996"", ""2020""]","[""34"", ""64""]","[""DID NOT DEPLOY""]","[""NONE""]","[""NO INDICATION OF INJURY""]","[""DRIVER""]","[""SAFETY BELT USED""]","[""F"", ""M""]",[]
STRAIGHT AND LEVEL,1712,2025-09-22T07:36:00.000,2,7,9,826bb7738f1fcc8fbde0681d725bac7b3f938232842690eed26a833e1a2592c2ff7d7af4192d5ee36e533f23d4b2245c494661d7f442312998cb798f4bc28b8a,INJURY AND / OR TOW DUE TO CRASH,"OVER $1,500",2025-09-22T07:41:00.000,NO CONTROLS,REAR END,,0,0,2,0,0,0,0,41.9800685974,DAYLIGHT,-87.7479973465,NO INDICATION OF INJURY,2,30,FOLLOWING TOO CLOSELY,ON SCENE,NO DEFECTS,DRY,FAILING TO REDUCE SPEED TO AVOID CRASH,N,CICERO AVE,5401,NO CONTROLS,NOT DIVIDED,CLEAR,,,,,,,2,2,"{""coordinates"": [-87.747997346497, 41.980068597386], ""type"": ""Point""}","[""FRONT-LEFT-CORNER"", ""SIDE-RIGHT-REAR""]","[""SLOW/STOP IN TRAFFIC"", ""STRAIGHT AHEAD""]","[""Y""]","[""N""]","[""DRIVER""]","[""NONE""]","[""PERSONAL""]","[""2017""]","[""57"", ""60""]","[""NOT APPLICABLE""]","[""NONE""]","[""NO INDICATION OF INJURY""]","[""DRIVER""]","[""USAGE UNKNOWN""]","[""F"", ""M""]",[]
STRAIGHT AND LEVEL,2411,2025-09-22T07:39:00.000,2,7,9,9f6bef5674554fb1ba806d39538ff8b0baafbeb6fe729355f0360e9974b9f68db07e7b5d4b913fa3f42f066e930a641f6fba3524240730e8ceff72a1e690d2e5,NO INJURY / DRIVE AWAY,"OVER $1,500",2025-09-22T08:20:00.000,NO CONTROLS,PARKED MOTOR VEHICLE,,0,0,1,0,0,0,0,42.0109338249,DAYLIGHT,-87.6862024269,NO INDICATION OF INJURY,2,25,UNABLE TO DETERMINE,NOT ON SCENE (DESK REPORT),UNKNOWN,DRY,NOT APPLICABLE,N,BELL AVE,7072,NO CONTROLS,NOT DIVIDED,CLEAR,,,,,,,2,1,"{""coordinates"": [-87.6862024269, 42.010933824882], ""type"": ""Point""}","[""REAR"", ""SIDE-RIGHT-REAR""]","[""PARKED"", ""TURNING RIGHT""]",[],"[""E"", ""S""]","[""DRIVER"", ""PARKED""]","[""UNKNOWN""]","[""NOT IN USE"", ""UNKNOWN/NA""]","[""2008"", ""2024""]","[""25""]","[""NOT APPLICABLE""]","[""NONE""]","[""NO INDICATION OF INJURY""]","[""DRIVER""]","[""USAGE UNKNOWN""]","[""F""]",[]
STRAIGHT AND LEVEL,2515,2025-09-22T07:40:00.000,2,7,9,268d022bd0c9f6ae2646dd1eaa4a6d66cdd40bc7c8bd544b023a90c333bbc4344cb6306a2c8a53251f036b2363f79498f238e327f174ca9de120decef2caab29,NO INJURY / DRIVE AWAY,"OVER $1,500",2025-09-23T06:20:00.000,NO CONTROLS,SIDESWIPE SAME DIRECTION,,0,0,2,0,0,0,0,41.9213171693,DAYLIGHT,-87.7657437979,NO INDICATION OF INJURY,2,30,IMPROPER OVERTAKING/PASSING,NOT ON SCENE (DESK REPORT),UNKNOWN,DRY,UNABLE TO DETERMINE,N,CENTRAL AVE,2231,NO CONTROLS,NOT DIVIDED,CLEAR,,,,,,,2,2,"{""coordinates"": [-87.765743797909, 41.921317169316], ""type"": ""Point""}","[""FRONT-RIGHT-CORNER"", ""REAR-LEFT-CORNER""]","[""PASSING/OVERTAKING"", ""STRAIGHT AHEAD""]",[],"[""N""]","[""DRIVER""]","[""NONE"", ""UNKNOWN""]","[""PERSONAL"", ""UNKNOWN/NA""]","[""2007"", ""2018""]","[""27"", ""32""]","[""NOT APPLICABLE""]","[""NONE""]","[""NO INDICATION OF INJURY""]","[""DRIVER""]","[""SAFETY BELT USED"", ""USAGE UNKNOWN""]","[""F""]",[]
STRAIGHT AND LEVEL,823,2025-09-22T07:40:00.000,2,7,9,7c22cdcf5b0bc271062490921311adae0a52d0994dd24b1408436823c9dd935dcd4f47fb69845d848324e75a9e27f129fed13dbef382c1c8a2e85d2ffe7dd311,NO INJURY / DRIVE AWAY,"OVER $1,500",2025-09-22T07:45:00.000,FUNCTIONING PROPERLY,ANGLE,,0,0,2,0,0,0,0,41.778986358,DAYLIGHT,-87.6959725778,NO INDICATION OF INJURY,2,35,FAILING TO YIELD RIGHT-OF-WAY,ON SCENE,NO DEFECTS,DRY,UNABLE TO DETERMINE,S,FRANCISCO AVE,6300,STOP SIGN/FLASHER,FOUR WAY,CLEAR,Y,,,,,,2,2,"{""coordinates"": [-87.695972577794, 41.778986357953], ""type"": ""Point""}","[""FRONT"", ""FRONT-RIGHT-CORNER""]","[""STRAIGHT AHEAD""]",[],"[""N"", ""W""]","[""DRIVER""]","[""NONE""]","[""PERSONAL""]","[""2006"", ""2013""]","[""19"", ""22""]","[""DEPLOYED, FRONT"", ""DID NOT DEPLOY""]","[""NONE""]","[""NO INDICATION OF INJURY""]","[""DRIVER""]","[""NONE PRESENT"", ""USAGE UNKNOWN""]","[""F"", ""M""]",[]
STRAIGHT ON GRADE,1021,2025-09-22T07:42:00.000,2,7,9,c21755f8c4934d9e0e0056aaa70990f9699adf7360882884212862223d8711ba80da5998eb7a542bf1d4df90811ec883a030754340dac78f11211fef00a6703e,NO INJURY / DRIVE AWAY,"OVER $1,500",2025-09-22T08:40:00.000,NO CONTROLS,SIDESWIPE SAME DIRECTION,,0,0,2,0,0,0,0,41.8569624901,DAYLIGHT,-87.715004638,NO INDICATION OF INJURY,2,30,UNABLE TO DETERMINE,NOT ON SCENE (DESK REPORT),NO DEFECTS,DRY,NOT APPLICABLE,S,CENTRAL PARK AVE,1803,NO CONTROLS,NOT DIVIDED,CLEAR,,,,,,,2,2,"{""coordinates"": [-87.715004638009, 41.856962490133], ""type"": ""Point""}","[""FRONT-LEFT-CORNER"", ""FRONT-RIGHT-CORNER""]","[""ENTERING TRAFFIC LANE FROM PARKING"", ""STRAIGHT AHEAD""]",[],"[""N""]","[""DRIVER""]","[""UNKNOWN""]","[""PERSONAL""]","[""2017"", ""2023""]","[""25"", ""69""]","[""DID NOT DEPLOY""]","[""NONE""]","[""NO INDICATION OF INJURY""]","[""DRIVER""]","[""SAFETY BELT USED""]","[""F""]",[]
STRAIGHT AND LEVEL,914,2025-09-22T07:54:00.000,2,7,9,eaba4147d5d0327a4002d402818da06b6398d0b30ab8b8bf89f86550b2881c3e142263467ddeac58d7eda8e96f523c0391cc6b2fd0f5ddcd2bc6ba230871be8e,INJURY AND / OR TOW DUE TO CRASH,"OVER $1,500",2025-09-22T08:12:00.000,NO CONTROLS,OTHER OBJECT,Y,0,0,1,1,0,1,0,41.8511978333,DAYLIGHT,-87.6385403033,NONINCAPACITATING INJURY,2,30,UNABLE TO DETERMINE,ON SCENE,NO DEFECTS,DRY,UNABLE TO DETERMINE,S,ARCHER AVE,2284,NO CONTROLS,NOT DIVIDED,CLEAR,,,,,,,2,2,"{""coordinates"": [-87.638540303313, 41.851197833308], ""type"": ""Point""}","[""FRONT""]","[""TURNING RIGHT""]",[],"[""S""]","[""DRIVER"", ""NON-MOTOR VEHICLE""]","[""NONE""]","[""PERSONAL""]","[""2025""]","[""30""]","[""DEPLOYMENT UNKNOWN"", ""DID NOT DEPLOY""]","[""NONE""]","[""NO INDICATION OF INJURY"", ""NONINCAPACITATING INJURY""]","[""DRIVER"", ""NON-MOTOR VEHICLE""]","[""NONE PRESENT"", ""USAGE UNKNOWN""]","[""M"", ""X""]",[]
STRAIGHT AND LEVEL,1633,2025-09-22T07:55:00.000,2,7,9,54d002b2955e16d09559ace46c23513a93443c3cbc09e4c7c2af8cbdf5dbe340dfef2caecb5b9cdedda908a0a651c9132383f756251deda33cab6251a497703a,NO INJURY / DRIVE AWAY,$500 OR LESS,2025-09-22T08:07:00.000,FUNCTIONING PROPERLY,TURNING,,0,0,2,0,0,0,0,41.9384911242,DAYLIGHT,-87.7763631519,NO INDICATION OF INJURY,2,30,FAILING TO YIELD RIGHT-OF-WAY,ON SCENE,NO DEFECTS,DRY,NOT APPLICABLE,N,AUSTIN AVE,3200,TRAFFIC SIGNAL,FOUR WAY,CLEAR,Y,,,,,,2,2,"{""coordinates"": [-87.776363151942, 41.938491124151], ""type"": ""Point""}","[""FRONT"", ""SIDE-LEFT""]","[""STRAIGHT AHEAD"", ""TURNING LEFT""]",[],"[""E"", ""N""]","[""DRIVER""]","[""NONE""]","[""PERSONAL""]","[""2007"", ""2024""]","[""17"", ""53""]","[""DID NOT DEPLOY"", ""NOT APPLICABLE""]","[""NONE"", ""TOTALLY EJECTED""]","[""NO INDICATION OF INJURY""]","[""DRIVER""]","[""NONE PRESENT"", ""SAFETY BELT USED""]","[""F""]",[]
STRAIGHT AND LEVEL,413,2025-09-22T08:00:00.000,2,8,9,0cf63db9667f4535350ed8dcbd3227a47469073d7b7ebf115fda72da892eb5478d757310dbea0e772552c79e10fde331dfd0485cbe83233577a1092f568f2e7c,NO INJURY / DRIVE AWAY,"OVER $1,500",2025-09-22T16:04:00.000,NO CONTROLS,SIDESWIPE SAME DIRECTION,Y,0,0,2,0,0,0,0,41.7277958023,DAYLIGHT,-87.5828180237,NO INDICATION OF INJURY,2,30,DRIVING SKILLS/KNOWLEDGE/EXPERIENCE,ON SCENE,NO DEFECTS,UNKNOWN,NOT APPLICABLE,S,EAST END AVE,9200,NO CONTROLS,ONE-WAY,UNKNOWN,,,,,,,2,2,"{""coordinates"": [-87.582818023714, 41.727795802272], ""type"": ""Point""}","[""SIDE-LEFT-FRONT"", ""SIDE-RIGHT""]","[""PASSING/OVERTAKING"", ""SLOW/STOP IN TRAFFIC""]",[],"[""S""]","[""DRIVER""]","[""UNKNOWN""]","[""PERSONAL"", ""UNKNOWN/NA""]","[""2019"", ""2020""]","[""55""]","[""DEPLOYMENT UNKNOWN"", ""DID NOT DEPLOY""]","[""NONE""]","[""NO INDICATION OF INJURY""]","[""DRIVER""]","[""USAGE UNKNOWN""]","[""F""]",[]