alignment,beat_of_occurrence,crash_date,crash_day_of_week,crash_hour,crash_month,crash_record_id,crash_type,damage,date_police_notified,device_condition,first_crash_type,hit_and_run_i,injuries_fatal,injuries_incapacitating,injuries_no_indication,injuries_non_incapacitating,injuries_reported_not_evident,injuries_total,injuries_unknown,latitude,lighting_condition,longitude,most_severe_injury,num_units,posted_speed_limit,prim_contributory_cause,report_type,road_defect,roadway_surface_cond,sec_contributory_cause,street_direction,street_name,street_no,traffic_control_device,trafficway_type,weather_condition,intersection_related_i,crash_date_est_i,private_property_i,statements_taken_i,photos_taken_i,work_zone_i,veh_count,ppl_count,location_json,veh_first_contact_point_list_json,veh_maneuver_list_json,veh_towed_i_list_json,veh_travel_direction_list_json,veh_unit_type_list_json,veh_vehicle_defect_list_json,veh_vehicle_use_list_json,veh_vehicle_year_list_json,ppl_age_list_json,ppl_airbag_deployed_list_json,ppl_ejection_list_json,ppl_injury_classification_list_json,ppl_person_type_list_json,ppl_safety_equipment_list_json,ppl_sex_list_json,ppl_seat_no_list_json
STRAIGHT AND LEVEL,1122,2025-09-22T08:00:00.000,2,8,9,240638e5595bc35235ba2193140be7d133e540ed41d4a7b10c92cad07ac3871cc7bdae94ce787dc12cf9a4df9c150382565a50e84b8725855b65f4d3063eda8d,NO INJURY / DRIVE AWAY,"OVER $1,500",2025-09-22T18:00:00.000,FUNCTIONING PROPERLY,SIDESWIPE SAME DIRECTION,,0,0,2,0,0,0,0,41.8771967835,DAYLIGHT,-87.7204837021,NO INDICATION OF INJURY,2,30,UNABLE TO DETERMINE,NOT ON SCENE (DESK REPORT),NO DEFECTS,DRY,UNABLE TO DETERMINE,S,HAMLIN BLVD,257,STOP SIGN/FLASHER,DIVIDED - W/MEDIAN (NOT RAISED),CLEAR,Y,,,,,,2,2,"{""coordinates"": [-87.720483702097, 41.877196783509], ""type"": ""Point""}","[""FRONT-RIGHT-CORNER"", ""SIDE-LEFT""]","[""STRAIGHT AHEAD""]",[],"[""N""]","[""DRIVER""]","[""NONE"", ""UNKNOWN""]","[""PERSONAL""]","[""2013"", ""2019""]","[""35""]","[""DID NOT DEPLOY""]","[""NONE""]","[""NO INDICATION OF INJURY""]","[""DRIVER""]","[""SAFETY BELT USED"", ""USAGE UNKNOWN""]","[""F"", ""M""]",[]
STRAIGHT AND LEVEL,1731,2025-09-22T08:00:00.000,2,8,9,da0d8be97c44336cc8b39e88b02393d20a8d085a23e3c6cfdf7460ba9eac8c683036ef494f59b3d3dab6ac2cdd39532ed09ed305f8b8d297d69d1860f4adf5fd,NO INJURY / DRIVE AWAY,"OVER $1,500",2025-09-22T09:15:00.000,UNKNOWN,SIDESWIPE SAME DIRECTION,,0,0,2,0,0,0,0,41.9461044684,DAYLIGHT,-87.7397640789,NO INDICATION OF INJURY,2,30,IMPROPER OVERTAKING/PASSING,NOT ON SCENE (DESK REPORT),UNKNOWN,UNKNOWN,FAILING TO YIELD RIGHT-OF-WAY,W,ADDISON ST,4501,TRAFFIC SIGNAL,DIVIDED - W/MEDIAN (NOT RAISED),CLEAR,,,,,,,2,2,"{""coordinates"": [-87.739764078857, 41.946104468426], ""type"": ""Point""}","[""FRONT-RIGHT-CORNER"", ""SIDE-LEFT-REAR""]","[""CHANGING LANES"", ""STRAIGHT AHEAD""]",[],"[""E""]","[""DRIVER""]","[""UNKNOWN""]","[""PERSONAL"", ""UNKNOWN/NA""]","[""2014"", ""2016""]","[""20""]","[""DID NOT DEPLOY""]","[""NONE""]","[""NO INDICATION OF INJURY""]","[""DRIVER""]","[""SAFETY BELT USED"", ""USAGE UNKNOWN""]","[""F"", ""X""]",[]
STRAIGHT AND LEVEL,1732,2025-09-22T08:05:00.000,2,8,9,c704acbf8745eb09a75ac58dbd8263f0d1e4109979000313768d3bfaef798034bec87d576cae2fbadc3eaf2ae59b71104b84bd26ab328ce94e0e02553a64a725,NO INJURY / DRIVE AWAY,"OVER $1,500",2025-09-22T08:35:00.000,UNKNOWN,REAR END,,0,0,2,0,0,0,0,41.9448810738,DAYLIGHT,-87.7128050888,NO INDICATION OF INJURY,2,30,UNABLE TO DETERMINE,NOT ON SCENE (DESK REPORT),NO DEFECTS,DRY,UNABLE TO DETERMINE,N,KIMBALL AVE,3500,UNKNOWN,DIVIDED - W/MEDIAN (NOT RAISED),CLEAR,,,,,,,2,2,"{""coordinates"": [-87.712805088759, 41.944881073845], ""type"": ""Point""}","[""FRONT"", ""REAR""]","[""STRAIGHT AHEAD""]",[],"[""N""]","[""DRIVER""]","[""NONE"", ""UNKNOWN""]","[""PERSONAL""]","[""2014""]","[""43"", ""50""]","[""DID NOT DEPLOY"", ""NOT APPLICABLE""]","[""NONE""]","[""NO INDICATION OF INJURY""]","[""DRIVER""]","[""USAGE UNKNOWN""]","[""F"", ""M""]",[]
STRAIGHT AND LEVEL,1114,2025-09-22T08:14:00.000,2,8,9,c7d36f45d95b8b1b8a664fdb2178ca1e970061247d6cf6f8d66a7a3e421e9eed9deccf3238f5e070bbe2d5111ed3da52860ddd234da2a91e1e8c17f15dab05ba,INJURY AND / OR TOW DUE TO CRASH,"OVER $1,500",2025-09-22T08:16:00.000,FUNCTIONING PROPERLY,TURNING,,0,0,2,0,1,1,0,41.8876489978,DAYLIGHT,-87.7281983168,"REPORTED, NOT EVIDENT",2,30,UNABLE TO DETERMINE,ON SCENE,NO DEFECTS,DRY,NOT APPLICABLE,W,KINZIE ST,4099,STOP SIGN/FLASHER,NOT DIVIDED,CLEAR,Y,,,,,,2,3,"{""coordinates"": [-87.728198316753, 41.887648997819], ""type"": ""Point""}","[""FRONT"", ""FRONT-LEFT-CORNER""]","[""SLOW/STOP IN TRAFFIC"", ""TURNING LEFT""]",[],"[""E"", ""N""]","[""DRIVER""]","[""NONE""]","[""PERSONAL""]","[""2012"", ""2016""]","[""12"", ""32"", ""34""]","[""NOT APPLICABLE""]","[""NONE""]","[""NO INDICATION OF INJURY"", ""REPORTED, NOT EVIDENT""]","[""DRIVER"", ""PASSENGER""]","[""USAGE UNKNOWN""]","[""F"", ""M""]","[""6""]"
CURVE ON GRADE,1611,2025-09-22T08:15:00.000,2,8,9,40cea2e8ed81bf7f97f2c892a12443ffc2b67de220e7a4a0fa77f581b6c97b1c642f0b1676e9cfe795a22868dc2e5f58030391964c05f0ca781ecb543e37f6d0,NO INJURY / DRIVE AWAY,"$501 - $1,500",2025-09-22T09:13:00.000,FUNCTIONING PROPERLY,TURNING,,0,0,3,0,0,0,0,41.9969955233,DAYLIGHT,-87.7873594128,NO INDICATION OF INJURY,2,30,UNABLE TO DETERMINE,ON SCENE,NO DEFECTS,DRY,UNABLE TO DETERMINE,N,MILWAUKEE AVE,6379,TRAFFIC SIGNAL,DIVIDED - W/MEDIAN BARRIER,CLEAR,Y,,,,,,2,3,"{""coordinates"": [-87.787359412784, 41.996995523311], ""type"": ""Point""}","[""FRONT-LEFT-CORNER"", ""SIDE-RIGHT""]","[""SLOW/STOP IN TRAFFIC"", ""TURNING RIGHT""]",[],"[""N""]","[""DRIVER""]","[""UNKNOWN""]","[""PERSONAL"", ""SCHOOL BUS""]","[""2021""]","[""23"", ""40""]","[""DID NOT DEPLOY""]","[""NONE""]","[""NO INDICATION OF INJURY""]","[""DRIVER"", ""PASSENGER""]","[""USAGE UNKNOWN""]","[""F"", ""M""]","[""10""]"
STRAIGHT AND LEVEL,824,2025-09-22T08:15:00.000,2,8,9,e05de94d13dad8db90d8c9ad5c5dcf2085a0b3453ebe73d3607335e46b7ca38dc623b24118f56334caefcdc4482672c46867853947f9e64deb494f90625fa6a3,NO INJURY / DRIVE AWAY,"OVER $1,500",2025-09-22T09:00:00.000,NO CONTROLS,PARKED MOTOR VEHICLE,N,0,0,1,0,0,0,0,41.7855197258,DAYLIGHT,-87.7007425704,NO INDICATION OF INJURY,2,30,UNABLE TO DETERMINE,NOT ON SCENE (DESK REPORT),UNKNOWN,DRY,UNABLE TO DETERMINE,S,ALBANY AVE,5925,NO CONTROLS,ONE-WAY,CLEAR,,,,,,,2,1,"{""coordinates"": [-87.70074257042, 41.785519725786], ""type"": ""Point""}","[""FRONT-LEFT-CORNER"", ""REAR""]","[""BACKING"", ""PARKED""]",[],"[""N""]","[""DRIVER"", ""PARKED""]","[""UNKNOWN""]","[""PERSONAL""]","[""2011"", ""2022""]","[""48""]","[""NOT APPLICABLE""]","[""NONE""]","[""NO INDICATION OF INJURY""]","[""DRIVER""]","[""USAGE UNKNOWN""]","[""F""]",[]
STRAIGHT AND LEVEL,633,2025-09-22T08:15:00.000,2,8,9,e827d3abf080e549c67c43adf1773e6a6a3ab08328550e6e6dd439aecb643c643c9d2ba5255aee8bfe24b0405a6531cab74014132900c1f50983e626061af66a,INJURY AND / OR TOW DUE TO CRASH,"OVER $1,500",2025-09-22T08:29:00.000,FUNCTIONING PROPERLY,ANGLE,,0,0,2,1,0,1,0,41.7320185906,DAYLIGHT,-87.6161043761,NONINCAPACITATING INJURY,2,30,FAILING TO YIELD RIGHT-OF-WAY,ON SCENE,UNKNOWN,DRY,NOT APPLICABLE,E,89TH PL,334,STOP SIGN/FLASHER,UNKNOWN INTERSECTION TYPE,CLEAR,Y,,,Y,,,2,3,"{""coordinates"": [-87.6161043761, 41.73201859058], ""type"": ""Point""}","[""FRONT-LEFT-CORNER"", ""SIDE-LEFT-REAR""]","[""STRAIGHT AHEAD""]","[""Y""]","[""S"", ""W""]","[""DRIVER""]","[""UNKNOWN""]","[""PERSONAL""]","[""2004"", ""2014""]","[""26"", ""71"", ""75""]","[""DID NOT DEPLOY"", ""NOT APPLICABLE""]","[""NONE""]","[""NO INDICATION OF INJURY"", ""NONINCAPACITATING INJURY""]","[""DRIVER"", ""PASSENGER""]","[""USAGE UNKNOWN""]","[""F"", ""M""]","[""10""]"
STRAIGHT AND LEVEL,223,2025-09-22T08:18:00.000,2,8,9,7dc94140a55bfc21bc815bf442d48d93852fd04c35757a5cc9458d7c70162d6b37704c599b3012234e7943dd626ae5e0ddb5bedcb9a3828737593760cd7643f3,NO INJURY / DRIVE AWAY,"OVER $1,500",2025-09-23T08:50:00.000,FUNCTIONING PROPERLY,REAR END,,0,0,3,0,0,0,0,41.8074739265,DAYLIGHT,-87.6163913962,NO INDICATION OF INJURY,2,30,FOLLOWING TOO CLOSELY,NOT ON SCENE (DESK REPORT),NO DEFECTS,DRY,FOLLOWING TOO CLOSELY,S,DR MARTIN LUTHER KING JR DR,4801,TRAFFIC SIGNAL,NOT DIVIDED,CLEAR,,,,,,,2,3,"{""coordinates"": [-87.61639139623, 41.807473926502], ""type"": ""Point""}","[""FRONT"", ""REAR""]","[""SLOW/STOP IN TRAFFIC"", ""STRAIGHT AHEAD""]",[],"[""N""]","[""DRIVER""]","[""NONE"", ""UNKNOWN""]","[""PERSONAL"", ""UNKNOWN/NA""]","[""2011"", ""2014""]","[""20"", ""58""]","[""DID NOT DEPLOY""]","[""NONE""]","[""NO INDICATION OF INJURY""]","[""DRIVER"", ""PASSENGER""]","[""SAFETY BELT USED"", ""USAGE UNKNOWN""]","[""F""]","[""3""]"
STRAIGHT AND LEVEL,1111,2025-09-22T08:20:00.000,2,8,9,6b7670f551bde41579314dd668c70a2cb32302236a079fef32149d77229b653a16833e780bab8e6e707cab96547d69412e4ee0f3814cd7123dc3aadb009bcded,NO INJURY / DRIVE AWAY,"OVER $1,500",2025-09-22T18:00:00.000,NO CONTROLS,SIDESWIPE SAME DIRECTION,Y,0,0,2,0,0,0,0,41.9025602538,DAYLIGHT,-87.7263594668,NO INDICATION OF INJURY,2,35,UNABLE TO DETERMINE,NOT ON SCENE (DESK REPORT),UNKNOWN,DRY,UNABLE TO DETERMINE,W,DIVISION ST,4001,NO CONTROLS,NOT DIVIDED,CLEAR,,,,,,,2,2,"{""coordinates"": [-87.726359466751, 41.902560253776], ""type"": ""Point""}","[""SIDE-LEFT"", ""SIDE-RIGHT-REAR""]","[""STRAIGHT AHEAD""]",[],"[""E""]","[""DRIVER""]","[""UNKNOWN""]","[""PERSONAL""]","[""2018""]","[""39""]","[""DEPLOYMENT UNKNOWN"", ""NOT APPLICABLE""]","[""NONE"", ""UNKNOWN""]","[""NO INDICATION OF INJURY""]","[""DRIVER""]","[""USAGE UNKNOWN""]","[""M""]",[]
STRAIGHT AND LEVEL,1912,2025-09-22T08:20:00.000,2,8,9,c77a1ad41dac6638e9cee5001d9f0de66e2380d9c623fc77858ae8fc370ceb29ae4374d8d14690347a06eacf8fe9e94b75160dcac138abb5f772c77297fc9d05,NO INJURY / DRIVE AWAY,"OVER $1,500",2025-09-22T14:30:00.000,NO CONTROLS,PARKED MOTOR VEHICLE,Y,0,0,1,0,0,0,0,41.9630198507,DAYLIGHT,-87.6747121353,NO INDICATION OF INJURY,2,25,IMPROPER BACKING,NOT ON SCENE (DESK REPORT),NO DEFECTS,DRY,FOLLOWING TOO CLOSELY,N,RAVENSWOOD AVE,4450,NO CONTROLS,NOT DIVIDED,CLEAR,,,,,,,2,1,"{""coordinates"": [-87.674712135304, 41.963019850731], ""type"": ""Point""}","[""REAR-RIGHT-CORNER"", ""SIDE-LEFT-REAR""]","[""BACKING"", ""PARKED""]",[],"[""N"", ""S""]","[""DRIVER"", ""PARKED""]","[""NONE"", ""UNKNOWN""]","[""NOT IN USE"", ""UNKNOWN/NA""]","[""2021""]",[],"[""NOT APPLICABLE""]","[""NONE""]","[""NO INDICATION OF INJURY""]","[""DRIVER""]","[""USAGE UNKNOWN""]","[""F""]",[]
STRAIGHT AND LEVEL,2413,2025-09-22T08:20:00.000,2,8,9,e7ec79f894240fd86eadfb93ae17ebaa4faecf665571a8e66767eb2139c5868e324351bd779907ecb576962a3fb546c66b968aecf879481a03ed229bb797cf41,NO INJURY / DRIVE AWAY,"OVER $1,500",2025-09-22T12:49:00.000,UNKNOWN,SIDESWIPE SAME DIRECTION,Y,0,0,2,0,0,0,0,41.9925874877,DAYLIGHT,-87.6898621544,NO INDICATION OF INJURY,2,30,FAILING TO YIELD RIGHT-OF-WAY,NOT ON SCENE (DESK REPORT),UNKNOWN,UNKNOWN,UNABLE TO DETERMINE,N,WESTERN AVE,6108,UNKNOWN,NOT DIVIDED,CLEAR,,,,,,,2,2,"{""coordinates"": [-87.689862154376, 41.992587487749], ""type"": ""Point""}","[""SIDE-LEFT"", ""UNKNOWN""]","[""CHANGING LANES"", ""STRAIGHT AHEAD""]",[],"[""S""]","[""DRIVER""]","[""NONE""]","[""PERSONAL""]","[""2020""]","[""54""]","[""DEPLOYMENT UNKNOWN"", ""NOT APPLICABLE""]","[""NONE"", ""UNKNOWN""]","[""NO INDICATION OF INJURY""]","[""DRIVER""]","[""SAFETY BELT USED"", ""USAGE UNKNOWN""]","[""F"", ""X""]",[]
STRAIGHT AND LEVEL,1932,2025-09-22T08:25:00.000,2,8,9,cad32394713ec80c9446fc0164563901551b5dd249709d12de4db804bfabbaecf1a316834c7653f83abda37404cae8213a49a70296bf259750ae296c489c1041,NO INJURY / DRIVE AWAY,$500 OR LESS,2025-09-22T08:25:00.000,FUNCTIONING PROPERLY,PEDALCYCLIST,,0,0,2,0,0,0,0,41.9253369923,DAYLIGHT,-87.658602068,NO INDICATION OF INJURY,2,30,IMPROPER LANE USAGE,ON SCENE,NO DEFECTS,DRY,IMPROPER LANE USAGE,N,RACINE AVE,2400,TRAFFIC SIGNAL,NOT DIVIDED,CLEAR,,,,,,,2,2,"{""coordinates"": [-87.658602068009, 41.925336992332], ""type"": ""Point""}","[""SIDE-LEFT-FRONT""]","[""STRAIGHT AHEAD""]",[],"[""S""]","[""BICYCLE"", ""DRIVER""]","[""NONE""]","[""PERSONAL""]","[""2023""]","[""28"", ""43""]","[""DID NOT DEPLOY""]","[""NONE""]","[""NO INDICATION OF INJURY""]","[""BICYCLE"", ""DRIVER""]","[""HELMET NOT USED"", ""SAFETY BELT USED""]","[""F""]",[]
STRAIGHT AND LEVEL,1512,2025-09-22T08:27:00.000,2,8,9,90dc56d060a58cfc4228af9f4da8b2c58deab39e4f2f9f60cb9c801eb3a181498e2ca5092eebf5c5dc88b9fbcf852dae15aec50c5f209d4d49642523433fd531,INJURY AND / OR TOW DUE TO CRASH,"OVER $1,500",2025-09-22T08:27:00.000,FUNCTIONING PROPERLY,ANGLE,,0,0,0,3,0,3,0,41.8822825203,DAYLIGHT,-87.7699283285,NONINCAPACITATING INJURY,2,30,FAILING TO YIELD RIGHT-OF-WAY,ON SCENE,NO DEFECTS,DRY,FAILING TO YIELD RIGHT-OF-WAY,W,WASHINGTON BLVD,5800,TRAFFIC SIGNAL,FOUR WAY,CLEAR,Y,,,,,,2,3,"{""coordinates"": [-87.769928328523, 41.882282520338], ""type"": ""Point""}","[""FRONT"", ""SIDE-LEFT""]","[""STRAIGHT AHEAD""]","[""Y""]","[""N"", ""W""]","[""DRIVER""]","[""UNKNOWN""]","[""PERSONAL""]","[""2011"", ""2014""]","[""14"", ""37"", ""53""]","[""DEPLOYED, COMBINATION"", ""DEPLOYED, FRONT""]","[""UNKNOWN""]","[""NONINCAPACITATING INJURY""]","[""DRIVER"", ""PASSENGER""]","[""USAGE UNKNOWN""]","[""F""]","[""3""]"
STRAIGHT AND LEVEL,132,2025-09-22T08:30:00.000,2,8,9,3d0fd9b57ce56696079a99481e90e4c32e2e7348177bb0a967d43ebafcdcda7c06b91457343ee1a5af92607e2bf9c92e9fdd251a24aa7defa2d71c3fd3e1bc7c,NO INJURY / DRIVE AWAY,"OVER $1,500",2025-09-23T08:45:00.000,NO CONTROLS,SIDESWIPE SAME DIRECTION,,0,0,2,0,0,0,0,41.8552836839,DAYLIGHT,-87.6221260439,NO INDICATION OF INJURY,2,30,UNABLE TO DETERMINE,NOT ON SCENE (DESK REPORT),UNKNOWN,DRY,UNABLE TO DETERMINE,S,INDIANA AVE,2007,NO CONTROLS,DIVIDED - W/MEDIAN BARRIER,CLEAR,,,,,,,2,2,"{""coordinates"": [-87.622126043858, 41.8552836839], ""type"": ""Point""}","[""FRONT-LEFT-CORNER"", ""SIDE-RIGHT-REAR""]","[""LEAVING TRAFFIC LANE TO PARK"", ""STRAIGHT AHEAD""]",[],"[""N""]","[""DRIVER""]","[""NONE"", ""UNKNOWN""]","[""PERSONAL"", ""UNKNOWN/NA""]","[""2024""]",[],"[""DID NOT DEPLOY""]","[""NONE""]","[""NO INDICATION OF INJURY""]","[""DRIVER""]","[""SAFETY BELT USED"", ""USAGE UNKNOWN""]","[""M""]",[]
STRAIGHT AND LEVEL,2512,2025-09-22T08:30:00.000,2,8,9,4a476df246e1acc3a1565a2293e5cd648c446279e71ae0031b513a1da0747908243104670cf5e78e27b8953597ee5ee032782b52170ed03be7db2b8015afb3e3,NO INJURY / DRIVE AWAY,"OVER $1,500",2025-09-22T11:15:00.000,NO CONTROLS,PARKED MOTOR VEHICLE,Y,0,0,1,0,0,0,0,41.9189727437,DAWN,-87.7876021094,NO INDICATION OF INJURY,2,30,UNABLE TO DETERMINE,NOT ON SCENE (DESK REPORT),NO DEFECTS,DRY,NOT APPLICABLE,N,NATCHEZ AVE,2125,NO CONTROLS,NOT DIVIDED,CLEAR,,,,,,,2,1,"{""coordinates"": [-87.787602109414, 41.918972743686], ""type"": ""Point""}","[""FRONT-LEFT-CORNER"", ""SIDE-RIGHT""]","[""PARKED"", ""UNKNOWN/NA""]",[],"[""S""]","[""DRIVER"", ""PARKED""]","[""NONE"", ""UNKNOWN""]","[""PERSONAL"", ""UNKNOWN/NA""]","[""2016""]",[],"[""DEPLOYMENT UNKNOWN""]","[""NONE""]","[""NO INDICATION OF INJURY""]","[""DRIVER""]","[""USAGE UNKNOWN""]","[""X""]",[]
STRAIGHT AND LEVEL,2412,2025-09-22T08:30:00.000,2,8,9,c1d1fd13b2df0f49432bc551148fb8a4b5b2ae08acebbc4aea50b5c01c852f567cf9866ed7ff46fd424961fcb05204e9e9e9f61e6925d4524f71f6766d1fc77a,NO INJURY / DRIVE AWAY,"$501 - $1,500",2025-09-22T09:00:00.000,NO CONTROLS,PARKED MOTOR VEHICLE,,0,0,1,0,0,0,0,42.0034351923,DAYLIGHT,-87.6975001054,NO INDICATION OF INJURY,2,25,UNABLE TO DETERMINE,NOT ON SCENE (DESK REPORT),UNKNOWN,DRY,NOT APPLICABLE,N,WASHTENAW AVE,6710,NO CONTROLS,ONE-WAY,CLEAR,,,,,,,2,1,"{""coordinates"": [-87.697500105409, 42.003435192291], ""type"": ""Point""}","[""FRONT-RIGHT-CORNER"", ""REAR-LEFT-CORNER""]","[""PARKED"", ""STRAIGHT AHEAD""]",[],"[""N""]","[""DRIVER"", ""PARKED""]","[""OTHER"", ""UNKNOWN""]","[""UNKNOWN/NA""]","[""2010"", ""2018""]",[],"[""NOT APPLICABLE""]","[""NONE""]","[""NO INDICATION OF INJURY""]","[""DRIVER""]","[""USAGE UNKNOWN""]","[""F""]",[]
STRAIGHT AND LEVEL,1424,2025-09-22T08:35:00.000,2,8,9,d2799933df5917cd1286fea0ad4181d3b62529eb30584ea1c778d26caf3d6a527272c45b3e7e0390d92534e6a80175eaf968c17ab42224840305ba3e289105d2,NO INJURY / DRIVE AWAY,$500 OR LESS,2025-09-22T10:39:00.000,NO CONTROLS,PARKED MOTOR VEHICLE,Y,0,0,1,0,0,0,0,41.9053885538,DAYLIGHT,-87.6869434036,NO INDICATION OF INJURY,2,30,UNABLE TO DETERMINE,NOT ON SCENE (DESK REPORT),NO DEFECTS,DRY,NOT APPLICABLE,N,WESTERN AVE,1317,NO CONTROLS,NOT DIVIDED,CLEAR,,,,,,,2,1,"{""coordinates"": [-87.686943403595, 41.90538855379], ""type"": ""Point""}","[""SIDE-LEFT"", ""SIDE-RIGHT""]","[""PARKED"", ""STRAIGHT AHEAD""]",[],"[""S""]","[""DRIVER"", ""PARKED""]","[""NONE"", ""UNKNOWN""]","[""COMMERCIAL - SINGLE UNIT"", ""UNKNOWN/NA""]","[""2025""]",[],"[""DEPLOYMENT UNKNOWN""]","[""NONE""]","[""NO INDICATION OF INJURY""]","[""DRIVER""]","[""USAGE UNKNOWN""]","[""X""]",[]
STRAIGHT AND LEVEL,1623,2025-09-22T08:37:00.000,2,8,9,b00ea5ab5a3ab5c3df3f035051a063824a54fb505a6ec3d27022ade9fdc863cba0ef363894e0e5432bd30cd0218f32a40effe29e9d0472ce593976b21a3afc14,NO INJURY / DRIVE AWAY,"OVER $1,500",2025-09-22T08:39:00.000,NO CONTROLS,PARKED MOTOR VEHICLE,N,0,0,1,0,0,0,0,41.9774771637,UNKNOWN,-87.7670755014,NO INDICATION OF INJURY,2,25,DRIVING SKILLS/KNOWLEDGE/EXPERIENCE,NOT ON SCENE (DESK REPORT),NO DEFECTS,DRY,NOT APPLICABLE,N,LUNA AVE,5301,NO CONTROLS,NOT DIVIDED,CLEAR,,,,,,,2,1,"{""coordinates"": [-87.767075501419, 41.977477163743], ""type"": ""Point""}","[""FRONT"", ""REAR""]","[""PARKED"", ""UNKNOWN/NA""]",[],"[""N""]","[""DRIVER"", ""PARKED""]","[""NONE""]","[""PERSONAL""]","[""2010"", ""2011""]",[],"[""DEPLOYMENT UNKNOWN""]","[""NONE""]","[""NO INDICATION OF INJURY""]","[""DRIVER""]","[""USAGE UNKNOWN""]","[""X""]",[]
STRAIGHT AND LEVEL,1632,2025-09-22T08:40:00.000,2,8,9,230d456708d484232a208c36511b8e7205ff11df9eae64e3c0fc72aebf5111b74a22a2815a92c079844257fc8fc880cfcc8d144b7a288ca68ce0e167917ce206,INJURY AND / OR TOW DUE TO CRASH,"OVER $1,500",2025-09-22T08:42:00.000,FUNCTIONING PROPERLY,TURNING,,0,0,2,1,0,1,0,41.9454941982,DAYLIGHT,-87.7864936282,NONINCAPACITATING INJURY,4,35,FAILING TO YIELD RIGHT-OF-WAY,ON SCENE,NO DEFECTS,DRY,NOT APPLICABLE,N,NARRAGANSETT AVE,3554,TRAFFIC SIGNAL,NOT DIVIDED,CLEAR,,,,,,,4,3,"{""coordinates"": [-87.786493628217, 41.945494198186], ""type"": ""Point""}","[""FRONT-LEFT-CORNER"", ""FRONT-RIGHT-CORNER"", ""REAR-LEFT-CORNER"", ""SIDE-LEFT""]","[""ENTERING TRAFFIC LANE FROM PARKING"", ""PARKED"", ""TURNING RIGHT""]","[""N"", ""Y""]","[""E"", ""S""]","[""DRIVER"", ""PARKED""]","[""NONE""]","[""NOT IN USE"", ""PERSONAL""]","[""2014"", ""2019"", ""2023"", ""2024""]","[""37"", ""53""]","[""NOT APPLICABLE""]","[""NONE""]","[""NO INDICATION OF INJURY"", ""NONINCAPACITATING INJURY""]","[""DRIVER"", ""PASSENGER""]","[""SAFETY BELT USED""]","[""M""]","[""3""]"
STRAIGHT AND LEVEL,2423,2025-09-22T08:40:00.000,2,8,9,5e1a1d6b2c57a296c98cccfbd734eb583795e592a22880c771a18721b6a0e478f905695b2ffbcfab1dd413726617b6425c13c1cc499c96b2bfed9d3128ffa786,NO INJURY / DRIVE AWAY,"$501 - $1,500",2025-09-22T09:00:00.000,FUNCTIONING PROPERLY,TURNING,Y,0,0,2,0,0,0,0,42.0125284026,DAYLIGHT,-87.6745195325,NO INDICATION OF INJURY,2,30,IMPROPER TURNING/NO SIGNAL,NOT ON SCENE (DESK REPORT),NO DEFECTS,DRY,IMPROPER TURNING/NO SIGNAL,W,TOUHY AVE,1757,TRAFFIC SIGNAL,FOUR WAY,CLEAR,,,,,,,2,2,"{""coordinates"": [-87.674519532549, 42.012528402618], ""type"": ""Point""}","[""FRONT"", ""SIDE-RIGHT""]","[""STRAIGHT AHEAD"", ""TURNING LEFT""]",[],"[""E"", ""NE""]","[""DRIVER""]","[""NONE""]","[""PERSONAL"", ""UNKNOWN/NA""]","[""2022""]","[""29""]","[""DEPLOYMENT UNKNOWN"", ""NOT APPLICABLE""]","[""NONE""]","[""NO INDICATION OF INJURY""]","[""DRIVER""]","[""SAFETY BELT USED"", ""USAGE UNKNOWN""]","[""M"", ""X""]",[]
STRAIGHT AND LEVEL,1012,2025-09-22T08:45:00.000,2,8,9,01956fb986a14be9e706553785ac83c8d1240f5329f16807117142f7371e93886990957f0d87b5fae4a5cc06e0c1edf528b5d5c4915c5635cb071354ba909895,NO INJURY / DRIVE AWAY,"OVER $1,500",2025-09-22T09:35:00.000,NO CONTROLS,OTHER OBJECT,,0,0,1,0,0,0,0,41.8579733913,DAYLIGHT,-87.7296688516,NO INDICATION OF INJURY,1,10,NOT APPLICABLE,ON SCENE,UNKNOWN,DRY,NOT APPLICABLE,S,KEELER AVE,1627,NO CONTROLS,ALLEY,CLEAR,,Y,,,,,1,1,"{""coordinates"": [-87.729668851557, 41.857973391322], ""type"": ""Point""}","[""REAR-RIGHT-CORNER""]","[""STRAIGHT AHEAD""]",[],"[""S""]","[""DRIVER""]","[""UNKNOWN""]","[""OTHER""]","[""2007""]","[""38""]","[""DEPLOYMENT UNKNOWN""]","[""UNKNOWN""]","[""NO INDICATION OF INJURY""]","[""DRIVER""]","[""USAGE UNKNOWN""]","[""M""]",[]