alignment,beat_of_occurrence,crash_date,crash_day_of_week,crash_hour,crash_month,crash_record_id,crash_type,damage,date_police_notified,device_condition,first_crash_type,hit_and_run_i,injuries_fatal,injuries_incapacitating,injuries_no_indication,injuries_non_incapacitating,injuries_reported_not_evident,injuries_total,injuries_unknown,latitude,lighting_condition,longitude,most_severe_injury,num_units,posted_speed_limit,prim_contributory_cause,report_type,road_defect,roadway_surface_cond,sec_contributory_cause,street_direction,street_name,street_no,traffic_control_device,trafficway_type,weather_condition,intersection_related_i,crash_date_est_i,private_property_i,statements_taken_i,photos_taken_i,work_zone_i,veh_count,ppl_count,location_json,veh_first_contact_point_list_json,veh_maneuver_list_json,veh_towed_i_list_json,veh_travel_direction_list_json,veh_unit_type_list_json,veh_vehicle_defect_list_json,veh_vehicle_use_list_json,veh_vehicle_year_list_json,ppl_age_list_json,ppl_airbag_deployed_list_json,ppl_ejection_list_json,ppl_injury_classification_list_json,ppl_person_type_list_json,ppl_safety_equipment_list_json,ppl_sex_list_json,ppl_seat_no_list_json
STRAIGHT AND LEVEL,131,2025-09-22T11:51:00.000,2,11,9,5098fa06a6426180fb8323e76297621140b78ed9fed9ecace4e1968e16b7e02e81f1e69002d23fd4569443e486f471362b21d3cf88f0289c1ac4d9afb808bcca,INJURY AND / OR TOW DUE TO CRASH,"OVER $1,500",2025-09-22T11:56:00.000,FUNCTIONING PROPERLY,ANGLE,,0,0,3,0,0,0,0,41.8510210813,DAYLIGHT,-87.6239050482,NO INDICATION OF INJURY,2,30,FAILING TO YIELD RIGHT-OF-WAY,ON SCENE,NO DEFECTS,DRY,DRIVING SKILLS/KNOWLEDGE/EXPERIENCE,S,MICHIGAN AVE,2300,STOP SIGN/FLASHER,FOUR WAY,CLEAR,Y,,,,,,2,3,"{""coordinates"": [-87.623905048197, 41.851021081261], ""type"": ""Point""}","[""FRONT"", ""SIDE-RIGHT-REAR""]","[""STRAIGHT AHEAD""]","[""Y""]","[""S"", ""W""]","[""DRIVER""]","[""NONE""]","[""PERSONAL""]","[""2012"", ""2022""]","[""26"", ""30"", ""38""]","[""DID NOT DEPLOY"", ""NOT APPLICABLE""]","[""NONE""]","[""NO INDICATION OF INJURY""]","[""DRIVER"", ""PASSENGER""]","[""SAFETY BELT USED""]","[""F"", ""M""]","[""3""]"
STRAIGHT AND LEVEL,2413,2025-09-22T12:00:00.000,2,12,9,15510a03c541700105dea23b8a329ceaaefa951a23ca4b80eeebaa0d4c19c0ba0fcf4939533fb149bcd9f5501902407970ea41ef9cb74769c44d9efff44d3fd8,NO INJURY / DRIVE AWAY,$500 OR LESS,2025-09-22T12:32:00.000,NO CONTROLS,SIDESWIPE SAME DIRECTION,,0,0,2,0,0,0,0,41.9912917052,DAYLIGHT,-87.7086143001,NO INDICATION OF INJURY,2,30,UNABLE TO DETERMINE,ON SCENE,NO DEFECTS,DRY,UNABLE TO DETERMINE,N,LINCOLN AVE,6047,NO CONTROLS,NOT DIVIDED,CLEAR,,,,,,,2,2,"{""coordinates"": [-87.708614300108, 41.991291705203], ""type"": ""Point""}","[""SIDE-LEFT"", ""SIDE-RIGHT""]","[""STRAIGHT AHEAD""]",[],"[""N""]","[""DRIVER""]","[""NONE""]","[""PERSONAL""]","[""2008"", ""2919""]","[""50""]","[""DEPLOYMENT UNKNOWN"", ""NOT APPLICABLE""]","[""NONE""]","[""NO INDICATION OF INJURY""]","[""DRIVER""]","[""SAFETY BELT USED"", ""USAGE UNKNOWN""]","[""M""]",[]
STRAIGHT AND LEVEL,1111,2025-09-22T12:00:00.000,2,12,9,68b56316d938c418068a942c48c1f529ae1efde6e7e4ca10d1546d6b8068a677066b3bfdb20b6159119f95937c146aa7bf5d38b9b52436f1b45edebc70981863,NO INJURY / DRIVE AWAY,"OVER $1,500",2025-09-22T13:30:00.000,NO CONTROLS,PARKED MOTOR VEHICLE,Y,0,0,1,0,0,0,0,41.8991178,DAYLIGHT,-87.7269034267,NO INDICATION OF INJURY,2,35,UNABLE TO DETERMINE,NOT ON SCENE (DESK REPORT),UNKNOWN,UNKNOWN,UNABLE TO DETERMINE,W,AUGUSTA BLVD,4014,NO CONTROLS,NOT DIVIDED,CLEAR,,,,,,,2,1,"{""coordinates"": [-87.726903426653, 41.899117799975], ""type"": ""Point""}","[""SIDE-LEFT-FRONT"", ""SIDE-RIGHT-FRONT""]","[""PARKED"", ""STRAIGHT AHEAD""]",[],"[""W""]","[""DRIVER"", ""PARKED""]","[""UNKNOWN""]","[""PERSONAL""]","[""2019""]",[],"[""DEPLOYMENT UNKNOWN""]","[""NONE""]","[""NO INDICATION OF INJURY""]","[""DRIVER""]","[""USAGE UNKNOWN""]","[""X""]",[]
STRAIGHT AND LEVEL,1232,2025-09-22T12:10:00.000,2,12,9,56c504f2129dfa48529cf7835c3f5e1be35aab50c7df6299128496342e45d82a3957ee39b7c81417c9b93dee4611e6fc64e7af8fa20cc76f060ea7dd754df66e,INJURY AND / OR TOW DUE TO CRASH,$500 OR LESS,2025-09-22T12:12:00.000,FUNCTIONING PROPERLY,PEDALCYCLIST,,0,0,1,1,0,1,0,41.8672630984,DAYLIGHT,-87.646972686,NONINCAPACITATING INJURY,2,30,FAILING TO YIELD RIGHT-OF-WAY,ON SCENE,NO DEFECTS,DRY,IMPROPER LANE USAGE,W,ROOSEVELT RD,800,TRAFFIC SIGNAL,FOUR WAY,CLEAR,Y,,,,,,2,2,"{""coordinates"": [-87.646972686016, 41.867263098369], ""type"": ""Point""}","[""SIDE-LEFT""]","[""STRAIGHT AHEAD""]",[],"[""S""]","[""BICYCLE"", ""DRIVER""]","[""UNKNOWN""]","[""PERSONAL""]","[""2014""]","[""20"", ""21""]","[""DID NOT DEPLOY""]","[""NONE""]","[""NO INDICATION OF INJURY"", ""NONINCAPACITATING INJURY""]","[""BICYCLE"", ""DRIVER""]","[""HELMET NOT USED"", ""SAFETY BELT USED""]","[""M""]",[]
STRAIGHT AND LEVEL,1622,2025-09-22T12:12:00.000,2,12,9,3356e564355d868eb30ffa892f04ce465906d257eeb6ffe0eedafad7e5635532298e52025aa59d2580b2f9ad30e2d85e7ac5ffa90d3e87fb137ebdbab9a8bfaa,NO INJURY / DRIVE AWAY,"OVER $1,500",2025-09-22T17:30:00.000,NO CONTROLS,ANGLE,,0,0,2,0,0,0,0,41.9718337333,DAYLIGHT,-87.7727533589,NO INDICATION OF INJURY,2,15,UNABLE TO DETERMINE,NOT ON SCENE (DESK REPORT),NO DEFECTS,DRY,UNABLE TO DETERMINE,W,HIGGINS AVE,5760,NO CONTROLS,ALLEY,CLEAR,,,,,,,2,2,"{""coordinates"": [-87.772753358889, 41.971833733305], ""type"": ""Point""}","[""FRONT-LEFT-CORNER"", ""FRONT-RIGHT-CORNER""]","[""STRAIGHT AHEAD""]",[],"[""E"", ""S""]","[""DRIVER""]","[""NONE""]","[""PERSONAL"", ""UNKNOWN/NA""]","[""2000"", ""2020""]","[""66"", ""78""]","[""NOT APPLICABLE""]","[""NONE""]","[""NO INDICATION OF INJURY""]","[""DRIVER""]","[""SAFETY BELT USED"", ""USAGE UNKNOWN""]","[""F"", ""M""]",[]
STRAIGHT AND LEVEL,1831,2025-09-22T12:15:00.000,2,12,9,43a2a4ec02e34d5c2d59181c6b53a4c1709088841543ae66ee4adadead3b02f9d8566ef5ca2c3a16573286be3a0f9934a071dc989d002cc28038c7da917400d4,INJURY AND / OR TOW DUE TO CRASH,"OVER $1,500",2025-09-22T12:20:00.000,FUNCTIONING PROPERLY,PEDALCYCLIST,,0,0,1,0,1,1,0,41.8893146534,DAYLIGHT,-87.6315760686,"REPORTED, NOT EVIDENT",2,25,UNABLE TO DETERMINE,ON SCENE,NO DEFECTS,DRY,NOT APPLICABLE,W,KINZIE ST,110,TRAFFIC SIGNAL,DIVIDED - W/MEDIAN (NOT RAISED),CLEAR,,,,,,,2,2,"{""coordinates"": [-87.631576068602, 41.889314653398], ""type"": ""Point""}","[""SIDE-LEFT""]","[""STRAIGHT AHEAD""]",[],"[""W""]","[""BICYCLE"", ""DRIVER""]","[""NONE""]","[""PERSONAL""]","[""2023""]","[""25"", ""51""]","[""NOT APPLICABLE""]","[""NONE""]","[""NO INDICATION OF INJURY"", ""REPORTED, NOT EVIDENT""]","[""BICYCLE"", ""DRIVER""]","[""HELMET NOT USED"", ""USAGE UNKNOWN""]","[""M""]",[]
STRAIGHT AND LEVEL,1711,2025-09-22T12:25:00.000,2,12,9,aa38443ec7e3c9ed31e17f95f0f71c58bf9a5929ae65bcb5e162049739ef642e3ad60b74b3dcdb6ead12cb7be434fe8553b931c82a5611d93c6a091e4551a239,NO INJURY / DRIVE AWAY,"OVER $1,500",2025-09-22T12:31:00.000,NO CONTROLS,PARKED MOTOR VEHICLE,,0,0,1,0,0,0,0,41.9919392082,DAYLIGHT,-87.7481823867,NO INDICATION OF INJURY,3,30,UNABLE TO DETERMINE,ON SCENE,NO DEFECTS,DRY,UNABLE TO DETERMINE,N,CICERO AVE,6119,NO CONTROLS,NOT DIVIDED,CLEAR,,,,,,,3,1,"{""coordinates"": [-87.748182386711, 41.991939208168], ""type"": ""Point""}","[""SIDE-LEFT"", ""SIDE-RIGHT"", ""UNKNOWN""]","[""PARKED"", ""STRAIGHT AHEAD""]",[],"[""N""]","[""DRIVER"", ""PARKED""]","[""NONE""]","[""PERSONAL""]","[""2022"", ""2024"", ""2025""]","[""78""]","[""DID NOT DEPLOY""]","[""NONE""]","[""NO INDICATION OF INJURY""]","[""DRIVER""]","[""NONE PRESENT""]","[""F""]",[]
STRAIGHT AND LEVEL,2413,2025-09-22T12:25:00.000,2,12,9,cdf4502c449436e6d7719e5d057d2ae3619681a24a91dcc54ffec3ebfe9a2d919ec2cc1c0431a140e6b77d3bd97a753b19cbd6d2ff55c2c18cbe2867f46626ea,NO INJURY / DRIVE AWAY,"OVER $1,500",2025-09-22T13:15:00.000,NO CONTROLS,SIDESWIPE SAME DIRECTION,Y,0,0,3,0,0,0,0,41.9912505511,DAYLIGHT,-87.7085471763,NO INDICATION OF INJURY,2,30,UNABLE TO DETERMINE,NOT ON SCENE (DESK REPORT),NO DEFECTS,DRY,UNABLE TO DETERMINE,N,LINCOLN AVE,6045,NO CONTROLS,DIVIDED - W/MEDIAN BARRIER,CLEAR,,,,,,,2,3,"{""coordinates"": [-87.708547176271, 41.991250551122], ""type"": ""Point""}","[""REAR-LEFT-CORNER"", ""UNKNOWN""]","[""STRAIGHT AHEAD"", ""UNKNOWN/NA""]",[],"[""NW""]","[""DRIVER""]","[""UNKNOWN""]","[""PERSONAL"", ""UNKNOWN/NA""]","[""2008"", ""2013""]","[""54"", ""75""]","[""DEPLOYMENT UNKNOWN"", ""NOT APPLICABLE""]","[""NONE""]","[""NO INDICATION OF INJURY""]","[""DRIVER"", ""PASSENGER""]","[""SAFETY BELT USED"", ""USAGE UNKNOWN""]","[""F"", ""M""]","[""3""]"
STRAIGHT AND LEVEL,413,2025-09-22T12:30:00.000,2,12,9,38bfd2587d60ac4bb18034fbccaeb583587f9fff124524e514c45b76be8796a8bbae2afe50f44bcc50a2d004698883ba51d9adb9da18a56cf26d6576605568d3,NO INJURY / DRIVE AWAY,"OVER $1,500",2025-09-22T14:00:00.000,FUNCTIONING PROPERLY,TURNING,,0,0,3,0,0,0,0,41.722449457,DAYLIGHT,-87.5850035691,NO INDICATION OF INJURY,2,30,UNABLE TO DETERMINE,NOT ON SCENE (DESK REPORT),NO DEFECTS,DRY,NOT APPLICABLE,E,95TH ST,1600,TRAFFIC SIGNAL,FOUR WAY,CLEAR,Y,,,,,,2,3,"{""coordinates"": [-87.585003569109, 41.722449457011], ""type"": ""Point""}","[""FRONT-RIGHT-CORNER"", ""SIDE-LEFT""]","[""TURNING LEFT""]",[],"[""E""]","[""DRIVER""]","[""NONE"", ""UNKNOWN""]","[""CTA"", ""PERSONAL""]","[""2018""]","[""59"", ""83""]","[""DEPLOYMENT UNKNOWN"", ""DID NOT DEPLOY""]","[""NONE""]","[""NO INDICATION OF INJURY""]","[""DRIVER"", ""PASSENGER""]","[""SAFETY BELT USED"", ""USAGE UNKNOWN""]","[""F"", ""X""]","[""3""]"
STRAIGHT AND LEVEL,432,2025-09-22T12:30:00.000,2,12,9,d85218952bf5881530531a3b0baa7e024b0b9947bf6fd346d91e398ba002e142a382996827b38fd75b0587802d65a62883a25380465407b7aad95b5848b020cc,NO INJURY / DRIVE AWAY,"OVER $1,500",2025-09-22T13:25:00.000,FUNCTIONING PROPERLY,TURNING,,0,0,4,0,0,0,0,41.7127712418,DAYLIGHT,-87.5354221874,NO INDICATION OF INJURY,2,25,IMPROPER TURNING/NO SIGNAL,NOT ON SCENE (DESK REPORT),NO DEFECTS,DRY,DRIVING SKILLS/KNOWLEDGE/EXPERIENCE,S,EWING AVE,10038,TRAFFIC SIGNAL,TRAFFIC ROUTE,CLEAR,,,,,,,2,4,"{""coordinates"": [-87.535422187416, 41.712771241793], ""type"": ""Point""}","[""FRONT-LEFT-CORNER"", ""SIDE-LEFT-REAR""]","[""TURNING LEFT""]",[],"[""S""]","[""DRIVER""]","[""NONE""]","[""OTHER"", ""PERSONAL""]","[""2019"", ""2024""]","[""32"", ""33"", ""61""]","[""DID NOT DEPLOY""]","[""NONE""]","[""NO INDICATION OF INJURY""]","[""DRIVER"", ""PASSENGER""]","[""SAFETY BELT USED"", ""USAGE UNKNOWN""]","[""F"", ""M""]","[""3"", ""6""]"
STRAIGHT AND LEVEL,832,2025-09-22T12:40:00.000,2,12,9,b6075dfefe3db22ae6faa9c7fd816cfe88dc0f590c489d3717895f7a9871b394a38462050e768e9ead2089e109ffba96c212928360d18e5a4749dde2cf7f3820,NO INJURY / DRIVE AWAY,"OVER $1,500",2025-09-22T14:00:00.000,NO CONTROLS,SIDESWIPE SAME DIRECTION,,0,0,2,0,0,0,0,41.7646089122,DAYLIGHT,-87.6833870533,NO INDICATION OF INJURY,2,30,UNABLE TO DETERMINE,NOT ON SCENE (DESK REPORT),NO DEFECTS,DRY,NOT APPLICABLE,S,WESTERN AVE,7100,NO CONTROLS,NOT DIVIDED,CLEAR,,,,,,,2,2,"{""coordinates"": [-87.683387053281, 41.764608912236], ""type"": ""Point""}","[""NONE""]","[""STRAIGHT AHEAD""]",[],"[""N""]","[""DRIVER""]","[""NONE"", ""UNKNOWN""]","[""PERSONAL"", ""UNKNOWN/NA""]","[""2022""]",[],"[""DEPLOYMENT UNKNOWN"", ""DID NOT DEPLOY""]","[""NONE""]","[""NO INDICATION OF INJURY""]","[""DRIVER""]","[""SAFETY BELT USED"", ""USAGE UNKNOWN""]","[""F"", ""M""]",[]
STRAIGHT AND LEVEL,834,2025-09-22T12:45:00.000,2,12,9,948d9ea6ebad772530b36b88a4fbe4ce44998ee61dc3fe2d74297b4213e8bb6a61c8dd7adf985742de5aff406c5cd1334c708f5ff1be897b4af5bb72053644d2,NO INJURY / DRIVE AWAY,"OVER $1,500",2025-09-22T13:25:00.000,NO CONTROLS,PARKED MOTOR VEHICLE,Y,0,0,1,0,0,0,0,41.7352740895,DAYLIGHT,-87.7035112835,NO INDICATION OF INJURY,2,15,UNABLE TO DETERMINE,NOT ON SCENE (DESK REPORT),NO DEFECTS,DRY,UNABLE TO DETERMINE,W,87TH ST,3250,NO CONTROLS,PARKING LOT,CLEAR,,,,,,,2,1,"{""coordinates"": [-87.703511283506, 41.735274089541], ""type"": ""Point""}","[""REAR-RIGHT-CORNER"", ""UNKNOWN""]","[""PARKED"", ""UNKNOWN/NA""]",[],"[""E""]","[""DRIVER"", ""PARKED""]","[""NONE"", ""UNKNOWN""]","[""OTHER"", ""UNKNOWN/NA""]","[""2019""]",[],"[""DEPLOYMENT UNKNOWN""]","[""NONE""]","[""NO INDICATION OF INJURY""]","[""DRIVER""]","[""USAGE UNKNOWN""]","[""X""]",[]
STRAIGHT AND LEVEL,1832,2025-09-22T12:45:00.000,2,12,9,c619595d07bbea05ac451e7707ac927cfe48fbc92185cf2e54be1584effdb2a0e7feee397f70134ee17b82bd85de7b0f6067c0f7c54aa94b8bf49d33988267bf,NO INJURY / DRIVE AWAY,"OVER $1,500",2025-09-22T13:10:00.000,NO CONTROLS,SIDESWIPE SAME DIRECTION,,0,0,2,0,0,0,0,41.8933189813,DAYLIGHT,-87.6325686066,NO INDICATION OF INJURY,2,30,IMPROPER OVERTAKING/PASSING,NOT ON SCENE (DESK REPORT),UNKNOWN,UNKNOWN,FAILING TO REDUCE SPEED TO AVOID CRASH,W,ONTARIO ST,138,NO CONTROLS,ONE-WAY,CLEAR,,,,,,,2,2,"{""coordinates"": [-87.632568606637, 41.8933189813], ""type"": ""Point""}","[""FRONT-RIGHT-CORNER"", ""REAR-LEFT-CORNER""]","[""PASSING/OVERTAKING"", ""STRAIGHT AHEAD""]",[],"[""W""]","[""DRIVER""]","[""NONE""]","[""PERSONAL""]","[""2013"", ""2017""]","[""39"", ""48""]","[""DID NOT DEPLOY""]","[""NONE""]","[""NO INDICATION OF INJURY""]","[""DRIVER""]","[""SAFETY BELT USED""]","[""M""]",[]
STRAIGHT AND LEVEL,922,2025-09-22T12:49:00.000,2,12,9,4b1489c602f0f598b9c5939f98374be26161fa923ad92fd9377a92ccf5ac33aa97676a40d6c8759b14de61a552714a590da8f7c97a9e20eea96cf3e5c134a27d,INJURY AND / OR TOW DUE TO CRASH,"OVER $1,500",2025-09-22T12:50:00.000,FUNCTIONING PROPERLY,SIDESWIPE SAME DIRECTION,,0,0,4,0,0,0,0,41.8151944724,DAYLIGHT,-87.7022152815,NO INDICATION OF INJURY,2,30,IMPROPER OVERTAKING/PASSING,ON SCENE,NO DEFECTS,DRY,FAILING TO YIELD RIGHT-OF-WAY,S,ARCHER AVE,4307,TRAFFIC SIGNAL,NOT DIVIDED,CLEAR,,,,,,,2,4,"{""coordinates"": [-87.70221528147, 41.815194472375], ""type"": ""Point""}","[""FRONT-LEFT-CORNER"", ""FRONT-RIGHT-CORNER""]","[""LEAVING TRAFFIC LANE TO PARK"", ""STRAIGHT AHEAD""]","[""Y""]","[""NE""]","[""DRIVER""]","[""NONE""]","[""PERSONAL""]","[""2013"", ""2024""]","[""24"", ""3"", ""42"", ""47""]","[""DID NOT DEPLOY""]","[""NONE""]","[""NO INDICATION OF INJURY""]","[""DRIVER"", ""PASSENGER""]","[""CHILD RESTRAINT - REAR FACING"", ""USAGE UNKNOWN""]","[""F"", ""M""]","[""3"", ""4""]"
STRAIGHT AND LEVEL,2412,2025-09-22T12:50:00.000,2,12,9,ab15e19d452d7d45ea5f0734c8b9d8cc5059bf04e3355fcbd426ccb987203226657c9face5e4e9e92dd95f7509a0d248ed2fea09820d273ea1fa4c835ff403f3,NO INJURY / DRIVE AWAY,"$501 - $1,500",2025-09-22T13:50:00.000,NO CONTROLS,REAR END,,0,0,2,0,0,0,0,42.0015066363,DAYLIGHT,-87.6901273082,NO INDICATION OF INJURY,2,30,FOLLOWING TOO CLOSELY,NOT ON SCENE (DESK REPORT),NO DEFECTS,DRY,FOLLOWING TOO CLOSELY,N,WESTERN AVE,6602,NO CONTROLS,NOT DIVIDED,CLEAR,,,,,,,2,2,"{""coordinates"": [-87.690127308181, 42.001506636339], ""type"": ""Point""}","[""FRONT"", ""REAR""]","[""STRAIGHT AHEAD""]",[],"[""S""]","[""DRIVER""]","[""NONE""]","[""PERSONAL""]","[""2009"", ""2010""]","[""34"", ""41""]","[""NOT APPLICABLE""]","[""NONE""]","[""NO INDICATION OF INJURY""]","[""DRIVER""]","[""SAFETY BELT USED"", ""USAGE UNKNOWN""]","[""M""]",[]
STRAIGHT AND LEVEL,1651,2025-09-22T12:52:00.000,2,12,9,d3ea2e98fa581a9209b6f5b2f215d6420275279cea228d0055053c753d6a2eb8a91dbe6ca9060e8588878ddd57227a94f1d7d72a2e9aeacb99044671e8b4de2b,NO INJURY / DRIVE AWAY,"$501 - $1,500",2025-09-22T18:00:00.000,NO CONTROLS,SIDESWIPE SAME DIRECTION,,0,0,2,0,0,0,0,41.976201139,DAYLIGHT,-87.9053091251,NO INDICATION OF INJURY,2,15,UNABLE TO DETERMINE,NOT ON SCENE (DESK REPORT),NO DEFECTS,DRY,UNABLE TO DETERMINE,W,OHARE ST,10000,NO CONTROLS,ONE-WAY,CLEAR,,,,,,,2,2,"{""coordinates"": [-87.905309125103, 41.976201139024], ""type"": ""Point""}","[""SIDE-LEFT"", ""SIDE-RIGHT-REAR""]","[""BACKING"", ""STRAIGHT AHEAD""]",[],"[""UNKNOWN""]","[""DRIVER""]","[""NONE""]","[""PERSONAL""]","[""2012"", ""2019""]","[""59""]","[""DEPLOYMENT UNKNOWN"", ""DID NOT DEPLOY""]","[""NONE""]","[""NO INDICATION OF INJURY""]","[""DRIVER""]","[""USAGE UNKNOWN""]","[""M""]",[]
STRAIGHT AND LEVEL,1132,2025-09-22T12:55:00.000,2,12,9,c84a6c0caf3d66b41cffed71b56bb6d7bac65b23e036e3dde17e5f5a0c72ce867cb95d034b6c614b76fac001f8ab42369855ae4522135b9742ea10da87248648,NO INJURY / DRIVE AWAY,"OVER $1,500",2025-09-22T13:30:00.000,FUNCTIONING PROPERLY,REAR END,,0,0,2,0,0,0,0,41.8761587719,DAYLIGHT,-87.7305661709,NO INDICATION OF INJURY,2,30,UNABLE TO DETERMINE,NOT ON SCENE (DESK REPORT),UNKNOWN,UNKNOWN,UNABLE TO DETERMINE,S,KEELER AVE,328,STOP SIGN/FLASHER,FOUR WAY,CLEAR,Y,,,,,,2,2,"{""coordinates"": [-87.730566170937, 41.876158771892], ""type"": ""Point""}","[""FRONT"", ""REAR""]","[""UNKNOWN/NA""]",[],"[""UNKNOWN""]","[""DRIVER""]","[""UNKNOWN""]","[""UNKNOWN/NA""]","[""2020""]","[""36""]","[""DEPLOYMENT UNKNOWN"", ""DID NOT DEPLOY""]","[""NONE""]","[""NO INDICATION OF INJURY""]","[""DRIVER""]","[""SAFETY BELT USED"", ""USAGE UNKNOWN""]","[""F"", ""M""]",[]
STRAIGHT AND LEVEL,813,2025-09-22T13:00:00.000,2,13,9,58263277521249944f211a6026ff44cd509ee522087a5c2377695e2c82a37243cd7178730d5a8367d4c553514ad6158ed83b111118c07348dfbcbdfadcd35db3,NO INJURY / DRIVE AWAY,"OVER $1,500",2025-09-22T13:40:00.000,NO CONTROLS,PARKED MOTOR VEHICLE,,0,0,1,0,0,0,0,41.7912837056,DAYLIGHT,-87.7416968678,NO INDICATION OF INJURY,2,30,IMPROPER LANE USAGE,NOT ON SCENE (DESK REPORT),NO DEFECTS,DRY,NOT APPLICABLE,S,CICERO AVE,5600,NO CONTROLS,NOT DIVIDED,CLEAR,,,,,,,2,1,"{""coordinates"": [-87.741696867821, 41.791283705634], ""type"": ""Point""}","[""SIDE-LEFT"", ""SIDE-RIGHT""]","[""PARKED"", ""STRAIGHT AHEAD""]",[],"[""N""]","[""DRIVER"", ""PARKED""]","[""NONE"", ""UNKNOWN""]","[""NOT IN USE"", ""UNKNOWN/NA""]","[""2020""]",[],"[""DID NOT DEPLOY""]","[""NONE""]","[""NO INDICATION OF INJURY""]","[""DRIVER""]","[""SAFETY BELT USED""]","[""F""]",[]
STRAIGHT AND LEVEL,814,2025-09-22T13:00:00.000,2,13,9,920222f5ead87cab593c87497ac0f778b33368ca3b8a662dd4adc21b215464f983af6838d64f608fe98317b2aa0226b1d141b34d3e08fe96a150f51402bb3cd6,NO INJURY / DRIVE AWAY,"OVER $1,500",2025-09-22T13:10:00.000,NO CONTROLS,PARKED MOTOR VEHICLE,Y,0,0,1,0,0,0,0,41.7961335469,DAYLIGHT,-87.7603858621,NO INDICATION OF INJURY,2,30,UNABLE TO DETERMINE,ON SCENE,NO DEFECTS,DRY,NOT APPLICABLE,S,ARCHER AVE,5842,NO CONTROLS,NOT DIVIDED,CLEAR,,Y,,,,,2,1,"{""coordinates"": [-87.760385862119, 41.796133546891], ""type"": ""Point""}","[""REAR-LEFT-CORNER"", ""SIDE-RIGHT""]","[""PARKED"", ""UNKNOWN/NA""]",[],"[""SW""]","[""DRIVER"", ""PARKED""]","[""NONE"", ""UNKNOWN""]","[""NOT IN USE"", ""UNKNOWN/NA""]","[""2009""]",[],"[""DEPLOYMENT UNKNOWN""]","[""NONE""]","[""NO INDICATION OF INJURY""]","[""DRIVER""]","[""USAGE UNKNOWN""]","[""X""]",[]
STRAIGHT AND LEVEL,2431,2025-09-22T13:11:00.000,2,13,9,5f7c7d93bf8ad700c6c5a69224be36551878889d0116cec892d302918ca168dabd63c8338247ca2aad8b6f147f57ba7a1eab5cfeb78c381735e03ff487aa1fd5,NO INJURY / DRIVE AWAY,"OVER $1,500",2025-09-22T13:40:00.000,NO CONTROLS,REAR TO FRONT,,0,0,2,0,0,0,0,42.0056437294,DAYLIGHT,-87.6730381195,NO INDICATION OF INJURY,2,30,UNABLE TO DETERMINE,NOT ON SCENE (DESK REPORT),NO DEFECTS,DRY,NOT APPLICABLE,N,CLARK ST,6809,NO CONTROLS,NOT DIVIDED,CLEAR,,,,,,,2,2,"{""coordinates"": [-87.673038119463, 42.005643729418], ""type"": ""Point""}","[""FRONT"", ""REAR""]","[""BACKING"", ""SLOW/STOP IN TRAFFIC""]",[],"[""N"", ""S""]","[""DRIVER""]","[""UNKNOWN""]","[""PERSONAL"", ""UNKNOWN/NA""]","[""2002"", ""2014""]","[""24""]","[""DID NOT DEPLOY""]","[""NONE""]","[""NO INDICATION OF INJURY""]","[""DRIVER""]","[""SAFETY BELT USED""]","[""F""]",[]
STRAIGHT AND LEVEL,112,2025-09-22T13:12:00.000,2,13,9,377f7c6c99961d714ce17be9e612dd4fa703afb1fa1e317c0f8ae9ca8634f4403a0a812966039beacd3731a89f826d31ae634767ba91dd6a96b9f4e35a87d14d,NO INJURY / DRIVE AWAY,"OVER $1,500",2025-09-22T14:26:00.000,NO CONTROLS,REAR END,,0,0,2,0,0,0,0,41.8821176335,DAYLIGHT,-87.6276736122,NO INDICATION OF INJURY,2,25,NOT APPLICABLE,NOT ON SCENE (DESK REPORT),NO DEFECTS,DRY,NOT APPLICABLE,N,STATE ST,1,NO CONTROLS,NOT DIVIDED,CLEAR,,,,,,,2,2,"{""coordinates"": [-87.627673612189, 41.882117633495], ""type"": ""Point""}","[""REAR-LEFT-CORNER"", ""REAR-RIGHT-CORNER""]","[""STRAIGHT AHEAD""]",[],"[""N""]","[""DRIVER""]","[""NONE""]","[""TAXI/FOR HIRE"", ""UNKNOWN/NA""]","[""2017"", ""2021""]","[""60""]","[""NOT APPLICABLE""]","[""NONE""]","[""NO INDICATION OF INJURY""]","[""DRIVER""]","[""NONE PRESENT"", ""USAGE UNKNOWN""]","[""M""]",[]
STRAIGHT AND LEVEL,1222,2025-09-22T13:12:00.000,2,13,9,de8127412890b5cb68aeea5913276c2b69b9329a841ff8a5c30e253f11509625be8be40d44206948cd6562e6bf34fd568673078f36643fc586d7b256e17528ca,NO INJURY / DRIVE AWAY,"$501 - $1,500",2025-09-22T13:14:00.000,NO CONTROLS,PARKED MOTOR VEHICLE,,0,0,2,0,0,0,0,41.885679843,DAYLIGHT,-87.7036476785,NO INDICATION OF INJURY,2,25,UNABLE TO DETERMINE,NOT ON SCENE (DESK REPORT),NO DEFECTS,DRY,UNABLE TO DETERMINE,N,ALBANY AVE,251,NO CONTROLS,ONE-WAY,CLEAR,,,,,,,2,2,"{""coordinates"": [-87.703647678513, 41.885679842976], ""type"": ""Point""}","[""FRONT-LEFT-CORNER"", ""REAR-RIGHT-CORNER""]","[""MERGING"", ""PARKED""]",[],"[""S""]","[""DRIVER"", ""PARKED""]","[""NONE"", ""UNKNOWN""]","[""AMBULANCE"", ""UNKNOWN/NA""]","[""2008"", ""2014""]","[""37"", ""46""]","[""DID NOT DEPLOY""]","[""NONE""]","[""NO INDICATION OF INJURY""]","[""DRIVER"", ""PASSENGER""]","[""USAGE UNKNOWN""]","[""F"", ""M""]","[""2""]"