alignment,beat_of_occurrence,crash_date,crash_day_of_week,crash_hour,crash_month,crash_record_id,crash_type,damage,date_police_notified,device_condition,first_crash_type,hit_and_run_i,injuries_fatal,injuries_incapacitating,injuries_no_indication,injuries_non_incapacitating,injuries_reported_not_evident,injuries_total,injuries_unknown,latitude,lighting_condition,longitude,most_severe_injury,num_units,posted_speed_limit,prim_contributory_cause,report_type,road_defect,roadway_surface_cond,sec_contributory_cause,street_direction,street_name,street_no,traffic_control_device,trafficway_type,weather_condition,intersection_related_i,crash_date_est_i,private_property_i,statements_taken_i,photos_taken_i,work_zone_i,veh_count,ppl_count,location_json,veh_first_contact_point_list_json,veh_maneuver_list_json,veh_towed_i_list_json,veh_travel_direction_list_json,veh_unit_type_list_json,veh_vehicle_defect_list_json,veh_vehicle_use_list_json,veh_vehicle_year_list_json,ppl_age_list_json,ppl_airbag_deployed_list_json,ppl_ejection_list_json,ppl_injury_classification_list_json,ppl_person_type_list_json,ppl_safety_equipment_list_json,ppl_sex_list_json,ppl_seat_no_list_json
STRAIGHT AND LEVEL,824,2025-09-22T14:40:00.000,2,14,9,6bd33824dad1cf868be78a0f1f437d28b05d8521618377f26870baeab197a9576a0a0b7fbfac4f8ff87190c56b13cd03d57d8849dd0f2ae097052c889a66caf4,NO INJURY / DRIVE AWAY,"OVER $1,500",2025-09-22T15:58:00.000,NO CONTROLS,ANGLE,,0,0,2,0,0,0,0,41.7881400656,DAYLIGHT,-87.6934981711,NO INDICATION OF INJURY,2,30,UNABLE TO DETERMINE,NOT ON SCENE (DESK REPORT),NO DEFECTS,DRY,UNABLE TO DETERMINE,S,CALIFORNIA AVE,5801,STOP SIGN/FLASHER,NOT DIVIDED,CLEAR,,,,,,,2,2,"{""coordinates"": [-87.693498171145, 41.788140065584], ""type"": ""Point""}","[""FRONT-LEFT-CORNER"", ""SIDE-RIGHT-REAR""]","[""STRAIGHT AHEAD""]",[],"[""E"", ""N""]","[""DRIVER""]","[""NONE""]","[""PERSONAL""]","[""2017"", ""2025""]","[""43"", ""74""]","[""NOT APPLICABLE""]","[""NONE""]","[""NO INDICATION OF INJURY""]","[""DRIVER""]","[""SAFETY BELT USED""]","[""F"", ""M""]",[]
STRAIGHT AND LEVEL,233,2025-09-22T14:45:00.000,2,14,9,d912f0fb98ada27e5064703f611307a907428f6cbd6d51168f86310bb390321b3a036575daabbd7d34f180d11a65d5fee17cf50d89116f42e5687892496d5a39,NO INJURY / DRIVE AWAY,"OVER $1,500",2025-09-22T17:00:00.000,NO CONTROLS,PARKED MOTOR VEHICLE,,0,0,2,0,0,0,0,41.7979138955,DAYLIGHT,-87.596755418,NO INDICATION OF INJURY,2,30,DRIVING SKILLS/KNOWLEDGE/EXPERIENCE,NOT ON SCENE (DESK REPORT),NO DEFECTS,DRY,NOT APPLICABLE,S,WOODLAWN AVE,5400,NO CONTROLS,NOT DIVIDED,CLEAR,,,,,,,2,2,"{""coordinates"": [-87.596755418004, 41.797913895491], ""type"": ""Point""}","[""SIDE-LEFT"", ""SIDE-RIGHT""]","[""PARKED"", ""STRAIGHT AHEAD""]",[],"[""N""]","[""DRIVER"", ""PARKED""]","[""NONE""]","[""CTA"", ""NOT IN USE""]","[""2012"", ""2022""]","[""65""]","[""DEPLOYMENT UNKNOWN"", ""DID NOT DEPLOY""]","[""NONE""]","[""NO INDICATION OF INJURY""]","[""DRIVER"", ""PASSENGER""]","[""SAFETY BELT USED"", ""USAGE UNKNOWN""]","[""F"", ""M""]","[""1""]"
STRAIGHT AND LEVEL,322,2025-09-22T14:46:00.000,2,14,9,2c41e627309605b9597a211f375442a589db9df6e6ffb585826b0e6a45fddf4e5bd42101c937bd2fa024ef927a6eccbae398236114c944ec49249a50d826843c,INJURY AND / OR TOW DUE TO CRASH,"OVER $1,500",2025-09-22T14:47:00.000,FUNCTIONING PROPERLY,REAR END,,0,0,1,0,1,1,0,41.7694519182,DAYLIGHT,-87.6152200659,"REPORTED, NOT EVIDENT",2,30,FOLLOWING TOO CLOSELY,ON SCENE,UNKNOWN,DRY,NOT APPLICABLE,E,69TH ST,402,TRAFFIC SIGNAL,NOT DIVIDED,CLEAR,,,,Y,,,2,2,"{""coordinates"": [-87.615220065917, 41.769451918227], ""type"": ""Point""}","[""FRONT"", ""REAR""]","[""STRAIGHT AHEAD""]",[],"[""W""]","[""DRIVER""]","[""UNKNOWN""]","[""PERSONAL""]","[""2015"", ""2016""]","[""17"", ""34""]","[""NOT APPLICABLE""]","[""NONE""]","[""NO INDICATION OF INJURY"", ""REPORTED, NOT EVIDENT""]","[""DRIVER""]","[""USAGE UNKNOWN""]","[""M""]",[]
STRAIGHT AND LEVEL,833,2025-09-22T14:48:00.000,2,14,9,4b1522e1320837b09b04f346334ddb975f52e27f7040d4a645a7ea232c1e3b6ea74ecc3dd70688f3a4b8e8dbc81a7fa0ce0fe0566c27337a847fc6c7836e8c0b,NO INJURY / DRIVE AWAY,"OVER $1,500",2025-09-22T16:30:00.000,FUNCTIONING PROPERLY,SIDESWIPE SAME DIRECTION,Y,0,0,2,0,0,0,0,41.7716781293,DAYLIGHT,-87.7419220842,NO INDICATION OF INJURY,2,30,FAILING TO YIELD RIGHT-OF-WAY,ON SCENE,NO DEFECTS,DRY,UNABLE TO DETERMINE,S,CICERO AVE,6643,TRAFFIC SIGNAL,DIVIDED - W/MEDIAN (NOT RAISED),CLEAR,,,,,,,2,2,"{""coordinates"": [-87.741922084247, 41.771678129342], ""type"": ""Point""}","[""SIDE-LEFT"", ""SIDE-RIGHT""]","[""MERGING"", ""STRAIGHT AHEAD""]",[],"[""S""]","[""DRIVER""]","[""NONE""]","[""PERSONAL""]","[""2003"", ""2007""]","[""64""]","[""DEPLOYMENT UNKNOWN"", ""DID NOT DEPLOY""]","[""NONE""]","[""NO INDICATION OF INJURY""]","[""DRIVER""]","[""SAFETY BELT USED"", ""USAGE UNKNOWN""]","[""F"", ""M""]",[]
STRAIGHT AND LEVEL,1512,2025-09-22T14:51:00.000,2,14,9,fc8b2100409511bf32a1a755bc779d53e280cfc7a48f174ec15e308d8d19b4a319a5ef66c24ee5f363d46b4388e5c2037c43448167611c60633c4577aaeae7d7,NO INJURY / DRIVE AWAY,"OVER $1,500",2025-09-22T15:31:00.000,FUNCTIONING PROPERLY,TURNING,,0,0,2,0,0,0,0,41.8855014242,DAYLIGHT,-87.7746835058,NO INDICATION OF INJURY,2,30,NOT APPLICABLE,NOT ON SCENE (DESK REPORT),UNKNOWN,DRY,UNABLE TO DETERMINE,N,AUSTIN BLVD,251,STOP SIGN/FLASHER,NOT DIVIDED,CLEAR,Y,,N,,,,2,2,"{""coordinates"": [-87.774683505755, 41.885501424153], ""type"": ""Point""}","[""FRONT"", ""SIDE-LEFT-REAR""]","[""SLOW/STOP IN TRAFFIC"", ""TURNING LEFT""]",[],"[""N"", ""SW""]","[""DRIVER""]","[""UNKNOWN""]","[""PERSONAL""]","[""2017"", ""2022""]","[""24"", ""55""]","[""DID NOT DEPLOY"", ""NOT APPLICABLE""]","[""NONE""]","[""NO INDICATION OF INJURY""]","[""DRIVER""]","[""USAGE UNKNOWN""]","[""F"", ""M""]",[]
STRAIGHT AND LEVEL,432,2025-09-22T14:52:00.000,2,14,9,e18fb664da6fb1d7c325d562c7259c64b74f75c835ddf2e01f5dd7749cfd177c57ce8fd503994bb055cbbf5f61af80ebac446f9edd8c66605d379006a8269380,NO INJURY / DRIVE AWAY,"OVER $1,500",2025-09-22T15:00:00.000,FUNCTIONING PROPERLY,ANGLE,,0,0,2,0,0,0,0,41.7099546652,DAYLIGHT,-87.5354311281,NO INDICATION OF INJURY,2,30,FAILING TO YIELD RIGHT-OF-WAY,ON SCENE,NO DEFECTS,DRY,DRIVING SKILLS/KNOWLEDGE/EXPERIENCE,S,EWING AVE,10200,STOP SIGN/FLASHER,NOT DIVIDED,CLEAR,,,,,,,2,2,"{""coordinates"": [-87.535431128125, 41.70995466518], ""type"": ""Point""}","[""FRONT"", ""SIDE-LEFT""]","[""STRAIGHT AHEAD""]",[],"[""S"", ""W""]","[""DRIVER""]","[""UNKNOWN""]","[""FIRE"", ""PERSONAL""]","[""2019"", ""2021""]","[""31"", ""57""]","[""NOT APPLICABLE""]","[""NONE""]","[""NO INDICATION OF INJURY""]","[""DRIVER""]","[""SAFETY BELT USED"", ""USAGE UNKNOWN""]","[""F""]",[]
STRAIGHT AND LEVEL,1235,2025-09-22T14:56:00.000,2,14,9,743137d5228bcf949566ea26d5195b8cc8cc9bcaa3ac2268dd171ef8f642b87f525717d89a2a6c5545154b84bc86bc04a83b6af3b81d7b3082e0f45c4da14c72,NO INJURY / DRIVE AWAY,"OVER $1,500",2025-09-22T16:43:00.000,FUNCTIONING PROPERLY,SIDESWIPE SAME DIRECTION,,0,0,2,0,0,0,0,41.8538870421,DAYLIGHT,-87.6486087148,NO INDICATION OF INJURY,2,30,IMPROPER OVERTAKING/PASSING,NOT ON SCENE (DESK REPORT),NO DEFECTS,DRY,NOT APPLICABLE,S,CANALPORT AVE,2108,TRAFFIC SIGNAL,NOT DIVIDED,CLEAR,,,,,,,2,2,"{""coordinates"": [-87.648608714762, 41.853887042089], ""type"": ""Point""}","[""FRONT-LEFT-CORNER"", ""REAR-RIGHT-CORNER""]","[""PASSING/OVERTAKING"", ""STRAIGHT AHEAD""]",[],"[""S""]","[""DRIVER""]","[""NONE""]","[""OTHER"", ""PERSONAL""]","[""2012"", ""2019""]","[""26"", ""57""]","[""DID NOT DEPLOY""]","[""NONE""]","[""NO INDICATION OF INJURY""]","[""DRIVER""]","[""SAFETY BELT USED""]","[""M""]",[]
STRAIGHT AND LEVEL,432,2025-09-22T14:56:00.000,2,14,9,d94d824047fdc9cfa0d444355d9c181427084f4944e0fc016a5eb60815b63e491aa551e273c99c99fcd847f7fcda0e4da2d717046e20d3de3bb83b4ef0ad2f92,INJURY AND / OR TOW DUE TO CRASH,"OVER $1,500",2025-09-22T15:27:00.000,NO CONTROLS,SIDESWIPE SAME DIRECTION,Y,0,0,2,0,1,1,0,41.7120818256,DAYLIGHT,-87.5353404707,"REPORTED, NOT EVIDENT",2,30,IMPROPER LANE USAGE,ON SCENE,NO DEFECTS,DRY,NOT APPLICABLE,E,101ST ST,3628,NO CONTROLS,FOUR WAY,CLEAR,,,,,,,2,3,"{""coordinates"": [-87.535340470725, 41.712081825593], ""type"": ""Point""}","[""SIDE-RIGHT-REAR"", ""UNKNOWN""]","[""STRAIGHT AHEAD"", ""UNKNOWN/NA""]",[],"[""N""]","[""DRIVER""]","[""NONE"", ""UNKNOWN""]","[""CTA"", ""UNKNOWN/NA""]",[],"[""51""]","[""DEPLOYMENT UNKNOWN"", ""DID NOT DEPLOY""]","[""NONE""]","[""NO INDICATION OF INJURY"", ""REPORTED, NOT EVIDENT""]","[""DRIVER"", ""PASSENGER""]","[""NONE PRESENT"", ""USAGE UNKNOWN""]","[""F""]","[""11""]"
STRAIGHT AND LEVEL,925,2025-09-22T14:59:00.000,2,14,9,04e7fad1c95488e12b9bd9a842a24b293976e53e1ab1d5f7f894bb45317851eef13cf1849d4e9f0ad2521a084a3988ecb66c656324168abfe80a77d21fb21fc4,INJURY AND / OR TOW DUE TO CRASH,"OVER $1,500",2025-09-22T16:50:00.000,FUNCTIONING PROPERLY,REAR TO FRONT,Y,0,0,6,1,0,1,0,41.8189090987,DAYLIGHT,-87.6387677994,NONINCAPACITATING INJURY,2,30,FAILING TO YIELD RIGHT-OF-WAY,ON SCENE,NO DEFECTS,DRY,FAILING TO REDUCE SPEED TO AVOID CRASH,W,ROOT ST,505,STOP SIGN/FLASHER,FOUR WAY,CLEAR,,,,,,,2,7,"{""coordinates"": [-87.638767799438, 41.81890909874], ""type"": ""Point""}","[""REAR"", ""UNKNOWN""]","[""STRAIGHT AHEAD""]",[],"[""E"", ""UNKNOWN""]","[""DRIVER""]","[""NONE"", ""UNKNOWN""]","[""PERSONAL"", ""UNKNOWN/NA""]","[""2012"", ""2019""]","[""61""]","[""DEPLOYMENT UNKNOWN"", ""NOT APPLICABLE""]","[""NONE"", ""UNKNOWN""]","[""NO INDICATION OF INJURY"", ""NONINCAPACITATING INJURY""]","[""DRIVER"", ""PASSENGER""]","[""NONE PRESENT"", ""USAGE UNKNOWN""]","[""F"", ""M""]","[""10"", ""11"", ""12"", ""3"", ""4""]"
STRAIGHT AND LEVEL,2213,2025-09-22T15:00:00.000,2,15,9,6bf7a81658238e56098bd2d07096b57e16fead0a10a425c3b3115ac90330dea8c0b821c8527c07fb5f8c614da4d363c908845e8df26bdb53b4bdc1eaf44ae022,NO INJURY / DRIVE AWAY,"OVER $1,500",2025-09-22T15:40:00.000,FUNCTIONING PROPERLY,REAR END,,0,0,2,0,0,0,0,41.7135743507,DAYLIGHT,-87.6816927829,NO INDICATION OF INJURY,2,30,FOLLOWING TOO CLOSELY,NOT ON SCENE (DESK REPORT),NO DEFECTS,DRY,NOT APPLICABLE,S,WESTERN AVE,9901,TRAFFIC SIGNAL,FOUR WAY,CLEAR,Y,,,,,,2,2,"{""coordinates"": [-87.681692782928, 41.713574350662], ""type"": ""Point""}","[""FRONT"", ""REAR""]","[""SLOW/STOP IN TRAFFIC"", ""STRAIGHT AHEAD""]",[],"[""N""]","[""DRIVER""]","[""NONE"", ""UNKNOWN""]","[""PERSONAL""]","[""2002"", ""2016""]",[],"[""NOT APPLICABLE""]","[""NONE""]","[""NO INDICATION OF INJURY""]","[""DRIVER""]","[""SAFETY BELT USED"", ""USAGE UNKNOWN""]","[""F"", ""M""]",[]
STRAIGHT AND LEVEL,633,2025-09-22T15:00:00.000,2,15,9,79924bc991bfaa8db9927356594ddd4b25b9f16dc97f23c7ea247d9d3f1b647d49464cedb39218a19401329401a258e2bb20328f7a2c6ebb3179c54e195eda80,NO INJURY / DRIVE AWAY,"OVER $1,500",2025-09-22T19:12:00.000,NO CONTROLS,SIDESWIPE SAME DIRECTION,Y,0,0,2,0,0,0,0,41.7257996074,UNKNOWN,-87.6056338313,NO INDICATION OF INJURY,2,30,NOT APPLICABLE,NOT ON SCENE (DESK REPORT),UNKNOWN,UNKNOWN,NOT APPLICABLE,E,93RD ST,732,UNKNOWN,ONE-WAY,UNKNOWN,,,,,,,2,2,"{""coordinates"": [-87.605633831313, 41.72579960741], ""type"": ""Point""}","[""SIDE-LEFT"", ""SIDE-RIGHT""]","[""STRAIGHT AHEAD""]",[],"[""W""]","[""DRIVER""]","[""NONE"", ""UNKNOWN""]","[""PERSONAL""]","[""2025""]","[""70""]","[""DEPLOYMENT UNKNOWN"", ""NOT APPLICABLE""]","[""NONE""]","[""NO INDICATION OF INJURY""]","[""DRIVER""]","[""USAGE UNKNOWN""]","[""M"", ""X""]",[]
STRAIGHT AND LEVEL,123,2025-09-22T15:00:00.000,2,15,9,d12b4c210c96bca5afb9fb8f16f1db13a3b415bd195c0ef8a154eb321df4c69c4c9b37288acb22049d40cebfee8874f548d57583846cadaff79f5cb92f5a4adf,NO INJURY / DRIVE AWAY,"OVER $1,500",2025-09-23T13:50:00.000,NO CONTROLS,FIXED OBJECT,,0,0,1,0,0,0,0,41.8675710154,DAYLIGHT,-87.6305864739,NO INDICATION OF INJURY,1,30,UNABLE TO DETERMINE,NOT ON SCENE (DESK REPORT),NO DEFECTS,DRY,NOT APPLICABLE,S,CLARK ST,1154,NO CONTROLS,PARKING LOT,CLEAR,,,Y,,,,1,1,"{""coordinates"": [-87.630586473861, 41.867571015433], ""type"": ""Point""}","[""SIDE-LEFT-FRONT""]","[""STRAIGHT AHEAD""]",[],"[""W""]","[""DRIVER""]","[""NONE""]","[""UNKNOWN/NA""]","[""2019""]","[""28""]","[""DID NOT DEPLOY""]","[""NONE""]","[""NO INDICATION OF INJURY""]","[""DRIVER""]","[""SAFETY BELT USED""]","[""M""]",[]
STRAIGHT AND LEVEL,212,2025-09-22T15:05:00.000,2,15,9,6d84bac6b5a893fb5a2a423eb2ec70d58c69106e5c91afb4ebbd40f885da90cea9ddb1f05ec857f5d817ea83f5f675b0ad17b72f95ec703a995f4fa022e55fb1,NO INJURY / DRIVE AWAY,"OVER $1,500",2025-09-24T10:15:00.000,NO CONTROLS,REAR END,,0,0,2,0,0,0,0,41.8258915109,DAYLIGHT,-87.6004278663,NO INDICATION OF INJURY,2,45,FAILING TO REDUCE SPEED TO AVOID CRASH,NOT ON SCENE (DESK REPORT),NO DEFECTS,DRY,FAILING TO REDUCE SPEED TO AVOID CRASH,S,LAKE SHORE DR NB,3905,NO CONTROLS,DIVIDED - W/MEDIAN BARRIER,CLEAR,,,,,,,2,2,"{""coordinates"": [-87.600427866262, 41.825891510862], ""type"": ""Point""}","[""FRONT"", ""REAR""]","[""SLOW/STOP IN TRAFFIC"", ""STRAIGHT AHEAD""]",[],"[""N""]","[""DRIVER""]","[""NONE"", ""UNKNOWN""]","[""PERSONAL""]","[""2011"", ""2018""]","[""31"", ""69""]","[""DEPLOYMENT UNKNOWN"", ""NOT APPLICABLE""]","[""NONE""]","[""NO INDICATION OF INJURY""]","[""DRIVER""]","[""SAFETY BELT USED"", ""USAGE UNKNOWN""]","[""F""]",[]
STRAIGHT AND LEVEL,1524,2025-09-22T15:06:00.000,2,15,9,09c00c7f051e6c337e80a0439486d3245f9497bab3146a3dbd62fe84d448094dedbec9066f1030bf3772f19eb31c78e72b7243cd6781ed64e8bbff1234d21c86,NO INJURY / DRIVE AWAY,"OVER $1,500",2025-09-22T16:55:00.000,NO CONTROLS,ANGLE,,0,0,2,0,0,0,0,41.8949696918,DAYLIGHT,-87.7644007678,NO INDICATION OF INJURY,2,30,NOT APPLICABLE,NOT ON SCENE (DESK REPORT),UNKNOWN,DRY,IMPROPER LANE USAGE,W,CHICAGO AVE,5518,NO CONTROLS,DIVIDED - W/MEDIAN (NOT RAISED),CLEAR,,,,,,,2,1,"{""coordinates"": [-87.764400767798, 41.89496969177], ""type"": ""Point""}","[""FRONT"", ""SIDE-RIGHT-FRONT""]","[""STRAIGHT AHEAD""]",[],"[""S"", ""W""]","[""DRIVER""]","[""UNKNOWN""]","[""PERSONAL""]","[""2011"", ""2026""]","[""47""]","[""DID NOT DEPLOY""]","[""NONE""]","[""NO INDICATION OF INJURY""]","[""DRIVER""]","[""USAGE UNKNOWN""]","[""F""]",[]
STRAIGHT AND LEVEL,2524,2025-09-22T15:12:00.000,2,15,9,8b39bfc1a52cf376807c1e3041f5fcbc9dbecd0d19c05442c3a0b1b2713a8031973da9679b224bca03cab408c043a36f10bd895708bb9d00fd23518cbf10c3b8,NO INJURY / DRIVE AWAY,"OVER $1,500",2025-09-22T16:25:00.000,FUNCTIONING PROPERLY,REAR END,Y,0,0,2,0,0,0,0,41.9244510103,DAYLIGHT,-87.7386288719,NO INDICATION OF INJURY,2,30,UNABLE TO DETERMINE,NOT ON SCENE (DESK REPORT),UNKNOWN,DRY,NOT APPLICABLE,W,FULLERTON AVE,4450,TRAFFIC SIGNAL,NOT DIVIDED,CLEAR,,,,,,,2,2,"{""coordinates"": [-87.738628871871, 41.924451010348], ""type"": ""Point""}","[""FRONT"", ""REAR""]","[""SLOW/STOP IN TRAFFIC"", ""STRAIGHT AHEAD""]",[],"[""W""]","[""DRIVER""]","[""UNKNOWN""]","[""PERSONAL"", ""UNKNOWN/NA""]","[""2005"", ""2021""]","[""29""]","[""DEPLOYMENT UNKNOWN"", ""DID NOT DEPLOY""]","[""NONE""]","[""NO INDICATION OF INJURY""]","[""DRIVER""]","[""SAFETY BELT USED"", ""USAGE UNKNOWN""]","[""F"", ""X""]",[]
STRAIGHT AND LEVEL,2013,2025-09-22T15:15:00.000,2,15,9,440df26e333c2f0a68e83c9578135bbfe38256f42cfd01081628a4c9c1e2f18bc0c4e24320e0e6b026a9a7175010873809c70fff0ce7c5e75ec8d192660945a4,NO INJURY / DRIVE AWAY,"OVER $1,500",2025-09-22T16:10:00.000,UNKNOWN,PARKED MOTOR VEHICLE,,0,0,1,0,0,0,0,41.9890506285,UNKNOWN,-87.6652622209,NO INDICATION OF INJURY,2,30,IMPROPER OVERTAKING/PASSING,NOT ON SCENE (DESK REPORT),UNKNOWN,UNKNOWN,IMPROPER OVERTAKING/PASSING,N,GLENWOOD AVE,5900,NO CONTROLS,NOT DIVIDED,CLEAR,,,,,,,2,1,"{""coordinates"": [-87.665262220887, 41.989050628507], ""type"": ""Point""}","[""FRONT"", ""OTHER""]","[""PARKED"", ""PASSING/OVERTAKING""]",[],"[""N""]","[""DRIVER"", ""PARKED""]","[""UNKNOWN""]","[""PERSONAL""]","[""2009"", ""2015""]","[""21""]","[""NOT APPLICABLE""]","[""NONE""]","[""NO INDICATION OF INJURY""]","[""DRIVER""]","[""USAGE UNKNOWN""]","[""F""]",[]
STRAIGHT AND LEVEL,923,2025-09-22T15:15:00.000,2,15,9,faee09a2e2b1ef36b5ee61049fead1bdc9122e321ecaed24d338d9fe1c0a406a2652450fa330b6751040a259386ff7d9a827f232cfd4a145cf2c097a72a4bc2d,NO INJURY / DRIVE AWAY,"OVER $1,500",2025-09-23T16:45:00.000,FUNCTIONING PROPERLY,SIDESWIPE SAME DIRECTION,Y,0,0,2,0,0,0,0,41.7953535126,DAYLIGHT,-87.6840729269,NO INDICATION OF INJURY,2,30,IMPROPER LANE USAGE,NOT ON SCENE (DESK REPORT),NO DEFECTS,DRY,NOT APPLICABLE,W,54TH ST,2398,TRAFFIC SIGNAL,NOT REPORTED,CLEAR,Y,,,,,,2,2,"{""coordinates"": [-87.684072926927, 41.795353512586], ""type"": ""Point""}","[""SIDE-LEFT-FRONT"", ""SIDE-RIGHT""]","[""CHANGING LANES"", ""STRAIGHT AHEAD""]",[],"[""W""]","[""DRIVER""]","[""NONE"", ""UNKNOWN""]","[""PERSONAL"", ""UNKNOWN/NA""]","[""2016""]",[],"[""DEPLOYMENT UNKNOWN"", ""NOT APPLICABLE""]","[""NONE""]","[""NO INDICATION OF INJURY""]","[""DRIVER""]","[""SAFETY BELT USED"", ""USAGE UNKNOWN""]","[""F""]",[]
STRAIGHT AND LEVEL,1632,2025-09-22T15:20:00.000,2,15,9,61af178b9e5cb5ac11c09a4c876dc54f23a9f5c2d539c2c9e930acb21672da2e37e60b5e03ff7e9faa297dcc85ab7bda91f1105e3eedfcb569cf64369415b244,NO INJURY / DRIVE AWAY,"$501 - $1,500",2025-09-22T15:20:00.000,NO CONTROLS,REAR END,,0,0,5,0,0,0,0,41.9528574221,DAYLIGHT,-87.8010771936,NO INDICATION OF INJURY,3,30,FOLLOWING TOO CLOSELY,NOT ON SCENE (DESK REPORT),NO DEFECTS,DRY,FOLLOWING TOO CLOSELY,W,IRVING PARK RD,6974,NO CONTROLS,NOT DIVIDED,CLEAR,,,,,,,3,5,"{""coordinates"": [-87.801077193579, 41.9528574221], ""type"": ""Point""}","[""FRONT"", ""REAR""]","[""STRAIGHT AHEAD""]",[],"[""W""]","[""DRIVER""]","[""NONE""]","[""PERSONAL""]","[""1999"", ""2015"", ""2016""]","[""29"", ""33"", ""35""]","[""NOT APPLICABLE""]","[""NONE""]","[""NO INDICATION OF INJURY""]","[""DRIVER"", ""PASSENGER""]","[""SAFETY BELT USED""]","[""F"", ""M""]","[""3"", ""4""]"
STRAIGHT AND LEVEL,114,2025-09-22T15:23:00.000,2,15,9,48c198f03a644107b1d9dc5ebcdc58ccc049bf048ae3c69b552c228f1ffe29b3ef96b6f71c83425ae4ee597a4fb782bbef5a63705be97fd6a2b69668d34c50b0,NO INJURY / DRIVE AWAY,"$501 - $1,500",2025-09-22T16:35:00.000,UNKNOWN,SIDESWIPE SAME DIRECTION,,0,0,2,0,0,0,0,41.8717946548,UNKNOWN,-87.616901748,NO INDICATION OF INJURY,2,30,DRIVING SKILLS/KNOWLEDGE/EXPERIENCE,NOT ON SCENE (DESK REPORT),UNKNOWN,UNKNOWN,UNABLE TO DETERMINE,S,LAKE SHORE DR NB,811,UNKNOWN,DIVIDED - W/MEDIAN (NOT RAISED),UNKNOWN,,,,,,,2,2,"{""coordinates"": [-87.616901748036, 41.871794654804], ""type"": ""Point""}","[""UNKNOWN""]","[""MERGING"", ""STRAIGHT AHEAD""]",[],"[""N""]","[""DRIVER""]","[""UNKNOWN""]","[""UNKNOWN/NA""]","[""2019"", ""2021""]","[""32"", ""42""]","[""DEPLOYMENT UNKNOWN""]","[""UNKNOWN""]","[""NO INDICATION OF INJURY""]","[""DRIVER""]","[""USAGE UNKNOWN""]","[""F"", ""M""]",[]
STRAIGHT AND LEVEL,924,2025-09-22T15:25:00.000,2,15,9,ac5ba6cb68741c49abe32ee7aeb87bbb9b16b71f4d33b15e7f2f234d776b7bf9843f44ab81a201b0d84d29564a7ebde59ed968fadf5ad65bbadd2062371b7589,NO INJURY / DRIVE AWAY,"OVER $1,500",2025-09-22T16:15:00.000,NO CONTROLS,ANGLE,,0,0,3,0,0,0,0,41.8218850801,DAYLIGHT,-87.665602472,NO INDICATION OF INJURY,2,25,UNABLE TO DETERMINE,NOT ON SCENE (DESK REPORT),NO DEFECTS,DRY,UNABLE TO DETERMINE,S,ASHLAND AVE,3940,NO CONTROLS,NOT DIVIDED,CLEAR,,,,,,,2,3,"{""coordinates"": [-87.665602471959, 41.821885080105], ""type"": ""Point""}","[""FRONT-LEFT-CORNER"", ""FRONT-RIGHT-CORNER""]","[""STRAIGHT AHEAD""]",[],"[""E"", ""S""]","[""DRIVER""]","[""NONE"", ""UNKNOWN""]","[""PERSONAL""]","[""2012"", ""2018""]","[""11"", ""29"", ""39""]","[""DID NOT DEPLOY"", ""NOT APPLICABLE""]","[""NONE""]","[""NO INDICATION OF INJURY""]","[""DRIVER"", ""PASSENGER""]","[""SAFETY BELT USED"", ""USAGE UNKNOWN""]","[""F"", ""M""]","[""3""]"
STRAIGHT AND LEVEL,1633,2025-09-22T15:30:00.000,2,15,9,0072c1a6fe400785ef1fb6fdfc079e471c5aaa47316ad259395d21c31f7f94a9a027cfa535d9d05b220eecb391a007c9d82c72fd8cbed34f9c003dade72d77f0,INJURY AND / OR TOW DUE TO CRASH,"OVER $1,500",2025-09-22T15:35:00.000,NO CONTROLS,TURNING,,0,1,5,1,0,2,0,41.9460170195,DAYLIGHT,-87.7643622945,INCAPACITATING INJURY,2,30,FAILING TO YIELD RIGHT-OF-WAY,ON SCENE,NO DEFECTS,DRY,UNABLE TO DETERMINE,W,ADDISON ST,5500,STOP SIGN/FLASHER,NOT DIVIDED,CLEAR,Y,,,,,,2,6,"{""coordinates"": [-87.764362294476, 41.946017019504], ""type"": ""Point""}","[""FRONT-RIGHT-CORNER"", ""SIDE-LEFT""]","[""STRAIGHT AHEAD"", ""TURNING LEFT""]","[""Y""]","[""NW"", ""W""]","[""DRIVER""]","[""NONE"", ""UNKNOWN""]","[""PERSONAL""]","[""2000""]","[""22"", ""30""]","[""DID NOT DEPLOY"", ""NOT APPLICABLE""]","[""NONE""]","[""INCAPACITATING INJURY"", ""NO INDICATION OF INJURY"", ""NONINCAPACITATING INJURY""]","[""DRIVER"", ""PASSENGER""]","[""SAFETY BELT USED"", ""USAGE UNKNOWN""]","[""F"", ""M""]","[""3"", ""4"", ""5"", ""6""]"