alignment,beat_of_occurrence,crash_date,crash_day_of_week,crash_hour,crash_month,crash_record_id,crash_type,damage,date_police_notified,device_condition,first_crash_type,hit_and_run_i,injuries_fatal,injuries_incapacitating,injuries_no_indication,injuries_non_incapacitating,injuries_reported_not_evident,injuries_total,injuries_unknown,latitude,lighting_condition,longitude,most_severe_injury,num_units,posted_speed_limit,prim_contributory_cause,report_type,road_defect,roadway_surface_cond,sec_contributory_cause,street_direction,street_name,street_no,traffic_control_device,trafficway_type,weather_condition,intersection_related_i,crash_date_est_i,private_property_i,statements_taken_i,photos_taken_i,work_zone_i,veh_count,ppl_count,location_json,veh_first_contact_point_list_json,veh_maneuver_list_json,veh_towed_i_list_json,veh_travel_direction_list_json,veh_unit_type_list_json,veh_vehicle_defect_list_json,veh_vehicle_use_list_json,veh_vehicle_year_list_json,ppl_age_list_json,ppl_airbag_deployed_list_json,ppl_ejection_list_json,ppl_injury_classification_list_json,ppl_person_type_list_json,ppl_safety_equipment_list_json,ppl_sex_list_json,ppl_seat_no_list_json
STRAIGHT AND LEVEL,1023,2025-09-22T15:30:00.000,2,15,9,84bd2b0e869651cea7d0e9f6eb73bd6b6c82ba14ed36a86e0fcc7328b415e0979bb8cd2251c9507c404ad7d47b75c23f600c8294630e452eab6d71f6c4619d1b,INJURY AND / OR TOW DUE TO CRASH,"OVER $1,500",2025-09-22T16:20:00.000,NO CONTROLS,PARKED MOTOR VEHICLE,Y,0,0,1,0,1,1,0,41.8609014104,DAYLIGHT,-87.6933966813,"REPORTED, NOT EVIDENT",2,30,UNABLE TO DETERMINE,NOT ON SCENE (DESK REPORT),NO DEFECTS,DRY,UNABLE TO DETERMINE,S,WASHTENAW AVE,1504,NO CONTROLS,NOT DIVIDED,CLEAR,,,,,,,2,2,"{""coordinates"": [-87.693396681258, 41.860901410364], ""type"": ""Point""}","[""SIDE-LEFT-REAR"", ""SIDE-RIGHT-FRONT""]","[""PARKED"", ""STRAIGHT AHEAD""]",[],"[""S""]","[""DRIVER"", ""PARKED""]","[""NONE"", ""UNKNOWN""]","[""PERSONAL"", ""UNKNOWN/NA""]","[""2002"", ""2010""]","[""72""]","[""DEPLOYMENT UNKNOWN"", ""NOT APPLICABLE""]","[""NONE""]","[""NO INDICATION OF INJURY"", ""REPORTED, NOT EVIDENT""]","[""DRIVER"", ""PASSENGER""]","[""SAFETY BELT USED"", ""USAGE UNKNOWN""]","[""M""]","[""1""]"
STRAIGHT AND LEVEL,2514,2025-09-22T15:30:00.000,2,15,9,b9e4738a79ccdcb492263ff58920e630f06d2a148d57cfdca26792a8525503a08027642f9634e8adc30cf1c0e3b8aa3958e38a4ec631aa1ce950737deb8e53b3,NO INJURY / DRIVE AWAY,"OVER $1,500",2025-09-22T18:20:00.000,UNKNOWN,TURNING,,0,0,2,0,0,0,0,41.9311186453,DAYLIGHT,-87.7758183585,NO INDICATION OF INJURY,2,35,FAILING TO YIELD RIGHT-OF-WAY,NOT ON SCENE (DESK REPORT),UNKNOWN,UNKNOWN,UNABLE TO DETERMINE,N,AUSTIN AVE,2787,TRAFFIC SIGNAL,NOT DIVIDED,CLEAR,Y,,,,,,2,2,"{""coordinates"": [-87.775818358538, 41.931118645296], ""type"": ""Point""}","[""SIDE-LEFT-FRONT"", ""SIDE-RIGHT-FRONT""]","[""TURNING RIGHT""]",[],"[""N""]","[""DRIVER""]","[""UNKNOWN""]","[""PERSONAL""]","[""2007"", ""2021""]","[""21""]","[""NOT APPLICABLE""]","[""NONE""]","[""NO INDICATION OF INJURY""]","[""DRIVER""]","[""USAGE UNKNOWN""]","[""F""]",[]
STRAIGHT AND LEVEL,1935,2025-09-22T15:30:00.000,2,15,9,c587ad798699774772d3a02deb280431558c4aac9c0045d95983d82feb48f301821f66db0f06f37bf0434b7462513c72adea91a1c69d39365c42d2cc0f90defb,INJURY AND / OR TOW DUE TO CRASH,"OVER $1,500",2025-09-22T15:38:00.000,NO CONTROLS,REAR END,,0,0,1,0,1,1,0,41.9261607198,DAYLIGHT,-87.6315146648,"REPORTED, NOT EVIDENT",2,40,FAILING TO REDUCE SPEED TO AVOID CRASH,ON SCENE,NO DEFECTS,DRY,NOT APPLICABLE,N,LAKE SHORE DR SB,2400,NO CONTROLS,DIVIDED - W/MEDIAN BARRIER,CLEAR,,,,,,,2,2,"{""coordinates"": [-87.631514664826, 41.926160719812], ""type"": ""Point""}","[""FRONT"", ""REAR""]","[""STRAIGHT AHEAD""]","[""Y""]","[""S""]","[""DRIVER""]","[""NONE""]","[""PERSONAL""]","[""2011"", ""2019""]","[""29""]","[""DID NOT DEPLOY"", ""NOT APPLICABLE""]","[""NONE""]","[""NO INDICATION OF INJURY"", ""REPORTED, NOT EVIDENT""]","[""DRIVER""]","[""SAFETY BELT USED"", ""USAGE UNKNOWN""]","[""M""]",[]
STRAIGHT AND LEVEL,922,2025-09-22T15:30:00.000,2,15,9,e1fc1ceee182b6cbe9a6567a234fd3c6ed0a7992620dbe7b6432dccff7a5406c9478b864be518723cbb24b4b321e0fa22aea24a99ebd9c9cbb55b1955c96f8ed,NO INJURY / DRIVE AWAY,"OVER $1,500",2025-09-22T17:37:00.000,FUNCTIONING PROPERLY,PARKED MOTOR VEHICLE,,0,0,1,0,0,0,0,41.8155142403,DAYLIGHT,-87.6906032552,NO INDICATION OF INJURY,2,3,UNABLE TO DETERMINE,ON SCENE,NO DEFECTS,DRY,UNABLE TO DETERMINE,S,TALMAN AVE,4301,TRAFFIC SIGNAL,ONE-WAY,CLEAR,,,,,,,2,1,"{""coordinates"": [-87.690603255182, 41.815514240257], ""type"": ""Point""}","[""FRONT-LEFT-CORNER"", ""REAR-RIGHT-CORNER""]","[""PARKED"", ""TURNING LEFT""]",[],"[""N"", ""W""]","[""DRIVER"", ""PARKED""]","[""NONE""]","[""NOT IN USE"", ""SCHOOL BUS""]","[""2016"", ""2022""]","[""77""]","[""DID NOT DEPLOY""]","[""NONE""]","[""NO INDICATION OF INJURY""]","[""DRIVER""]","[""SAFETY BELT USED""]","[""M""]",[]
STRAIGHT AND LEVEL,2022,2025-09-22T15:30:00.000,2,15,9,eb701fde77714ea2c43c801e3eabfb45a35ce1b7aab298ad98aaaa009799f90ca92f05d3710556d0cd18cdf9eaa167fbd02f4b84b1d858749ef0d6cac2052ca3,NO INJURY / DRIVE AWAY,"OVER $1,500",2025-09-23T06:38:00.000,UNKNOWN,TURNING,,0,0,2,0,0,0,0,41.9856410954,DAYLIGHT,-87.6553885441,NO INDICATION OF INJURY,2,30,UNABLE TO DETERMINE,NOT ON SCENE (DESK REPORT),UNKNOWN,UNKNOWN,UNABLE TO DETERMINE,N,SHERIDAN RD,5700,TRAFFIC SIGNAL,NOT DIVIDED,CLEAR,Y,,,,,,2,2,"{""coordinates"": [-87.655388544127, 41.985641095429], ""type"": ""Point""}","[""FRONT-RIGHT-CORNER"", ""SIDE-LEFT-REAR""]","[""TURNING LEFT""]",[],"[""S""]","[""DRIVER""]","[""UNKNOWN""]","[""PERSONAL""]","[""2019"", ""2023""]","[""42"", ""45""]","[""DEPLOYMENT UNKNOWN"", ""DID NOT DEPLOY""]","[""NONE"", ""UNKNOWN""]","[""NO INDICATION OF INJURY""]","[""DRIVER""]","[""SAFETY BELT USED"", ""USAGE UNKNOWN""]","[""F"", ""M""]",[]
STRAIGHT AND LEVEL,815,2025-09-22T15:35:00.000,2,15,9,463f1af9c842e67e6d35e132dbd9520122d3270e3eacfa71e36c0887e60b85fc95752ad35aec40f8b10268e438932088413f843608351db3be3650b414027fc3,NO INJURY / DRIVE AWAY,"OVER $1,500",2025-09-22T16:26:00.000,NO CONTROLS,TURNING,,0,0,2,0,0,0,0,41.8076251601,DAYLIGHT,-87.7356700003,NO INDICATION OF INJURY,2,30,FAILING TO YIELD RIGHT-OF-WAY,NOT ON SCENE (DESK REPORT),NO DEFECTS,DRY,DISTRACTION - FROM OUTSIDE VEHICLE,S,KILBOURN AVE,4701,NO CONTROLS,NOT DIVIDED,CLEAR,,,,,,,2,2,"{""coordinates"": [-87.735670000295, 41.807625160076], ""type"": ""Point""}","[""FRONT"", ""FRONT-LEFT-CORNER""]","[""SLOW/STOP IN TRAFFIC"", ""TURNING RIGHT""]",[],"[""N"", ""S""]","[""DRIVER""]","[""NONE""]","[""PERSONAL""]","[""2003"", ""2008""]","[""21"", ""55""]","[""NOT APPLICABLE""]","[""NONE""]","[""NO INDICATION OF INJURY""]","[""DRIVER""]","[""SAFETY BELT USED""]","[""M""]",[]
STRAIGHT AND LEVEL,1934,2025-09-22T15:35:00.000,2,15,9,86820d93ca73f1b6610ad51a37cba976cf3e4035483d147ae8f498ed9011795b265ed4b37a2883ca5c5eaabb69572c8bbda3be260a7e7450a8cc4b7120512469,NO INJURY / DRIVE AWAY,"OVER $1,500",2025-09-22T17:48:00.000,NO CONTROLS,SIDESWIPE SAME DIRECTION,Y,0,0,2,0,0,0,0,41.9402706775,DAYLIGHT,-87.6384899074,NO INDICATION OF INJURY,2,45,DRIVING SKILLS/KNOWLEDGE/EXPERIENCE,NOT ON SCENE (DESK REPORT),UNKNOWN,DRY,NOT APPLICABLE,N,LAKE SHORE DR SB,3158,NO CONTROLS,ONE-WAY,CLEAR,,,,,,,2,2,"{""coordinates"": [-87.63848990741, 41.940270677535], ""type"": ""Point""}","[""FRONT-RIGHT-CORNER"", ""UNKNOWN""]","[""STRAIGHT AHEAD""]",[],"[""S""]","[""DRIVER""]","[""UNKNOWN""]","[""COMMERCIAL - SINGLE UNIT"", ""UNKNOWN/NA""]","[""2011"", ""2021""]","[""26""]","[""DEPLOYMENT UNKNOWN"", ""NOT APPLICABLE""]","[""NONE""]","[""NO INDICATION OF INJURY""]","[""DRIVER""]","[""USAGE UNKNOWN""]","[""M"", ""X""]",[]
STRAIGHT AND LEVEL,1023,2025-09-22T15:40:00.000,2,15,9,5e960159a0eff7a800e20d18e935a112b596ef39dcec2a784f357b95b541cdd89fce1664d870b59caa2a602c4ce7645fefa689baa752c09e00dca4bbccf6845e,NO INJURY / DRIVE AWAY,"OVER $1,500",2025-09-22T15:50:00.000,NO CONTROLS,SIDESWIPE SAME DIRECTION,,0,0,6,0,0,0,0,41.8608427195,DAYLIGHT,-87.6931014325,NO INDICATION OF INJURY,2,30,FAILING TO YIELD RIGHT-OF-WAY,ON SCENE,NO DEFECTS,DRY,DRIVING SKILLS/KNOWLEDGE/EXPERIENCE,S,WASHTENAW AVE,1507,NO CONTROLS,NOT DIVIDED,CLEAR,,,,,,,2,6,"{""coordinates"": [-87.693101432498, 41.860842719489], ""type"": ""Point""}","[""SIDE-LEFT-FRONT"", ""SIDE-RIGHT-FRONT""]","[""ENTERING TRAFFIC LANE FROM PARKING"", ""STRAIGHT AHEAD""]",[],"[""N""]","[""DRIVER""]","[""NONE"", ""UNKNOWN""]","[""PERSONAL""]","[""2012"", ""2017""]","[""11"", ""23"", ""3"", ""34"", ""6"", ""7""]","[""DID NOT DEPLOY"", ""NOT APPLICABLE""]","[""NONE""]","[""NO INDICATION OF INJURY""]","[""DRIVER"", ""PASSENGER""]","[""CHILD RESTRAINT - TYPE UNKNOWN"", ""CHILD RESTRAINT NOT USED"", ""NONE PRESENT"", ""SAFETY BELT USED""]","[""F"", ""M""]","[""10"", ""11"", ""12""]"
STRAIGHT AND LEVEL,2221,2025-09-22T15:45:00.000,2,15,9,1ef26616109716fe1a185eb6a770dab075f1d125e78d55622001578eebc90fb98e94c6d945945b93c7b85b26a7a09f7c3f712f6931c48ab7b4a161b593353453,NO INJURY / DRIVE AWAY,"$501 - $1,500",2025-09-22T16:30:00.000,NO CONTROLS,REAR END,,0,0,3,0,0,0,0,41.7356395238,DAYLIGHT,-87.66610048,NO INDICATION OF INJURY,2,30,FOLLOWING TOO CLOSELY,NOT ON SCENE (DESK REPORT),NO DEFECTS,DRY,NOT APPLICABLE,W,87TH ST,1713,NO CONTROLS,DIVIDED - W/MEDIAN BARRIER,CLEAR,,N,,,,,2,3,"{""coordinates"": [-87.666100480007, 41.735639523806], ""type"": ""Point""}","[""FRONT"", ""REAR""]","[""STRAIGHT AHEAD""]",[],"[""E""]","[""DRIVER""]","[""NONE""]","[""CONSTRUCTION/MAINTENANCE"", ""PERSONAL""]","[""2016""]","[""33"", ""67""]","[""NOT APPLICABLE""]","[""NONE""]","[""NO INDICATION OF INJURY""]","[""DRIVER"", ""PASSENGER""]","[""NONE PRESENT""]","[""M""]","[""3""]"
STRAIGHT AND LEVEL,1122,2025-09-22T15:45:00.000,2,15,9,2ebc0f1c0b5fc164a1b3af0b546d98a1ad5fddcf8cf2020a96ade49114c96478b8f09f9775a71ae9f1a7c07b4985ab8fb19d6fa282650367e17845bdbb7a5c8b,NO INJURY / DRIVE AWAY,"OVER $1,500",2025-09-22T17:00:00.000,NO CONTROLS,REAR END,,0,0,2,0,0,0,0,41.8819609333,DAYLIGHT,-87.7248580001,NO INDICATION OF INJURY,2,35,UNABLE TO DETERMINE,NOT ON SCENE (DESK REPORT),NO DEFECTS,UNKNOWN,UNABLE TO DETERMINE,W,WASHINGTON BLVD,3940,NO CONTROLS,OTHER,CLEAR,,,,,,,2,2,"{""coordinates"": [-87.724858000134, 41.881960933344], ""type"": ""Point""}","[""FRONT"", ""REAR""]","[""STRAIGHT AHEAD""]",[],"[""S""]","[""DRIVER""]","[""UNKNOWN""]","[""PERSONAL""]","[""2011"", ""2014""]","[""52"", ""62""]","[""DID NOT DEPLOY""]","[""NONE""]","[""NO INDICATION OF INJURY""]","[""DRIVER""]","[""USAGE UNKNOWN""]","[""F""]",[]
STRAIGHT AND LEVEL,1812,2025-09-22T15:45:00.000,2,15,9,41ba60e3d1ef69f1e6e38b437242dcb66954133bc651af0694e4b5a740d704b648e5f185db7672e9f73e78d3e01039c0d7fb69bd9147b931471efb721bf05d4b,NO INJURY / DRIVE AWAY,"OVER $1,500",2025-09-22T16:32:00.000,UNKNOWN,TURNING,,0,0,2,0,0,0,0,41.9253854372,DAYLIGHT,-87.6462127112,NO INDICATION OF INJURY,2,30,FAILING TO YIELD RIGHT-OF-WAY,ON SCENE,UNKNOWN,UNKNOWN,FAILING TO YIELD RIGHT-OF-WAY,W,FULLERTON PKWY,679,TRAFFIC SIGNAL,FOUR WAY,CLEAR,Y,,,,,,2,2,"{""coordinates"": [-87.646212711155, 41.925385437225], ""type"": ""Point""}","[""FRONT-LEFT-CORNER"", ""SIDE-RIGHT""]","[""STRAIGHT AHEAD"", ""TURNING RIGHT""]",[],"[""E"", ""N""]","[""DRIVER""]","[""UNKNOWN""]","[""PERSONAL""]","[""2020""]","[""30"", ""34""]","[""DEPLOYMENT UNKNOWN""]","[""UNKNOWN""]","[""NO INDICATION OF INJURY""]","[""DRIVER""]","[""USAGE UNKNOWN""]","[""F"", ""M""]",[]
STRAIGHT AND LEVEL,1231,2025-09-22T15:45:00.000,2,15,9,481b3c6f15a1e4f3f21779dc9fb6c9979a2575ba28a4be98c8e0aadd4234b17562f172908e2f84c0b164538c7bf4eadeae8544ea669c1b730957853fd2f3a1a1,INJURY AND / OR TOW DUE TO CRASH,"OVER $1,500",2025-09-22T15:51:00.000,NO CONTROLS,TURNING,,0,0,2,0,2,2,0,41.874310713,DAYLIGHT,-87.6643505268,"REPORTED, NOT EVIDENT",2,30,FAILING TO YIELD RIGHT-OF-WAY,ON SCENE,NO DEFECTS,DRY,IMPROPER TURNING/NO SIGNAL,W,HARRISON ST,1500,NO CONTROLS,FOUR WAY,CLEAR,Y,,,,,,2,4,"{""coordinates"": [-87.664350526832, 41.874310713022], ""type"": ""Point""}","[""FRONT-LEFT-CORNER"", ""FRONT-RIGHT-CORNER""]","[""STRAIGHT AHEAD"", ""TURNING RIGHT""]",[],"[""S"", ""W""]","[""DRIVER""]","[""UNKNOWN""]","[""OTHER"", ""PERSONAL""]","[""2010"", ""2021""]","[""0"", ""41"", ""47"", ""50""]","[""DID NOT DEPLOY""]","[""NONE""]","[""NO INDICATION OF INJURY"", ""REPORTED, NOT EVIDENT""]","[""DRIVER"", ""PASSENGER""]","[""SAFETY BELT USED"", ""USAGE UNKNOWN""]","[""F"", ""M""]","[""2"", ""5""]"
STRAIGHT AND LEVEL,725,2025-09-22T15:45:00.000,2,15,9,ae655f84afce55292bfbc575eb8f2f3292d159feb58f0733757da4d071ffad4084a6b6738acefdcb5f7c7e7d9263cf39b27ed12ae8de8962e5345d9c3013f559,NO INJURY / DRIVE AWAY,"OVER $1,500",2025-09-22T17:50:00.000,FUNCTIONING PROPERLY,REAR END,,0,0,5,0,0,0,0,41.7723460538,DAYLIGHT,-87.6610267853,NO INDICATION OF INJURY,3,30,UNABLE TO DETERMINE,NOT ON SCENE (DESK REPORT),NO DEFECTS,DRY,UNABLE TO DETERMINE,W,MARQUETTE RD,1446,TRAFFIC SIGNAL,DIVIDED - W/MEDIAN (NOT RAISED),CLEAR,,,,,,,3,5,"{""coordinates"": [-87.661026785314, 41.772346053811], ""type"": ""Point""}","[""FRONT"", ""REAR""]","[""SLOW/STOP IN TRAFFIC"", ""STRAIGHT AHEAD""]",[],"[""W""]","[""DRIVER""]","[""NONE""]","[""PERSONAL"", ""UNKNOWN/NA""]","[""2015"", ""2023""]","[""12"", ""55"", ""69"", ""8""]","[""DEPLOYMENT UNKNOWN"", ""NOT APPLICABLE""]","[""NONE""]","[""NO INDICATION OF INJURY""]","[""DRIVER"", ""PASSENGER""]","[""SAFETY BELT USED"", ""USAGE UNKNOWN""]","[""F"", ""M""]","[""6""]"
STRAIGHT AND LEVEL,1213,2025-09-22T15:50:00.000,2,15,9,1f661a96fb146363c663393d3c3d6bfbcc84770f031b7301d2f28de3c1f77a2f5070b3641923b1cf859b7fe2371151bb8cdb9303d9f5ab7afa466c73f4ed4897,NO INJURY / DRIVE AWAY,"OVER $1,500",2025-09-22T18:15:00.000,UNKNOWN,SIDESWIPE SAME DIRECTION,,0,0,2,0,0,0,0,41.8975040486,DAYLIGHT,-87.6567161791,NO INDICATION OF INJURY,2,30,IMPROPER OVERTAKING/PASSING,NOT ON SCENE (DESK REPORT),UNKNOWN,UNKNOWN,FAILING TO REDUCE SPEED TO AVOID CRASH,N,ELSTON AVE,840,TRAFFIC SIGNAL,T-INTERSECTION,CLEAR,Y,,,,,,2,2,"{""coordinates"": [-87.656716179084, 41.897504048556], ""type"": ""Point""}","[""FRONT-RIGHT-CORNER"", ""SIDE-LEFT-FRONT""]","[""PASSING/OVERTAKING"", ""SLOW/STOP IN TRAFFIC""]",[],"[""S""]","[""DRIVER""]","[""NONE"", ""UNKNOWN""]","[""PERSONAL"", ""UNKNOWN/NA""]","[""2010"", ""2020""]","[""60""]","[""DID NOT DEPLOY""]","[""NONE""]","[""NO INDICATION OF INJURY""]","[""DRIVER""]","[""SAFETY BELT USED"", ""USAGE UNKNOWN""]","[""F"", ""M""]",[]
STRAIGHT AND LEVEL,2432,2025-09-22T15:50:00.000,2,15,9,a906ff413a34f817fb56eca59e36f956ed9eb4889bf95e930280b178edf0158b74c6c70bfabe301fe6e1cfe9c18608a98857e9be7f5603e3a337a936527ee3f5,INJURY AND / OR TOW DUE TO CRASH,$500 OR LESS,2025-09-22T15:55:00.000,NO CONTROLS,PEDALCYCLIST,Y,0,0,1,0,1,1,0,41.9981102252,DAYLIGHT,-87.6746174481,"REPORTED, NOT EVIDENT",2,10,UNABLE TO DETERMINE,NOT ON SCENE (DESK REPORT),NO DEFECTS,DRY,NOT APPLICABLE,W,DEVON AVE,1766,NO CONTROLS,PARKING LOT,CLEAR,,,Y,,,,2,2,"{""coordinates"": [-87.674617448094, 41.998110225162], ""type"": ""Point""}","[""FRONT-LEFT-CORNER""]","[""ENTERING TRAFFIC LANE FROM PARKING""]",[],"[""W""]","[""BICYCLE"", ""DRIVER""]","[""UNKNOWN""]","[""PERSONAL""]","[""2021""]","[""45""]","[""DID NOT DEPLOY""]","[""NONE"", ""TOTALLY EJECTED""]","[""NO INDICATION OF INJURY"", ""REPORTED, NOT EVIDENT""]","[""BICYCLE"", ""DRIVER""]","[""HELMET NOT USED"", ""SAFETY BELT USED""]","[""M""]",[]
STRAIGHT AND LEVEL,725,2025-09-22T15:50:00.000,2,15,9,bb62d17421e344ba2e7e22dbf88d072d387cacbb6bca152f5c661afca15e0e203329df180080b35fb13b5e03d67973f4d3b1b23768dfe58ca9f061a668f0b9cd,NO INJURY / DRIVE AWAY,"OVER $1,500",2025-09-22T16:30:00.000,NO CONTROLS,REAR END,,0,0,3,0,0,0,0,41.7723415446,DAYLIGHT,-87.6613623256,NO INDICATION OF INJURY,2,30,FAILING TO REDUCE SPEED TO AVOID CRASH,NOT ON SCENE (DESK REPORT),NO DEFECTS,DRY,NOT APPLICABLE,W,MARQUETTE RD,1454,NO CONTROLS,NOT DIVIDED,CLEAR,,,,,,,2,3,"{""coordinates"": [-87.661362325584, 41.772341544571], ""type"": ""Point""}","[""FRONT"", ""REAR""]","[""SLOW/STOP IN TRAFFIC"", ""STRAIGHT AHEAD""]",[],"[""W""]","[""DRIVER""]","[""NONE"", ""UNKNOWN""]","[""PERSONAL""]","[""2013"", ""2024""]","[""28""]","[""NOT APPLICABLE""]","[""NONE""]","[""NO INDICATION OF INJURY""]","[""DRIVER"", ""PASSENGER""]","[""USAGE UNKNOWN""]","[""M""]","[""3""]"
STRAIGHT AND LEVEL,2011,2025-09-22T15:55:00.000,2,15,9,3c15f46e867eccee93a24d04664d61b5589d6ba42b312eda341ef4ecf854ed5891d44e268b4ca37bf6a1d7f5f7ec25992b9cabdd330196b4eb4e086862501d80,NO INJURY / DRIVE AWAY,"OVER $1,500",2025-09-22T16:54:00.000,NOT FUNCTIONING,REAR END,,0,0,2,0,0,0,0,41.9836040874,DAYLIGHT,-87.6993214016,NO INDICATION OF INJURY,2,30,UNABLE TO DETERMINE,NOT ON SCENE (DESK REPORT),UNKNOWN,UNKNOWN,NOT APPLICABLE,N,CALIFORNIA AVE,5614,NO CONTROLS,NOT DIVIDED,UNKNOWN,,,,,,,2,2,"{""coordinates"": [-87.699321401561, 41.98360408737], ""type"": ""Point""}","[""FRONT"", ""REAR""]","[""STRAIGHT AHEAD""]",[],"[""N""]","[""DRIVER""]","[""NONE""]","[""PERSONAL""]","[""2016"", ""2019""]","[""30"", ""55""]","[""DID NOT DEPLOY"", ""NOT APPLICABLE""]","[""NONE""]","[""NO INDICATION OF INJURY""]","[""DRIVER""]","[""SAFETY BELT USED""]","[""M""]",[]
STRAIGHT AND LEVEL,2423,2025-09-22T15:55:00.000,2,15,9,e2d9e61ceeefb6f10b6e6b0a8024bfc8789f1447c4622425f1ba58f89136d0090208e002dfdf875ccb9dbda45892cdac79677dc1af027a1b0a0d6076eecd9f13,NO INJURY / DRIVE AWAY,"OVER $1,500",2025-09-22T16:50:00.000,UNKNOWN,PARKED MOTOR VEHICLE,Y,0,0,1,0,0,0,0,42.0126613697,UNKNOWN,-87.6668933585,NO INDICATION OF INJURY,2,30,UNABLE TO DETERMINE,NOT ON SCENE (DESK REPORT),UNKNOWN,UNKNOWN,UNABLE TO DETERMINE,W,TOUHY AVE,1423,UNKNOWN,DIVIDED - W/MEDIAN (NOT RAISED),UNKNOWN,,,,,,,2,1,"{""coordinates"": [-87.666893358549, 42.012661369745], ""type"": ""Point""}","[""REAR-RIGHT-CORNER"", ""UNKNOWN""]","[""PARKED"", ""UNKNOWN/NA""]",[],"[""E"", ""UNKNOWN""]","[""DRIVER"", ""PARKED""]","[""UNKNOWN""]","[""NOT IN USE"", ""UNKNOWN/NA""]","[""2013""]",[],"[""DEPLOYMENT UNKNOWN""]","[""NONE""]","[""NO INDICATION OF INJURY""]","[""DRIVER""]","[""USAGE UNKNOWN""]","[""X""]",[]
STRAIGHT AND LEVEL,1431,2025-09-22T15:56:00.000,2,15,9,303ae5048930f3f2b913538d592e241b0c6a8d64ee9d6fa04b90095485e0b91ce2875a30921c3aefd0a3b210f0355c9fecb17e62d5bfc68914687d8d9727715b,NO INJURY / DRIVE AWAY,"$501 - $1,500",2025-09-22T17:45:00.000,NO CONTROLS,PARKED MOTOR VEHICLE,Y,0,0,1,0,0,0,0,41.9217431802,DAYLIGHT,-87.6895596506,NO INDICATION OF INJURY,2,30,IMPROPER BACKING,NOT ON SCENE (DESK REPORT),UNKNOWN,DRY,NOT APPLICABLE,W,PALMER ST,2504,NO CONTROLS,ONE-WAY,CLEAR,,,,,Y,,2,1,"{""coordinates"": [-87.689559650579, 41.921743180154], ""type"": ""Point""}","[""FRONT-LEFT-CORNER"", ""UNKNOWN""]","[""BACKING"", ""PARKED""]",[],"[""E"", ""W""]","[""DRIVER"", ""PARKED""]","[""UNKNOWN""]","[""PERSONAL""]","[""1996"", ""2014""]",[],"[""DEPLOYMENT UNKNOWN""]","[""NONE""]","[""NO INDICATION OF INJURY""]","[""DRIVER""]","[""USAGE UNKNOWN""]","[""M""]",[]
STRAIGHT AND LEVEL,1234,2025-09-22T16:00:00.000,2,16,9,4b624b9cfa077d407e00eebbedde87eaf76344e4a464359bcd570d524056f590596000f8ae8dc8fac5324f45abe66de181335b04fb2be1e848c083f744a2124f,NO INJURY / DRIVE AWAY,"OVER $1,500",2025-09-22T16:15:00.000,NO CONTROLS,ANGLE,,0,0,3,0,0,0,0,41.856392299,DAYLIGHT,-87.6810135791,NO INDICATION OF INJURY,2,30,UNABLE TO DETERMINE,NOT ON SCENE (DESK REPORT),NO DEFECTS,DRY,UNABLE TO DETERMINE,S,LEAVITT ST,1840,STOP SIGN/FLASHER,NOT DIVIDED,CLEAR,,,,,,,2,3,"{""coordinates"": [-87.681013579059, 41.856392298958], ""type"": ""Point""}","[""FRONT"", ""SIDE-RIGHT""]","[""STRAIGHT AHEAD""]",[],"[""E"", ""S""]","[""DRIVER""]","[""NONE""]","[""PERSONAL""]","[""2014"", ""2020""]","[""27"", ""8""]","[""DID NOT DEPLOY""]","[""NONE""]","[""NO INDICATION OF INJURY""]","[""DRIVER"", ""PASSENGER""]","[""SAFETY BELT USED""]","[""F"", ""M""]","[""5""]"
STRAIGHT AND LEVEL,1723,2025-09-22T16:00:00.000,2,16,9,4fa0dbe24c39f9a602d2ec44f79529324b227612c767516029398e3906c6abc6f8167a394e87c9c4ebd56f0642519572f7e88e890118f9c318b1172f1da9542f,NO INJURY / DRIVE AWAY,"OVER $1,500",2025-09-22T17:40:00.000,NO CONTROLS,PARKED MOTOR VEHICLE,Y,0,0,1,0,0,0,0,41.954857019,DAYLIGHT,-87.7213722293,NO INDICATION OF INJURY,2,25,IMPROPER OVERTAKING/PASSING,NOT ON SCENE (DESK REPORT),NO DEFECTS,DRY,UNABLE TO DETERMINE,N,RIDGEWAY AVE,4035,NO CONTROLS,ONE-WAY,CLEAR,,,,,,,2,1,"{""coordinates"": [-87.721372229294, 41.954857018989], ""type"": ""Point""}","[""SIDE-RIGHT"", ""UNKNOWN""]","[""PARKED"", ""UNKNOWN/NA""]",[],"[""S""]","[""DRIVER"", ""PARKED""]","[""NONE"", ""UNKNOWN""]","[""NOT IN USE"", ""UNKNOWN/NA""]","[""2023""]",[],"[""DEPLOYMENT UNKNOWN""]","[""NONE""]","[""NO INDICATION OF INJURY""]","[""DRIVER""]","[""USAGE UNKNOWN""]","[""X""]",[]
STRAIGHT AND LEVEL,1413,2025-09-22T16:07:00.000,2,16,9,b928881aa89b70029ef673831742a2b8f9752b538b459f8ab508c58f041932a2200d1141d421737439dd53921a04127f0da715aab0f4a78c74a01f2566c6beca,NO INJURY / DRIVE AWAY,"OVER $1,500",2025-09-22T16:55:00.000,NO CONTROLS,REAR END,Y,0,0,3,0,0,0,0,41.9245652405,DAYLIGHT,-87.710985025,NO INDICATION OF INJURY,2,30,FOLLOWING TOO CLOSELY,ON SCENE,NO DEFECTS,DRY,FOLLOWING TOO CLOSELY,W,FULLERTON AVE,3309,PEDESTRIAN CROSSING SIGN,DIVIDED - W/MEDIAN BARRIER,CLEAR,,,,,,,2,3,"{""coordinates"": [-87.710985025009, 41.924565240502], ""type"": ""Point""}","[""FRONT"", ""REAR""]","[""STRAIGHT AHEAD""]",[],"[""E""]","[""DRIVER""]","[""NONE"", ""UNKNOWN""]","[""PERSONAL""]","[""2012"", ""2015""]","[""34"", ""35""]","[""DEPLOYMENT UNKNOWN"", ""DID NOT DEPLOY""]","[""NONE""]","[""NO INDICATION OF INJURY""]","[""DRIVER"", ""PASSENGER""]","[""USAGE UNKNOWN""]","[""F"", ""M""]","[""3""]"