alignment,beat_of_occurrence,crash_date,crash_day_of_week,crash_hour,crash_month,crash_record_id,crash_type,damage,date_police_notified,device_condition,first_crash_type,hit_and_run_i,injuries_fatal,injuries_incapacitating,injuries_no_indication,injuries_non_incapacitating,injuries_reported_not_evident,injuries_total,injuries_unknown,latitude,lighting_condition,longitude,most_severe_injury,num_units,posted_speed_limit,prim_contributory_cause,report_type,road_defect,roadway_surface_cond,sec_contributory_cause,street_direction,street_name,street_no,traffic_control_device,trafficway_type,weather_condition,intersection_related_i,crash_date_est_i,private_property_i,statements_taken_i,photos_taken_i,work_zone_i,veh_count,ppl_count,location_json,veh_first_contact_point_list_json,veh_maneuver_list_json,veh_towed_i_list_json,veh_travel_direction_list_json,veh_unit_type_list_json,veh_vehicle_defect_list_json,veh_vehicle_use_list_json,veh_vehicle_year_list_json,ppl_age_list_json,ppl_airbag_deployed_list_json,ppl_ejection_list_json,ppl_injury_classification_list_json,ppl_person_type_list_json,ppl_safety_equipment_list_json,ppl_sex_list_json,ppl_seat_no_list_json
STRAIGHT AND LEVEL,2522,2025-09-22T17:40:00.000,2,17,9,ea58419195a08f315509ca377905d1b958cee7a9d3f2f6a32c0e9492f891c34594b5df5342ad10c3a1b30dbe1797447f91bb2e52013f36e94741ba898bf8953a,NO INJURY / DRIVE AWAY,$500 OR LESS,2025-09-22T17:42:00.000,NO CONTROLS,PEDALCYCLIST,,0,0,2,0,0,0,0,41.9170691133,DAYLIGHT,-87.7438185051,NO INDICATION OF INJURY,2,30,IMPROPER TURNING/NO SIGNAL,ON SCENE,UNKNOWN,DRY,NOT APPLICABLE,W,ARMITAGE AVE,4700,NO CONTROLS,FOUR WAY,CLEAR,Y,,,,,,2,2,"{""coordinates"": [-87.743818505092, 41.917069113336], ""type"": ""Point""}","[""FRONT-RIGHT-CORNER""]","[""STRAIGHT AHEAD""]",[],"[""W""]","[""BICYCLE"", ""DRIVER""]","[""UNKNOWN""]","[""PERSONAL""]","[""2007""]","[""21"", ""60""]","[""DID NOT DEPLOY""]","[""NONE"", ""UNKNOWN""]","[""NO INDICATION OF INJURY""]","[""BICYCLE"", ""DRIVER""]","[""HELMET NOT USED"", ""SAFETY BELT USED""]","[""F"", ""M""]",[]
STRAIGHT AND LEVEL,1912,2025-09-22T17:45:00.000,2,17,9,2024972e6ee25e6b209e3ec3b8f255f2da24e1015326a7415188087441f59836fd8284a71212c55753d0241e119d2482a568b2781b915424ef82447ce637bfea,NO INJURY / DRIVE AWAY,"$501 - $1,500",2025-09-23T13:00:00.000,NO CONTROLS,PEDALCYCLIST,,0,0,2,0,0,0,0,41.9628474328,DAYLIGHT,-87.6788684554,NO INDICATION OF INJURY,2,20,FOLLOWING TOO CLOSELY,NOT ON SCENE (DESK REPORT),NO DEFECTS,DRY,UNABLE TO DETERMINE,N,DAMEN AVE,4447,NO CONTROLS,NOT DIVIDED,CLEAR,,,,,,,2,2,"{""coordinates"": [-87.678868455436, 41.962847432848], ""type"": ""Point""}","[""REAR""]","[""STRAIGHT AHEAD""]",[],"[""N""]","[""BICYCLE"", ""DRIVER""]","[""NONE""]","[""PERSONAL""]","[""2012""]","[""50""]","[""DID NOT DEPLOY""]","[""NONE""]","[""NO INDICATION OF INJURY""]","[""BICYCLE"", ""DRIVER""]","[""HELMET NOT USED"", ""SAFETY BELT USED""]","[""M""]",[]
STRAIGHT AND LEVEL,211,2025-09-22T17:45:00.000,2,17,9,2ed62f2d111ab5733fc57b93e535a586d89a38a0727e5b74783221b4ff578d668eebf646c202337b673063af9456bf1a2e781af2f2ff07d4f6c47b90b6d57281,NO INJURY / DRIVE AWAY,"OVER $1,500",2025-09-22T19:30:00.000,FUNCTIONING PROPERLY,TURNING,,0,0,2,0,0,0,0,41.8382745926,DAYLIGHT,-87.6217807489,NO INDICATION OF INJURY,2,25,UNABLE TO DETERMINE,,NO DEFECTS,DRY,UNABLE TO DETERMINE,S,INDIANA AVE,3101,TRAFFIC SIGNAL,NOT DIVIDED,CLEAR,,,,,,,2,2,"{""coordinates"": [-87.621780748937, 41.838274592629], ""type"": ""Point""}","[""FRONT-LEFT-CORNER"", ""SIDE-RIGHT""]","[""TURNING RIGHT""]",[],"[""N""]","[""DRIVER""]","[""NONE""]","[""CONSTRUCTION/MAINTENANCE"", ""PERSONAL""]","[""2002"", ""2023""]","[""46""]","[""DEPLOYMENT UNKNOWN"", ""NOT APPLICABLE""]","[""NONE""]","[""NO INDICATION OF INJURY""]","[""DRIVER""]","[""SAFETY BELT USED"", ""USAGE UNKNOWN""]","[""M""]",[]
STRAIGHT AND LEVEL,2024,2025-09-22T17:45:00.000,2,17,9,f27c9b7befa9a438af1fc456b4c420e8a53942f0206c763d28d5aa15959af34134246deea468d12fbfc4c1df2f50d016790d2148672bf3fedf15a8ab9d72fe56,NO INJURY / DRIVE AWAY,"$501 - $1,500",2025-09-22T17:53:00.000,NO CONTROLS,TURNING,,0,0,2,0,0,0,0,41.9762914823,DAYLIGHT,-87.6546452073,NO INDICATION OF INJURY,2,30,FAILING TO REDUCE SPEED TO AVOID CRASH,ON SCENE,NO DEFECTS,DRY,NOT APPLICABLE,W,FOSTER AVE,955,NO CONTROLS,FOUR WAY,CLEAR,,,,,,,2,2,"{""coordinates"": [-87.654645207284, 41.976291482315], ""type"": ""Point""}","[""FRONT-LEFT-CORNER"", ""REAR-LEFT-CORNER""]","[""STRAIGHT AHEAD"", ""TURNING LEFT""]",[],"[""E"", ""W""]","[""DRIVER""]","[""NONE""]","[""PERSONAL""]","[""2009"", ""2012""]","[""36"", ""50""]","[""DID NOT DEPLOY""]","[""NONE""]","[""NO INDICATION OF INJURY""]","[""DRIVER""]","[""USAGE UNKNOWN""]","[""M""]",[]
STRAIGHT AND LEVEL,1121,2025-09-22T17:46:00.000,2,17,9,b8c63cf0fba76a7dc4c66ca1621a1336184c8c2163371af48db6a62a08bc5c6b7c17fd08cd228ae24a662d14975154a1391265f1340f2d74a6d6bd045dc42691,INJURY AND / OR TOW DUE TO CRASH,"OVER $1,500",2025-09-22T17:53:00.000,FUNCTIONING PROPERLY,REAR END,,0,0,1,0,2,2,0,41.8997415592,DAYLIGHT,-87.7117227022,"REPORTED, NOT EVIDENT",2,30,FOLLOWING TOO CLOSELY,ON SCENE,UNKNOWN,DRY,NOT APPLICABLE,N,HOMAN AVE,1020,TRAFFIC SIGNAL,NOT DIVIDED,CLEAR,,,,,,,2,3,"{""coordinates"": [-87.711722702172, 41.899741559167], ""type"": ""Point""}","[""FRONT"", ""REAR""]","[""STRAIGHT AHEAD""]",[],"[""E""]","[""DRIVER""]","[""UNKNOWN""]","[""PERSONAL""]","[""2003"", ""2021""]","[""22"", ""31"", ""55""]","[""NOT APPLICABLE""]","[""NONE""]","[""NO INDICATION OF INJURY"", ""REPORTED, NOT EVIDENT""]","[""DRIVER"", ""PASSENGER""]","[""USAGE UNKNOWN""]","[""F"", ""M""]","[""3""]"
"CURVE, LEVEL",1914,2025-09-22T17:48:00.000,2,17,9,34cdcac39eb27267608e9c35ef8285e483ec82154e97dd95813832bb1724415311cfb990cb11d27822b1483087efdb361d51853f8d6d9a0f49493538eb6dc2a3,INJURY AND / OR TOW DUE TO CRASH,"OVER $1,500",2025-09-22T17:50:00.000,NO CONTROLS,REAR END,,0,0,1,1,0,1,0,41.9657184879,DAYLIGHT,-87.6474766551,NONINCAPACITATING INJURY,2,40,FAILING TO REDUCE SPEED TO AVOID CRASH,ON SCENE,NO DEFECTS,DRY,NOT APPLICABLE,N,LAKE SHORE DR NB,4600,NO CONTROLS,DIVIDED - W/MEDIAN BARRIER,CLEAR,,,,,,,2,2,"{""coordinates"": [-87.647476655051, 41.965718487888], ""type"": ""Point""}","[""FRONT"", ""REAR""]","[""STRAIGHT AHEAD""]","[""Y""]","[""N""]","[""DRIVER""]","[""UNKNOWN""]","[""PERSONAL""]",[],[],"[""DID NOT DEPLOY""]","[""NONE""]","[""NO INDICATION OF INJURY"", ""NONINCAPACITATING INJURY""]","[""DRIVER""]","[""SAFETY BELT USED"", ""USAGE UNKNOWN""]","[""F"", ""M""]",[]
"CURVE, LEVEL",434,2025-09-22T17:53:00.000,2,17,9,5eb0c2c4e8d859b2c9d973563fe6ee2d4ecb7ab1120a18b6886bb7d3cd1959164d6e656a33d7a1c0b5929065cd59083f95545b2f46f8d55e7a61ed4c6f446598,INJURY AND / OR TOW DUE TO CRASH,"OVER $1,500",2025-09-22T17:53:00.000,NO CONTROLS,HEAD ON,,0,0,5,0,0,0,0,41.6637864084,DAYLIGHT,-87.591554741,NO INDICATION OF INJURY,2,30,DRIVING ON WRONG SIDE/WRONG WAY,ON SCENE,UNKNOWN,DRY,NOT APPLICABLE,S,DOTY AVE E,12701,NO CONTROLS,NOT DIVIDED,CLEAR,,,,,,,2,4,"{""coordinates"": [-87.591554740959, 41.663786408387], ""type"": ""Point""}","[""FRONT""]","[""OTHER"", ""STRAIGHT AHEAD""]","[""Y""]","[""NE"", ""S""]","[""DRIVER""]","[""UNKNOWN""]","[""UNKNOWN/NA""]","[""2013"", ""2019""]",[],"[""DEPLOYMENT UNKNOWN""]","[""UNKNOWN""]","[""NO INDICATION OF INJURY""]","[""DRIVER"", ""PASSENGER""]","[""USAGE UNKNOWN""]","[""X""]","[""3"", ""4"", ""6""]"
STRAIGHT AND LEVEL,1813,2025-09-22T17:55:00.000,2,17,9,aa0bebf3ab9a033ffe7e7876bc7461a77513024deb24563cfb23f2632c55e9d7831df5ef11d9d39c02318322795db885cf59cd23d15434162336e4e7e5ec2986,NO INJURY / DRIVE AWAY,"OVER $1,500",2025-09-22T20:14:00.000,NO CONTROLS,SIDESWIPE SAME DIRECTION,,0,0,3,0,0,0,0,41.9110063367,DAYLIGHT,-87.649736858,NO INDICATION OF INJURY,2,30,IMPROPER LANE USAGE,NOT ON SCENE (DESK REPORT),NO DEFECTS,DRY,DRIVING SKILLS/KNOWLEDGE/EXPERIENCE,W,NORTH AVE,844,NO CONTROLS,NOT DIVIDED,CLEAR,,,,,,,2,3,"{""coordinates"": [-87.649736858022, 41.911006336744], ""type"": ""Point""}","[""FRONT-LEFT-CORNER"", ""FRONT-RIGHT-CORNER""]","[""CHANGING LANES"", ""STRAIGHT AHEAD""]",[],"[""W""]","[""DRIVER""]","[""NONE"", ""UNKNOWN""]","[""PERSONAL"", ""UNKNOWN/NA""]","[""2013"", ""2015""]","[""23"", ""26"", ""30""]","[""DID NOT DEPLOY""]","[""NONE""]","[""NO INDICATION OF INJURY""]","[""DRIVER"", ""PASSENGER""]","[""SAFETY BELT USED"", ""USAGE UNKNOWN""]","[""F"", ""M""]","[""3""]"
STRAIGHT AND LEVEL,935,2025-09-22T18:00:00.000,2,18,9,ecf7b6eaf9528a2b6dd2d6ab1dc872ee66a0a14a6e53ac5f5c37e633f556af5117617af3ff9d9014129993d3fb532eaab1b2da096327e7f95df898a83a856e95,NO INJURY / DRIVE AWAY,$500 OR LESS,2025-09-22T18:10:00.000,FUNCTIONING PROPERLY,PEDESTRIAN,Y,0,0,2,0,0,0,0,41.8089080695,DAYLIGHT,-87.6408262161,NO INDICATION OF INJURY,2,30,UNABLE TO DETERMINE,ON SCENE,NO DEFECTS,DRY,NOT APPLICABLE,S,WALLACE ST,4700,TRAFFIC SIGNAL,FOUR WAY,CLEAR,,,,,,,2,2,"{""coordinates"": [-87.640826216105, 41.808908069506], ""type"": ""Point""}","[""UNKNOWN""]","[""STRAIGHT AHEAD""]",[],"[""W""]","[""DRIVER"", ""PEDESTRIAN""]","[""UNKNOWN""]","[""UNKNOWN/NA""]",[],"[""23""]","[""DEPLOYMENT UNKNOWN""]","[""NONE""]","[""NO INDICATION OF INJURY""]","[""DRIVER"", ""PEDESTRIAN""]","[""USAGE UNKNOWN""]","[""M""]",[]
STRAIGHT AND LEVEL,2511,2025-09-22T18:07:00.000,2,18,9,1ad32f5cf6aa23521a2c28f81b9a4be72699936e309148418eade42bfbce87992473c111f437f410c51b3bc21816b4e3440304ceb3fbb4abef68cd209410ddbf,NO INJURY / DRIVE AWAY,"OVER $1,500",2025-09-22T19:55:00.000,NO CONTROLS,REAR END,,0,0,2,0,0,0,0,41.9309371601,DUSK,-87.8000986146,NO INDICATION OF INJURY,2,35,UNABLE TO DETERMINE,NOT ON SCENE (DESK REPORT),UNKNOWN,UNKNOWN,UNABLE TO DETERMINE,W,DIVERSEY AVE,6954,NO CONTROLS,NOT DIVIDED,CLEAR,,,,,,,2,2,"{""coordinates"": [-87.8000986146, 41.930937160101], ""type"": ""Point""}","[""FRONT"", ""REAR""]","[""STRAIGHT AHEAD""]",[],"[""W""]","[""DRIVER""]","[""UNKNOWN""]","[""PERSONAL""]","[""2013""]","[""16"", ""49""]","[""NOT APPLICABLE""]","[""NONE""]","[""NO INDICATION OF INJURY""]","[""DRIVER""]","[""USAGE UNKNOWN""]","[""F"", ""M""]",[]
STRAIGHT AND LEVEL,813,2025-09-22T18:10:00.000,2,18,9,07e50b0cdf75668f61ee2905abbfccade41176483297c889ef3253a751ddc2f4e2d1930a1ab52e95331ab8b567009eebde9746e85b5011b1f797e9e9a8270e90,NO INJURY / DRIVE AWAY,"OVER $1,500",2025-09-22T18:58:00.000,NO CONTROLS,ANGLE,,0,0,2,0,0,0,0,41.7805713641,DAYLIGHT,-87.7239730183,NO INDICATION OF INJURY,2,20,FAILING TO YIELD RIGHT-OF-WAY,NOT ON SCENE (DESK REPORT),NO DEFECTS,DRY,FAILING TO YIELD RIGHT-OF-WAY,W,62ND ST,4024,NO CONTROLS,NOT DIVIDED,CLEAR,,,,,,,2,2,"{""coordinates"": [-87.723973018334, 41.780571364139], ""type"": ""Point""}","[""FRONT-RIGHT-CORNER"", ""SIDE-RIGHT-REAR""]","[""STRAIGHT AHEAD""]",[],"[""S"", ""W""]","[""DRIVER""]","[""NONE""]","[""PERSONAL""]","[""2004"", ""2023""]","[""22"", ""26""]","[""NOT APPLICABLE""]","[""NONE""]","[""NO INDICATION OF INJURY""]","[""DRIVER""]","[""SAFETY BELT USED""]","[""F"", ""M""]",[]
STRAIGHT AND LEVEL,1824,2025-09-22T18:10:00.000,2,18,9,3409d2f3544632d30ff38ec4b6fa66e992bb8f1d27afd93f250182ce0974890882fbc2bdba93937952ae1bc967245df584667d105ae5e7d9e3200e39100c322e,NO INJURY / DRIVE AWAY,"OVER $1,500",2025-09-23T14:20:00.000,NO CONTROLS,SIDESWIPE SAME DIRECTION,Y,0,0,3,0,0,0,0,41.9040223592,DAYLIGHT,-87.6251604244,NO INDICATION OF INJURY,2,45,IMPROPER OVERTAKING/PASSING,NOT ON SCENE (DESK REPORT),UNKNOWN,DRY,NOT APPLICABLE,N,LAKE SHORE DR,1200,NO CONTROLS,OTHER,CLEAR,,Y,,,,,2,3,"{""coordinates"": [-87.625160424397, 41.90402235915], ""type"": ""Point""}","[""FRONT-LEFT-CORNER"", ""SIDE-RIGHT""]","[""CHANGING LANES"", ""STRAIGHT AHEAD""]",[],"[""N""]","[""DRIVER""]","[""UNKNOWN""]","[""PERSONAL""]","[""2011"", ""2013""]","[""55""]","[""DEPLOYMENT UNKNOWN"", ""NOT APPLICABLE""]","[""NONE""]","[""NO INDICATION OF INJURY""]","[""DRIVER"", ""PASSENGER""]","[""USAGE UNKNOWN""]","[""M""]","[""3""]"
STRAIGHT AND LEVEL,933,2025-09-22T18:10:00.000,2,18,9,90327efe365e7bfa45154c5977bd45443d406ef06ae601307e2326b78edc36c95abcac2f7054954a8ca08dcf42c15d94079d5850349072f8cf29f1a966e7c11b,NO INJURY / DRIVE AWAY,"$501 - $1,500",2025-09-22T18:25:00.000,FUNCTIONING PROPERLY,REAR END,Y,0,0,2,0,0,0,0,41.8086878811,DAYLIGHT,-87.6553867772,NO INDICATION OF INJURY,2,30,FOLLOWING TOO CLOSELY,NOT ON SCENE (DESK REPORT),NO DEFECTS,DRY,FOLLOWING TOO CLOSELY,S,RACINE AVE,4700,TRAFFIC SIGNAL,NOT DIVIDED,CLEAR,,,,,,,2,2,"{""coordinates"": [-87.655386777207, 41.808687881101], ""type"": ""Point""}","[""FRONT"", ""REAR""]","[""STRAIGHT AHEAD""]",[],"[""S""]","[""DRIVER""]","[""NONE""]","[""PERSONAL""]","[""2009"", ""2016""]","[""26""]","[""NOT APPLICABLE""]","[""NONE""]","[""NO INDICATION OF INJURY""]","[""DRIVER""]","[""SAFETY BELT USED"", ""USAGE UNKNOWN""]","[""F"", ""M""]",[]
STRAIGHT AND LEVEL,1831,2025-09-22T18:10:00.000,2,18,9,e1e0603a6702e6ce27886dadf7d2f2acaabc8ce20dc28a14146a5c289f2ab07b821aa8f4826171b16ef9f59c07b1ea38b48024357eb8844a1643eecaa2f044c9,NO INJURY / DRIVE AWAY,"OVER $1,500",2025-09-22T20:22:00.000,NO CONTROLS,REAR END,Y,0,0,2,0,0,0,0,41.8924152017,DAYLIGHT,-87.6369089289,NO INDICATION OF INJURY,2,30,FOLLOWING TOO CLOSELY,NOT ON SCENE (DESK REPORT),NO DEFECTS,DRY,FOLLOWING TOO CLOSELY,N,ORLEANS ST,601,NO CONTROLS,NOT DIVIDED,CLEAR,,,,,,,2,2,"{""coordinates"": [-87.636908928924, 41.892415201721], ""type"": ""Point""}","[""FRONT"", ""REAR""]","[""SLOW/STOP IN TRAFFIC"", ""STRAIGHT AHEAD""]",[],"[""N""]","[""DRIVER""]","[""NONE""]","[""PERSONAL""]","[""2010"", ""2015""]","[""59""]","[""DEPLOYMENT UNKNOWN"", ""NOT APPLICABLE""]","[""NONE""]","[""NO INDICATION OF INJURY""]","[""DRIVER""]","[""SAFETY BELT USED"", ""USAGE UNKNOWN""]","[""M""]",[]
STRAIGHT AND LEVEL,414,2025-09-22T18:15:00.000,2,18,9,6f5c556dd67f1e415a303f15eb0b5e4e8c20f910e357897dbc04df23c032c4b37b532ea97757c5a2f7b7a233f7d5abbe6c8edac2307598278b46dedd899836fd,NO INJURY / DRIVE AWAY,"OVER $1,500",2025-09-22T18:20:00.000,UNKNOWN,SIDESWIPE SAME DIRECTION,Y,0,0,2,0,0,0,0,41.7569700964,DAYLIGHT,-87.5759544623,NO INDICATION OF INJURY,2,25,NOT APPLICABLE,ON SCENE,UNKNOWN,UNKNOWN,NOT APPLICABLE,S,JEFFERY BLVD,7601,TRAFFIC SIGNAL,NOT DIVIDED,CLEAR,,,,,,,2,2,"{""coordinates"": [-87.575954462331, 41.756970096425], ""type"": ""Point""}","[""FRONT-RIGHT-CORNER"", ""SIDE-LEFT-REAR""]","[""STRAIGHT AHEAD""]",[],"[""N""]","[""DRIVER""]","[""NONE"", ""UNKNOWN""]","[""PERSONAL""]","[""2013""]","[""24""]","[""DEPLOYMENT UNKNOWN"", ""DID NOT DEPLOY""]","[""NONE""]","[""NO INDICATION OF INJURY""]","[""DRIVER""]","[""SAFETY BELT USED"", ""USAGE UNKNOWN""]","[""F"", ""X""]",[]
STRAIGHT AND LEVEL,1114,2025-09-22T18:21:00.000,2,18,9,8d426092d861e8fa81f02684c2c852251a9ff7abf8bc50055c29bfcc36f89b7b1eeebb33ea287e19c468fb46761aa92f31e829bd577e6cadbdd1c7856b03ce98,NO INJURY / DRIVE AWAY,"$501 - $1,500",2025-09-22T18:22:00.000,OTHER,REAR END,Y,0,0,4,0,0,0,0,41.8877197331,DAYLIGHT,-87.7260137242,NO INDICATION OF INJURY,2,25,UNABLE TO DETERMINE,ON SCENE,UNKNOWN,UNKNOWN,NOT APPLICABLE,N,PULASKI RD,398,OTHER,NOT DIVIDED,CLEAR,,Y,,,,,2,4,"{""coordinates"": [-87.726013724191, 41.887719733088], ""type"": ""Point""}","[""FRONT"", ""REAR""]","[""STRAIGHT AHEAD""]",[],"[""S""]","[""DRIVER""]","[""UNKNOWN""]","[""PERSONAL"", ""UNKNOWN/NA""]","[""2018""]","[""37"", ""52""]","[""DEPLOYMENT UNKNOWN"", ""DID NOT DEPLOY""]","[""NONE""]","[""NO INDICATION OF INJURY""]","[""DRIVER"", ""PASSENGER""]","[""USAGE UNKNOWN""]","[""M"", ""X""]","[""3"", ""6""]"
STRAIGHT AND LEVEL,1935,2025-09-22T18:22:00.000,2,18,9,1f65c13a749712dda4f412c7b9269e6ba941af007396c85f3850ceb700aef6a755f1d3ff04b5245fe8eab019e7f79412294718dc87c52cb4f827d1da1d175da6,NO INJURY / DRIVE AWAY,"OVER $1,500",2025-09-22T19:55:00.000,NO CONTROLS,ANGLE,,0,0,2,0,0,0,0,41.9326050605,DAYLIGHT,-87.649234823,NO INDICATION OF INJURY,2,30,FAILING TO YIELD RIGHT-OF-WAY,NOT ON SCENE (DESK REPORT),NO DEFECTS,DRY,UNABLE TO DETERMINE,W,DIVERSEY PKWY,805,NO CONTROLS,NOT DIVIDED,CLEAR,,,,,,,2,2,"{""coordinates"": [-87.649234823032, 41.932605060471], ""type"": ""Point""}","[""FRONT-LEFT-CORNER"", ""FRONT-RIGHT-CORNER""]","[""OTHER"", ""STRAIGHT AHEAD""]",[],"[""E"", ""N""]","[""DRIVER""]","[""NONE"", ""UNKNOWN""]","[""PERSONAL"", ""UNKNOWN/NA""]","[""2013"", ""2022""]","[""21"", ""26""]","[""NOT APPLICABLE""]","[""NONE""]","[""NO INDICATION OF INJURY""]","[""DRIVER""]","[""SAFETY BELT USED"", ""USAGE UNKNOWN""]","[""F""]",[]
STRAIGHT AND LEVEL,332,2025-09-22T18:25:00.000,2,18,9,e710b3993f934846df344e1414f42dde5a463103743b7eba21f4db01e31f040fa502f331761b6df46b67497bd6af265758b92dc090c6d1996b818cfd5a31ba61,NO INJURY / DRIVE AWAY,"OVER $1,500",2025-09-23T12:07:00.000,NO CONTROLS,FIXED OBJECT,,0,0,1,0,0,0,0,41.7732928959,DAYLIGHT,-87.5864423683,NO INDICATION OF INJURY,1,30,UNABLE TO DETERMINE,NOT ON SCENE (DESK REPORT),NO DEFECTS,DRY,NOT APPLICABLE,S,STONY ISLAND AVE,6700,NO CONTROLS,DIVIDED - W/MEDIAN (NOT RAISED),CLEAR,,,,,,,1,1,"{""coordinates"": [-87.586442368314, 41.773292895851], ""type"": ""Point""}","[""SIDE-LEFT""]","[""STRAIGHT AHEAD""]",[],"[""S""]","[""DRIVER""]","[""NONE""]","[""PERSONAL""]","[""2014""]","[""47""]","[""DID NOT DEPLOY""]","[""NONE""]","[""NO INDICATION OF INJURY""]","[""DRIVER""]","[""SAFETY BELT USED""]","[""M""]",[]
STRAIGHT AND LEVEL,434,2025-09-22T18:30:00.000,2,18,9,2bdf05a8cb2f64355dbb997a3a1fa9742f9c500acfede654fa7a9c0f281ba6be19ee347e26c42263f2356caac1601d9e54331f35a62c54700168626cf533a1b4,NO INJURY / DRIVE AWAY,"OVER $1,500",2025-09-23T12:15:00.000,NO CONTROLS,SIDESWIPE SAME DIRECTION,Y,0,0,2,0,0,0,0,41.648107118,DAYLIGHT,-87.5594373481,NO INDICATION OF INJURY,2,35,DRIVING SKILLS/KNOWLEDGE/EXPERIENCE,NOT ON SCENE (DESK REPORT),NO DEFECTS,DRY,UNABLE TO DETERMINE,S,TORRENCE AVE,13600,NO CONTROLS,NOT DIVIDED,CLEAR,,,,,,,2,2,"{""coordinates"": [-87.559437348149, 41.648107117972], ""type"": ""Point""}","[""SIDE-LEFT"", ""UNKNOWN""]","[""STRAIGHT AHEAD"", ""UNKNOWN/NA""]",[],"[""N"", ""UNKNOWN""]","[""DRIVER""]","[""NONE"", ""UNKNOWN""]","[""OTHER"", ""UNKNOWN/NA""]",[],"[""58""]","[""DEPLOYMENT UNKNOWN"", ""DID NOT DEPLOY""]","[""NONE""]","[""NO INDICATION OF INJURY""]","[""DRIVER""]","[""SAFETY BELT USED"", ""USAGE UNKNOWN""]","[""M"", ""X""]",[]
STRAIGHT AND LEVEL,1654,2025-09-22T18:31:00.000,2,18,9,1a401ad50eb6d159bbfb8e9bdde18697ad5e08a425c70935a447cffb08cbdd3481ccddfd62a0c75708ebc7b09665969c2084bfcde51caf9568e051716b944f4f,NO INJURY / DRIVE AWAY,"$501 - $1,500",2025-09-22T19:15:00.000,NO CONTROLS,ANGLE,,0,0,2,0,0,0,0,41.9947933861,"DARKNESS, LIGHTED ROAD",-87.8827076595,NO INDICATION OF INJURY,2,15,UNABLE TO DETERMINE,ON SCENE,UNKNOWN,UNKNOWN,NOT APPLICABLE,W,ZEMKE RD,10255,NO CONTROLS,PARKING LOT,CLEAR,,,,,,,2,2,"{""coordinates"": [-87.882707659516, 41.994793386112], ""type"": ""Point""}","[""REAR-LEFT-CORNER"", ""REAR-RIGHT-CORNER""]","[""BACKING""]",[],"[""N"", ""W""]","[""DRIVER""]","[""UNKNOWN""]","[""PERSONAL"", ""RIDESHARE SERVICE""]","[""2012"", ""2025""]","[""27"", ""67""]","[""NOT APPLICABLE""]","[""NONE""]","[""NO INDICATION OF INJURY""]","[""DRIVER""]","[""USAGE UNKNOWN""]","[""M""]",[]
STRAIGHT AND LEVEL,2512,2025-09-22T18:35:00.000,2,18,9,2ad1e17ec64b2926845b7b2ad97e9f548676c55e98308b7b76f78a12adbeb11fdffeca661cb6d6d4c5f655c1c5b2cdb0f36645972ffaff25c2eaa28d70e395cf,NO INJURY / DRIVE AWAY,"OVER $1,500",2025-09-22T18:51:00.000,NO CONTROLS,SIDESWIPE SAME DIRECTION,,0,0,2,0,0,0,0,41.9209888057,DAYLIGHT,-87.7785454497,NO INDICATION OF INJURY,2,30,FAILING TO YIELD RIGHT-OF-WAY,ON SCENE,NO DEFECTS,DRY,FAILING TO YIELD RIGHT-OF-WAY,W,GRAND AVE,6111,NO CONTROLS,NOT DIVIDED,CLEAR,,,,,,,2,2,"{""coordinates"": [-87.778545449699, 41.920988805652], ""type"": ""Point""}","[""FRONT-LEFT-CORNER"", ""FRONT-RIGHT-CORNER""]","[""STRAIGHT AHEAD""]",[],"[""E""]","[""DRIVER""]","[""UNKNOWN""]","[""PERSONAL""]","[""2000"", ""2008""]","[""41"", ""60""]","[""NOT APPLICABLE""]","[""UNKNOWN""]","[""NO INDICATION OF INJURY""]","[""DRIVER""]","[""USAGE UNKNOWN""]","[""F""]",[]
STRAIGHT AND LEVEL,1654,2025-09-22T18:40:00.000,2,18,9,3b6c2a618e615e7983a340efcdee3e4a3ea76738b2e9efa0e1810689995ece5b66ebdd536d66a4450b45d93a2d526f3cced4f782608dbc9231b5ae9bf8961e66,INJURY AND / OR TOW DUE TO CRASH,"OVER $1,500",2025-09-22T18:46:00.000,FUNCTIONING PROPERLY,REAR END,,0,0,1,1,0,1,0,41.9584075239,DAYLIGHT,-87.8863332475,NONINCAPACITATING INJURY,2,30,FOLLOWING TOO CLOSELY,ON SCENE,NO DEFECTS,DRY,FOLLOWING TOO CLOSELY,W,IRVING PARK RD,10300,TRAFFIC SIGNAL,DIVIDED - W/MEDIAN (NOT RAISED),CLEAR,,Y,,,,,2,2,"{""coordinates"": [-87.886333247534, 41.958407523899], ""type"": ""Point""}","[""FRONT"", ""REAR""]","[""STRAIGHT AHEAD""]",[],"[""E""]","[""DRIVER""]","[""NONE""]","[""PERSONAL""]","[""2012"", ""2023""]","[""65""]","[""DID NOT DEPLOY""]","[""NONE""]","[""NO INDICATION OF INJURY"", ""NONINCAPACITATING INJURY""]","[""DRIVER""]","[""SAFETY BELT USED""]","[""M""]",[]