alignment,beat_of_occurrence,crash_date,crash_day_of_week,crash_hour,crash_month,crash_record_id,crash_type,damage,date_police_notified,device_condition,first_crash_type,hit_and_run_i,injuries_fatal,injuries_incapacitating,injuries_no_indication,injuries_non_incapacitating,injuries_reported_not_evident,injuries_total,injuries_unknown,latitude,lighting_condition,longitude,most_severe_injury,num_units,posted_speed_limit,prim_contributory_cause,report_type,road_defect,roadway_surface_cond,sec_contributory_cause,street_direction,street_name,street_no,traffic_control_device,trafficway_type,weather_condition,intersection_related_i,crash_date_est_i,private_property_i,statements_taken_i,photos_taken_i,work_zone_i,veh_count,ppl_count,location_json,veh_first_contact_point_list_json,veh_maneuver_list_json,veh_towed_i_list_json,veh_travel_direction_list_json,veh_unit_type_list_json,veh_vehicle_defect_list_json,veh_vehicle_use_list_json,veh_vehicle_year_list_json,ppl_age_list_json,ppl_airbag_deployed_list_json,ppl_ejection_list_json,ppl_injury_classification_list_json,ppl_person_type_list_json,ppl_safety_equipment_list_json,ppl_sex_list_json,ppl_seat_no_list_json
STRAIGHT AND LEVEL,121,2025-09-22T18:45:00.000,2,18,9,a9e1e5a6504a6d159dbf6c14935fc091b9c2ced549ad08de4a616ad97d3eda1819e3c6c3312596a9edf7b4d435d21b3532a2373b97422e91e69281abeec72440,NO INJURY / DRIVE AWAY,"OVER $1,500",2025-09-22T18:52:00.000,FUNCTIONING PROPERLY,SIDESWIPE SAME DIRECTION,,0,0,2,0,0,0,0,41.8780527765,DAYLIGHT,-87.6412190249,NO INDICATION OF INJURY,2,30,FOLLOWING TOO CLOSELY,ON SCENE,NO DEFECTS,DRY,UNABLE TO DETERMINE,S,CLINTON ST,298,TRAFFIC SIGNAL,ONE-WAY,CLEAR,Y,,,,,,2,2,"{""coordinates"": [-87.641219024868, 41.878052776496], ""type"": ""Point""}","[""SIDE-LEFT"", ""SIDE-RIGHT""]","[""ENTERING TRAFFIC LANE FROM PARKING"", ""STRAIGHT AHEAD""]",[],"[""S""]","[""DRIVER""]","[""NONE"", ""UNKNOWN""]","[""CTA"", ""PERSONAL""]","[""2008"", ""2013""]","[""33"", ""54""]","[""DID NOT DEPLOY"", ""NOT APPLICABLE""]","[""NONE""]","[""NO INDICATION OF INJURY""]","[""DRIVER""]","[""SAFETY BELT USED""]","[""F"", ""M""]",[]
STRAIGHT AND LEVEL,1712,2025-09-22T19:00:00.000,2,19,9,0bb50246d5a8c9fea9553406a5984746e66038329202fe12f0203841dec20558067cd722f2888173f2a17d9a65262609bcc9cbe3622ac18756cb8e1f0c5d8714,INJURY AND / OR TOW DUE TO CRASH,"OVER $1,500",2025-09-23T17:35:00.000,FUNCTIONING PROPERLY,REAR END,,0,0,1,0,1,1,0,41.9757465801,"DARKNESS, LIGHTED ROAD",-87.7184866285,"REPORTED, NOT EVIDENT",2,30,UNABLE TO DETERMINE,NOT ON SCENE (DESK REPORT),NO DEFECTS,DRY,UNABLE TO DETERMINE,W,FOSTER AVE,3600,TRAFFIC SIGNAL,DIVIDED - W/MEDIAN (NOT RAISED),CLEAR,Y,,,,,,2,2,"{""coordinates"": [-87.718486628497, 41.975746580106], ""type"": ""Point""}","[""FRONT"", ""REAR""]","[""SLOW/STOP IN TRAFFIC"", ""STRAIGHT AHEAD""]",[],"[""E""]","[""DRIVER""]","[""NONE"", ""UNKNOWN""]","[""PERSONAL""]","[""2014"", ""2016""]","[""33""]","[""DID NOT DEPLOY""]","[""NONE""]","[""NO INDICATION OF INJURY"", ""REPORTED, NOT EVIDENT""]","[""DRIVER""]","[""SAFETY BELT USED"", ""USAGE UNKNOWN""]","[""F"", ""M""]",[]
STRAIGHT AND LEVEL,1935,2025-09-22T19:00:00.000,2,19,9,134bdc711dc7c564ebe5f39a5ee87c8e62cd5c84047a9bc79fcaf0b270c06edc869ecd35c12a4ff5a580e6a5ebafad4f87c8d7071fffa94a5b597a6c56f0f202,NO INJURY / DRIVE AWAY,"OVER $1,500",2025-09-22T20:13:00.000,UNKNOWN,PARKED MOTOR VEHICLE,,0,0,1,0,0,0,0,41.9287326946,UNKNOWN,-87.6425105172,NO INDICATION OF INJURY,2,25,NOT APPLICABLE,NOT ON SCENE (DESK REPORT),UNKNOWN,UNKNOWN,NOT APPLICABLE,N,CLARK ST,2536,UNKNOWN,NOT DIVIDED,UNKNOWN,,,,,,,2,1,"{""coordinates"": [-87.642510517208, 41.928732694569], ""type"": ""Point""}","[""FRONT"", ""REAR""]","[""PARKED"", ""UNKNOWN/NA""]",[],"[""UNKNOWN""]","[""DRIVER"", ""PARKED""]","[""UNKNOWN""]","[""NOT IN USE"", ""PERSONAL""]","[""2019"", ""2024""]","[""63""]","[""NOT APPLICABLE""]","[""NONE""]","[""NO INDICATION OF INJURY""]","[""DRIVER""]","[""USAGE UNKNOWN""]","[""F""]",[]
STRAIGHT AND LEVEL,1915,2025-09-22T19:02:00.000,2,19,9,d47e8649c92d3cf7d85cb3f099187647648d8003b59f882dcf40b9b5aa945b6462c190cfe54c9b95f17ad0bebfe464971e22fb8bdb1661d627e616830d2380a3,INJURY AND / OR TOW DUE TO CRASH,"OVER $1,500",2025-09-22T19:04:00.000,NO CONTROLS,PEDALCYCLIST,,0,1,1,0,0,1,0,41.9599873171,DUSK,-87.6374687226,INCAPACITATING INJURY,2,20,UNABLE TO DETERMINE,ON SCENE,NO DEFECTS,DRY,NOT APPLICABLE,W,MONTROSE HARBOR DR,397,NO CONTROLS,NOT DIVIDED,CLEAR,,,,,,,2,2,"{""coordinates"": [-87.637468722624, 41.959987317149], ""type"": ""Point""}","[""REAR-RIGHT-CORNER""]","[""SLOW/STOP IN TRAFFIC""]",[],"[""E""]","[""BICYCLE"", ""DRIVER""]","[""NONE""]","[""PERSONAL""]","[""2020""]","[""49"", ""63""]","[""NOT APPLICABLE""]","[""NONE"", ""UNKNOWN""]","[""INCAPACITATING INJURY"", ""NO INDICATION OF INJURY""]","[""BICYCLE"", ""DRIVER""]","[""HELMET NOT USED"", ""USAGE UNKNOWN""]","[""M""]",[]
STRAIGHT AND LEVEL,1433,2025-09-22T19:10:00.000,2,19,9,2efb3b3a5c500a1c6937f01f65243f20add1f3efe962ee7ed1fff3aeacfe31d29f83e7689420b740025762dcf514f81fe0807a69d9b4533bd3d72d2be171657d,NO INJURY / DRIVE AWAY,"$501 - $1,500",2025-09-23T11:50:00.000,NO CONTROLS,REAR TO REAR,,0,0,3,0,0,0,0,41.9035352442,DARKNESS,-87.6619319996,NO INDICATION OF INJURY,2,15,FAILING TO REDUCE SPEED TO AVOID CRASH,NOT ON SCENE (DESK REPORT),UNKNOWN,UNKNOWN,FAILING TO YIELD RIGHT-OF-WAY,W,DIVISION ST,1334,NO CONTROLS,OTHER,UNKNOWN,,,Y,,,,2,3,"{""coordinates"": [-87.661931999634, 41.903535244224], ""type"": ""Point""}","[""REAR""]","[""BACKING"", ""OTHER""]",[],"[""UNKNOWN""]","[""DRIVER""]","[""NONE"", ""UNKNOWN""]","[""PERSONAL"", ""UNKNOWN/NA""]","[""2009"", ""2018""]","[""26"", ""69""]","[""DEPLOYED, FRONT"", ""DID NOT DEPLOY"", ""NOT APPLICABLE""]","[""NONE""]","[""NO INDICATION OF INJURY""]","[""DRIVER"", ""PASSENGER""]","[""SAFETY BELT USED"", ""USAGE UNKNOWN""]","[""F"", ""M"", ""X""]","[""6""]"
STRAIGHT AND LEVEL,1622,2025-09-22T19:12:00.000,2,19,9,cc81fc047597f25d2acfa6467006c0c3659257fb2720a4a27ec1c60622e402d6f8ddffa937bef4a43394264db8f5c58fb95dba342d131bfd33be77d6b160914f,NO INJURY / DRIVE AWAY,"OVER $1,500",2025-09-22T19:50:00.000,NO CONTROLS,REAR END,,0,0,2,0,0,0,0,41.9605850324,"DARKNESS, LIGHTED ROAD",-87.7679386341,NO INDICATION OF INJURY,2,30,FOLLOWING TOO CLOSELY,NOT ON SCENE (DESK REPORT),NO DEFECTS,DRY,UNABLE TO DETERMINE,W,MONTROSE AVE,5616,NO CONTROLS,NOT DIVIDED,CLEAR,,,,,,,2,2,"{""coordinates"": [-87.76793863414, 41.960585032433], ""type"": ""Point""}","[""FRONT-LEFT-CORNER"", ""REAR-RIGHT-CORNER""]","[""STRAIGHT AHEAD""]",[],"[""W""]","[""DRIVER""]","[""NONE""]","[""PERSONAL""]","[""2015"", ""2021""]","[""17"", ""71""]","[""NOT APPLICABLE""]","[""NONE""]","[""NO INDICATION OF INJURY""]","[""DRIVER""]","[""SAFETY BELT USED""]","[""M""]",[]
STRAIGHT AND LEVEL,2212,2025-09-22T19:24:00.000,2,19,9,c92978c3b07eb47e7e01812092d343fa157f7bcc3cf5229da4613fcbdd89b83cc4521a22b49bf544d6f8b00b6649b770910ecdb55837ff1ab961cde65471f786,INJURY AND / OR TOW DUE TO CRASH,"OVER $1,500",2025-09-22T19:24:00.000,FUNCTIONING PROPERLY,TURNING,,0,0,3,0,0,0,0,41.6999668548,DUSK,-87.6812693405,NO INDICATION OF INJURY,2,30,FAILING TO YIELD RIGHT-OF-WAY,ON SCENE,UNKNOWN,DRY,UNABLE TO DETERMINE,S,WESTERN AVE,10631,TRAFFIC SIGNAL,CENTER TURN LANE,CLEAR,Y,,,N,N,,2,3,"{""coordinates"": [-87.68126934047, 41.699966854823], ""type"": ""Point""}","[""FRONT"", ""SIDE-RIGHT-REAR""]","[""STRAIGHT AHEAD"", ""TURNING LEFT""]","[""Y""]","[""E"", ""N""]","[""DRIVER""]","[""NONE"", ""UNKNOWN""]","[""PERSONAL""]","[""2005"", ""2012""]","[""18"", ""19"", ""39""]","[""DID NOT DEPLOY"", ""NOT APPLICABLE""]","[""NONE""]","[""NO INDICATION OF INJURY""]","[""DRIVER"", ""PASSENGER""]","[""USAGE UNKNOWN""]","[""F"", ""M""]","[""3""]"
STRAIGHT AND LEVEL,1213,2025-09-22T19:26:00.000,2,19,9,6543a569ed65fb407615856437481cf5a3b2dc556c2ed14bdb0fb9bdce2cc8b3960833175974dab5e8a493c2f54fd3cdbf7180404a5d1da5f2ba3f221218ca88,NO INJURY / DRIVE AWAY,"OVER $1,500",2025-09-22T19:26:00.000,NO CONTROLS,PEDALCYCLIST,,0,0,2,0,0,0,0,41.9012475077,"DARKNESS, LIGHTED ROAD",-87.6634265896,NO INDICATION OF INJURY,2,30,UNABLE TO DETERMINE,ON SCENE,NO DEFECTS,DRY,UNABLE TO DETERMINE,N,MILWAUKEE AVE,1070,NO CONTROLS,NOT DIVIDED,CLEAR,,,,,,,2,2,"{""coordinates"": [-87.663426589565, 41.901247507672], ""type"": ""Point""}","[""FRONT-RIGHT-CORNER""]","[""STRAIGHT AHEAD""]",[],"[""NW""]","[""BICYCLE"", ""DRIVER""]","[""NONE""]","[""PERSONAL""]","[""2004""]","[""24"", ""25""]","[""NOT APPLICABLE""]","[""NONE""]","[""NO INDICATION OF INJURY""]","[""BICYCLE"", ""DRIVER""]","[""HELMET NOT USED"", ""USAGE UNKNOWN""]","[""F"", ""M""]",[]
STRAIGHT AND LEVEL,223,2025-09-22T19:33:00.000,2,19,9,4fcb0a49058a522969eca614b0ab28c44b479ec05790d3ad790073b1cd4620aee57f2038d6b57b8ed6912f28cceb7e56532fd41cc5d75de0a38b78e623af8a5f,NO INJURY / DRIVE AWAY,"$501 - $1,500",2025-09-22T19:58:00.000,NO CONTROLS,ANGLE,,0,0,2,0,0,0,0,41.8056724913,DARKNESS,-87.6139235631,NO INDICATION OF INJURY,2,25,FAILING TO YIELD RIGHT-OF-WAY,NOT ON SCENE (DESK REPORT),NO DEFECTS,DRY,FAILING TO YIELD RIGHT-OF-WAY,E,49TH ST,499,STOP SIGN/FLASHER,FOUR WAY,CLEAR,,,,,,,2,2,"{""coordinates"": [-87.613923563113, 41.805672491266], ""type"": ""Point""}","[""FRONT-LEFT-CORNER"", ""FRONT-RIGHT-CORNER""]","[""SLOW/STOP IN TRAFFIC"", ""STRAIGHT AHEAD""]",[],"[""E"", ""N""]","[""DRIVER""]","[""UNKNOWN""]","[""PERSONAL""]","[""2016""]","[""49""]","[""DEPLOYED, FRONT"", ""DEPLOYMENT UNKNOWN""]","[""NONE""]","[""NO INDICATION OF INJURY""]","[""DRIVER""]","[""SAFETY BELT USED"", ""USAGE UNKNOWN""]","[""M""]",[]
STRAIGHT AND LEVEL,2512,2025-09-22T19:40:00.000,2,19,9,4701a92c57368fe037503cffc99ba42861d4e40363d8e1e43dd46d4299ba40b06c0a7f85687c3a1f9a679fbe39fd1e665d7b60c75c6521e8f01f41f743551cb1,NO INJURY / DRIVE AWAY,$500 OR LESS,2025-09-23T08:30:00.000,FUNCTIONING PROPERLY,TURNING,,0,0,2,0,0,0,0,41.9309124009,DARKNESS,-87.7855395382,NO INDICATION OF INJURY,2,30,UNABLE TO DETERMINE,NOT ON SCENE (DESK REPORT),NO DEFECTS,DRY,UNABLE TO DETERMINE,N,NARRAGANSETT AVE,2799,TRAFFIC SIGNAL,DIVIDED - W/MEDIAN (NOT RAISED),CLEAR,,,,,,,2,2,"{""coordinates"": [-87.785539538239, 41.930912400858], ""type"": ""Point""}","[""FRONT"", ""REAR""]","[""BACKING"", ""TURNING RIGHT""]",[],"[""N"", ""S""]","[""DRIVER""]","[""NONE""]","[""PERSONAL""]","[""2009"", ""2018""]","[""41"", ""56""]","[""NOT APPLICABLE""]","[""NONE""]","[""NO INDICATION OF INJURY""]","[""DRIVER""]","[""USAGE UNKNOWN""]","[""F"", ""M""]",[]
STRAIGHT AND LEVEL,2524,2025-09-22T19:44:00.000,2,19,9,4aec46b300a46b17cd9550ff40999895d9e461a366ddcc2aee11c53312b97f2bc06263a21af551977a9ae6db540fa0771235be7b289f5fccde2d25b889ccd884,INJURY AND / OR TOW DUE TO CRASH,$500 OR LESS,2025-09-22T19:45:00.000,NO CONTROLS,PEDESTRIAN,Y,0,0,1,1,0,1,0,41.9244975454,DARKNESS,-87.7348103096,NONINCAPACITATING INJURY,2,30,FAILING TO YIELD RIGHT-OF-WAY,ON SCENE,NO DEFECTS,DRY,FAILING TO YIELD RIGHT-OF-WAY,W,FULLERTON AVE,4316,NO CONTROLS,NOT DIVIDED,CLEAR,,,,,,,2,2,"{""coordinates"": [-87.734810309616, 41.924497545431], ""type"": ""Point""}","[""FRONT-RIGHT-CORNER""]","[""STRAIGHT AHEAD""]",[],"[""W""]","[""DRIVER"", ""PEDESTRIAN""]","[""UNKNOWN""]","[""UNKNOWN/NA""]","[""1989""]","[""56""]","[""DEPLOYMENT UNKNOWN""]","[""NONE""]","[""NO INDICATION OF INJURY"", ""NONINCAPACITATING INJURY""]","[""DRIVER"", ""PEDESTRIAN""]","[""NONE PRESENT"", ""USAGE UNKNOWN""]","[""M""]",[]
STRAIGHT AND LEVEL,633,2025-09-22T19:46:00.000,2,19,9,01e7db9be6b97c6b848bd111348f83a819fbe707c596276ca2d464786670f762ee2c2e08127e9588d10edae8a8882e97ef2a517b1c4722bd6c3a0758c7ac6ae7,INJURY AND / OR TOW DUE TO CRASH,"OVER $1,500",2025-09-22T19:47:00.000,FUNCTIONING PROPERLY,PARKED MOTOR VEHICLE,,0,0,1,0,0,0,0,41.7235350337,"DARKNESS, LIGHTED ROAD",-87.6185104579,NO INDICATION OF INJURY,2,30,CELL PHONE USE OTHER THAN TEXTING,ON SCENE,NO DEFECTS,DRY,CELL PHONE USE OTHER THAN TEXTING,E,94TH ST,211,STOP SIGN/FLASHER,UNKNOWN,CLEAR,Y,,,,,,2,1,"{""coordinates"": [-87.618510457945, 41.723535033703], ""type"": ""Point""}","[""FRONT-RIGHT-CORNER"", ""REAR-LEFT-CORNER""]","[""PARKED"", ""STRAIGHT AHEAD""]","[""Y""]","[""E""]","[""DRIVER"", ""PARKED""]","[""UNKNOWN""]","[""PERSONAL""]","[""2007"", ""2023""]","[""20""]","[""DEPLOYED, FRONT""]","[""NONE""]","[""NO INDICATION OF INJURY""]","[""DRIVER""]","[""USAGE UNKNOWN""]","[""M""]",[]
STRAIGHT AND LEVEL,2411,2025-09-22T19:50:00.000,2,19,9,df4d64b64a8c0602f0a5aa959c5d1baf06118d12eee7f93216fdc063d3c1da56405642aff6c7b75563e934fad4b9bf26f32ff64c52fb83adb4c2a9b784578807,NO INJURY / DRIVE AWAY,"$501 - $1,500",2025-09-24T17:10:00.000,NO CONTROLS,REAR TO SIDE,,0,0,2,0,0,0,0,42.0118834449,UNKNOWN,-87.6903881345,NO INDICATION OF INJURY,2,15,UNABLE TO DETERMINE,NOT ON SCENE (DESK REPORT),UNKNOWN,UNKNOWN,NOT APPLICABLE,N,WESTERN AVE,7130,NO CONTROLS,PARKING LOT,UNKNOWN,,,Y,,,,2,2,"{""coordinates"": [-87.690388134457, 42.011883444922], ""type"": ""Point""}","[""REAR"", ""SIDE-RIGHT""]","[""BACKING"", ""SLOW/STOP IN TRAFFIC""]",[],"[""UNKNOWN""]","[""DRIVER""]","[""UNKNOWN""]","[""UNKNOWN/NA""]","[""2010"", ""2017""]","[""31"", ""34""]","[""DEPLOYMENT UNKNOWN""]","[""NONE""]","[""NO INDICATION OF INJURY""]","[""DRIVER""]","[""USAGE UNKNOWN""]","[""F"", ""M""]",[]
STRAIGHT AND LEVEL,715,2025-09-22T20:03:00.000,2,20,9,afb13e8e7d9c3c0c3481fb14e8f790c43ff3475229885c5c10d4d170b1ddfe6e41c99b76872da39b484bf69bdac237cd3c45e65d0c26f70e977728c9637c5240,NO INJURY / DRIVE AWAY,"$501 - $1,500",2025-09-22T20:30:00.000,UNKNOWN,TURNING,Y,0,0,2,0,0,0,0,41.7922777271,DAWN,-87.6646872121,NO INDICATION OF INJURY,2,30,UNABLE TO DETERMINE,ON SCENE,NO DEFECTS,DRY,FAILING TO YIELD RIGHT-OF-WAY,S,ASHLAND AVE,5598,STOP SIGN/FLASHER,DIVIDED - W/MEDIAN (NOT RAISED),CLEAR,,,N,,,,2,2,"{""coordinates"": [-87.664687212058, 41.792277727062], ""type"": ""Point""}","[""FRONT-RIGHT-CORNER"", ""UNKNOWN""]","[""STRAIGHT AHEAD"", ""TURNING RIGHT""]",[],"[""N"", ""W""]","[""DRIVER""]","[""NONE"", ""UNKNOWN""]","[""PERSONAL"", ""UNKNOWN/NA""]","[""2006""]","[""56""]","[""DEPLOYMENT UNKNOWN"", ""NOT APPLICABLE""]","[""NONE"", ""UNKNOWN""]","[""NO INDICATION OF INJURY""]","[""DRIVER""]","[""USAGE UNKNOWN""]","[""F""]",[]
STRAIGHT AND LEVEL,2523,2025-09-22T20:10:00.000,2,20,9,d496b1a6bc2feab85c28b279aeb90f37c1496bcb4d13d88e2e71d1f6efda3a16a37c1b938b7d10069c3507bb6bf11576db732b74532c16d11765b4de4c05c32f,NO INJURY / DRIVE AWAY,"OVER $1,500",2025-09-23T14:45:00.000,FUNCTIONING PROPERLY,REAR END,,0,0,2,0,0,0,0,41.9318310256,DAWN,-87.727126873,NO INDICATION OF INJURY,2,30,FOLLOWING TOO CLOSELY,NOT ON SCENE (DESK REPORT),NO DEFECTS,DRY,UNABLE TO DETERMINE,N,PULASKI RD,2800,TRAFFIC SIGNAL,NOT DIVIDED,CLEAR,Y,,,,,,2,2,"{""coordinates"": [-87.727126873005, 41.931831025615], ""type"": ""Point""}","[""FRONT"", ""REAR""]","[""STRAIGHT AHEAD""]",[],"[""S""]","[""DRIVER""]","[""NONE""]","[""PERSONAL""]","[""2021""]","[""56""]","[""DEPLOYMENT UNKNOWN"", ""NOT APPLICABLE""]","[""NONE""]","[""NO INDICATION OF INJURY""]","[""DRIVER""]","[""SAFETY BELT USED"", ""USAGE UNKNOWN""]","[""M"", ""X""]",[]
STRAIGHT AND LEVEL,513,2025-09-22T20:17:00.000,2,20,9,025092488c5c8ca2ed47357d8347ee2cf19d6bfac3484f09226a9b7a7d48210fc4d788135567bc878244286ac0f08c9d1007d6c00b40fc2d2bb690d67d6a709d,INJURY AND / OR TOW DUE TO CRASH,"$501 - $1,500",2025-09-22T20:30:00.000,NO CONTROLS,REAR END,,0,0,2,2,0,2,0,41.6962325277,"DARKNESS, LIGHTED ROAD",-87.5958061971,NONINCAPACITATING INJURY,2,15,UNABLE TO DETERMINE,ON SCENE,UNKNOWN,DRY,UNABLE TO DETERMINE,S,DOTY AVE E,10900,NO CONTROLS,PARKING LOT,CLEAR,,,,,,,2,4,"{""coordinates"": [-87.59580619714, 41.696232527674], ""type"": ""Point""}","[""FRONT-LEFT-CORNER"", ""SIDE-RIGHT""]","[""STRAIGHT AHEAD""]","[""Y""]","[""W""]","[""DRIVER""]","[""NONE"", ""UNKNOWN""]","[""PERSONAL"", ""RIDESHARE SERVICE""]","[""2021"", ""2023""]","[""19"", ""26"", ""27"", ""39""]","[""DID NOT DEPLOY"", ""NOT APPLICABLE""]","[""NONE""]","[""NO INDICATION OF INJURY"", ""NONINCAPACITATING INJURY""]","[""DRIVER"", ""PASSENGER""]","[""USAGE UNKNOWN""]","[""F"", ""M""]","[""3"", ""6""]"
STRAIGHT AND LEVEL,1223,2025-09-22T20:20:00.000,2,20,9,e0e979b8b5268efe0376e91df0657101ce29f493a5ab8ce6a1d335f54300e7d1bbcdd9489cc14c65269abe727a8c0e5dce89c620255a117588789e73ff2beb02,NO INJURY / DRIVE AWAY,"OVER $1,500",2025-09-22T22:15:00.000,NO CONTROLS,PARKED MOTOR VEHICLE,,0,0,1,0,0,0,0,41.879951968,"DARKNESS, LIGHTED ROAD",-87.6764632939,NO INDICATION OF INJURY,2,30,UNABLE TO DETERMINE,NOT ON SCENE (DESK REPORT),NO DEFECTS,DRY,UNABLE TO DETERMINE,S,DAMEN AVE,101,NO CONTROLS,NOT DIVIDED,CLEAR,,,,,,,2,1,"{""coordinates"": [-87.676463293904, 41.879951968], ""type"": ""Point""}","[""FRONT-LEFT-CORNER"", ""SIDE-RIGHT""]","[""PARKED"", ""TURNING RIGHT""]",[],"[""N""]","[""DRIVER"", ""PARKED""]","[""NONE""]","[""PERSONAL""]","[""2012"", ""2017""]","[""20""]","[""DID NOT DEPLOY""]","[""NONE""]","[""NO INDICATION OF INJURY""]","[""DRIVER""]","[""USAGE UNKNOWN""]","[""M""]",[]
STRAIGHT AND LEVEL,822,2025-09-22T20:44:00.000,2,20,9,c56590cf1b1e86910e8c12c63717dea95405bd059c56443127fd9b86d50edb0f72c32a32babe954bea7ee6c03e2af36944fd9524832d1c86622faddb487296d9,INJURY AND / OR TOW DUE TO CRASH,"OVER $1,500",2025-09-22T20:57:00.000,FUNCTIONING PROPERLY,TURNING,,0,0,1,1,0,1,0,41.7863185189,DARKNESS,-87.705723573,NONINCAPACITATING INJURY,4,30,FAILING TO YIELD RIGHT-OF-WAY,ON SCENE,UNKNOWN,DRY,FAILING TO YIELD RIGHT-OF-WAY,W,59TH ST,3298,STOP SIGN/FLASHER,UNKNOWN INTERSECTION TYPE,CLEAR,Y,,Y,,,,4,2,"{""coordinates"": [-87.705723572973, 41.786318518915], ""type"": ""Point""}","[""FRONT"", ""REAR"", ""SIDE-RIGHT-REAR""]","[""PARKED"", ""STRAIGHT AHEAD"", ""TURNING LEFT""]",[],"[""SE"", ""W""]","[""DRIVER"", ""PARKED""]","[""UNKNOWN""]","[""PERSONAL""]","[""2004"", ""2018"", ""2019"", ""2020""]","[""22"", ""31""]","[""DEPLOYED, FRONT"", ""NOT APPLICABLE""]","[""NONE""]","[""NO INDICATION OF INJURY"", ""NONINCAPACITATING INJURY""]","[""DRIVER""]","[""SAFETY BELT USED""]","[""F""]",[]
STRAIGHT AND LEVEL,2514,2025-09-22T20:59:00.000,2,20,9,eed2b195d171e857c75556b03ab5fa8bf783a8e57f57b58e8a5fd5352246250fec5ee20f6faada93bd3a5e558af7788e523f86aff8bfa721c6cd4cefc1bef95e,INJURY AND / OR TOW DUE TO CRASH,"OVER $1,500",2025-09-22T20:59:00.000,FUNCTIONING PROPERLY,ANGLE,,0,0,0,1,3,4,0,41.9330117271,"DARKNESS, LIGHTED ROAD",-87.7661598313,NONINCAPACITATING INJURY,4,30,UNDER THE INFLUENCE OF ALCOHOL/DRUGS (USE WHEN ARREST IS EFFECTED),ON SCENE,NO DEFECTS,DRY,UNABLE TO DETERMINE,N,CENTRAL AVE,2859,STOP SIGN/FLASHER,FOUR WAY,CLEAR,Y,,,,,,4,4,"{""coordinates"": [-87.766159831288, 41.933011727101], ""type"": ""Point""}","[""FRONT-LEFT-CORNER"", ""REAR-LEFT-CORNER"", ""SIDE-RIGHT-FRONT""]","[""PARKED"", ""STRAIGHT AHEAD""]","[""Y""]","[""E"", ""N"", ""S""]","[""DRIVER"", ""PARKED""]","[""UNKNOWN""]","[""PERSONAL""]","[""2003"", ""2014"", ""2017"", ""2018""]","[""21"", ""27"", ""33"", ""41""]","[""DEPLOYED, COMBINATION"", ""DID NOT DEPLOY"", ""NOT APPLICABLE""]","[""NONE""]","[""NONINCAPACITATING INJURY"", ""REPORTED, NOT EVIDENT""]","[""DRIVER"", ""PASSENGER""]","[""USAGE UNKNOWN""]","[""F"", ""M""]","[""3""]"
STRAIGHT AND LEVEL,923,2025-09-22T21:00:00.000,2,21,9,71232cfa11e9119a0e1f089f32ee369151b2bc03b701729e92905c906e971e7c8392d403a0871f82f09504e27c023cd8612faff132df8c8976a945682e40eaab,NO INJURY / DRIVE AWAY,"OVER $1,500",2025-09-22T22:00:00.000,FUNCTIONING PROPERLY,ANGLE,Y,0,0,2,0,0,0,0,41.8010528356,"DARKNESS, LIGHTED ROAD",-87.6843676488,NO INDICATION OF INJURY,2,30,DISREGARDING TRAFFIC SIGNALS,NOT ON SCENE (DESK REPORT),NO DEFECTS,DRY,UNABLE TO DETERMINE,S,WESTERN AVE,5100,TRAFFIC SIGNAL,FOUR WAY,CLEAR,,,,,,,2,2,"{""coordinates"": [-87.684367648824, 41.801052835623], ""type"": ""Point""}","[""FRONT""]","[""STRAIGHT AHEAD""]",[],"[""E"", ""N""]","[""DRIVER""]","[""NONE"", ""UNKNOWN""]","[""PERSONAL"", ""UNKNOWN/NA""]","[""2019""]","[""48""]","[""DEPLOYMENT UNKNOWN"", ""NOT APPLICABLE""]","[""NONE""]","[""NO INDICATION OF INJURY""]","[""DRIVER""]","[""SAFETY BELT USED"", ""USAGE UNKNOWN""]","[""M"", ""X""]",[]
STRAIGHT AND LEVEL,1634,2025-09-22T21:25:00.000,2,21,9,669ceac4ebcb0f8113d7824490792c9b4cec8c449f5310138781a9060a793852f5e1878f230d5aae0a0b5303ae27731a25cc022c6b192621fa1df63f6810a0a7,NO INJURY / DRIVE AWAY,"OVER $1,500",2025-09-22T21:30:00.000,NO CONTROLS,PARKED MOTOR VEHICLE,,0,0,1,0,0,0,0,41.9461011524,DARKNESS,-87.7577314189,NO INDICATION OF INJURY,2,30,"VISION OBSCURED (SIGNS, TREE LIMBS, BUILDINGS, ETC.)",ON SCENE,NO DEFECTS,DRY,UNABLE TO DETERMINE,W,ADDISON ST,5218,NO CONTROLS,NOT DIVIDED,CLEAR,,,,,,,2,1,"{""coordinates"": [-87.757731418927, 41.946101152357], ""type"": ""Point""}","[""FRONT-RIGHT-CORNER"", ""REAR-LEFT-CORNER""]","[""PARKED"", ""STRAIGHT AHEAD""]",[],"[""W""]","[""DRIVER"", ""PARKED""]","[""NONE""]","[""PERSONAL""]","[""2008"", ""2017""]","[""22""]","[""NOT APPLICABLE""]","[""NONE""]","[""NO INDICATION OF INJURY""]","[""DRIVER""]","[""USAGE UNKNOWN""]","[""M""]",[]