alignment,beat_of_occurrence,crash_date,crash_day_of_week,crash_hour,crash_month,crash_record_id,crash_type,damage,date_police_notified,device_condition,first_crash_type,hit_and_run_i,injuries_fatal,injuries_incapacitating,injuries_no_indication,injuries_non_incapacitating,injuries_reported_not_evident,injuries_total,injuries_unknown,latitude,lighting_condition,longitude,most_severe_injury,num_units,posted_speed_limit,prim_contributory_cause,report_type,road_defect,roadway_surface_cond,sec_contributory_cause,street_direction,street_name,street_no,traffic_control_device,trafficway_type,weather_condition,intersection_related_i,crash_date_est_i,private_property_i,statements_taken_i,photos_taken_i,work_zone_i,veh_count,ppl_count,location_json,veh_first_contact_point_list_json,veh_maneuver_list_json,veh_towed_i_list_json,veh_travel_direction_list_json,veh_unit_type_list_json,veh_vehicle_defect_list_json,veh_vehicle_use_list_json,veh_vehicle_year_list_json,ppl_age_list_json,ppl_airbag_deployed_list_json,ppl_ejection_list_json,ppl_injury_classification_list_json,ppl_person_type_list_json,ppl_safety_equipment_list_json,ppl_sex_list_json,ppl_seat_no_list_json
STRAIGHT AND LEVEL,1533,2025-09-22T21:31:00.000,2,21,9,179cb46c897ef16cce4153d830e858c780a06fa8a23eff1d3b3da884885beb6b0b57e539c5807ccc514506e6aabc92b59aef93500384ad208b1457e61634f193,NO INJURY / DRIVE AWAY,"OVER $1,500",2025-09-22T21:31:00.000,FUNCTIONING PROPERLY,PARKED MOTOR VEHICLE,,0,0,1,0,0,0,0,41.8785841086,DUSK,-87.7546685247,NO INDICATION OF INJURY,2,30,DRIVING ON WRONG SIDE/WRONG WAY,ON SCENE,NO DEFECTS,DRY,NOT APPLICABLE,W,ADAMS ST,5126,STOP SIGN/FLASHER,ONE-WAY,CLEAR,,,,,,,2,1,"{""coordinates"": [-87.754668524663, 41.878584108555], ""type"": ""Point""}","[""FRONT""]","[""PARKED"", ""TURNING LEFT""]","[""N""]","[""S"", ""W""]","[""DRIVER"", ""PARKED""]","[""UNKNOWN""]","[""NOT IN USE"", ""PERSONAL""]","[""2007"", ""2011""]","[""18""]","[""NOT APPLICABLE""]","[""NONE""]","[""NO INDICATION OF INJURY""]","[""DRIVER""]","[""USAGE UNKNOWN""]","[""M""]",[]
STRAIGHT AND LEVEL,324,2025-09-22T21:40:00.000,2,21,9,c3dd321ee615d3fdebcc573daa8453e434d361acf2e1521f21d52d385a726ad9662891ba6a1686f6eae9b586972fa8f24941051c7af060e59408bac12ffcf399,NO INJURY / DRIVE AWAY,"OVER $1,500",2025-09-22T21:44:00.000,NO CONTROLS,SIDESWIPE SAME DIRECTION,Y,0,0,2,0,0,0,0,41.7606624738,"DARKNESS, LIGHTED ROAD",-87.5901148156,NO INDICATION OF INJURY,2,20,"OPERATING VEHICLE IN ERRATIC, RECKLESS, CARELESS, NEGLIGENT OR AGGRESSIVE MANNER",ON SCENE,NO DEFECTS,DRY,FOLLOWING TOO CLOSELY,E,74TH ST,1416,NO CONTROLS,FOUR WAY,CLEAR,,,,,,,2,2,"{""coordinates"": [-87.590114815641, 41.760662473772], ""type"": ""Point""}","[""FRONT-RIGHT-CORNER"", ""SIDE-LEFT""]","[""STRAIGHT AHEAD""]",[],"[""W""]","[""DRIVER""]","[""NONE"", ""UNKNOWN""]","[""PERSONAL"", ""UNKNOWN/NA""]","[""2004""]","[""47""]","[""DEPLOYMENT UNKNOWN"", ""DID NOT DEPLOY""]","[""NONE""]","[""NO INDICATION OF INJURY""]","[""DRIVER""]","[""USAGE UNKNOWN""]","[""M"", ""X""]",[]
STRAIGHT AND LEVEL,732,2025-09-22T21:50:00.000,2,21,9,c094fd68b413408dc84432cee78a5d15ef62238b74c98e0ad1a694b45bffc5ae07e2f77a3b89673712dbead5bcf5720de3a74a1dfcebfa17aeb9465290ab2b60,NO INJURY / DRIVE AWAY,"$501 - $1,500",2025-09-23T20:30:00.000,NO CONTROLS,PARKED MOTOR VEHICLE,,0,0,1,0,0,0,0,41.7588427247,"DARKNESS, LIGHTED ROAD",-87.6431777912,NO INDICATION OF INJURY,2,20,DRIVING SKILLS/KNOWLEDGE/EXPERIENCE,NOT ON SCENE (DESK REPORT),NO DEFECTS,DRY,UNABLE TO DETERMINE,S,EMERALD AVE,7432,NO CONTROLS,DRIVEWAY,CLEAR,,N,Y,,,,2,1,"{""coordinates"": [-87.643177791159, 41.758842724741], ""type"": ""Point""}","[""FRONT-LEFT-CORNER"", ""REAR""]","[""LEAVING TRAFFIC LANE TO PARK"", ""PARKED""]",[],"[""N"", ""W""]","[""DRIVER"", ""PARKED""]","[""NONE""]","[""PERSONAL""]","[""2017""]","[""54""]","[""DEPLOYMENT UNKNOWN""]","[""NONE""]","[""NO INDICATION OF INJURY""]","[""DRIVER""]","[""USAGE UNKNOWN""]","[""F""]",[]
STRAIGHT AND LEVEL,1213,2025-09-22T22:11:00.000,2,22,9,f4405b92091270f70fabf1551cd77f5f57ecdbaa5fc946c13315c317d585d39fcba146591da12b9de972eddecfd2d22216621ac30954ee3507f420ae9fe1fa1f,NO INJURY / DRIVE AWAY,"$501 - $1,500",2025-09-22T22:45:00.000,FUNCTIONING PROPERLY,REAR END,,0,0,2,0,0,0,0,41.8961138672,"DARKNESS, LIGHTED ROAD",-87.6674395814,NO INDICATION OF INJURY,2,30,FOLLOWING TOO CLOSELY,NOT ON SCENE (DESK REPORT),UNKNOWN,DRY,FOLLOWING TOO CLOSELY,N,ASHLAND AVE,800,TRAFFIC SIGNAL,FOUR WAY,CLEAR,Y,,,,,,2,2,"{""coordinates"": [-87.6674395814, 41.896113867204], ""type"": ""Point""}","[""FRONT"", ""REAR""]","[""STARTING IN TRAFFIC"", ""UNKNOWN/NA""]",[],"[""S""]","[""DRIVER""]","[""UNKNOWN""]","[""PERSONAL"", ""UNKNOWN/NA""]",[],[],"[""DID NOT DEPLOY"", ""NOT APPLICABLE""]","[""NONE""]","[""NO INDICATION OF INJURY""]","[""DRIVER""]","[""SAFETY BELT USED"", ""USAGE UNKNOWN""]","[""F"", ""M""]",[]
STRAIGHT AND LEVEL,1223,2025-09-22T22:20:00.000,2,22,9,b84e6df76a94f6be304c95be0272c34aabd0343d28045a431a683dffd45f1a71da0f38a985e4b40fa122d07af3d0c3c19b8a7089fd01947a348775eaa9ca9a72,NO INJURY / DRIVE AWAY,"OVER $1,500",2025-09-22T23:50:00.000,NO CONTROLS,TURNING,,0,0,2,0,0,0,0,41.8789909068,"DARKNESS, LIGHTED ROAD",-87.6764381232,NO INDICATION OF INJURY,2,30,IMPROPER LANE USAGE,NOT ON SCENE (DESK REPORT),UNKNOWN,DRY,IMPROPER OVERTAKING/PASSING,S,DAMEN AVE,133,NO CONTROLS,DIVIDED - W/MEDIAN (NOT RAISED),CLEAR,,,,,,,2,2,"{""coordinates"": [-87.676438123169, 41.878990906802], ""type"": ""Point""}","[""FRONT-LEFT-CORNER"", ""FRONT-RIGHT-CORNER""]","[""STRAIGHT AHEAD"", ""TURNING RIGHT""]",[],"[""N""]","[""DRIVER""]","[""UNKNOWN""]","[""PERSONAL""]","[""2012"", ""2026""]","[""20"", ""37""]","[""DID NOT DEPLOY"", ""NOT APPLICABLE""]","[""NONE"", ""UNKNOWN""]","[""NO INDICATION OF INJURY""]","[""DRIVER""]","[""USAGE UNKNOWN""]","[""F"", ""M""]",[]
STRAIGHT AND LEVEL,1632,2025-09-22T22:59:00.000,2,22,9,4fd36eee412cf20894d5ed84a27b121a15491f5765f87741256c9f92ea3e6b1ab41e1af4fe0c625ae84393caa141ba320a75ae8b77f28f6737552f1e7f19ddbe,INJURY AND / OR TOW DUE TO CRASH,"OVER $1,500",2025-09-22T22:59:00.000,NO CONTROLS,PARKED MOTOR VEHICLE,,0,0,1,0,0,0,0,41.9452557319,"DARKNESS, LIGHTED ROAD",-87.8018391477,NO INDICATION OF INJURY,2,30,UNABLE TO DETERMINE,ON SCENE,NO DEFECTS,DRY,UNABLE TO DETERMINE,W,ADDISON ST,7023,NO CONTROLS,NOT DIVIDED,CLEAR,,,,,,,2,1,"{""coordinates"": [-87.801839147683, 41.94525573186], ""type"": ""Point""}","[""FRONT-RIGHT-CORNER"", ""SIDE-LEFT-REAR""]","[""PARKED"", ""STRAIGHT AHEAD""]","[""Y""]","[""W""]","[""DRIVER"", ""PARKED""]","[""NONE""]","[""NOT IN USE"", ""PERSONAL""]","[""2016"", ""2019""]","[""31""]","[""DEPLOYED, FRONT""]","[""NONE""]","[""NO INDICATION OF INJURY""]","[""DRIVER""]","[""USAGE UNKNOWN""]","[""M""]",[]
STRAIGHT AND LEVEL,1224,2025-09-22T23:00:00.000,2,23,9,5294d22c0cebcf6f48b8d1dec65cf37dd1b2a83b9f8ccee94db1765721d6e04cfe087b6b00fe7e032a5dc80e4cc3236b8ce2048d384a29c4892afd28a785d776,INJURY AND / OR TOW DUE TO CRASH,"OVER $1,500",2025-09-22T23:10:00.000,NO CONTROLS,TURNING,,0,1,1,0,0,1,0,41.880359492,"DARKNESS, LIGHTED ROAD",-87.6694196646,INCAPACITATING INJURY,2,30,FAILING TO YIELD RIGHT-OF-WAY,NOT ON SCENE (DESK REPORT),NO DEFECTS,DRY,FAILING TO REDUCE SPEED TO AVOID CRASH,S,PAULINA ST,36,NO CONTROLS,T-INTERSECTION,CLEAR,Y,,,,,,2,2,"{""coordinates"": [-87.669419664627, 41.880359491999], ""type"": ""Point""}","[""FRONT""]","[""STRAIGHT AHEAD"", ""TURNING LEFT""]",[],"[""N"", ""S""]","[""DRIVER""]","[""NONE"", ""UNKNOWN""]","[""PERSONAL""]","[""2020""]","[""22""]","[""NOT APPLICABLE""]","[""NONE"", ""TOTALLY EJECTED""]","[""INCAPACITATING INJURY"", ""NO INDICATION OF INJURY""]","[""DRIVER""]","[""USAGE UNKNOWN""]","[""F"", ""M""]",[]
STRAIGHT AND LEVEL,1224,2025-09-22T23:00:00.000,2,23,9,df16f6eaceffcf8d85f7ba95398168a99caa57a0176a8669342833f38ba6c9724274f85a12ac9bdf6f922552d7b8cf7b975a52cb0c79ff2feedb95ff60ddf787,NO INJURY / DRIVE AWAY,"OVER $1,500",2025-09-22T23:30:00.000,UNKNOWN,REAR END,,0,0,3,0,0,0,0,,"DARKNESS, LIGHTED ROAD",,NO INDICATION OF INJURY,2,30,FOLLOWING TOO CLOSELY,NOT ON SCENE (DESK REPORT),UNKNOWN,UNKNOWN,IMPROPER OVERTAKING/PASSING,S,ASHLAND AVE,1,TRAFFIC SIGNAL,NOT DIVIDED,CLEAR,,,,,,,2,3,,"[""FRONT"", ""SIDE-RIGHT-REAR""]","[""PASSING/OVERTAKING"", ""STRAIGHT AHEAD""]",[],"[""S""]","[""DRIVER""]","[""UNKNOWN""]","[""PERSONAL""]","[""2015"", ""2024""]","[""20"", ""28"", ""39""]","[""DEPLOYMENT UNKNOWN"", ""DID NOT DEPLOY""]","[""NONE""]","[""NO INDICATION OF INJURY""]","[""DRIVER"", ""PASSENGER""]","[""USAGE UNKNOWN""]","[""F""]","[""3""]"
STRAIGHT AND LEVEL,1733,2025-09-22T23:29:00.000,2,23,9,9c84f8e32c62b3870d1a9132bd61bdcdbe199247c0cf2cb0859c24a17bc9c40e205f9d3695461ca29a33dd1899e505897655be7dd0f9edf6b19e160d273f18d0,NO INJURY / DRIVE AWAY,$500 OR LESS,2025-09-22T23:51:00.000,NO CONTROLS,REAR TO FRONT,,0,0,2,0,0,0,0,41.9538624003,"DARKNESS, LIGHTED ROAD",-87.6985545933,NO INDICATION OF INJURY,2,30,IMPROPER BACKING,ON SCENE,UNKNOWN,DRY,NOT APPLICABLE,W,IRVING PARK RD,2807,NO CONTROLS,PARKING LOT,CLEAR,,,Y,,,,2,2,"{""coordinates"": [-87.698554593288, 41.953862400292], ""type"": ""Point""}","[""FRONT-RIGHT-CORNER"", ""REAR-LEFT-CORNER""]","[""BACKING"", ""STRAIGHT AHEAD""]",[],"[""N"", ""S""]","[""DRIVER""]","[""UNKNOWN""]","[""PERSONAL""]","[""2011"", ""2024""]","[""27"", ""30""]","[""NOT APPLICABLE""]","[""NONE""]","[""NO INDICATION OF INJURY""]","[""DRIVER""]","[""USAGE UNKNOWN""]","[""M""]",[]
STRAIGHT AND LEVEL,1831,2025-09-22T23:45:00.000,2,23,9,5068853ebb28f3b2a4fb2208eca9761cbfd504ab7f10ff7c5a11532f3d43c2cc7dd511783b389db4318865f6f5cc158bacdb17ea28f05e1eb9d59dfea5c0a568,NO INJURY / DRIVE AWAY,"OVER $1,500",2025-09-23T00:01:00.000,FUNCTIONING PROPERLY,TURNING,,0,0,4,0,0,0,0,41.8923088047,"DARKNESS, LIGHTED ROAD",-87.6318304392,NO INDICATION OF INJURY,2,30,FAILING TO YIELD RIGHT-OF-WAY,ON SCENE,NO DEFECTS,DRY,IMPROPER TURNING/NO SIGNAL,W,OHIO ST,115,UNKNOWN,ONE-WAY,CLEAR,Y,,,,,,2,4,"{""coordinates"": [-87.63183043922, 41.892308804747], ""type"": ""Point""}","[""FRONT-LEFT-CORNER"", ""SIDE-RIGHT""]","[""STRAIGHT AHEAD"", ""TURNING LEFT""]",[],"[""E""]","[""DRIVER""]","[""UNKNOWN""]","[""PERSONAL""]","[""2020"", ""2025""]","[""20"", ""27"", ""48"", ""50""]","[""DID NOT DEPLOY""]","[""NONE"", ""UNKNOWN""]","[""NO INDICATION OF INJURY""]","[""DRIVER"", ""PASSENGER""]","[""USAGE UNKNOWN""]","[""F"", ""M""]","[""3"", ""6""]"
STRAIGHT AND LEVEL,1513,2025-09-22T23:59:00.000,2,23,9,6c29d288d3f0cd3e50db789e9f1cbcead934b78ba4c511c47f246c2751bb9104d83ba2822a0236f4d6058da1ec7eacc81d75cb2f12e533bc1b4ddb7f42d045b2,NO INJURY / DRIVE AWAY,"$501 - $1,500",2025-09-23T00:35:00.000,FUNCTIONING PROPERLY,SIDESWIPE SAME DIRECTION,,0,0,3,0,0,0,0,41.8726982228,"DARKNESS, LIGHTED ROAD",-87.7742591991,NO INDICATION OF INJURY,2,30,UNABLE TO DETERMINE,NOT ON SCENE (DESK REPORT),UNKNOWN,UNKNOWN,NOT APPLICABLE,S,AUSTIN BLVD,601,TRAFFIC SIGNAL,DIVIDED - W/MEDIAN (NOT RAISED),CLEAR,,,,,,,2,3,"{""coordinates"": [-87.774259199052, 41.872698222768], ""type"": ""Point""}","[""SIDE-LEFT"", ""SIDE-RIGHT""]","[""MERGING"", ""STRAIGHT AHEAD""]",[],"[""N""]","[""DRIVER""]","[""NONE"", ""UNKNOWN""]","[""PERSONAL""]","[""2012"", ""2018""]","[""38"", ""47""]","[""NOT APPLICABLE""]","[""NONE""]","[""NO INDICATION OF INJURY""]","[""DRIVER"", ""PASSENGER""]","[""USAGE UNKNOWN""]","[""F"", ""M""]","[""3""]"
CURVE ON GRADE,815,2025-09-23T00:50:00.000,3,0,9,bc31e6ac4eb5ba060b31260da4c7b3b227889ce795b9ce11f2233928dc92d434ad8944e1c4fc2a5eb5e77912c415fa9b2521779b5da342ecceab647b07c048c1,INJURY AND / OR TOW DUE TO CRASH,"OVER $1,500",2025-09-23T01:15:00.000,FUNCTIONING PROPERLY,TURNING,,0,0,2,0,0,0,0,41.8232630737,"DARKNESS, LIGHTED ROAD",-87.7242033708,NO INDICATION OF INJURY,2,30,UNABLE TO DETERMINE,ON SCENE,NO DEFECTS,DRY,UNABLE TO DETERMINE,S,PULASKI RD,3834,TRAFFIC SIGNAL,DIVIDED - W/MEDIAN (NOT RAISED),CLEAR,Y,,,,,,2,2,"{""coordinates"": [-87.7242033708, 41.823263073704], ""type"": ""Point""}","[""FRONT"", ""SIDE-LEFT-REAR""]","[""TURNING LEFT""]","[""Y""]","[""N"", ""S""]","[""DRIVER""]","[""NONE""]","[""PERSONAL""]","[""2006"", ""2007""]","[""40"", ""60""]","[""DID NOT DEPLOY""]","[""NONE""]","[""NO INDICATION OF INJURY""]","[""DRIVER""]","[""SAFETY BELT USED""]","[""F"", ""M""]",[]
STRAIGHT AND LEVEL,813,2025-09-23T01:00:00.000,3,1,9,aa72bb8d7a1b412e0fb785c9870784e4732f81ef5a780174e678f8d154b8978d307ef3c9b61a3e6fe1e3e7a9efa65eb3c075731499a8e4ced9ddb2ba7c6341dd,NO INJURY / DRIVE AWAY,"OVER $1,500",2025-09-23T09:45:00.000,NO CONTROLS,PARKED MOTOR VEHICLE,Y,0,0,1,0,0,0,0,41.7772979814,DARKNESS,-87.7600664562,NO INDICATION OF INJURY,2,20,UNABLE TO DETERMINE,NOT ON SCENE (DESK REPORT),NO DEFECTS,DRY,UNABLE TO DETERMINE,W,63RD PL,5518,NO CONTROLS,NOT DIVIDED,CLEAR,,,,,,,2,1,"{""coordinates"": [-87.7600664562, 41.7772979814], ""type"": ""Point""}","[""FRONT-LEFT-CORNER"", ""UNKNOWN""]","[""PARKED"", ""UNKNOWN/NA""]",[],"[""E"", ""W""]","[""DRIVER"", ""PARKED""]","[""NONE""]","[""NOT IN USE"", ""UNKNOWN/NA""]","[""2025""]",[],"[""DEPLOYMENT UNKNOWN""]","[""NONE""]","[""NO INDICATION OF INJURY""]","[""DRIVER""]","[""USAGE UNKNOWN""]","[""X""]",[]
STRAIGHT AND LEVEL,832,2025-09-23T01:00:00.000,3,1,9,dfd19b8bd513a4d354e576c81ff97fad88e4d009ec1da03e0d25a9068f60ca4fb55cbf140d9d5d0a0b2806f9d1e0482d31d11c92b7a0c5aa4e7958cbf125585c,INJURY AND / OR TOW DUE TO CRASH,"OVER $1,500",2025-09-23T09:00:00.000,NO CONTROLS,PARKED MOTOR VEHICLE,Y,0,0,0,1,0,1,0,41.7645494806,DARKNESS,-87.685623645,NONINCAPACITATING INJURY,2,30,UNABLE TO DETERMINE,NOT ON SCENE (DESK REPORT),UNKNOWN,UNKNOWN,UNABLE TO DETERMINE,W,71ST ST,2459,NO CONTROLS,OTHER,CLEAR,,Y,,,,,2,1,"{""coordinates"": [-87.685623644983, 41.764549480573], ""type"": ""Point""}","[""REAR-LEFT-CORNER"", ""UNKNOWN""]","[""PARKED"", ""UNKNOWN/NA""]","[""Y""]","[""N"", ""UNKNOWN""]","[""DRIVER"", ""PARKED""]","[""NONE"", ""UNKNOWN""]","[""NOT IN USE"", ""UNKNOWN/NA""]","[""2014""]",[],"[""DEPLOYMENT UNKNOWN""]","[""UNKNOWN""]","[""NONINCAPACITATING INJURY""]","[""DRIVER""]","[""USAGE UNKNOWN""]","[""X""]",[]
STRAIGHT AND LEVEL,433,2025-09-23T03:00:00.000,3,3,9,64c41555c1b17e798db6fb0f2fc71219e20cd8a25e8a136a56fab0feeda0ad272ff5794935f59b7ac8ee144836b1432c1c8200c0493acd2ae26d01236afe396c,NO INJURY / DRIVE AWAY,"OVER $1,500",2025-09-23T08:00:00.000,NO CONTROLS,OTHER OBJECT,,,,,,,,,41.6833732999,UNKNOWN,-87.5399730927,,1,30,NOT APPLICABLE,NOT ON SCENE (DESK REPORT),UNKNOWN,DRY,NOT APPLICABLE,S,AVENUE O,11641,NO CONTROLS,UNKNOWN INTERSECTION TYPE,CLEAR,,Y,,,,,1,,"{""coordinates"": [-87.539973092747, 41.683373299899], ""type"": ""Point""}","[""REAR""]","[""PARKED""]",[],"[""UNKNOWN""]","[""PARKED""]","[""UNKNOWN""]","[""FIRE""]","[""2011""]",,,,,,,,
STRAIGHT AND LEVEL,2524,2025-09-23T03:00:00.000,3,3,9,b1585188a34ef5ad7908fa6b9931e98b04c6bc812fbce8401667db317f8bafb6ae87fbadc2e2a19e3cf7ad21e3c629272f3968781a1a04cb448b4a567f7cf8db,NO INJURY / DRIVE AWAY,"OVER $1,500",2025-09-23T14:49:00.000,NO CONTROLS,PARKED MOTOR VEHICLE,Y,0,0,1,0,0,0,0,41.9248717939,"DARKNESS, LIGHTED ROAD",-87.7364532111,NO INDICATION OF INJURY,2,25,UNABLE TO DETERMINE,NOT ON SCENE (DESK REPORT),NO DEFECTS,DRY,NOT APPLICABLE,N,KOSTNER AVE,2415,NO CONTROLS,NOT DIVIDED,CLEAR,,N,,,,,2,1,"{""coordinates"": [-87.736453211102, 41.924871793876], ""type"": ""Point""}","[""UNKNOWN""]","[""PARKED"", ""UNKNOWN/NA""]",[],"[""N"", ""UNKNOWN""]","[""DRIVER"", ""PARKED""]","[""UNKNOWN""]","[""UNKNOWN/NA""]",[],[],"[""DEPLOYMENT UNKNOWN""]","[""UNKNOWN""]","[""NO INDICATION OF INJURY""]","[""DRIVER""]","[""USAGE UNKNOWN""]","[""X""]",[]
STRAIGHT AND LEVEL,1031,2025-09-23T03:34:00.000,3,3,9,5f54e8c090c0d48a664293db95a3a58e97026e047ca79af688eea859aa68f5f35a56fa3e7ca4ef81b2870e795f9de4690d904dd878ff780acb6b9cf82b6364c1,INJURY AND / OR TOW DUE TO CRASH,"OVER $1,500",2025-09-23T03:34:00.000,UNKNOWN,ANGLE,,0,0,2,0,0,0,0,41.83053058,"DARKNESS, LIGHTED ROAD",-87.7355759982,NO INDICATION OF INJURY,2,30,ROAD CONSTRUCTION/MAINTENANCE,ON SCENE,OTHER,"SAND, MUD, DIRT",NOT APPLICABLE,S,KOSTNER AVE,3500,UNKNOWN,T-INTERSECTION,CLEAR,Y,Y,,,,,2,2,"{""coordinates"": [-87.735575998177, 41.830530579976], ""type"": ""Point""}","[""FRONT"", ""SIDE-LEFT-REAR""]","[""STRAIGHT AHEAD""]","[""Y""]","[""S"", ""W""]","[""DRIVER""]","[""UNKNOWN""]","[""PERSONAL""]","[""2019"", ""2022""]","[""27"", ""34""]","[""DEPLOYED, FRONT"", ""DID NOT DEPLOY""]","[""NONE""]","[""NO INDICATION OF INJURY""]","[""DRIVER""]","[""USAGE UNKNOWN""]","[""M""]",[]
STRAIGHT AND LEVEL,1411,2025-09-23T03:45:00.000,3,3,9,078e363e2b286e3d4854db643dbd555fe2df18ff4376dff8f63076ba5d43e4839f1c00e49cffb5c9f4702b0c58579b07605f46d3d3864dd318811a28709f690d,INJURY AND / OR TOW DUE TO CRASH,"OVER $1,500",2025-09-23T03:50:00.000,NO CONTROLS,PARKED MOTOR VEHICLE,Y,0,0,1,0,0,0,0,41.9321886591,"DARKNESS, LIGHTED ROAD",-87.7001357251,NO INDICATION OF INJURY,2,30,UNABLE TO DETERMINE,ON SCENE,NO DEFECTS,DRY,NOT APPLICABLE,W,DIVERSEY AVE,2900,NO CONTROLS,NOT DIVIDED,CLEAR,,Y,,,,,2,1,"{""coordinates"": [-87.700135725098, 41.932188659081], ""type"": ""Point""}","[""FRONT-RIGHT-CORNER"", ""UNKNOWN""]","[""PARKED"", ""UNKNOWN/NA""]","[""Y""]","[""W""]","[""DRIVER"", ""PARKED""]","[""NONE"", ""UNKNOWN""]","[""NOT IN USE"", ""UNKNOWN/NA""]","[""2012"", ""2019""]","[""30""]","[""DEPLOYMENT UNKNOWN""]","[""NONE""]","[""NO INDICATION OF INJURY""]","[""DRIVER""]","[""USAGE UNKNOWN""]","[""M""]",[]
STRAIGHT AND LEVEL,1822,2025-09-23T03:45:00.000,3,3,9,3ac0115b43dc3e7dca97050c3309da484df017dae15a0c5e168d3fc53c36dbfa4c8bb5550113041b7e1fe876ac668c6110be36f51dfcd4f5e9453542ac7f4b13,INJURY AND / OR TOW DUE TO CRASH,"OVER $1,500",2025-09-23T03:50:00.000,NO CONTROLS,PARKED MOTOR VEHICLE,,0,0,0,1,0,1,0,41.9102047461,"DARKNESS, LIGHTED ROAD",-87.6533732254,NONINCAPACITATING INJURY,2,30,"OPERATING VEHICLE IN ERRATIC, RECKLESS, CARELESS, NEGLIGENT OR AGGRESSIVE MANNER",ON SCENE,NO DEFECTS,DRY,NOT APPLICABLE,N,KINGSBURY ST,1575,NO CONTROLS,NOT DIVIDED,CLEAR,,,,,,,2,1,"{""coordinates"": [-87.653373225428, 41.910204746102], ""type"": ""Point""}","[""FRONT-RIGHT-CORNER"", ""SIDE-LEFT-REAR""]","[""PARKED"", ""STRAIGHT AHEAD""]","[""N"", ""Y""]","[""N""]","[""DRIVER"", ""DRIVERLESS""]","[""NONE"", ""UNKNOWN""]","[""COMMERCIAL - SINGLE UNIT"", ""PERSONAL""]","[""2021"", ""2022""]","[""35""]","[""DEPLOYED, COMBINATION""]","[""NONE""]","[""NONINCAPACITATING INJURY""]","[""DRIVER""]","[""USAGE UNKNOWN""]","[""F""]",[]
STRAIGHT AND LEVEL,922,2025-09-23T04:07:00.000,3,4,9,a1dd81accc0dbcb30562f891edb9389386ce76816da0c36582bafe27e57bd591313b0ea6159cd063dfda308925067a4640ab62d4c5c88bd053e05c4adf9f21bd,INJURY AND / OR TOW DUE TO CRASH,"OVER $1,500",2025-09-23T04:09:00.000,NO CONTROLS,HEAD ON,,0,0,1,0,1,1,0,41.8070366041,DARKNESS,-87.6845307344,"REPORTED, NOT EVIDENT",2,30,UNABLE TO DETERMINE,ON SCENE,NO DEFECTS,DRY,NOT APPLICABLE,S,WESTERN AVE,4746,NO CONTROLS,DIVIDED - W/MEDIAN BARRIER,CLEAR,,,,,,,2,2,"{""coordinates"": [-87.684530734446, 41.807036604073], ""type"": ""Point""}","[""FRONT"", ""UNKNOWN""]","[""STRAIGHT AHEAD"", ""UNKNOWN/NA""]","[""Y""]","[""S"", ""UNKNOWN""]","[""DRIVER""]","[""NONE"", ""UNKNOWN""]","[""PERSONAL"", ""UNKNOWN/NA""]","[""2021""]","[""26""]","[""DEPLOYMENT UNKNOWN"", ""DID NOT DEPLOY""]","[""NONE""]","[""NO INDICATION OF INJURY"", ""REPORTED, NOT EVIDENT""]","[""DRIVER""]","[""USAGE UNKNOWN""]","[""M"", ""X""]",[]
STRAIGHT AND LEVEL,1131,2025-09-23T05:16:00.000,3,5,9,013f4373a76249995b31824fcf05c8eef1531bc4efaa165a4b35ff2637d2aba83adb2688193bf07acba0fed10eb0923fa105ced6edef50bd833d3198f2e5c8ac,INJURY AND / OR TOW DUE TO CRASH,"$501 - $1,500",2025-09-23T05:16:00.000,FUNCTIONING PROPERLY,TURNING,Y,0,0,2,0,0,0,0,41.8728671861,DARKNESS,-87.7350626958,NO INDICATION OF INJURY,2,30,IMPROPER TURNING/NO SIGNAL,ON SCENE,NO DEFECTS,DRY,NOT APPLICABLE,S,KOSTNER AVE,623,TRAFFIC SIGNAL,T-INTERSECTION,CLEAR,,,,,,,2,2,"{""coordinates"": [-87.73506269576, 41.872867186119], ""type"": ""Point""}","[""FRONT-RIGHT-CORNER"", ""SIDE-LEFT""]","[""OTHER"", ""TURNING LEFT""]","[""Y""]","[""S"", ""SE""]","[""DRIVER""]","[""UNKNOWN""]","[""CONSTRUCTION/MAINTENANCE"", ""UNKNOWN/NA""]","[""2018""]","[""32""]","[""DEPLOYMENT UNKNOWN"", ""DID NOT DEPLOY""]","[""NONE""]","[""NO INDICATION OF INJURY""]","[""DRIVER""]","[""SAFETY BELT USED"", ""USAGE UNKNOWN""]","[""M""]",[]
STRAIGHT AND LEVEL,834,2025-09-23T05:53:00.000,3,5,9,0ce263fa066dad826f161b80a15c451cca8c939064e9ae113f8e27f6503e7332db12413fe13dad9eed15149d0f6d4f1523d438a1385ee02735cb5157d23eb0c8,INJURY AND / OR TOW DUE TO CRASH,"OVER $1,500",2025-09-23T05:55:00.000,NO CONTROLS,FIXED OBJECT,,0,0,1,0,0,0,0,41.7494427071,"DARKNESS, LIGHTED ROAD",-87.71456349,NO INDICATION OF INJURY,1,30,"VISION OBSCURED (SIGNS, TREE LIMBS, BUILDINGS, ETC.)",ON SCENE,NO DEFECTS,DRY,NOT APPLICABLE,W,79TH ST,3699,NO CONTROLS,NOT DIVIDED,CLEAR,,,,,,,1,1,"{""coordinates"": [-87.714563489981, 41.749442707057], ""type"": ""Point""}","[""FRONT-RIGHT-CORNER""]","[""TURNING RIGHT""]","[""Y""]","[""W""]","[""DRIVER""]","[""NONE""]","[""PERSONAL""]","[""2021""]","[""64""]","[""DID NOT DEPLOY""]","[""NONE""]","[""NO INDICATION OF INJURY""]","[""DRIVER""]","[""SAFETY BELT USED""]","[""M""]",[]