alignment,beat_of_occurrence,crash_date,crash_day_of_week,crash_hour,crash_month,crash_record_id,crash_type,damage,date_police_notified,device_condition,first_crash_type,hit_and_run_i,injuries_fatal,injuries_incapacitating,injuries_no_indication,injuries_non_incapacitating,injuries_reported_not_evident,injuries_total,injuries_unknown,latitude,lighting_condition,longitude,most_severe_injury,num_units,posted_speed_limit,prim_contributory_cause,report_type,road_defect,roadway_surface_cond,sec_contributory_cause,street_direction,street_name,street_no,traffic_control_device,trafficway_type,weather_condition,intersection_related_i,crash_date_est_i,private_property_i,statements_taken_i,photos_taken_i,work_zone_i,veh_count,ppl_count,location_json,veh_first_contact_point_list_json,veh_maneuver_list_json,veh_towed_i_list_json,veh_travel_direction_list_json,veh_unit_type_list_json,veh_vehicle_defect_list_json,veh_vehicle_use_list_json,veh_vehicle_year_list_json,ppl_age_list_json,ppl_airbag_deployed_list_json,ppl_ejection_list_json,ppl_injury_classification_list_json,ppl_person_type_list_json,ppl_safety_equipment_list_json,ppl_sex_list_json,ppl_seat_no_list_json
STRAIGHT AND LEVEL,1413,2025-09-23T05:53:00.000,3,5,9,20d83f86099d4682169bd95edc25728a68f2c7160ecc4610578c3b3a24007c50ad7e0d11f3738d07e3880ee5c171f9c0223674000d0d697ad77182b7bbb02ea0,INJURY AND / OR TOW DUE TO CRASH,"OVER $1,500",2025-09-23T06:40:00.000,FUNCTIONING PROPERLY,REAR END,,0,0,3,0,0,0,0,41.9247969338,DAWN,-87.7073677247,NO INDICATION OF INJURY,2,30,FAILING TO REDUCE SPEED TO AVOID CRASH,NOT ON SCENE (DESK REPORT),NO DEFECTS,DRY,FAILING TO YIELD RIGHT-OF-WAY,N,KEDZIE BLVD,2400,TRAFFIC SIGNAL,FOUR WAY,CLEAR,Y,,,,,,2,2,"{""coordinates"": [-87.707367724723, 41.924796933803], ""type"": ""Point""}","[""FRONT-RIGHT-CORNER"", ""REAR""]","[""AVOIDING VEHICLES/OBJECTS"", ""STRAIGHT AHEAD""]","[""Y""]","[""N""]","[""DRIVER""]","[""UNKNOWN""]","[""PERSONAL""]","[""2008"", ""2010""]","[""21"", ""42""]","[""DID NOT DEPLOY""]","[""NONE""]","[""NO INDICATION OF INJURY""]","[""DRIVER"", ""PASSENGER""]","[""SAFETY BELT USED""]","[""F"", ""M""]","[""3""]"
STRAIGHT AND LEVEL,434,2025-09-23T05:54:00.000,3,5,9,f6bcf23203f9f55f4d9fed921fa2cfd75b2df8389551a7c67d94a9936b5ba38f4359de25e7275425d1f4bccff735494ad7c31d207cee691540d08c5a6f73f3d6,NO INJURY / DRIVE AWAY,"OVER $1,500",2025-09-23T15:52:00.000,UNKNOWN,REAR TO FRONT,,0,0,2,0,0,0,0,41.6590551341,DAYLIGHT,-87.5616380654,NO INDICATION OF INJURY,2,30,DRIVING SKILLS/KNOWLEDGE/EXPERIENCE,NOT ON SCENE (DESK REPORT),UNKNOWN,UNKNOWN,NOT APPLICABLE,E,130TH ST,2545,TRAFFIC SIGNAL,NOT DIVIDED,UNKNOWN,,Y,,,,,2,2,"{""coordinates"": [-87.561638065366, 41.659055134145], ""type"": ""Point""}","[""FRONT"", ""REAR""]","[""STRAIGHT AHEAD""]",[],"[""E"", ""W""]","[""DRIVER""]","[""UNKNOWN""]","[""PERSONAL""]","[""2018"", ""2021""]","[""29"", ""47""]","[""NOT APPLICABLE""]","[""NONE"", ""UNKNOWN""]","[""NO INDICATION OF INJURY""]","[""DRIVER""]","[""NONE PRESENT"", ""USAGE UNKNOWN""]","[""M""]",[]
STRAIGHT AND LEVEL,222,2025-09-23T06:30:00.000,3,6,9,183c66cb458427cec982c37f1ee203dfff9e09edebecd60339e23347d77353ef04666cef4e7569399c2f50b22c9c88114acf6dcd915b529c7e1cdfc9560a4d58,NO INJURY / DRIVE AWAY,"OVER $1,500",2025-09-23T07:25:00.000,NO CONTROLS,SIDESWIPE SAME DIRECTION,,0,0,2,0,0,0,0,41.8095300491,UNKNOWN,-87.5970274427,NO INDICATION OF INJURY,2,30,DRIVING SKILLS/KNOWLEDGE/EXPERIENCE,NOT ON SCENE (DESK REPORT),UNKNOWN,UNKNOWN,UNABLE TO DETERMINE,E,47TH ST,1157,NO CONTROLS,NOT DIVIDED,UNKNOWN,,,,,,,2,2,"{""coordinates"": [-87.597027442672, 41.809530049101], ""type"": ""Point""}","[""SIDE-LEFT"", ""SIDE-RIGHT""]","[""STRAIGHT AHEAD""]",[],"[""E""]","[""DRIVER""]","[""NONE"", ""UNKNOWN""]","[""PERSONAL""]","[""2013"", ""2020""]","[""53"", ""61""]","[""NOT APPLICABLE""]","[""NONE""]","[""NO INDICATION OF INJURY""]","[""DRIVER""]","[""SAFETY BELT USED""]","[""M""]",[]
STRAIGHT AND LEVEL,421,2025-09-23T06:30:00.000,3,6,9,3e913a229281ade70cd8bfd9c3e89d3796ca686086a4488a733064526c115e4c388e064c1ec0d1ce6d876a2d49b61ab20c38d2cab0828e02eb690426335f12a2,INJURY AND / OR TOW DUE TO CRASH,"OVER $1,500",2025-09-23T18:30:00.000,NO CONTROLS,REAR END,,0,0,2,0,0,0,0,41.7574073721,DAYLIGHT,-87.5536892233,NO INDICATION OF INJURY,2,30,FAILING TO REDUCE SPEED TO AVOID CRASH,NOT ON SCENE (DESK REPORT),NO DEFECTS,DRY,FAILING TO REDUCE SPEED TO AVOID CRASH,S,SOUTH SHORE DR,7667,NO CONTROLS,TRAFFIC ROUTE,CLEAR,,,,,,,2,2,"{""coordinates"": [-87.553689223332, 41.757407372109], ""type"": ""Point""}","[""FRONT"", ""REAR""]","[""STRAIGHT AHEAD""]","[""Y""]","[""NW""]","[""DRIVER""]","[""NONE""]","[""PERSONAL""]","[""2002"", ""2013""]","[""34""]","[""DEPLOYMENT UNKNOWN"", ""DID NOT DEPLOY""]","[""NONE""]","[""NO INDICATION OF INJURY""]","[""DRIVER""]","[""SAFETY BELT USED"", ""USAGE UNKNOWN""]","[""M""]",[]
STRAIGHT AND LEVEL,1024,2025-09-23T06:40:00.000,3,6,9,939db15cdb4af8bc0b245f4aedfa7b7bfea69da54aebc7b4e7e4aa552c233328dfe6b57ab5caad5bd85920e7c228880cffdd1cee3c6d6ec32805525e971e1d10,NO INJURY / DRIVE AWAY,"OVER $1,500",2025-09-23T07:15:00.000,NO CONTROLS,SIDESWIPE SAME DIRECTION,,0,0,2,0,0,0,0,41.8546507076,DAWN,-87.7141411046,NO INDICATION OF INJURY,2,30,UNABLE TO DETERMINE,NOT ON SCENE (DESK REPORT),NO DEFECTS,DRY,NOT APPLICABLE,W,OGDEN AVE,3549,NO CONTROLS,FOUR WAY,CLEAR,,,,,,,2,2,"{""coordinates"": [-87.714141104582, 41.854650707552], ""type"": ""Point""}","[""FRONT-RIGHT-CORNER"", ""SIDE-LEFT-REAR""]","[""CHANGING LANES"", ""STRAIGHT AHEAD""]",[],"[""E""]","[""DRIVER""]","[""NONE""]","[""PERSONAL""]","[""2013"", ""2014""]","[""22"", ""31""]","[""DID NOT DEPLOY""]","[""NONE""]","[""NO INDICATION OF INJURY""]","[""DRIVER""]","[""SAFETY BELT USED""]","[""F""]",[]
STRAIGHT AND LEVEL,2513,2025-09-23T06:45:00.000,3,6,9,4bcdba692850ccfbea75b9d8c5bbbb2e8a500bb779c338c4badb988426047a03fbe0d37199a2cd42079747517b6926cf63a0c008277dcd158037766eb5ea9f2a,NO INJURY / DRIVE AWAY,"OVER $1,500",2025-09-23T14:10:00.000,NO CONTROLS,SIDESWIPE SAME DIRECTION,,0,0,2,0,0,0,0,41.9130327272,DAYLIGHT,-87.7950614066,NO INDICATION OF INJURY,2,30,UNABLE TO DETERMINE,NOT ON SCENE (DESK REPORT),UNKNOWN,UNKNOWN,UNABLE TO DETERMINE,N,OAK PARK AVE,1810,NO CONTROLS,DIVIDED - W/MEDIAN (NOT RAISED),CLOUDY/OVERCAST,,,,,,,2,2,"{""coordinates"": [-87.795061406629, 41.913032727247], ""type"": ""Point""}","[""FRONT-LEFT-CORNER"", ""SIDE-RIGHT""]","[""ENTERING TRAFFIC LANE FROM PARKING"", ""STRAIGHT AHEAD""]",[],"[""S""]","[""DRIVER""]","[""NONE"", ""UNKNOWN""]","[""UNKNOWN/NA""]","[""2010""]","[""59"", ""75""]","[""DEPLOYMENT UNKNOWN""]","[""NONE""]","[""NO INDICATION OF INJURY""]","[""DRIVER""]","[""USAGE UNKNOWN""]","[""F"", ""M""]",[]
STRAIGHT AND LEVEL,2521,2025-09-23T06:58:00.000,3,6,9,8e3249ca44c09a366115cf0c0f527d8d901d5dc7472dca933915668989d2f52f20b128ce609b0312d7edcc99843fd84a8dad5d9f51a72d2cae7d77754d3b7405,INJURY AND / OR TOW DUE TO CRASH,"OVER $1,500",2025-09-23T06:59:00.000,NO CONTROLS,TURNING,,0,0,2,0,0,0,0,41.9304749573,DAYLIGHT,-87.7498256089,NO INDICATION OF INJURY,2,30,FAILING TO REDUCE SPEED TO AVOID CRASH,ON SCENE,NO DEFECTS,DRY,FAILING TO YIELD RIGHT-OF-WAY,W,PARKER AVE,4919,NO CONTROLS,ALLEY,CLEAR,,,,,,,2,2,"{""coordinates"": [-87.749825608912, 41.930474957302], ""type"": ""Point""}","[""FRONT"", ""FRONT-RIGHT-CORNER""]","[""STRAIGHT AHEAD"", ""TURNING LEFT""]","[""Y""]","[""W""]","[""DRIVER""]","[""UNKNOWN""]","[""PERSONAL""]","[""2023"", ""2024""]","[""34"", ""40""]","[""DID NOT DEPLOY""]","[""NONE""]","[""NO INDICATION OF INJURY""]","[""DRIVER""]","[""USAGE UNKNOWN""]","[""F"", ""M""]",[]
STRAIGHT AND LEVEL,1122,2025-09-23T07:00:00.000,3,7,9,2628414cdb6691bfe46b50c77f2313c8a4a14e6eed4397ea50d81cd5a977cd25bf1eaa5574def68059236515a5cd95a4f58463ad4f7de03356d57866f1e1b571,NO INJURY / DRIVE AWAY,"OVER $1,500",2025-09-23T12:00:00.000,NO CONTROLS,PARKED MOTOR VEHICLE,Y,0,0,1,0,0,0,0,41.8931247281,"DARKNESS, LIGHTED ROAD",-87.7221989626,NO INDICATION OF INJURY,2,30,UNABLE TO DETERMINE,NOT ON SCENE (DESK REPORT),NO DEFECTS,DRY,NOT APPLICABLE,N,AVERS AVE,645,NO CONTROLS,ONE-WAY,CLEAR,,,,,,,2,1,"{""coordinates"": [-87.722198962583, 41.893124728143], ""type"": ""Point""}","[""SIDE-RIGHT"", ""UNKNOWN""]","[""PARKED"", ""UNKNOWN/NA""]",[],"[""N""]","[""DRIVER"", ""PARKED""]","[""NONE"", ""UNKNOWN""]","[""PERSONAL"", ""UNKNOWN/NA""]","[""2017""]",[],"[""DEPLOYMENT UNKNOWN""]","[""NONE""]","[""NO INDICATION OF INJURY""]","[""DRIVER""]","[""USAGE UNKNOWN""]","[""X""]",[]
STRAIGHT AND LEVEL,1133,2025-09-23T07:00:00.000,3,7,9,6d6ce4b45c4803df27f8e08f07da9708488f6cbd176ec055ed6df7c44f84e0160bbb85ceb21299a81aa66d5512dee9b022c6aa6dd9dc5ccb29dd79c91c0a2b06,NO INJURY / DRIVE AWAY,"OVER $1,500",2025-09-23T17:00:00.000,NO CONTROLS,PARKED MOTOR VEHICLE,Y,0,0,1,0,0,0,0,41.8722467349,"DARKNESS, LIGHTED ROAD",-87.7179054982,NO INDICATION OF INJURY,2,20,UNABLE TO DETERMINE,NOT ON SCENE (DESK REPORT),UNKNOWN,UNKNOWN,NOT APPLICABLE,S,LAWNDALE AVE,711,NO CONTROLS,NOT DIVIDED,CLEAR,,,,,,,2,1,"{""coordinates"": [-87.717905498249, 41.87224673492], ""type"": ""Point""}","[""REAR-LEFT-CORNER"", ""UNKNOWN""]","[""PARKED"", ""UNKNOWN/NA""]",[],"[""S"", ""UNKNOWN""]","[""DRIVER"", ""PARKED""]","[""NONE"", ""UNKNOWN""]","[""NOT IN USE"", ""UNKNOWN/NA""]",[],[],"[""DEPLOYMENT UNKNOWN""]","[""NONE""]","[""NO INDICATION OF INJURY""]","[""DRIVER""]","[""USAGE UNKNOWN""]","[""X""]",[]
STRAIGHT AND LEVEL,1654,2025-09-23T07:06:00.000,3,7,9,73d7920e14ede63faa0cf4d15c7b5542a420af14cfa9f9f7b512bb925f3700a1ae71d26a55490ccb705f44b31cfd77aaf7442b5596254718bfa7318967eb8824,INJURY AND / OR TOW DUE TO CRASH,"OVER $1,500",2025-09-23T07:10:00.000,FUNCTIONING PROPERLY,TURNING,,0,0,1,1,0,1,0,41.9950223305,DAYLIGHT,-87.8846128887,NONINCAPACITATING INJURY,2,45,IMPROPER TURNING/NO SIGNAL,ON SCENE,NO DEFECTS,DRY,FAILING TO YIELD RIGHT-OF-WAY,W,ZEMKE RD,10400,TRAFFIC SIGNAL,FOUR WAY,CLEAR,Y,,,,,,2,2,"{""coordinates"": [-87.884612888742, 41.995022330494], ""type"": ""Point""}","[""FRONT"", ""REAR-RIGHT-CORNER""]","[""STRAIGHT AHEAD"", ""TURNING LEFT""]","[""Y""]","[""N"", ""S""]","[""DRIVER""]","[""NONE""]","[""PERSONAL""]","[""2014"", ""2019""]","[""47"", ""48""]","[""DEPLOYED, COMBINATION"", ""DEPLOYED, FRONT""]","[""NONE""]","[""NO INDICATION OF INJURY"", ""NONINCAPACITATING INJURY""]","[""DRIVER""]","[""SAFETY BELT USED""]","[""M""]",[]
STRAIGHT AND LEVEL,1434,2025-09-23T07:20:00.000,3,7,9,d74770928887a3f63111702bb726dd38cc2a23cb03625a7f32a91d44ffe6b4bc501b59373d1267f1594be9650b628c06a7e8b67149f6a846b96e1616755c1c18,NO INJURY / DRIVE AWAY,"OVER $1,500",2025-09-23T07:30:00.000,FUNCTIONING PROPERLY,SIDESWIPE SAME DIRECTION,,0,0,2,0,0,0,0,41.9104298624,DAYLIGHT,-87.6872842205,NO INDICATION OF INJURY,2,20,FAILING TO YIELD RIGHT-OF-WAY,ON SCENE,NO DEFECTS,DRY,FAILING TO YIELD RIGHT-OF-WAY,W,NORTH AVE,2400,TRAFFIC SIGNAL,T-INTERSECTION,CLEAR,,,,,,,2,2,"{""coordinates"": [-87.687284220508, 41.910429862359], ""type"": ""Point""}","[""NONE"", ""SIDE-LEFT-REAR""]","[""STRAIGHT AHEAD""]",[],"[""E""]","[""DRIVER""]","[""NONE"", ""UNKNOWN""]","[""COMMERCIAL - SINGLE UNIT"", ""PERSONAL""]","[""1998"", ""2007""]","[""33"", ""54""]","[""DID NOT DEPLOY"", ""NOT APPLICABLE""]","[""NONE""]","[""NO INDICATION OF INJURY""]","[""DRIVER""]","[""SAFETY BELT USED"", ""USAGE UNKNOWN""]","[""M""]",[]
STRAIGHT AND LEVEL,1222,2025-09-23T07:25:00.000,3,7,9,04adb6808d57e256fd6f0576e39b24e276017e49f6302cc6dc4e1d582c21660dae05a7709989d23cac6d5832a6520f92a2cfc84267c75ebcd3294e7c5d2cf2cd,INJURY AND / OR TOW DUE TO CRASH,"OVER $1,500",2025-09-23T07:31:00.000,FUNCTIONING PROPERLY,ANGLE,,0,0,2,0,0,0,0,41.8820492907,DAYLIGHT,-87.7013564212,NO INDICATION OF INJURY,2,30,UNABLE TO DETERMINE,ON SCENE,NO DEFECTS,DRY,DISREGARDING OTHER TRAFFIC SIGNS,W,WARREN BLVD,3000,TRAFFIC SIGNAL,FOUR WAY,CLEAR,Y,,,,,,2,2,"{""coordinates"": [-87.701356421227, 41.882049290742], ""type"": ""Point""}","[""FRONT"", ""FRONT-LEFT-CORNER""]","[""STRAIGHT AHEAD""]","[""Y""]","[""E"", ""N""]","[""DRIVER""]","[""NONE""]","[""PERSONAL""]","[""2013"", ""2014""]","[""28"", ""38""]","[""NOT APPLICABLE""]","[""NONE""]","[""NO INDICATION OF INJURY""]","[""DRIVER""]","[""NONE PRESENT"", ""SAFETY BELT USED""]","[""F"", ""M""]",[]
STRAIGHT AND LEVEL,821,2025-09-23T07:25:00.000,3,7,9,edc536fee46dc1d45be291f952c1509bd7df453e640cf40a73754da881862cce93f112820f0f6942543d6084c6c9726235b09c411593e8205d4ee2ee06a02c0b,NO INJURY / DRIVE AWAY,$500 OR LESS,2025-09-23T10:55:00.000,FUNCTIONING PROPERLY,TURNING,Y,0,0,2,0,0,0,0,41.8079772027,DAYLIGHT,-87.7234428552,NO INDICATION OF INJURY,2,30,UNABLE TO DETERMINE,NOT ON SCENE (DESK REPORT),NO DEFECTS,DRY,UNABLE TO DETERMINE,S,PULASKI RD,4659,TRAFFIC SIGNAL,FOUR WAY,CLOUDY/OVERCAST,Y,,,,,,2,2,"{""coordinates"": [-87.723442855227, 41.807977202659], ""type"": ""Point""}","[""SIDE-LEFT"", ""SIDE-RIGHT-REAR""]","[""TURNING RIGHT""]",[],"[""N""]","[""DRIVER""]","[""NONE"", ""UNKNOWN""]","[""OTHER"", ""UNKNOWN/NA""]","[""2019""]","[""28""]","[""DEPLOYMENT UNKNOWN"", ""DID NOT DEPLOY""]","[""NONE""]","[""NO INDICATION OF INJURY""]","[""DRIVER""]","[""SAFETY BELT USED"", ""USAGE UNKNOWN""]","[""M"", ""X""]",[]
STRAIGHT AND LEVEL,815,2025-09-23T07:30:00.000,3,7,9,2462a323c0e8d409835a647fa9870abdefee5b8af9dc92a77f315d9031ae778f6b231c90623e63e9a68f1edf90dc17856e573ec5a9cf034aef22184272a64ed7,INJURY AND / OR TOW DUE TO CRASH,"OVER $1,500",2025-09-23T17:20:00.000,NO CONTROLS,REAR END,Y,0,0,1,0,1,1,0,41.8076584994,DAYLIGHT,-87.7317553314,"REPORTED, NOT EVIDENT",2,35,UNABLE TO DETERMINE,NOT ON SCENE (DESK REPORT),NO DEFECTS,DRY,UNABLE TO DETERMINE,W,47TH ST,4319,NO CONTROLS,NOT DIVIDED,CLEAR,,,,,,,2,2,"{""coordinates"": [-87.731755331397, 41.807658499411], ""type"": ""Point""}","[""FRONT"", ""REAR""]","[""SLOW/STOP IN TRAFFIC"", ""STRAIGHT AHEAD""]",[],"[""S""]","[""DRIVER""]","[""NONE""]","[""PERSONAL""]","[""2019""]","[""27""]","[""DEPLOYMENT UNKNOWN"", ""NOT APPLICABLE""]","[""NONE""]","[""NO INDICATION OF INJURY"", ""REPORTED, NOT EVIDENT""]","[""DRIVER""]","[""SAFETY BELT USED"", ""USAGE UNKNOWN""]","[""F"", ""X""]",[]
STRAIGHT AND LEVEL,1512,2025-09-23T07:30:00.000,3,7,9,c4e8cfc93a12f28046ace8abe0e012e01b1ce852ddd5dc48ee5163a9703ddb42b155c253ccfbdae817392224e565cc136f0f6cee7844e38613820f462209fbff,NO INJURY / DRIVE AWAY,"OVER $1,500",2025-09-23T08:13:00.000,FUNCTIONING PROPERLY,REAR END,,0,0,2,0,0,0,0,41.8843442063,DAYLIGHT,-87.7650866819,NO INDICATION OF INJURY,2,25,FOLLOWING TOO CLOSELY,NOT ON SCENE (DESK REPORT),NO DEFECTS,DRY,NOT APPLICABLE,W,WEST END AVE,5600,NO CONTROLS,FOUR WAY,CLEAR,,,,,,,2,2,"{""coordinates"": [-87.76508668194, 41.884344206285], ""type"": ""Point""}","[""FRONT"", ""REAR""]","[""STRAIGHT AHEAD""]",[],"[""S""]","[""DRIVER""]","[""NONE""]","[""PERSONAL""]","[""2024"", ""2025""]","[""28"", ""34""]","[""DID NOT DEPLOY"", ""NOT APPLICABLE""]","[""NONE""]","[""NO INDICATION OF INJURY""]","[""DRIVER""]","[""SAFETY BELT USED""]","[""F"", ""M""]",[]
STRAIGHT AND LEVEL,1013,2025-09-23T07:30:00.000,3,7,9,f6c307a6cf92c0f55768335b532657b2e443e6576439566d7223aaf89c5cf16df9b73fd7ed71f22b783fbe83c8765dfb17dcffdc853eeec8adc481712c3c89f4,INJURY AND / OR TOW DUE TO CRASH,"OVER $1,500",2025-09-23T07:59:00.000,FUNCTIONING PROPERLY,ANGLE,,0,0,1,2,0,2,0,41.8515143382,DAYLIGHT,-87.7185910842,NONINCAPACITATING INJURY,2,30,UNABLE TO DETERMINE,ON SCENE,NO DEFECTS,DRY,UNABLE TO DETERMINE,W,CERMAK RD,3725,STOP SIGN/FLASHER,FOUR WAY,CLEAR,Y,,,,,,2,3,"{""coordinates"": [-87.718591084158, 41.851514338241], ""type"": ""Point""}","[""FRONT"", ""SIDE-LEFT""]","[""STARTING IN TRAFFIC"", ""STRAIGHT AHEAD""]","[""Y""]","[""E"", ""N""]","[""DRIVER""]","[""UNKNOWN""]","[""PERSONAL""]","[""2020""]","[""16"", ""22"", ""35""]","[""DEPLOYED, COMBINATION""]","[""NONE""]","[""NO INDICATION OF INJURY"", ""NONINCAPACITATING INJURY""]","[""DRIVER"", ""PASSENGER""]","[""SAFETY BELT USED""]","[""F"", ""M""]","[""3""]"
STRAIGHT AND LEVEL,2521,2025-09-23T07:33:00.000,3,7,9,1ed3c82a3cc2a33f118e323ea5d29d8e1244f71b35f7bf94f3aefab6d146454e59cd590fda0d7a0133bf3e31516a06a90d204f65c863e305748d5ecd73eb05de,INJURY AND / OR TOW DUE TO CRASH,"OVER $1,500",2025-09-23T07:41:00.000,NO CONTROLS,ANGLE,,0,0,5,0,0,0,0,41.9355700675,DAYLIGHT,-87.7456314515,NO INDICATION OF INJURY,2,15,FAILING TO YIELD RIGHT-OF-WAY,ON SCENE,UNKNOWN,DRY,NOT APPLICABLE,N,KEATING AVE,3010,NO CONTROLS,ALLEY,CLEAR,,,,,,,2,5,"{""coordinates"": [-87.745631451452, 41.935570067482], ""type"": ""Point""}","[""FRONT-LEFT-CORNER"", ""SIDE-RIGHT-FRONT""]","[""STRAIGHT AHEAD""]","[""Y""]","[""N"", ""W""]","[""DRIVER""]","[""UNKNOWN""]","[""PERSONAL""]","[""2010"", ""2020""]","[""10"", ""12"", ""17"", ""56""]","[""NOT APPLICABLE""]","[""NONE"", ""UNKNOWN""]","[""NO INDICATION OF INJURY""]","[""DRIVER"", ""PASSENGER""]","[""USAGE UNKNOWN""]","[""F"", ""M""]","[""12"", ""3"", ""4""]"
STRAIGHT AND LEVEL,323,2025-09-23T07:35:00.000,3,7,9,bb473198713a69122060116dc832c03e159bc1247762392147933c7186086a051e2e3ac0a05ba8e548e068290aaccfdae3f705f71d2e260fcac755a0e6b958e7,NO INJURY / DRIVE AWAY,"OVER $1,500",2025-09-23T07:42:00.000,UNKNOWN,SIDESWIPE SAME DIRECTION,,0,0,2,0,0,0,0,41.7603720323,DAYLIGHT,-87.5981273553,NO INDICATION OF INJURY,2,30,NOT APPLICABLE,NOT ON SCENE (DESK REPORT),UNKNOWN,DRY,NOT APPLICABLE,S,SOUTH CHICAGO AVE,7400,UNKNOWN,NOT DIVIDED,CLEAR,,,,,,,2,2,"{""coordinates"": [-87.598127355305, 41.760372032331], ""type"": ""Point""}","[""FRONT"", ""REAR""]","[""STRAIGHT AHEAD""]",[],"[""S""]","[""DRIVER""]","[""NONE"", ""UNKNOWN""]","[""PERSONAL""]","[""2003"", ""2015""]","[""55"", ""57""]","[""DID NOT DEPLOY""]","[""NONE""]","[""NO INDICATION OF INJURY""]","[""DRIVER""]","[""NONE PRESENT""]","[""F"", ""M""]",[]
STRAIGHT AND LEVEL,1022,2025-09-23T07:40:00.000,3,7,9,acd200ed50423a28055fc18e6914b1d1e287eb1056fe172a9e838b08133b2d1c0dcf4b94d2edae1edcd976427f7e55017066b17f85adfb98d43e708bcc3acbef,NO INJURY / DRIVE AWAY,"OVER $1,500",2025-09-23T09:30:00.000,FUNCTIONING PROPERLY,SIDESWIPE SAME DIRECTION,Y,0,0,2,0,0,0,0,41.8572480877,DAYLIGHT,-87.7052648401,NO INDICATION OF INJURY,2,30,UNABLE TO DETERMINE,NOT ON SCENE (DESK REPORT),NO DEFECTS,DRY,NOT APPLICABLE,S,KEDZIE AVE,1815,TRAFFIC SIGNAL,DIVIDED - W/MEDIAN (NOT RAISED),CLOUDY/OVERCAST,,,,,,,2,2,"{""coordinates"": [-87.705264840107, 41.857248087678], ""type"": ""Point""}","[""FRONT-LEFT-CORNER"", ""SIDE-RIGHT""]","[""STRAIGHT AHEAD""]",[],"[""N""]","[""DRIVER""]","[""NONE"", ""UNKNOWN""]","[""PERSONAL""]","[""2010"", ""2015""]","[""62""]","[""DEPLOYMENT UNKNOWN"", ""DID NOT DEPLOY""]","[""NONE""]","[""NO INDICATION OF INJURY""]","[""DRIVER""]","[""SAFETY BELT USED"", ""USAGE UNKNOWN""]","[""F""]",[]
STRAIGHT AND LEVEL,1731,2025-09-23T07:40:00.000,3,7,9,d5f6cb6b23cde3a5eac80da40c3cafc84a4c75bf969f9c2fc6133fe60190a11d32bf360f289a1b4ad5369dceb3308b4f31951f38f42f8f2d5e7bbd17c57502bd,NO INJURY / DRIVE AWAY,$500 OR LESS,2025-09-23T07:40:00.000,NO CONTROLS,SIDESWIPE SAME DIRECTION,,0,0,2,0,0,0,0,41.9516909726,DAYLIGHT,-87.7312772413,NO INDICATION OF INJURY,2,25,UNABLE TO DETERMINE,ON SCENE,NO DEFECTS,DRY,UNABLE TO DETERMINE,W,BYRON ST,4155,NO CONTROLS,DIVIDED - W/MEDIAN (NOT RAISED),CLEAR,,,,,,,2,2,"{""coordinates"": [-87.731277241268, 41.951690972578], ""type"": ""Point""}","[""SIDE-LEFT"", ""SIDE-RIGHT""]","[""OTHER"", ""STRAIGHT AHEAD""]",[],"[""E""]","[""DRIVER""]","[""NONE""]","[""OTHER"", ""PERSONAL""]","[""2010""]","[""34"", ""55""]","[""DID NOT DEPLOY""]","[""NONE""]","[""NO INDICATION OF INJURY""]","[""DRIVER""]","[""SAFETY BELT USED""]","[""F"", ""M""]",[]
STRAIGHT AND LEVEL,1433,2025-09-23T07:40:00.000,3,7,9,e0b1f141da4c88108bad36614a951c1ad4801e68dd3459fc41d815067120b2cea3008539ca63d1bf4ef1fa4faf9258d59907033864c1ed07bb7c652882074892,NO INJURY / DRIVE AWAY,"$501 - $1,500",2025-09-23T08:10:00.000,FUNCTIONING PROPERLY,REAR END,,0,0,2,0,0,0,0,41.9161402866,DAYLIGHT,-87.6716462656,NO INDICATION OF INJURY,2,30,FAILING TO REDUCE SPEED TO AVOID CRASH,NOT ON SCENE (DESK REPORT),NO DEFECTS,DRY,FAILING TO YIELD RIGHT-OF-WAY,N,HERMITAGE AVE,1900,STOP SIGN/FLASHER,FOUR WAY,CLEAR,Y,,,,,,2,2,"{""coordinates"": [-87.671646265554, 41.916140286632], ""type"": ""Point""}","[""FRONT"", ""REAR""]","[""SLOW/STOP IN TRAFFIC"", ""STRAIGHT AHEAD""]",[],"[""S""]","[""DRIVER""]","[""NONE""]","[""PERSONAL""]","[""2017"", ""2024""]","[""49"", ""50""]","[""DID NOT DEPLOY"", ""NOT APPLICABLE""]","[""NONE""]","[""NO INDICATION OF INJURY""]","[""DRIVER""]","[""SAFETY BELT USED""]","[""F"", ""M""]",[]
STRAIGHT AND LEVEL,2233,2025-09-23T07:45:00.000,3,7,9,a451afd40d98d7b64366694bb9bc00a00cc74702b9f112af5b56225ed8b4f43c57712cc73354bde2f55db1cd398109c30cb5a9a17ab95194128b9ff516b3b566,NO INJURY / DRIVE AWAY,"OVER $1,500",2025-09-23T12:50:00.000,NO CONTROLS,SIDESWIPE SAME DIRECTION,Y,0,0,2,0,0,0,0,41.6995175998,DAYLIGHT,-87.6442916881,NO INDICATION OF INJURY,2,30,"OPERATING VEHICLE IN ERRATIC, RECKLESS, CARELESS, NEGLIGENT OR AGGRESSIVE MANNER",NOT ON SCENE (DESK REPORT),NO DEFECTS,DRY,"OPERATING VEHICLE IN ERRATIC, RECKLESS, CARELESS, NEGLIGENT OR AGGRESSIVE MANNER",W,107TH ST,845,NO CONTROLS,DIVIDED - W/MEDIAN (NOT RAISED),CLEAR,,,,,,,2,2,"{""coordinates"": [-87.644291688101, 41.699517599763], ""type"": ""Point""}","[""FRONT-LEFT-CORNER"", ""SIDE-RIGHT""]","[""CHANGING LANES"", ""STRAIGHT AHEAD""]",[],"[""W""]","[""DRIVER""]","[""NONE"", ""UNKNOWN""]","[""PERSONAL"", ""UNKNOWN/NA""]","[""2016""]","[""45""]","[""DEPLOYMENT UNKNOWN"", ""NOT APPLICABLE""]","[""NONE""]","[""NO INDICATION OF INJURY""]","[""DRIVER""]","[""SAFETY BELT USED"", ""USAGE UNKNOWN""]","[""F"", ""M""]",[]