alignment,beat_of_occurrence,crash_date,crash_day_of_week,crash_hour,crash_month,crash_record_id,crash_type,damage,date_police_notified,device_condition,first_crash_type,hit_and_run_i,injuries_fatal,injuries_incapacitating,injuries_no_indication,injuries_non_incapacitating,injuries_reported_not_evident,injuries_total,injuries_unknown,latitude,lighting_condition,longitude,most_severe_injury,num_units,posted_speed_limit,prim_contributory_cause,report_type,road_defect,roadway_surface_cond,sec_contributory_cause,street_direction,street_name,street_no,traffic_control_device,trafficway_type,weather_condition,intersection_related_i,crash_date_est_i,private_property_i,statements_taken_i,photos_taken_i,work_zone_i,veh_count,ppl_count,location_json,veh_first_contact_point_list_json,veh_maneuver_list_json,veh_towed_i_list_json,veh_travel_direction_list_json,veh_unit_type_list_json,veh_vehicle_defect_list_json,veh_vehicle_use_list_json,veh_vehicle_year_list_json,ppl_age_list_json,ppl_airbag_deployed_list_json,ppl_ejection_list_json,ppl_injury_classification_list_json,ppl_person_type_list_json,ppl_safety_equipment_list_json,ppl_sex_list_json,ppl_seat_no_list_json
STRAIGHT AND LEVEL,1111,2025-09-23T07:46:00.000,3,7,9,931549669d65adecd2bed8a896935736d4260530a9e06b9d763b2002d051d0ac25128b7ea33ea1c511e0bdbe53325b6d235fcb77cbd7fae8ec0a5ed0f0cc818e,NO INJURY / DRIVE AWAY,"OVER $1,500",2025-09-23T08:10:00.000,NO CONTROLS,REAR END,,0,0,2,0,0,0,0,41.8938778422,DAYLIGHT,-87.7456240862,NO INDICATION OF INJURY,2,30,FOLLOWING TOO CLOSELY,ON SCENE,NO DEFECTS,DRY,FOLLOWING TOO CLOSELY,N,CICERO AVE,721,NO CONTROLS,NOT DIVIDED,CLEAR,,,,,,,2,2,"{""coordinates"": [-87.745624086176, 41.893877842226], ""type"": ""Point""}","[""FRONT"", ""REAR""]","[""SLOW/STOP IN TRAFFIC"", ""STRAIGHT AHEAD""]",[],"[""N""]","[""DRIVER""]","[""NONE""]","[""CONSTRUCTION/MAINTENANCE"", ""PERSONAL""]","[""2013"", ""2023""]","[""39"", ""64""]","[""DID NOT DEPLOY""]","[""NONE""]","[""NO INDICATION OF INJURY""]","[""DRIVER""]","[""SAFETY BELT USED""]","[""F"", ""M""]",[]
STRAIGHT AND LEVEL,2223,2025-09-23T08:00:00.000,3,8,9,14fbc5461f4d15f1bc0f271e6d5203d07322fefda0fdc50d598c589d0a4ace5c464d290e1262c3b22c4e83de5d850dd058969f4ad1bf97428860718202382eb7,NO INJURY / DRIVE AWAY,"OVER $1,500",2025-09-23T08:06:00.000,NO CONTROLS,TURNING,,0,0,2,0,0,0,0,41.719789844,DAYLIGHT,-87.6433156586,NO INDICATION OF INJURY,2,35,IMPROPER TURNING/NO SIGNAL,ON SCENE,NO DEFECTS,DRY,FAILING TO REDUCE SPEED TO AVOID CRASH,S,HALSTED ST,9558,NO CONTROLS,T-INTERSECTION,CLEAR,N,,,,,,2,2,"{""coordinates"": [-87.643315658568, 41.719789843998], ""type"": ""Point""}","[""FRONT"", ""REAR-LEFT-CORNER""]","[""SLOW/STOP IN TRAFFIC"", ""U-TURN""]",[],"[""N"", ""S""]","[""DRIVER""]","[""UNKNOWN""]","[""CTA"", ""PERSONAL""]","[""2006"", ""2020""]","[""38"", ""59""]","[""DID NOT DEPLOY""]","[""NONE""]","[""NO INDICATION OF INJURY""]","[""DRIVER""]","[""USAGE UNKNOWN""]","[""F"", ""M""]",[]
STRAIGHT AND LEVEL,812,2025-09-23T08:00:00.000,3,8,9,e15a08f24de7721e17485c485028519207033ac02db1051c36b0fd57d517755b854dbefbf5c1d0932e3dc5847d0f8c6d9c778f986b2eb250ffcc633ab749176c,INJURY AND / OR TOW DUE TO CRASH,"OVER $1,500",2025-09-23T08:15:00.000,FUNCTIONING PROPERLY,TURNING,,0,0,2,0,0,0,0,41.7737481481,DAYLIGHT,-87.8006609159,NO INDICATION OF INJURY,2,30,FAILING TO YIELD RIGHT-OF-WAY,ON SCENE,UNKNOWN,WET,UNABLE TO DETERMINE,S,HARLEM AVE,6459,TRAFFIC SIGNAL,FOUR WAY,RAIN,Y,,,,,,2,2,"{""coordinates"": [-87.800660915884, 41.77374814808], ""type"": ""Point""}","[""FRONT-LEFT-CORNER"", ""SIDE-RIGHT""]","[""STRAIGHT AHEAD"", ""TURNING RIGHT""]","[""Y""]","[""N"", ""W""]","[""DRIVER""]","[""UNKNOWN""]","[""PERSONAL""]","[""2016"", ""2021""]","[""24"", ""42""]","[""DID NOT DEPLOY""]","[""NONE""]","[""NO INDICATION OF INJURY""]","[""DRIVER""]","[""SAFETY BELT USED""]","[""F"", ""M""]",[]
STRAIGHT AND LEVEL,132,2025-09-23T08:10:00.000,3,8,9,0282268d93fb97a1d190d758ffee7ed02c0d3609517dd159ed24e00570c873fe65f1361f2cf347ded738a9c8d200045c785adb303b3f1d61a0fa0ac34e5a8acd,NO INJURY / DRIVE AWAY,"OVER $1,500",2025-09-23T15:39:00.000,UNKNOWN,REAR END,Y,0,0,2,0,0,0,0,41.8674707758,UNKNOWN,-87.6202190599,NO INDICATION OF INJURY,2,25,NOT APPLICABLE,NOT ON SCENE (DESK REPORT),UNKNOWN,UNKNOWN,NOT APPLICABLE,S,COLUMBUS DR,1201,UNKNOWN,NOT DIVIDED,UNKNOWN,,,,,,,2,2,"{""coordinates"": [-87.620219059938, 41.867470775841], ""type"": ""Point""}","[""FRONT"", ""REAR""]","[""STRAIGHT AHEAD"", ""UNKNOWN/NA""]",[],"[""UNKNOWN""]","[""DRIVER""]","[""UNKNOWN""]","[""PERSONAL""]","[""2018""]","[""39""]","[""DEPLOYMENT UNKNOWN"", ""NOT APPLICABLE""]","[""NONE"", ""UNKNOWN""]","[""NO INDICATION OF INJURY""]","[""DRIVER""]","[""USAGE UNKNOWN""]","[""M"", ""X""]",[]
STRAIGHT AND LEVEL,614,2025-09-23T08:10:00.000,3,8,9,72fc38566040ba8c979f49645262138277ac8181bb287a521672d3d55e9adf9be46d6f9b8a8e9a39789583da57e98412b578d210392f38ba169d122f4841f8d4,NO INJURY / DRIVE AWAY,"$501 - $1,500",2025-09-23T08:40:00.000,NO CONTROLS,REAR TO FRONT,,0,0,2,0,0,0,0,41.7448361596,DAYLIGHT,-87.6610159086,NO INDICATION OF INJURY,2,30,IMPROPER BACKING,NOT ON SCENE (DESK REPORT),NO DEFECTS,DRY,IMPROPER BACKING,S,LAFLIN ST,8200,STOP SIGN/FLASHER,ONE-WAY,CLEAR,,,,Y,Y,,2,2,"{""coordinates"": [-87.661015908555, 41.744836159615], ""type"": ""Point""}","[""FRONT"", ""REAR""]","[""BACKING"", ""STRAIGHT AHEAD""]",[],"[""E"", ""W""]","[""DRIVER""]","[""NONE"", ""UNKNOWN""]","[""PERSONAL""]","[""2008""]","[""57""]","[""DID NOT DEPLOY"", ""NOT APPLICABLE""]","[""NONE""]","[""NO INDICATION OF INJURY""]","[""DRIVER""]","[""USAGE UNKNOWN""]","[""F"", ""M""]",[]
STRAIGHT AND LEVEL,1711,2025-09-23T08:12:00.000,3,8,9,19c8bd028a262626022f665863f5c6ca6015f9283977de806fecdc7a0acfc2a7ecc56703a614bc58c4c76dbdda4e1cae4e782642f004d97208042f29fc0d308f,INJURY AND / OR TOW DUE TO CRASH,"OVER $1,500",2025-09-23T08:16:00.000,FUNCTIONING PROPERLY,REAR END,,0,0,1,1,0,1,0,41.9972271906,DAYLIGHT,-87.7125146801,NONINCAPACITATING INJURY,2,30,FAILING TO REDUCE SPEED TO AVOID CRASH,ON SCENE,NO DEFECTS,DRY,DRIVING SKILLS/KNOWLEDGE/EXPERIENCE,W,DEVON AVE,3319,TRAFFIC SIGNAL,FOUR WAY,CLEAR,,,,,,,2,2,"{""coordinates"": [-87.712514680112, 41.997227190571], ""type"": ""Point""}","[""REAR-LEFT-CORNER"", ""SIDE-RIGHT""]","[""STRAIGHT AHEAD""]",[],"[""E""]","[""DRIVER""]","[""UNKNOWN""]","[""PERSONAL""]","[""2017""]","[""21"", ""39""]","[""DID NOT DEPLOY""]","[""NONE""]","[""NO INDICATION OF INJURY"", ""NONINCAPACITATING INJURY""]","[""DRIVER""]","[""SAFETY BELT USED""]","[""F"", ""M""]",[]
STRAIGHT AND LEVEL,2432,2025-09-23T08:12:00.000,3,8,9,5020f2d653126a535851356bee277ace2f74518dcafd32da2b607c3c996cd4718cd8ca0ec0e867e581b8ec5cf78a7c75560e443acffed57a30b1e88fedeab45e,NO INJURY / DRIVE AWAY,"OVER $1,500",2025-09-23T08:48:00.000,NO CONTROLS,PARKED MOTOR VEHICLE,Y,0,0,1,0,0,0,0,42.0029177292,UNKNOWN,-87.6609437861,NO INDICATION OF INJURY,3,30,FAILING TO REDUCE SPEED TO AVOID CRASH,ON SCENE,NO DEFECTS,UNKNOWN,UNABLE TO DETERMINE,N,SHERIDAN RD,6610,NO CONTROLS,NOT DIVIDED,UNKNOWN,,,,,,,3,1,"{""coordinates"": [-87.660943786087, 42.002917729172], ""type"": ""Point""}","[""FRONT"", ""UNKNOWN""]","[""DIVERGING"", ""PARKED""]",[],"[""S"", ""UNKNOWN""]","[""DRIVER"", ""PARKED""]","[""UNKNOWN""]","[""PERSONAL"", ""UNKNOWN/NA""]","[""2007"", ""2012""]",[],"[""DEPLOYMENT UNKNOWN""]","[""NONE""]","[""NO INDICATION OF INJURY""]","[""DRIVER""]","[""USAGE UNKNOWN""]","[""X""]",[]
STRAIGHT AND LEVEL,1612,2025-09-23T08:13:00.000,3,8,9,f11786cd5d1cb0531fd2dd27ec435abce04f19c739ad7858ff2f6a727a6970ace505d6675ad73a57fd15df06b60fa989f3813455f0203f7b68de45c6d7e2fb60,NO INJURY / DRIVE AWAY,"OVER $1,500",2025-09-23T08:15:00.000,FUNCTIONING PROPERLY,TURNING,,0,0,2,0,0,0,0,41.9902844961,DAYLIGHT,-87.8224005481,NO INDICATION OF INJURY,2,30,UNABLE TO DETERMINE,ON SCENE,NO DEFECTS,WET,UNABLE TO DETERMINE,N,CANFIELD AVE,6101,TRAFFIC SIGNAL,DIVIDED - W/MEDIAN (NOT RAISED),RAIN,Y,,,,,,2,2,"{""coordinates"": [-87.822400548149, 41.990284496125], ""type"": ""Point""}","[""FRONT"", ""FRONT-RIGHT-CORNER""]","[""STRAIGHT AHEAD"", ""TURNING LEFT""]",[],"[""N"", ""SE""]","[""DRIVER""]","[""NONE""]","[""PERSONAL""]","[""2011"", ""2013""]","[""51"", ""61""]","[""DID NOT DEPLOY"", ""NOT APPLICABLE""]","[""NONE""]","[""NO INDICATION OF INJURY""]","[""DRIVER""]","[""SAFETY BELT USED""]","[""F"", ""M""]",[]
STRAIGHT AND LEVEL,1823,2025-09-23T08:14:00.000,3,8,9,d760bbf2c5d899b78f22227ffe3058751a4f8f7a73e430d458ee73d3e120093c5489c3034f0dc50e7050c4a272b68604a7a95379e40983873dfa8e172da0fab0,NO INJURY / DRIVE AWAY,"$501 - $1,500",2025-09-23T08:16:00.000,NO CONTROLS,REAR TO FRONT,,0,0,2,0,0,0,0,41.8992554712,DAYLIGHT,-87.6401449153,NO INDICATION OF INJURY,2,15,IMPROPER BACKING,ON SCENE,UNKNOWN,DRY,FAILING TO YIELD RIGHT-OF-WAY,N,HUDSON AVE,906,NO CONTROLS,NOT DIVIDED,CLEAR,,,,,,,2,2,"{""coordinates"": [-87.640144915252, 41.899255471179], ""type"": ""Point""}","[""FRONT"", ""REAR""]","[""BACKING"", ""STRAIGHT AHEAD""]",[],"[""N"", ""S""]","[""DRIVER""]","[""UNKNOWN""]","[""PERSONAL"", ""TOW TRUCK""]","[""2017"", ""2021""]","[""34"", ""61""]","[""DID NOT DEPLOY""]","[""NONE""]","[""NO INDICATION OF INJURY""]","[""DRIVER""]","[""USAGE UNKNOWN""]","[""F"", ""M""]",[]
STRAIGHT AND LEVEL,723,2025-09-23T08:15:00.000,3,8,9,0c931a6db3297b48e1f10ecd5eb20645e9cd1cf75dd6fbd9ce485ee6291ad03bcd887363a0d16a9c69cf89d66c4d23495905db2e15d6dff835f89c3c7b9d93ee,NO INJURY / DRIVE AWAY,"OVER $1,500",2025-09-23T08:20:00.000,NO CONTROLS,TURNING,Y,0,0,2,0,0,0,0,41.7757812695,DAYLIGHT,-87.644886323,NO INDICATION OF INJURY,2,30,UNABLE TO DETERMINE,ON SCENE,NO DEFECTS,DRY,UNABLE TO DETERMINE,S,HALSTED ST,6510,NO CONTROLS,DIVIDED - W/MEDIAN (NOT RAISED),CLEAR,,,,,,,2,2,"{""coordinates"": [-87.644886323031, 41.775781269464], ""type"": ""Point""}","[""SIDE-RIGHT"", ""UNKNOWN""]","[""STRAIGHT AHEAD"", ""U-TURN""]",[],"[""N"", ""UNKNOWN""]","[""DRIVER""]","[""NONE"", ""UNKNOWN""]","[""PERSONAL"", ""UNKNOWN/NA""]","[""2018""]","[""50""]","[""DEPLOYMENT UNKNOWN"", ""DID NOT DEPLOY""]","[""NONE""]","[""NO INDICATION OF INJURY""]","[""DRIVER""]","[""SAFETY BELT USED"", ""USAGE UNKNOWN""]","[""F"", ""X""]",[]
STRAIGHT AND LEVEL,1523,2025-09-23T08:17:00.000,3,8,9,fc22ffefcbd09a4f70487a22d7cd06ad68ec6f4312e71dde6b12c83a6e0af243374626b78ed5fa2dbdf42c73d7c7a3f5feb9be9bb2465c34ed4e6c0b4bbc8545,NO INJURY / DRIVE AWAY,$500 OR LESS,2025-09-23T09:30:00.000,FUNCTIONING PROPERLY,ANGLE,Y,0,0,2,0,0,0,0,41.8877721028,DAYLIGHT,-87.7576363591,NO INDICATION OF INJURY,2,25,UNABLE TO DETERMINE,NOT ON SCENE (DESK REPORT),UNKNOWN,DRY,UNABLE TO DETERMINE,N,LOCKWOOD AVE,399,STOP SIGN/FLASHER,NOT DIVIDED,CLEAR,,,,,,,2,2,"{""coordinates"": [-87.757636359097, 41.887772102827], ""type"": ""Point""}","[""FRONT-LEFT-CORNER"", ""FRONT-RIGHT-CORNER""]","[""STRAIGHT AHEAD""]",[],"[""N"", ""W""]","[""DRIVER""]","[""UNKNOWN""]","[""OTHER"", ""UNKNOWN/NA""]","[""2020""]","[""59""]","[""DEPLOYMENT UNKNOWN"", ""NOT APPLICABLE""]","[""NONE""]","[""NO INDICATION OF INJURY""]","[""DRIVER""]","[""USAGE UNKNOWN""]","[""M"", ""X""]",[]
STRAIGHT AND LEVEL,835,2025-09-23T08:20:00.000,3,8,9,81cf4bce6792d900979e592833841c9472b7e96dc85601284563e980aa0add237ec9fd18ee5961753aa75f3fd000e65ece1963a585d4edff644956ee6fd1693d,NO INJURY / DRIVE AWAY,"OVER $1,500",2025-09-23T08:40:00.000,FUNCTIONING PROPERLY,REAR END,,0,0,2,0,0,0,0,41.7497284151,DAYLIGHT,-87.7022464674,NO INDICATION OF INJURY,2,30,FOLLOWING TOO CLOSELY,NOT ON SCENE (DESK REPORT),NO DEFECTS,DRY,FAILING TO REDUCE SPEED TO AVOID CRASH,S,KEDZIE AVE,7901,TRAFFIC SIGNAL,NOT DIVIDED,CLOUDY/OVERCAST,,,,,,,2,2,"{""coordinates"": [-87.702246467369, 41.749728415098], ""type"": ""Point""}","[""FRONT-LEFT-CORNER"", ""REAR-RIGHT-CORNER""]","[""SLOW/STOP IN TRAFFIC"", ""STRAIGHT AHEAD""]",[],"[""N""]","[""DRIVER""]","[""NONE""]","[""PERSONAL""]","[""2021""]","[""31""]","[""DID NOT DEPLOY""]","[""NONE""]","[""NO INDICATION OF INJURY""]","[""DRIVER""]","[""SAFETY BELT USED""]","[""F"", ""M""]",[]
STRAIGHT AND LEVEL,612,2025-09-23T08:21:00.000,3,8,9,9329ab8442f62f2fb93356fe6a584719a0dd1b0aae714734abd93b34ac5c6f92a698df960ef773ad5ab16b22cbb8e61f648b8388bc8cdcfc61201f17d447be89,INJURY AND / OR TOW DUE TO CRASH,"OVER $1,500",2025-09-23T08:31:00.000,NO CONTROLS,REAR END,Y,0,0,1,3,0,3,0,41.7559065857,DAYLIGHT,-87.65387467,NONINCAPACITATING INJURY,2,30,FOLLOWING TOO CLOSELY,ON SCENE,NO DEFECTS,DRY,NOT APPLICABLE,W,76TH ST,1199,NO CONTROLS,NOT DIVIDED,CLEAR,,,,,,,2,4,"{""coordinates"": [-87.653874670026, 41.755906585695], ""type"": ""Point""}","[""TOTAL (ALL AREAS)"", ""UNKNOWN""]","[""STRAIGHT AHEAD"", ""UNKNOWN/NA""]","[""Y""]","[""UNKNOWN""]","[""DRIVER""]","[""UNKNOWN""]","[""UNKNOWN/NA""]","[""2009""]","[""31""]","[""DEPLOYMENT UNKNOWN"", ""NOT APPLICABLE""]","[""NONE"", ""UNKNOWN""]","[""NO INDICATION OF INJURY"", ""NONINCAPACITATING INJURY""]","[""DRIVER"", ""PASSENGER""]","[""USAGE UNKNOWN""]","[""F"", ""M"", ""X""]","[""4"", ""6""]"
STRAIGHT AND LEVEL,1133,2025-09-23T08:25:00.000,3,8,9,5219014f2353ee7f7b6aaf1731a2510f812c2e7b7ee75214a3e1ea73244b68482f7cb558d15890fa44891282612ad44f09c2169f55ec42145e18c669242ba2ca,NO INJURY / DRIVE AWAY,"OVER $1,500",2025-09-24T07:53:00.000,NO CONTROLS,PARKED MOTOR VEHICLE,Y,0,0,1,0,0,0,0,41.8701917955,"DARKNESS, LIGHTED ROAD",-87.7153943282,NO INDICATION OF INJURY,2,25,NOT APPLICABLE,NOT ON SCENE (DESK REPORT),NO DEFECTS,UNKNOWN,NOT APPLICABLE,S,CENTRAL PARK AVE,819,NO CONTROLS,NOT DIVIDED,CLEAR,,,,Y,,,2,1,"{""coordinates"": [-87.715394328173, 41.870191795509], ""type"": ""Point""}","[""SIDE-LEFT"", ""UNKNOWN""]","[""PARKED"", ""STRAIGHT AHEAD""]",[],"[""N"", ""UNKNOWN""]","[""DRIVER"", ""PARKED""]","[""UNKNOWN""]","[""PERSONAL"", ""UNKNOWN/NA""]","[""2018""]",[],"[""DEPLOYMENT UNKNOWN""]","[""UNKNOWN""]","[""NO INDICATION OF INJURY""]","[""DRIVER""]","[""USAGE UNKNOWN""]","[""X""]",[]
STRAIGHT AND LEVEL,2533,2025-09-23T08:25:00.000,3,8,9,9e0eb0ce6037abd8dfbb6409d80e85fbcfdf6de94853c9022cafcb30d25a166162aa431d06c96353197e2e418668442cdb6388f34f700a56ea4ac0e81dc65694,NO INJURY / DRIVE AWAY,$500 OR LESS,2025-09-23T08:29:00.000,FUNCTIONING PROPERLY,REAR END,,0,0,3,0,0,0,0,41.9030804648,DAYLIGHT,-87.7461340022,NO INDICATION OF INJURY,2,30,UNABLE TO DETERMINE,ON SCENE,UNKNOWN,DRY,NOT APPLICABLE,N,CICERO AVE,1220,TRAFFIC SIGNAL,UNKNOWN INTERSECTION TYPE,CLEAR,Y,,,,,,2,3,"{""coordinates"": [-87.746134002182, 41.90308046483], ""type"": ""Point""}","[""FRONT"", ""REAR""]","[""SLOW/STOP IN TRAFFIC"", ""STRAIGHT AHEAD""]",[],"[""S""]","[""DRIVER""]","[""UNKNOWN""]","[""UNKNOWN/NA""]","[""2014"", ""2023""]","[""31"", ""46"", ""67""]","[""DID NOT DEPLOY"", ""NOT APPLICABLE""]","[""NONE""]","[""NO INDICATION OF INJURY""]","[""DRIVER"", ""PASSENGER""]","[""USAGE UNKNOWN""]","[""F"", ""M""]","[""3""]"
STRAIGHT AND LEVEL,1923,2025-09-23T08:25:00.000,3,8,9,daa2dd65666efc697e5b8ccb6aae36c88b670633b33b330a445b395a41273905f1e6297549a4198d0efbfc5eaf8ff29d54f48c7bd27ca264b696dbbfa74b1ad2,INJURY AND / OR TOW DUE TO CRASH,"OVER $1,500",2025-09-23T08:25:00.000,UNKNOWN,ANGLE,,0,0,3,0,1,1,0,41.947338645,DAYLIGHT,-87.6552953927,"REPORTED, NOT EVIDENT",2,30,UNABLE TO DETERMINE,ON SCENE,UNKNOWN,UNKNOWN,NOT APPLICABLE,W,ADDISON ST,1026,UNKNOWN,DIVIDED - W/MEDIAN (NOT RAISED),CLEAR,,,,,,,2,4,"{""coordinates"": [-87.655295392728, 41.947338644977], ""type"": ""Point""}","[""FRONT-LEFT-CORNER"", ""SIDE-RIGHT""]","[""ENTERING TRAFFIC LANE FROM PARKING"", ""STRAIGHT AHEAD""]",[],"[""E"", ""NE""]","[""DRIVER""]","[""UNKNOWN""]","[""PERSONAL""]","[""2009"", ""2014""]","[""12"", ""31"", ""50"", ""68""]","[""DID NOT DEPLOY"", ""NOT APPLICABLE""]","[""NONE"", ""UNKNOWN""]","[""NO INDICATION OF INJURY"", ""REPORTED, NOT EVIDENT""]","[""DRIVER"", ""PASSENGER""]","[""USAGE UNKNOWN""]","[""F"", ""M""]","[""3""]"
STRAIGHT AND LEVEL,1933,2025-09-23T08:35:00.000,3,8,9,0e04fbac3403201f4991812a1924bae36b59db19afa3eab3cf624a0048c1f8ff33be567aabfffb214cf42d6ba992892eb57165ab33629ac7139cbb8dafe05e27,INJURY AND / OR TOW DUE TO CRASH,$500 OR LESS,2025-09-23T10:20:00.000,UNKNOWN,PEDESTRIAN,Y,0,0,1,0,1,1,0,41.9369470355,DAYLIGHT,-87.6538579936,"REPORTED, NOT EVIDENT",2,30,UNABLE TO DETERMINE,NOT ON SCENE (DESK REPORT),UNKNOWN,UNKNOWN,UNABLE TO DETERMINE,N,SHEFFIELD AVE,3021,UNKNOWN,T-INTERSECTION,UNKNOWN,,,,,,,2,2,"{""coordinates"": [-87.653857993607, 41.936947035524], ""type"": ""Point""}","[""UNKNOWN""]","[""UNKNOWN/NA""]",[],"[""UNKNOWN""]","[""DRIVER"", ""PEDESTRIAN""]","[""UNKNOWN""]","[""UNKNOWN/NA""]","[""2005""]","[""82""]","[""DEPLOYMENT UNKNOWN""]","[""UNKNOWN""]","[""NO INDICATION OF INJURY"", ""REPORTED, NOT EVIDENT""]","[""DRIVER"", ""PEDESTRIAN""]","[""NONE PRESENT"", ""USAGE UNKNOWN""]","[""F"", ""X""]",[]
STRAIGHT AND LEVEL,1214,2025-09-23T08:35:00.000,3,8,9,4362afde993b29222aaa11767805f0b7b62e562ad3919dc4c6c5bd427e2dcf09d82537f2c4c6e18ebd5a49e2c9fb3f4584ffb85938a330edafa591d4bb8dee76,NO INJURY / DRIVE AWAY,"OVER $1,500",2025-09-23T09:30:00.000,FUNCTIONING PROPERLY,TURNING,,0,0,2,0,0,0,0,41.8858070197,DAYLIGHT,-87.6441718947,NO INDICATION OF INJURY,2,30,DISREGARDING TRAFFIC SIGNALS,NOT ON SCENE (DESK REPORT),UNKNOWN,DRY,UNABLE TO DETERMINE,W,LAKE ST,632,TRAFFIC SIGNAL,DIVIDED - W/MEDIAN (NOT RAISED),CLOUDY/OVERCAST,,,,,,,2,2,"{""coordinates"": [-87.644171894657, 41.885807019662], ""type"": ""Point""}","[""FRONT-LEFT-CORNER"", ""FRONT-RIGHT-CORNER""]","[""STRAIGHT AHEAD"", ""TURNING LEFT""]",[],"[""N"", ""W""]","[""DRIVER""]","[""UNKNOWN""]","[""PERSONAL"", ""UNKNOWN/NA""]","[""2019"", ""2025""]","[""39"", ""48""]","[""NOT APPLICABLE""]","[""NONE""]","[""NO INDICATION OF INJURY""]","[""DRIVER""]","[""SAFETY BELT USED"", ""USAGE UNKNOWN""]","[""F"", ""M""]",[]
STRAIGHT AND LEVEL,1711,2025-09-23T08:35:00.000,3,8,9,7b7b652203afd7752db94fc721edaa6870d8d55a0042149419086ef2076fc06d4bb598f4971ede87dcf188ae98d6cb78163aca912bef8a4c97c6993368eb2297,NO INJURY / DRIVE AWAY,"OVER $1,500",2025-09-23T09:28:00.000,NO CONTROLS,REAR TO FRONT,,0,0,2,0,0,0,0,41.9909376311,DAYLIGHT,-87.7302207367,NO INDICATION OF INJURY,2,30,IMPROPER BACKING,ON SCENE,NO DEFECTS,DRY,UNABLE TO DETERMINE,N,KEYSTONE AVE,6024,NO CONTROLS,NOT DIVIDED,CLEAR,,,,,,,2,2,"{""coordinates"": [-87.730220736722, 41.990937631091], ""type"": ""Point""}","[""FRONT"", ""REAR-LEFT-CORNER""]","[""BACKING"", ""STRAIGHT AHEAD""]",[],"[""N"", ""S""]","[""DRIVER""]","[""UNKNOWN""]","[""COMMERCIAL - SINGLE UNIT"", ""PERSONAL""]","[""2002"", ""2019""]","[""16"", ""36""]","[""DID NOT DEPLOY""]","[""NONE""]","[""NO INDICATION OF INJURY""]","[""DRIVER""]","[""SAFETY BELT USED""]","[""F"", ""M""]",[]
STRAIGHT AND LEVEL,613,2025-09-23T08:37:00.000,3,8,9,ff7727aaeafd5e606fd8fb1837b6e230eb49a47db0030986641d56832a203a0c43a0f327aa274ed906b7be6b080b2f8c348aaf0ead3b80339206f6f644323fe2,INJURY AND / OR TOW DUE TO CRASH,"OVER $1,500",2025-09-23T08:40:00.000,NO CONTROLS,REAR END,,0,0,3,0,0,0,0,41.7360072434,DAYLIGHT,-87.6558341749,NO INDICATION OF INJURY,3,30,UNABLE TO DETERMINE,ON SCENE,NO DEFECTS,DRY,UNABLE TO DETERMINE,W,87TH ST,1300,NO CONTROLS,NOT DIVIDED,CLEAR,,,,,,,3,3,"{""coordinates"": [-87.655834174885, 41.736007243437], ""type"": ""Point""}","[""FRONT"", ""REAR""]","[""STRAIGHT AHEAD""]","[""Y""]","[""W""]","[""DRIVER""]","[""NONE"", ""UNKNOWN""]","[""PERSONAL""]","[""2011"", ""2014"", ""2016""]","[""31"", ""54""]","[""DID NOT DEPLOY"", ""NOT APPLICABLE""]","[""NONE""]","[""NO INDICATION OF INJURY""]","[""DRIVER""]","[""SAFETY BELT USED"", ""USAGE UNKNOWN""]","[""F"", ""M""]",[]
STRAIGHT AND LEVEL,2013,2025-09-23T08:38:00.000,3,8,9,29a1c2ea0065200aa87a4d235201ecc1f1918d6da4b43788fccae6dc9a64089813ea62e8ba3bdebaa185faf93d982ce1edb5748e826e438db3b364ee4b948875,NO INJURY / DRIVE AWAY,$500 OR LESS,2025-09-23T08:40:00.000,FUNCTIONING IMPROPERLY,SIDESWIPE SAME DIRECTION,,0,0,2,0,0,0,0,41.9849421111,DAYLIGHT,-87.6619890572,NO INDICATION OF INJURY,2,25,EQUIPMENT - VEHICLE CONDITION,ON SCENE,NO DEFECTS,WET,NOT APPLICABLE,N,RIDGE AVE,5661,TRAFFIC SIGNAL,DIVIDED - W/MEDIAN (NOT RAISED),CLOUDY/OVERCAST,,,,,,,2,2,"{""coordinates"": [-87.661989057176, 41.984942111084], ""type"": ""Point""}","[""SIDE-LEFT"", ""SIDE-RIGHT""]","[""STRAIGHT AHEAD""]",[],"[""N""]","[""DRIVER""]","[""NONE""]","[""PERSONAL"", ""SCHOOL BUS""]","[""2020"", ""2024""]","[""28"", ""29""]","[""NOT APPLICABLE""]","[""NONE""]","[""NO INDICATION OF INJURY""]","[""DRIVER""]","[""NONE PRESENT"", ""SAFETY BELT USED""]","[""F""]",[]