alignment,beat_of_occurrence,crash_date,crash_day_of_week,crash_hour,crash_month,crash_record_id,crash_type,damage,date_police_notified,device_condition,first_crash_type,hit_and_run_i,injuries_fatal,injuries_incapacitating,injuries_no_indication,injuries_non_incapacitating,injuries_reported_not_evident,injuries_total,injuries_unknown,latitude,lighting_condition,longitude,most_severe_injury,num_units,posted_speed_limit,prim_contributory_cause,report_type,road_defect,roadway_surface_cond,sec_contributory_cause,street_direction,street_name,street_no,traffic_control_device,trafficway_type,weather_condition,intersection_related_i,crash_date_est_i,private_property_i,statements_taken_i,photos_taken_i,work_zone_i,veh_count,ppl_count,location_json,veh_first_contact_point_list_json,veh_maneuver_list_json,veh_towed_i_list_json,veh_travel_direction_list_json,veh_unit_type_list_json,veh_vehicle_defect_list_json,veh_vehicle_use_list_json,veh_vehicle_year_list_json,ppl_age_list_json,ppl_airbag_deployed_list_json,ppl_ejection_list_json,ppl_injury_classification_list_json,ppl_person_type_list_json,ppl_safety_equipment_list_json,ppl_sex_list_json,ppl_seat_no_list_json
STRAIGHT AND LEVEL,513,2025-09-23T08:40:00.000,3,8,9,0a394ce3c37a244fa8a6368372487b3bc19d947400ae1370e4878045da8854e2a152104d76a2dcdc82796560234678a32904410795d2c7c2cb43b7e901c56069,NO INJURY / DRIVE AWAY,"$501 - $1,500",2025-09-23T10:30:00.000,NO CONTROLS,ANGLE,Y,0,0,2,0,0,0,0,41.6980137403,DAYLIGHT,-87.5957162753,NO INDICATION OF INJURY,2,15,FAILING TO YIELD RIGHT-OF-WAY,NOT ON SCENE (DESK REPORT),NO DEFECTS,DRY,NOT APPLICABLE,S,DOTY AVE W,10808,NO CONTROLS,PARKING LOT,CLEAR,,,,,,,2,2,"{""coordinates"": [-87.595716275323, 41.69801374029], ""type"": ""Point""}","[""REAR"", ""SIDE-RIGHT""]","[""BACKING"", ""STRAIGHT AHEAD""]",[],"[""S"", ""W""]","[""DRIVER""]","[""NONE"", ""UNKNOWN""]","[""PERSONAL""]","[""2002"", ""2019""]","[""83""]","[""DID NOT DEPLOY"", ""NOT APPLICABLE""]","[""NONE""]","[""NO INDICATION OF INJURY""]","[""DRIVER""]","[""SAFETY BELT USED"", ""USAGE UNKNOWN""]","[""F"", ""X""]",[]
STRAIGHT AND LEVEL,1214,2025-09-23T08:40:00.000,3,8,9,bfe4a43f35cd012e48c7dabc453485ba0bf9ce3a1caf7e5d4f32db8f3101d505860b3fb168051c971c19c0fd34c38e245b43b4afc424fc3c96482b71aa047a45,INJURY AND / OR TOW DUE TO CRASH,"$501 - $1,500",2025-09-23T08:47:00.000,NO CONTROLS,SIDESWIPE SAME DIRECTION,,0,0,1,1,0,1,0,41.8906162186,DAYLIGHT,-87.6524272086,NONINCAPACITATING INJURY,3,25,IMPROPER OVERTAKING/PASSING,ON SCENE,NO DEFECTS,DRY,DRIVING ON WRONG SIDE/WRONG WAY,N,MORGAN ST,456,STOP SIGN/FLASHER,NOT DIVIDED,CLEAR,,,,,,,3,2,"{""coordinates"": [-87.652427208608, 41.890616218646], ""type"": ""Point""}","[""FRONT"", ""FRONT-LEFT-CORNER"", ""OTHER""]","[""PARKED"", ""SLOW/STOP IN TRAFFIC"", ""STRAIGHT AHEAD""]","[""Y""]","[""N"", ""UNKNOWN""]","[""DRIVER"", ""PARKED""]","[""NONE""]","[""PERSONAL""]","[""2014"", ""2021"", ""2022""]","[""34"", ""38""]","[""DID NOT DEPLOY"", ""NOT APPLICABLE""]","[""NONE"", ""TOTALLY EJECTED""]","[""NO INDICATION OF INJURY"", ""NONINCAPACITATING INJURY""]","[""DRIVER""]","[""DOT COMPLIANT MOTORCYCLE HELMET"", ""SAFETY BELT USED""]","[""M""]",[]
STRAIGHT AND LEVEL,1713,2025-09-23T08:46:00.000,3,8,9,174ebe5af534eb09c4e74a4fba7e123a7cdeb52a8701104c166e56940679e31d50105ac65be7502711a85a0a8acf48c981790a2bb063c9cfc75bbf51259f7c8f,INJURY AND / OR TOW DUE TO CRASH,"$501 - $1,500",2025-09-23T08:47:00.000,NO CONTROLS,PEDALCYCLIST,,0,0,1,1,0,1,0,41.9654811695,DAYLIGHT,-87.7082352995,NONINCAPACITATING INJURY,2,30,NOT APPLICABLE,ON SCENE,NO DEFECTS,DRY,NOT APPLICABLE,N,KEDZIE AVE,4625,NO CONTROLS,DIVIDED - W/MEDIAN (NOT RAISED),CLEAR,,,,Y,,,2,2,"{""coordinates"": [-87.708235299512, 41.965481169489], ""type"": ""Point""}","[""SIDE-RIGHT-FRONT""]","[""TURNING RIGHT""]",[],"[""N""]","[""BICYCLE"", ""DRIVER""]","[""UNKNOWN""]","[""PERSONAL""]","[""2014""]","[""17"", ""34""]","[""NOT APPLICABLE""]","[""NONE"", ""UNKNOWN""]","[""NO INDICATION OF INJURY"", ""NONINCAPACITATING INJURY""]","[""BICYCLE"", ""DRIVER""]","[""HELMET NOT USED"", ""SAFETY BELT USED""]","[""M""]",[]
STRAIGHT AND LEVEL,1722,2025-09-23T08:48:00.000,3,8,9,8e5f1ab99b7611496b29e94db3d11068a22980e2a6075ba6e4c2d777a66e094298f441bc61a4a6070c805f60e7cdcc4b6bffcc9c1c2e4ae415f493689085cdea,NO INJURY / DRIVE AWAY,"OVER $1,500",2025-09-23T09:20:00.000,FUNCTIONING PROPERLY,REAR END,,0,0,3,0,0,0,0,41.964295766,DAYLIGHT,-87.745031434,NO INDICATION OF INJURY,2,30,UNABLE TO DETERMINE,NOT ON SCENE (DESK REPORT),UNKNOWN,DRY,UNABLE TO DETERMINE,W,WILSON AVE,4657,TRAFFIC SIGNAL,NOT DIVIDED,CLEAR,,,,,,,2,3,"{""coordinates"": [-87.745031433958, 41.964295765982], ""type"": ""Point""}","[""FRONT"", ""REAR""]","[""STRAIGHT AHEAD""]",[],"[""E""]","[""DRIVER""]","[""UNKNOWN""]","[""PERSONAL""]","[""2014"", ""2025""]","[""24"", ""34"", ""44""]","[""NOT APPLICABLE""]","[""NONE""]","[""NO INDICATION OF INJURY""]","[""DRIVER"", ""PASSENGER""]","[""SAFETY BELT USED""]","[""F""]","[""3""]"
STRAIGHT AND LEVEL,1411,2025-09-23T08:50:00.000,3,8,9,c3f1710e525153fc98144ea9865806398649eda0042194a223a49c8eb008e0ce20d3876b962806d3a95a853dff3866eb8d7b67fc8c3d166ad9477dcea98eeec0,NO INJURY / DRIVE AWAY,"$501 - $1,500",2025-09-23T08:50:00.000,NO CONTROLS,TURNING,,0,0,2,0,0,0,0,41.9287440784,DAYLIGHT,-87.7025753021,NO INDICATION OF INJURY,2,30,UNABLE TO DETERMINE,NOT ON SCENE (DESK REPORT),NO DEFECTS,DRY,NOT APPLICABLE,N,SACRAMENTO AVE,2600,NO CONTROLS,NOT DIVIDED,CLEAR,,,,,,,2,2,"{""coordinates"": [-87.702575302053, 41.928744078365], ""type"": ""Point""}","[""SIDE-LEFT-FRONT"", ""SIDE-RIGHT""]","[""MERGING"", ""TURNING LEFT""]",[],"[""S""]","[""DRIVER""]","[""NONE"", ""UNKNOWN""]","[""PERSONAL"", ""UNKNOWN/NA""]",[],"[""40"", ""57""]","[""DID NOT DEPLOY""]","[""NONE""]","[""NO INDICATION OF INJURY""]","[""DRIVER""]","[""SAFETY BELT USED"", ""USAGE UNKNOWN""]","[""F"", ""M""]",[]
STRAIGHT AND LEVEL,1613,2025-09-23T08:52:00.000,3,8,9,9927238d153bd850dfefa8840a0356f19cc672cc34bdd53a77c8618b4af0902466420d475230a8a282d027e2934e7e2bbce668f899b10cb8309f44e007495472,NO INJURY / DRIVE AWAY,"OVER $1,500",2025-09-23T09:45:00.000,FUNCTIONING PROPERLY,TURNING,,0,0,3,0,0,0,0,41.9756856697,DAYLIGHT,-87.7880204062,NO INDICATION OF INJURY,2,30,IMPROPER OVERTAKING/PASSING,NOT ON SCENE (DESK REPORT),NO DEFECTS,DRY,FAILING TO YIELD RIGHT-OF-WAY,N,NAGLE AVE,5200,TRAFFIC SIGNAL,NOT DIVIDED,CLOUDY/OVERCAST,,,,,,,2,3,"{""coordinates"": [-87.788020406203, 41.975685669719], ""type"": ""Point""}","[""FRONT-RIGHT-CORNER"", ""SIDE-LEFT""]","[""STRAIGHT AHEAD"", ""TURNING RIGHT""]",[],"[""S""]","[""DRIVER""]","[""NONE""]","[""PERSONAL""]","[""2014"", ""2017""]","[""35"", ""59""]","[""DID NOT DEPLOY"", ""NOT APPLICABLE""]","[""NONE""]","[""NO INDICATION OF INJURY""]","[""DRIVER"", ""PASSENGER""]","[""SAFETY BELT USED""]","[""F"", ""M""]","[""2""]"
STRAIGHT AND LEVEL,1133,2025-09-23T08:55:00.000,3,8,9,49818dc5884a976dabf8902e4e9cda711babcfc35194c48629f1542d98195dfe78fb7b1a56dfbd9acce53cc35ad9b2e3cab9543271dcbed0d2f81e11f78913e5,NO INJURY / DRIVE AWAY,"OVER $1,500",2025-09-23T09:15:00.000,UNKNOWN,TURNING,,0,0,3,0,0,0,0,41.8737367309,DAYLIGHT,-87.7109060035,NO INDICATION OF INJURY,2,30,UNABLE TO DETERMINE,NOT ON SCENE (DESK REPORT),NO DEFECTS,DRY,UNABLE TO DETERMINE,W,HARRISON ST,3400,UNKNOWN,T-INTERSECTION,CLEAR,Y,,,Y,Y,,2,3,"{""coordinates"": [-87.710906003482, 41.873736730932], ""type"": ""Point""}","[""FRONT-RIGHT-CORNER"", ""SIDE-LEFT""]","[""TURNING RIGHT""]",[],"[""E""]","[""DRIVER""]","[""NONE""]","[""PERSONAL""]","[""2016"", ""2020""]","[""29"", ""37""]","[""DID NOT DEPLOY""]","[""NONE""]","[""NO INDICATION OF INJURY""]","[""DRIVER"", ""PASSENGER""]","[""USAGE UNKNOWN""]","[""F"", ""M""]","[""3""]"
STRAIGHT AND LEVEL,1831,2025-09-23T09:00:00.000,3,9,9,d6aae772e34cd5044377af6934bff90ad92053656866c45ed094fa6c3ad451cd1459e45c5006955ffc5235b04c7798645527b9ec225b8487144a31a01089eaba,NO INJURY / DRIVE AWAY,"$501 - $1,500",2025-09-23T09:05:00.000,FUNCTIONING PROPERLY,SIDESWIPE SAME DIRECTION,,0,0,2,0,0,0,0,41.8891784369,DAYLIGHT,-87.6365902934,NO INDICATION OF INJURY,2,35,IMPROPER OVERTAKING/PASSING,ON SCENE,NO DEFECTS,DRY,UNABLE TO DETERMINE,N,ORLEANS ST,401,OTHER,NOT DIVIDED,CLEAR,,,,,,,2,2,"{""coordinates"": [-87.636590293353, 41.889178436896], ""type"": ""Point""}","[""FRONT-LEFT-CORNER"", ""FRONT-RIGHT-CORNER""]","[""PASSING/OVERTAKING"", ""STRAIGHT AHEAD""]",[],"[""N""]","[""DRIVER""]","[""NONE""]","[""UNKNOWN/NA""]","[""2019"", ""2025""]","[""50"", ""56""]","[""NOT APPLICABLE""]","[""NONE""]","[""NO INDICATION OF INJURY""]","[""DRIVER""]","[""SAFETY BELT USED""]","[""F"", ""M""]",[]
STRAIGHT AND LEVEL,1912,2025-09-23T09:00:00.000,3,9,9,dbdaad41ce75008f74553747b60de023affe21158f7486cfcb26633376708fa617d2764035a93f8e32acf0f0e1a71a1de016cadfcdbaaad27e0de3683b05dbf8,NO INJURY / DRIVE AWAY,"OVER $1,500",2025-09-23T19:00:00.000,UNKNOWN,PARKED MOTOR VEHICLE,,0,0,1,0,0,0,0,41.9672946884,UNKNOWN,-87.6711254832,NO INDICATION OF INJURY,2,30,IMPROPER OVERTAKING/PASSING,NOT ON SCENE (DESK REPORT),UNKNOWN,UNKNOWN,IMPROPER OVERTAKING/PASSING,N,PAULINA ST,4706,NO CONTROLS,ONE-WAY,UNKNOWN,,,,,,,2,1,"{""coordinates"": [-87.671125483153, 41.967294688379], ""type"": ""Point""}","[""SIDE-LEFT-FRONT"", ""UNKNOWN""]","[""PARKED"", ""STRAIGHT AHEAD""]",[],"[""S""]","[""DRIVER"", ""PARKED""]","[""UNKNOWN""]","[""COMMERCIAL - MULTI-UNIT"", ""PERSONAL""]","[""2013"", ""2016""]",[],"[""DEPLOYMENT UNKNOWN""]","[""NONE""]","[""NO INDICATION OF INJURY""]","[""DRIVER""]","[""USAGE UNKNOWN""]","[""M""]",[]
STRAIGHT AND LEVEL,1622,2025-09-23T09:10:00.000,3,9,9,04422cbadc34f74f365b17c9195b6e1290220a30c6ba7baaa8c8a80c289eb66fa430f24a1e112500d04a2c27053bba41baa51f990dbcfeacb3adc97380b0724f,NO INJURY / DRIVE AWAY,"OVER $1,500",2025-09-23T09:25:00.000,NO CONTROLS,TURNING,,0,0,2,0,0,0,0,41.9762311112,DAYLIGHT,-87.7873253083,NO INDICATION OF INJURY,2,30,IMPROPER TURNING/NO SIGNAL,NOT ON SCENE (DESK REPORT),NO DEFECTS,DRY,UNABLE TO DETERMINE,W,HIGGINS AVE,6356,NO CONTROLS,DIVIDED - W/MEDIAN (NOT RAISED),CLEAR,,,,,,,2,2,"{""coordinates"": [-87.787325308257, 41.976231111186], ""type"": ""Point""}","[""FRONT"", ""SIDE-RIGHT-FRONT""]","[""STRAIGHT AHEAD"", ""TURNING LEFT""]",[],"[""N"", ""NW""]","[""DRIVER""]","[""NONE"", ""UNKNOWN""]","[""PERSONAL""]","[""2003"", ""2023""]","[""34"", ""36""]","[""DID NOT DEPLOY""]","[""NONE""]","[""NO INDICATION OF INJURY""]","[""DRIVER""]","[""SAFETY BELT USED"", ""USAGE UNKNOWN""]","[""F""]",[]
STRAIGHT AND LEVEL,1232,2025-09-23T09:15:00.000,3,9,9,3b1d963b13a4b8b2b0d1a09fb9c6f0fac39db4279132cc8a8966f93a7c44bc73c316c9c76094d9bda5b722d1a948282237b63750cfa746d723f8df485faa9b31,NO INJURY / DRIVE AWAY,"OVER $1,500",2025-09-23T10:00:00.000,NO CONTROLS,PARKED MOTOR VEHICLE,Y,0,0,1,0,0,0,0,41.8809239593,DAYLIGHT,-87.6506918332,NO INDICATION OF INJURY,2,30,IMPROPER OVERTAKING/PASSING,NOT ON SCENE (DESK REPORT),NO DEFECTS,DRY,IMPROPER LANE USAGE,S,SANGAMON ST,25,NO CONTROLS,DIVIDED - W/MEDIAN (NOT RAISED),CLEAR,,,,,,,2,1,"{""coordinates"": [-87.650691833189, 41.88092395932], ""type"": ""Point""}","[""FRONT-LEFT-CORNER"", ""SIDE-RIGHT""]","[""PARKED"", ""PASSING/OVERTAKING""]",[],"[""N""]","[""DRIVER"", ""PARKED""]","[""NONE""]","[""OTHER"", ""PERSONAL""]","[""2022"", ""2025""]",[],"[""DID NOT DEPLOY""]","[""NONE""]","[""NO INDICATION OF INJURY""]","[""DRIVER""]","[""USAGE UNKNOWN""]","[""F""]",[]
STRAIGHT AND LEVEL,1925,2025-09-23T09:20:00.000,3,9,9,1aa59968633e2468956f4d6dfb06cc81654ed6bd8fc74be84d13b2109e3643a6d8bf376f94b1fb2fce392abcf33f3d64a44bbbbe495136002a92eaa0ad43cd52,INJURY AND / OR TOW DUE TO CRASH,"OVER $1,500",2025-09-23T13:30:00.000,UNKNOWN,SIDESWIPE OPPOSITE DIRECTION,,0,0,1,0,1,1,0,41.9401983227,DAYLIGHT,-87.6415450199,"REPORTED, NOT EVIDENT",2,30,UNABLE TO DETERMINE,,UNKNOWN,UNKNOWN,UNABLE TO DETERMINE,W,BELMONT AVE,450,UNKNOWN,NOT DIVIDED,CLEAR,,,,,,,2,2,"{""coordinates"": [-87.641545019915, 41.940198322732], ""type"": ""Point""}","[""FRONT-RIGHT-CORNER"", ""REAR-RIGHT-CORNER""]","[""CHANGING LANES"", ""STRAIGHT AHEAD""]",[],"[""UNKNOWN""]","[""DRIVER""]","[""UNKNOWN""]","[""PERSONAL""]","[""2013"", ""2014""]","[""30"", ""38""]","[""DEPLOYMENT UNKNOWN""]","[""UNKNOWN""]","[""NO INDICATION OF INJURY"", ""REPORTED, NOT EVIDENT""]","[""DRIVER""]","[""USAGE UNKNOWN""]","[""F"", ""M""]",[]
STRAIGHT AND LEVEL,1925,2025-09-23T09:20:00.000,3,9,9,960919d342e8a01e7f24540e55d8d072a3aeab4f5516e1266df56486840cc41233cc241f7c6a71ae53a96ab054c5ddfb128661d5398ff1dafbfc941fe70b4d39,NO INJURY / DRIVE AWAY,"OVER $1,500",2025-09-23T16:45:00.000,UNKNOWN,ANGLE,,0,0,2,0,0,0,0,41.9401983227,UNKNOWN,-87.6415450199,NO INDICATION OF INJURY,2,30,UNABLE TO DETERMINE,NOT ON SCENE (DESK REPORT),UNKNOWN,UNKNOWN,UNABLE TO DETERMINE,W,BELMONT AVE,450,UNKNOWN,NOT DIVIDED,UNKNOWN,,,,,,,2,2,"{""coordinates"": [-87.641545019915, 41.940198322732], ""type"": ""Point""}","[""FRONT"", ""SIDE-RIGHT""]","[""UNKNOWN/NA""]",[],"[""NW"", ""UNKNOWN""]","[""DRIVER""]","[""UNKNOWN""]","[""UNKNOWN/NA""]","[""2013"", ""2014""]","[""30"", ""38""]","[""DEPLOYMENT UNKNOWN""]","[""UNKNOWN""]","[""NO INDICATION OF INJURY""]","[""DRIVER""]","[""USAGE UNKNOWN""]","[""F"", ""M""]",[]
STRAIGHT AND LEVEL,1215,2025-09-23T09:30:00.000,3,9,9,203dbd63b9655bef7fc42a6f57fe2410f889f313caa1a6164d896bd3a3fd36fb3cd04a0dc1ef38d8840df48bd9b73566ad390b3ced02d2ce5966aa11e053a770,NO INJURY / DRIVE AWAY,$500 OR LESS,2025-09-23T10:38:00.000,NO CONTROLS,SIDESWIPE SAME DIRECTION,,0,0,2,0,0,0,0,41.8916241257,DAYLIGHT,-87.6685321636,NO INDICATION OF INJURY,2,15,IMPROPER OVERTAKING/PASSING,NOT ON SCENE (DESK REPORT),NO DEFECTS,DRY,NOT APPLICABLE,N,MARSHFIELD AVE,520,NO CONTROLS,ONE-WAY,CLOUDY/OVERCAST,,,,,,,2,2,"{""coordinates"": [-87.668532163583, 41.891624125683], ""type"": ""Point""}","[""SIDE-LEFT"", ""SIDE-RIGHT""]","[""STRAIGHT AHEAD""]",[],"[""S""]","[""DRIVER""]","[""NONE""]","[""SCHOOL BUS"", ""STATE OWNED""]","[""2020""]","[""68""]","[""DEPLOYMENT UNKNOWN"", ""NOT APPLICABLE""]","[""NONE""]","[""NO INDICATION OF INJURY""]","[""DRIVER""]","[""USAGE UNKNOWN""]","[""M""]",[]
STRAIGHT AND LEVEL,1831,2025-09-23T09:30:00.000,3,9,9,34be7c2db3e3075bdd7085c876ca916b7a378b0e6378c295f846630ca254962b4852c8a30df8f499240d6baf724917aedf94d19417b05cd5d3946e8322dd0faa,NO INJURY / DRIVE AWAY,"OVER $1,500",2025-09-24T18:15:00.000,NO CONTROLS,PARKED MOTOR VEHICLE,Y,0,0,1,0,0,0,0,41.8942097339,DAYLIGHT,-87.6369624484,NO INDICATION OF INJURY,2,30,FAILING TO REDUCE SPEED TO AVOID CRASH,NOT ON SCENE (DESK REPORT),UNKNOWN,UNKNOWN,UNABLE TO DETERMINE,N,ORLEANS ST,665,NO CONTROLS,DIVIDED - W/MEDIAN (NOT RAISED),UNKNOWN,,,,,,,2,1,"{""coordinates"": [-87.636962448449, 41.894209733924], ""type"": ""Point""}","[""UNKNOWN""]","[""PARKED"", ""UNKNOWN/NA""]",[],"[""N"", ""UNKNOWN""]","[""DRIVER"", ""PARKED""]","[""NONE"", ""UNKNOWN""]","[""NOT IN USE"", ""UNKNOWN/NA""]","[""2011""]",[],"[""DEPLOYMENT UNKNOWN""]","[""NONE""]","[""NO INDICATION OF INJURY""]","[""DRIVER""]","[""USAGE UNKNOWN""]","[""X""]",[]
STRAIGHT AND LEVEL,1712,2025-09-23T09:30:00.000,3,9,9,8ae47b27ed9e7c57f80d99bcf131591d37e4b5ba55aafd496905027c7e8a9a9874ae5c8d2d78c10b321ad7b2689f489ea940a924ae630b9e7ba896ffe3188021,NO INJURY / DRIVE AWAY,"OVER $1,500",2025-09-23T17:30:00.000,NO CONTROLS,PARKED MOTOR VEHICLE,Y,0,0,1,0,0,0,0,41.9720054071,DAYLIGHT,-87.7271379595,NO INDICATION OF INJURY,2,20,UNABLE TO DETERMINE,NOT ON SCENE (DESK REPORT),NO DEFECTS,WET,NOT APPLICABLE,W,ARGYLE ST,3934,NO CONTROLS,DIVIDED - W/MEDIAN (NOT RAISED),RAIN,,,,,,,2,1,"{""coordinates"": [-87.72713795952, 41.972005407104], ""type"": ""Point""}","[""REAR-LEFT-CORNER"", ""UNKNOWN""]","[""PARKED"", ""UNKNOWN/NA""]",[],"[""UNKNOWN"", ""W""]","[""DRIVER"", ""PARKED""]","[""NONE"", ""UNKNOWN""]","[""NOT IN USE"", ""UNKNOWN/NA""]","[""2018""]",[],"[""DEPLOYMENT UNKNOWN""]","[""UNKNOWN""]","[""NO INDICATION OF INJURY""]","[""DRIVER""]","[""USAGE UNKNOWN""]","[""X""]",[]
STRAIGHT AND LEVEL,1633,2025-09-23T09:30:00.000,3,9,9,fd63740e7b53e3f6d3b0042cd1822fff984f78bb733008f90bef2b2e58e05d61867acecaddbe9bf8ca1dcd87ff1035f43f88a11c187678b810ebe53587bcf4bc,NO INJURY / DRIVE AWAY,"OVER $1,500",2025-09-23T09:35:00.000,NO CONTROLS,PARKED MOTOR VEHICLE,,0,0,1,0,0,0,0,41.9448461391,DAYLIGHT,-87.7673731352,NO INDICATION OF INJURY,3,35,PHYSICAL CONDITION OF DRIVER,ON SCENE,NO DEFECTS,WET,NOT APPLICABLE,W,EDDY ST,5615,NO CONTROLS,NOT DIVIDED,RAIN,,,,,,,3,1,"{""coordinates"": [-87.76737313516, 41.944846139062], ""type"": ""Point""}","[""FRONT-RIGHT-CORNER"", ""REAR"", ""REAR-LEFT-CORNER""]","[""PARKED"", ""U-TURN""]",[],"[""E"", ""S""]","[""DRIVER"", ""PARKED""]","[""NONE""]","[""NOT IN USE"", ""PERSONAL""]","[""2020"", ""2021""]","[""55""]","[""NOT APPLICABLE""]","[""NONE""]","[""NO INDICATION OF INJURY""]","[""DRIVER""]","[""SAFETY BELT USED""]","[""F""]",[]
STRAIGHT AND LEVEL,1624,2025-09-23T09:45:00.000,3,9,9,97fc0b7b12ca6dc7c69d86bf58e9a9345e160d78ec86dcc076e5bd7e889f40d28e10ee28a5a7e02f06ba12c710d676bd064b69ebe833bb0159d8b473047ff06c,INJURY AND / OR TOW DUE TO CRASH,"OVER $1,500",2025-09-23T09:50:00.000,FUNCTIONING PROPERLY,HEAD ON,,0,0,2,0,0,0,0,41.9606690343,DUSK,-87.7476776088,NO INDICATION OF INJURY,2,30,FAILING TO YIELD RIGHT-OF-WAY,ON SCENE,NO DEFECTS,WET,NOT APPLICABLE,N,CICERO AVE,4398,TRAFFIC SIGNAL,NOT DIVIDED,RAIN,Y,,,,,,2,2,"{""coordinates"": [-87.747677608769, 41.960669034258], ""type"": ""Point""}","[""FRONT""]","[""OTHER"", ""STRAIGHT AHEAD""]","[""Y""]","[""E"", ""W""]","[""DRIVER""]","[""NONE""]","[""PERSONAL""]","[""2003"", ""2011""]","[""61"", ""70""]","[""DEPLOYED, FRONT"", ""DID NOT DEPLOY""]","[""NONE""]","[""NO INDICATION OF INJURY""]","[""DRIVER""]","[""SAFETY BELT USED""]","[""M""]",[]
STRAIGHT AND LEVEL,831,2025-09-23T09:45:00.000,3,9,9,f19d3a82181254d1ef96df1a522580b2700918ed79f8f9c3c594755f8b622138c7c9558776ea7637d573a21875950e595e139f75f8c4c83f00aae986be6d940f,INJURY AND / OR TOW DUE TO CRASH,"OVER $1,500",2025-09-23T11:10:00.000,UNKNOWN,PARKED MOTOR VEHICLE,,0,0,1,0,0,0,0,41.761890845,DAYLIGHT,-87.7077747933,NO INDICATION OF INJURY,2,30,UNABLE TO DETERMINE,NOT ON SCENE (DESK REPORT),UNKNOWN,DRY,NOT APPLICABLE,S,HOMAN AVE,7216,UNKNOWN,NOT DIVIDED,CLEAR,,,,,,,2,1,"{""coordinates"": [-87.707774793258, 41.761890845027], ""type"": ""Point""}","[""FRONT-LEFT-CORNER""]","[""OTHER"", ""PARKED""]","[""Y""]","[""N"", ""S""]","[""DRIVER"", ""PARKED""]","[""NONE""]","[""UNKNOWN/NA""]","[""2010"", ""2017""]","[""45""]","[""DEPLOYMENT UNKNOWN""]","[""NONE""]","[""NO INDICATION OF INJURY""]","[""DRIVER""]","[""SAFETY BELT USED""]","[""M""]",[]
STRAIGHT AND LEVEL,413,2025-09-23T10:00:00.000,3,10,9,6b318815e8577c7cf18c8040d5f194ddcb778070f99c8c5e3ee4d37b2a4652115795ccea78f04099b1f8924e3bce60524db8c66dfc105d7726a7b0b65554f0e4,NO INJURY / DRIVE AWAY,"OVER $1,500",2025-09-23T10:45:00.000,FUNCTIONING PROPERLY,TURNING,,0,0,3,0,0,0,0,41.7223866861,DAYLIGHT,-87.5849837002,NO INDICATION OF INJURY,2,30,IMPROPER TURNING/NO SIGNAL,NOT ON SCENE (DESK REPORT),NO DEFECTS,DRY,NOT APPLICABLE,S,STONY ISLAND AVE,9499,TRAFFIC SIGNAL,NOT DIVIDED,CLEAR,Y,,,,,,2,3,"{""coordinates"": [-87.584983700227, 41.722386686132], ""type"": ""Point""}","[""FRONT-RIGHT-CORNER"", ""SIDE-LEFT""]","[""TURNING LEFT""]",[],"[""SW""]","[""DRIVER""]","[""NONE"", ""UNKNOWN""]","[""PERSONAL""]","[""2025"", ""2026""]","[""36"", ""46""]","[""DID NOT DEPLOY"", ""NOT APPLICABLE""]","[""NONE""]","[""NO INDICATION OF INJURY""]","[""DRIVER"", ""PASSENGER""]","[""SAFETY BELT USED"", ""USAGE UNKNOWN""]","[""F""]","[""2""]"
STRAIGHT AND LEVEL,711,2025-09-23T10:00:00.000,3,10,9,7ad08dedec81731487880dc1d788a6f93edacf13abdba27b6238dd550a5d5f6debed43f8cf7cbda007eeb37f1884761439ccb5af271b1fc033d6a9e9b5b10a55,NO INJURY / DRIVE AWAY,"$501 - $1,500",2025-09-23T10:25:00.000,FUNCTIONING PROPERLY,SIDESWIPE SAME DIRECTION,,0,0,2,0,0,0,0,41.7940818811,DAYLIGHT,-87.6331347033,NO INDICATION OF INJURY,2,30,WEATHER,NOT ON SCENE (DESK REPORT),UNKNOWN,WET,UNABLE TO DETERMINE,S,PRINCETON AVE,5500,STOP SIGN/FLASHER,UNKNOWN INTERSECTION TYPE,RAIN,Y,,,,,,2,2,"{""coordinates"": [-87.633134703265, 41.794081881074], ""type"": ""Point""}","[""OTHER""]","[""STRAIGHT AHEAD""]",[],"[""E""]","[""DRIVER""]","[""NONE"", ""UNKNOWN""]","[""COMMERCIAL - SINGLE UNIT"", ""TAXI/FOR HIRE""]","[""2023""]","[""53""]","[""DEPLOYMENT UNKNOWN"", ""NOT APPLICABLE""]","[""NONE""]","[""NO INDICATION OF INJURY""]","[""DRIVER""]","[""USAGE UNKNOWN""]","[""M""]",[]
STRAIGHT AND LEVEL,413,2025-09-23T10:00:00.000,3,10,9,921d12f7843a0b6f7ff2956c2fa92ef20c1a3a8801488dcda286652a4d6ca8bb1895b1ae93db1638f51cc89c46fa179354ff06886f8da9fbe303f9a7f6127c00,NO INJURY / DRIVE AWAY,"OVER $1,500",2025-09-23T10:30:00.000,FUNCTIONING PROPERLY,SIDESWIPE SAME DIRECTION,,0,0,2,0,0,0,0,41.722449457,DAYLIGHT,-87.5850035691,NO INDICATION OF INJURY,2,35,DRIVING SKILLS/KNOWLEDGE/EXPERIENCE,NOT ON SCENE (DESK REPORT),NO DEFECTS,DRY,UNABLE TO DETERMINE,E,95TH ST,1600,TRAFFIC SIGNAL,NOT DIVIDED,CLEAR,,,,,,,2,2,"{""coordinates"": [-87.585003569109, 41.722449457011], ""type"": ""Point""}","[""FRONT-RIGHT-CORNER"", ""SIDE-LEFT-REAR""]","[""STRAIGHT AHEAD""]",[],"[""W""]","[""DRIVER""]","[""NONE""]","[""PERSONAL""]","[""2025""]","[""36"", ""46""]","[""DID NOT DEPLOY"", ""NOT APPLICABLE""]","[""NONE""]","[""NO INDICATION OF INJURY""]","[""DRIVER""]","[""SAFETY BELT USED""]","[""F""]",[]