alignment,beat_of_occurrence,crash_date,crash_day_of_week,crash_hour,crash_month,crash_record_id,crash_type,damage,date_police_notified,device_condition,first_crash_type,hit_and_run_i,injuries_fatal,injuries_incapacitating,injuries_no_indication,injuries_non_incapacitating,injuries_reported_not_evident,injuries_total,injuries_unknown,latitude,lighting_condition,longitude,most_severe_injury,num_units,posted_speed_limit,prim_contributory_cause,report_type,road_defect,roadway_surface_cond,sec_contributory_cause,street_direction,street_name,street_no,traffic_control_device,trafficway_type,weather_condition,intersection_related_i,crash_date_est_i,private_property_i,statements_taken_i,photos_taken_i,work_zone_i,veh_count,ppl_count,location_json,veh_first_contact_point_list_json,veh_maneuver_list_json,veh_towed_i_list_json,veh_travel_direction_list_json,veh_unit_type_list_json,veh_vehicle_defect_list_json,veh_vehicle_use_list_json,veh_vehicle_year_list_json,ppl_age_list_json,ppl_airbag_deployed_list_json,ppl_ejection_list_json,ppl_injury_classification_list_json,ppl_person_type_list_json,ppl_safety_equipment_list_json,ppl_sex_list_json,ppl_seat_no_list_json
STRAIGHT AND LEVEL,331,2025-09-23T10:00:00.000,3,10,9,c64e464879ca0fe9134de412f1be245188213f73df026e7dc7016d050a3f59e2462d1f433db11906b24ed9c3df1b5f3b1db6d6e36a8c8a07b6cd57171ce6cf30,NO INJURY / DRIVE AWAY,"$501 - $1,500",2025-09-23T10:06:00.000,NO CONTROLS,TURNING,,0,0,3,0,0,0,0,41.7733831153,DAYLIGHT,-87.5741918671,NO INDICATION OF INJURY,2,30,IMPROPER TURNING/NO SIGNAL,ON SCENE,NO DEFECTS,WET,NOT APPLICABLE,S,CLYDE AVE,6700,NO CONTROLS,ONE-WAY,RAIN,,Y,,,,,2,3,"{""coordinates"": [-87.574191867149, 41.773383115302], ""type"": ""Point""}","[""SIDE-LEFT"", ""SIDE-RIGHT""]","[""TURNING RIGHT""]",[],"[""S""]","[""DRIVER""]","[""NONE""]","[""OTHER""]","[""2006"", ""2017""]","[""48"", ""51""]","[""DID NOT DEPLOY"", ""NOT APPLICABLE""]","[""NONE""]","[""NO INDICATION OF INJURY""]","[""DRIVER"", ""PASSENGER""]","[""USAGE UNKNOWN""]","[""M""]","[""3""]"
STRAIGHT AND LEVEL,2522,2025-09-23T10:00:00.000,3,10,9,c9bdae3f2f3aee5ce34ea3e3030031ebbd7a92fd56fb154911300f86e8a8bce08ad98cf3edf9de7cc399ad178fb7d4dee91cca7c29a56118103e8f0333cc17cc,NO INJURY / DRIVE AWAY,"OVER $1,500",2025-09-23T14:20:00.000,NO CONTROLS,PARKED MOTOR VEHICLE,Y,0,0,1,0,0,0,0,41.9187270738,UNKNOWN,-87.7397310745,NO INDICATION OF INJURY,2,35,UNABLE TO DETERMINE,NOT ON SCENE (DESK REPORT),UNKNOWN,UNKNOWN,UNABLE TO DETERMINE,W,DICKENS AVE,4521,NO CONTROLS,ONE-WAY,UNKNOWN,,,,,,,2,1,"{""coordinates"": [-87.739731074542, 41.918727073848], ""type"": ""Point""}","[""FRONT"", ""UNKNOWN""]","[""BACKING"", ""PARKED""]",[],"[""E""]","[""DRIVER"", ""PARKED""]","[""UNKNOWN""]","[""PERSONAL"", ""UNKNOWN/NA""]","[""2011""]",[],"[""DEPLOYMENT UNKNOWN""]","[""NONE""]","[""NO INDICATION OF INJURY""]","[""DRIVER""]","[""USAGE UNKNOWN""]","[""X""]",[]
STRAIGHT AND LEVEL,1014,2025-09-23T10:00:00.000,3,10,9,da6b106e88a7331e40be46fc5db42820972ecce8e7737715292c60ce8586c35b96dbbcee568ac902d1201ae2c5a484337f7d13dc79c0dabed28b8a7b5460bc5a,NO INJURY / DRIVE AWAY,"OVER $1,500",2025-09-24T13:20:00.000,NO CONTROLS,PARKED MOTOR VEHICLE,Y,0,0,1,0,0,0,0,41.8517414578,DAYLIGHT,-87.7176782758,NO INDICATION OF INJURY,2,25,UNABLE TO DETERMINE,NOT ON SCENE (DESK REPORT),UNKNOWN,UNKNOWN,UNABLE TO DETERMINE,W,CERMAK RD,3704,NO CONTROLS,NOT DIVIDED,CLEAR,,,,,,,2,1,"{""coordinates"": [-87.717678275774, 41.851741457784], ""type"": ""Point""}","[""FRONT"", ""UNKNOWN""]","[""PARKED"", ""UNKNOWN/NA""]",[],"[""E"", ""UNKNOWN""]","[""DRIVER"", ""PARKED""]","[""NONE"", ""UNKNOWN""]","[""PERSONAL"", ""UNKNOWN/NA""]","[""2014""]",[],"[""DEPLOYMENT UNKNOWN""]","[""NONE""]","[""NO INDICATION OF INJURY""]","[""DRIVER""]","[""USAGE UNKNOWN""]","[""X""]",[]
STRAIGHT AND LEVEL,935,2025-09-23T10:05:00.000,3,10,9,a1b80e1ffab8a8537ebc74218a36ad976491d029f3dc6548c2980275ec17335f56508ae2b50972a27a413c60b6aba14a81a3b32a26fb7b155afab724e67aaede,INJURY AND / OR TOW DUE TO CRASH,"OVER $1,500",2025-09-23T11:00:00.000,NO CONTROLS,FIXED OBJECT,,0,0,1,0,0,0,0,41.8046699066,DAYLIGHT,-87.6452766673,NO INDICATION OF INJURY,1,35,UNABLE TO DETERMINE,ON SCENE,NO DEFECTS,DRY,UNABLE TO DETERMINE,S,HALSTED ST,4915,NO CONTROLS,NOT DIVIDED,CLEAR,,,,,,,1,1,"{""coordinates"": [-87.645276667339, 41.804669906582], ""type"": ""Point""}","[""TOP""]","[""STRAIGHT AHEAD""]","[""Y""]","[""N""]","[""DRIVER""]","[""UNKNOWN""]","[""OTHER""]","[""2024""]","[""38""]","[""DID NOT DEPLOY""]","[""NONE""]","[""NO INDICATION OF INJURY""]","[""DRIVER""]","[""SAFETY BELT USED""]","[""M""]",[]
STRAIGHT AND LEVEL,621,2025-09-23T10:06:00.000,3,10,9,1a9ca32f531178cd5d78a9fc9eef8ade7e2808fb00418221dccbcb178d861f30ab3eed3720e09aaa6205ddf52413703151297273170e3ab6ae3730393f74be7f,INJURY AND / OR TOW DUE TO CRASH,"OVER $1,500",2025-09-23T10:06:00.000,FUNCTIONING PROPERLY,REAR END,,0,0,2,1,0,1,0,41.74906391,DAYLIGHT,-87.6348132892,NONINCAPACITATING INJURY,2,30,FAILING TO REDUCE SPEED TO AVOID CRASH,ON SCENE,NO DEFECTS,WET,WEATHER,S,VINCENNES AVE,7958,STOP SIGN/FLASHER,FOUR WAY,RAIN,Y,,,,,,2,3,"{""coordinates"": [-87.634813289233, 41.749063909951], ""type"": ""Point""}","[""FRONT"", ""REAR""]","[""SLOW/STOP IN TRAFFIC"", ""STRAIGHT AHEAD""]",[],"[""S""]","[""DRIVER""]","[""UNKNOWN""]","[""PERSONAL"", ""RIDESHARE SERVICE""]","[""2003"", ""2024""]","[""26"", ""45"", ""55""]","[""DID NOT DEPLOY""]","[""NONE""]","[""NO INDICATION OF INJURY"", ""NONINCAPACITATING INJURY""]","[""DRIVER"", ""PASSENGER""]","[""USAGE UNKNOWN""]","[""F"", ""M""]","[""6""]"
STRAIGHT AND LEVEL,1115,2025-09-23T10:13:00.000,3,10,9,f9a3a431312f58f0f7eadf727f87cf0be4ecbb56be6b4cc2918715cb3667709997f442c7004ad02ee0e9326beb23c1d14e371997567b9473624a50fbf50ad78c,NO INJURY / DRIVE AWAY,"OVER $1,500",2025-09-23T10:23:00.000,NO CONTROLS,PARKED MOTOR VEHICLE,,0,0,2,0,0,0,0,41.8805729149,DAYLIGHT,-87.7293055839,NO INDICATION OF INJURY,2,30,EQUIPMENT - VEHICLE CONDITION,ON SCENE,NO DEFECTS,WET,NOT APPLICABLE,W,MADISON ST,4129,NO CONTROLS,DIVIDED - W/MEDIAN (NOT RAISED),RAIN,,,,,,,2,2,"{""coordinates"": [-87.729305583937, 41.880572914876], ""type"": ""Point""}","[""OTHER"", ""SIDE-LEFT""]","[""PARKED"", ""STRAIGHT AHEAD""]",[],"[""W""]","[""DRIVER"", ""PARKED""]","[""NONE"", ""OTHER""]","[""CONSTRUCTION/MAINTENANCE"", ""PERSONAL""]","[""2015"", ""2018""]","[""22"", ""24""]","[""DID NOT DEPLOY""]","[""NONE""]","[""NO INDICATION OF INJURY""]","[""DRIVER"", ""PASSENGER""]","[""SAFETY BELT USED""]","[""M""]","[""3""]"
STRAIGHT AND LEVEL,233,2025-09-23T10:20:00.000,3,10,9,b09fd6f869f21fb2e1a7e68323595817e9eadada7f768a9bd746de55d13e7e46e7137d49f7358c56598aec6e7bacf962a67744abd20d39ee1c063904cd2c7899,NO INJURY / DRIVE AWAY,"OVER $1,500",2025-09-23T18:30:00.000,UNKNOWN,REAR END,,0,0,2,0,0,0,0,41.8022206334,DAYLIGHT,-87.60655293,NO INDICATION OF INJURY,2,25,UNABLE TO DETERMINE,NOT ON SCENE (DESK REPORT),UNKNOWN,UNKNOWN,UNABLE TO DETERMINE,S,COTTAGE GROVE AVE,5100,UNKNOWN,UNKNOWN,UNKNOWN,,,,,,,2,2,"{""coordinates"": [-87.606552929969, 41.802220633425], ""type"": ""Point""}","[""FRONT"", ""REAR""]","[""UNKNOWN/NA""]",[],"[""S""]","[""DRIVER""]","[""UNKNOWN""]","[""PERSONAL""]","[""2016"", ""2021""]","[""41""]","[""DEPLOYMENT UNKNOWN""]","[""NONE""]","[""NO INDICATION OF INJURY""]","[""DRIVER""]","[""USAGE UNKNOWN""]","[""F"", ""M""]",[]
STRAIGHT AND LEVEL,1212,2025-09-23T10:20:00.000,3,10,9,d144092f0a1bc5b10f44b690d85c15b31e6fbd707b40249f6764ad7ab8fc6a5cfde3656ff032f19684a294eba1f3215d18bfbc276400498f954cc39f1eec4bfc,INJURY AND / OR TOW DUE TO CRASH,"OVER $1,500",2025-09-23T10:50:00.000,NO CONTROLS,REAR END,,0,0,3,0,1,1,0,41.9029129194,DAYLIGHT,-87.6867479807,"REPORTED, NOT EVIDENT",2,30,FAILING TO REDUCE SPEED TO AVOID CRASH,NOT ON SCENE (DESK REPORT),NO DEFECTS,WET,FOLLOWING TOO CLOSELY,W,DIVISION ST,2355,NO CONTROLS,NOT DIVIDED,RAIN,,,,,,,2,4,"{""coordinates"": [-87.686747980706, 41.902912919391], ""type"": ""Point""}","[""FRONT"", ""REAR""]","[""SLOW/STOP IN TRAFFIC"", ""STRAIGHT AHEAD""]",[],"[""E""]","[""DRIVER""]","[""UNKNOWN""]","[""PERSONAL"", ""UNKNOWN/NA""]","[""2011"", ""2016""]","[""43"", ""53"", ""59"", ""74""]","[""DID NOT DEPLOY"", ""NOT APPLICABLE""]","[""NONE""]","[""NO INDICATION OF INJURY"", ""REPORTED, NOT EVIDENT""]","[""DRIVER"", ""PASSENGER""]","[""SAFETY BELT USED"", ""USAGE UNKNOWN""]","[""F"", ""M""]","[""3"", ""6""]"
STRAIGHT AND LEVEL,2033,2025-09-23T10:24:00.000,3,10,9,fa54dfbd1a7394184a91f65de8240d7c3eeef40d36c0bfb8005093ebadaa1d87862cd2f1696ba487792c9c2c06e8be03cbc19b9073e1a1bd777ea1f198754804,NO INJURY / DRIVE AWAY,"OVER $1,500",2025-09-23T10:38:00.000,NO CONTROLS,PARKED MOTOR VEHICLE,,0,0,1,0,0,0,0,41.9721527685,DAYLIGHT,-87.6612736407,NO INDICATION OF INJURY,3,25,IMPROPER BACKING,,NO DEFECTS,WET,NOT APPLICABLE,N,MAGNOLIA AVE,4916,NO CONTROLS,NOT DIVIDED,CLOUDY/OVERCAST,,,,,,,3,1,"{""coordinates"": [-87.661273640687, 41.972152768527], ""type"": ""Point""}","[""REAR-LEFT-CORNER"", ""UNKNOWN""]","[""BACKING"", ""PARKED""]",[],"[""N""]","[""DRIVER"", ""PARKED""]","[""NONE""]","[""PERSONAL""]","[""2013"", ""2016"", ""2019""]","[""76""]","[""NOT APPLICABLE""]","[""NONE""]","[""NO INDICATION OF INJURY""]","[""DRIVER""]","[""USAGE UNKNOWN""]","[""M""]",[]
STRAIGHT AND LEVEL,1434,2025-09-23T10:52:00.000,3,10,9,332ddb9dc146628060cd5eac49cc67dae79b1ff55149f36c645170c8644880f2936e2bf9447c87c64443426f72d7a381f7e3c9e0e7856c3fb2e5ef366cf7927c,INJURY AND / OR TOW DUE TO CRASH,"OVER $1,500",2025-09-23T10:52:00.000,NO CONTROLS,REAR END,,0,0,2,0,0,0,0,41.9116764278,DAYLIGHT,-87.6792460546,NO INDICATION OF INJURY,2,30,UNABLE TO DETERMINE,ON SCENE,NO DEFECTS,WET,NOT APPLICABLE,N,MILWAUKEE AVE,1661,NO CONTROLS,NOT DIVIDED,RAIN,,,,,,,2,2,"{""coordinates"": [-87.679246054633, 41.911676427823], ""type"": ""Point""}","[""FRONT"", ""REAR""]","[""SLOW/STOP IN TRAFFIC"", ""STRAIGHT AHEAD""]","[""Y""]","[""N""]","[""DRIVER""]","[""NONE""]","[""PERSONAL""]","[""2006"", ""2013""]","[""28"", ""63""]","[""DEPLOYED, FRONT"", ""DID NOT DEPLOY""]","[""NONE""]","[""NO INDICATION OF INJURY""]","[""DRIVER""]","[""SAFETY BELT USED""]","[""M""]",[]
STRAIGHT AND LEVEL,111,2025-09-23T10:57:00.000,3,10,9,7e750538c14ec8dbe5f29375f8064986d0eb722d2098e0f86e26bdfd2d6e6f3e82cf15c789fe68d94de5b5dee40daee80cdfb561c3c020111665dbd7ea73bbbb,NO INJURY / DRIVE AWAY,"OVER $1,500",2025-09-23T11:40:00.000,NO CONTROLS,SIDESWIPE SAME DIRECTION,,0,0,2,0,0,0,0,41.8869192334,DAYLIGHT,-87.624625556,NO INDICATION OF INJURY,2,30,FAILING TO YIELD RIGHT-OF-WAY,ON SCENE,NO DEFECTS,WET,NOT APPLICABLE,E,WACKER PL,80,NO CONTROLS,NOT DIVIDED,CLEAR,,,,,,,2,2,"{""coordinates"": [-87.624625555986, 41.886919233411], ""type"": ""Point""}","[""FRONT-LEFT-CORNER"", ""SIDE-RIGHT-FRONT""]","[""CHANGING LANES"", ""STRAIGHT AHEAD""]",[],"[""W""]","[""DRIVER""]","[""NONE""]","[""PERSONAL""]","[""2015"", ""2022""]","[""39"", ""55""]","[""DID NOT DEPLOY"", ""NOT APPLICABLE""]","[""NONE""]","[""NO INDICATION OF INJURY""]","[""DRIVER""]","[""SAFETY BELT USED""]","[""M""]",[]
STRAIGHT AND LEVEL,1613,2025-09-23T11:00:00.000,3,11,9,437b29c45b40babc4cdf839af7a6ea63c760d192b406d9170e606a012ba1aa7612e34bb2339e7e4a798dd0d61668e55fdc07fa968ecb5dde82891adae088f016,NO INJURY / DRIVE AWAY,"OVER $1,500",2025-09-23T11:03:00.000,NO CONTROLS,PARKED MOTOR VEHICLE,Y,0,0,1,0,0,0,0,41.9792169069,DAYLIGHT,-87.8068381631,NO INDICATION OF INJURY,2,20,DRIVING SKILLS/KNOWLEDGE/EXPERIENCE,ON SCENE,NO DEFECTS,DRY,UNABLE TO DETERMINE,N,HARLEM AVE,5401,NO CONTROLS,PARKING LOT,CLEAR,,Y,N,,,,2,1,"{""coordinates"": [-87.806838163137, 41.979216906928], ""type"": ""Point""}","[""REAR""]","[""BACKING"", ""PARKED""]",[],"[""UNKNOWN""]","[""DRIVER"", ""PARKED""]","[""NONE""]","[""PERSONAL""]","[""2007"", ""2009""]",[],"[""NOT APPLICABLE""]","[""NONE""]","[""NO INDICATION OF INJURY""]","[""DRIVER""]","[""USAGE UNKNOWN""]","[""M""]",[]
STRAIGHT AND LEVEL,1214,2025-09-23T11:00:00.000,3,11,9,836a5fa396b4273df9597c7d3d3077f9cf0c2fb42a28acd1fbf1dd69919a63731156a582e40d167414893d90164486f60e3464a35b3786ff432a5a1d254f0756,NO INJURY / DRIVE AWAY,"OVER $1,500",2025-09-23T13:45:00.000,NO CONTROLS,FIXED OBJECT,,0,0,1,0,0,0,0,41.8912081398,DAYLIGHT,-87.6557343427,NO INDICATION OF INJURY,1,30,UNABLE TO DETERMINE,NOT ON SCENE (DESK REPORT),NO DEFECTS,DRY,UNABLE TO DETERMINE,W,GRAND AVE,1124,NO CONTROLS,NOT DIVIDED,CLEAR,,,Y,,,,1,1,"{""coordinates"": [-87.655734342734, 41.891208139797], ""type"": ""Point""}","[""SIDE-LEFT-REAR""]","[""BACKING""]",[],"[""W""]","[""DRIVER""]","[""UNKNOWN""]","[""PERSONAL""]","[""2021""]","[""64""]","[""NOT APPLICABLE""]","[""NONE""]","[""NO INDICATION OF INJURY""]","[""DRIVER""]","[""USAGE UNKNOWN""]","[""M""]",[]
STRAIGHT AND LEVEL,132,2025-09-23T11:00:00.000,3,11,9,f560149639b4a3cc503d73fcd0e4eba30766a137b9675d52292f1d85cde8582a80390aeda369ddc9d01676d046a050c0dba2e7cecd61d253579ffef8278edfc5,INJURY AND / OR TOW DUE TO CRASH,"OVER $1,500",2025-09-23T11:10:00.000,FUNCTIONING PROPERLY,REAR END,Y,0,0,2,0,0,0,0,41.8674842272,DAYLIGHT,-87.6191503834,NO INDICATION OF INJURY,2,40,FOLLOWING TOO CLOSELY,ON SCENE,NO DEFECTS,WET,FAILING TO REDUCE SPEED TO AVOID CRASH,S,LAKE SHORE DR SB,1200,TRAFFIC SIGNAL,DIVIDED - W/MEDIAN BARRIER,CLEAR,,,,,,,2,2,"{""coordinates"": [-87.619150383382, 41.867484227164], ""type"": ""Point""}","[""FRONT"", ""REAR""]","[""STRAIGHT AHEAD""]","[""Y""]","[""S""]","[""DRIVER""]","[""NONE"", ""UNKNOWN""]","[""PERSONAL"", ""UNKNOWN/NA""]","[""2024""]","[""30""]","[""DEPLOYMENT UNKNOWN"", ""DID NOT DEPLOY""]","[""NONE""]","[""NO INDICATION OF INJURY""]","[""DRIVER""]","[""SAFETY BELT USED"", ""USAGE UNKNOWN""]","[""F"", ""M""]",[]
STRAIGHT AND LEVEL,1111,2025-09-23T11:05:00.000,3,11,9,39a767acc2e17847feb3084285fe228b7601ce3e8da71377679d557f552672ea52e25b4f03345f2f31247f8071871a3a8e444b904f557b300e431df6fb5aeb96,NO INJURY / DRIVE AWAY,"OVER $1,500",2025-09-23T11:49:00.000,NO CONTROLS,TURNING,Y,0,0,2,0,0,0,0,41.8955133451,DAYLIGHT,-87.726232516,NO INDICATION OF INJURY,2,30,FAILING TO YIELD RIGHT-OF-WAY,ON SCENE,UNKNOWN,DRY,NOT APPLICABLE,N,PULASKI RD,802,NO CONTROLS,NOT DIVIDED,CLEAR,,,,,,,2,2,"{""coordinates"": [-87.726232516007, 41.895513345053], ""type"": ""Point""}","[""FRONT"", ""FRONT-RIGHT-CORNER""]","[""STRAIGHT AHEAD"", ""TURNING LEFT""]",[],"[""N"", ""S""]","[""DRIVER""]","[""UNKNOWN""]","[""PERSONAL""]","[""2007""]","[""35""]","[""DEPLOYMENT UNKNOWN"", ""NOT APPLICABLE""]","[""NONE""]","[""NO INDICATION OF INJURY""]","[""DRIVER""]","[""USAGE UNKNOWN""]","[""F"", ""X""]",[]
STRAIGHT AND LEVEL,511,2025-09-23T11:12:00.000,3,11,9,be5f74d9fc75c15639bb938cd7850ab23e2dc191a53d317a8725c5cb30c4f786118fb37ff2c2959c997dca4aeaae931d9c0e63a1f6914c7a21ae21fc9905c24d,NO INJURY / DRIVE AWAY,"$501 - $1,500",2025-09-23T11:24:00.000,NO CONTROLS,FIXED OBJECT,,0,0,1,0,0,0,0,41.7129086148,DAYLIGHT,-87.59229973,NO INDICATION OF INJURY,1,30,"VISION OBSCURED (SIGNS, TREE LIMBS, BUILDINGS, ETC.)",ON SCENE,UNKNOWN,UNKNOWN,NOT APPLICABLE,S,WOODLAWN AVE,10001,NO CONTROLS,OTHER,RAIN,,,,,,,1,1,"{""coordinates"": [-87.592299730039, 41.712908614763], ""type"": ""Point""}","[""FRONT-LEFT-CORNER""]","[""TURNING LEFT""]",[],"[""E""]","[""DRIVER""]","[""UNKNOWN""]","[""POLICE""]","[""2023""]","[""36""]","[""DID NOT DEPLOY""]","[""NONE""]","[""NO INDICATION OF INJURY""]","[""DRIVER""]","[""SAFETY BELT USED""]","[""F""]",[]
STRAIGHT AND LEVEL,814,2025-09-23T11:13:00.000,3,11,9,aaa8223edae84dbbcaa72615553e9769834e4be6038f8d9e183f5c88bb9c19cba87fafff3e914c1e720b96899771a1a062da643b21260435001645f860ecc2a7,INJURY AND / OR TOW DUE TO CRASH,"OVER $1,500",2025-09-23T11:13:00.000,FUNCTIONING PROPERLY,TURNING,Y,0,0,2,0,0,0,0,41.7928466399,DAYLIGHT,-87.7622449615,NO INDICATION OF INJURY,2,30,UNABLE TO DETERMINE,ON SCENE,UNKNOWN,DRY,UNABLE TO DETERMINE,W,55TH ST,5558,TRAFFIC SIGNAL,FOUR WAY,CLEAR,Y,,N,,,,2,2,"{""coordinates"": [-87.762244961478, 41.792846639911], ""type"": ""Point""}","[""FRONT"", ""SIDE-LEFT-REAR""]","[""STRAIGHT AHEAD"", ""TURNING RIGHT""]","[""Y""]","[""N""]","[""DRIVER""]","[""UNKNOWN""]","[""PERSONAL""]","[""2015"", ""2026""]","[""34"", ""44""]","[""DEPLOYED, COMBINATION"", ""DID NOT DEPLOY""]","[""NONE""]","[""NO INDICATION OF INJURY""]","[""DRIVER""]","[""SAFETY BELT USED"", ""USAGE UNKNOWN""]","[""M""]",[]
STRAIGHT AND LEVEL,1235,2025-09-23T11:15:00.000,3,11,9,0f0c9cce77fd0c3d5e535fff21f3edf7d61801b287571e04f90368dbfa7e5470f43e75065db3f81661064f63f7a05374670efb84aaadb83cc1f5e2405894390c,INJURY AND / OR TOW DUE TO CRASH,$500 OR LESS,2025-09-23T11:30:00.000,FUNCTIONING PROPERLY,SIDESWIPE SAME DIRECTION,,0,0,3,1,0,1,0,41.8524443979,DAYLIGHT,-87.6658782987,NONINCAPACITATING INJURY,2,30,FAILING TO YIELD RIGHT-OF-WAY,ON SCENE,UNKNOWN,DRY,NOT APPLICABLE,S,ASHLAND AVE,2157,TRAFFIC SIGNAL,NOT DIVIDED,CLEAR,,,,,,,2,4,"{""coordinates"": [-87.665878298746, 41.852444397902], ""type"": ""Point""}","[""FRONT-LEFT-CORNER"", ""SIDE-RIGHT""]","[""STRAIGHT AHEAD""]","[""Y""]","[""N""]","[""DRIVER""]","[""NONE"", ""UNKNOWN""]","[""PERSONAL"", ""SCHOOL BUS""]","[""2011"", ""2025""]","[""3"", ""39"", ""50"", ""65""]","[""NOT APPLICABLE""]","[""NONE""]","[""NO INDICATION OF INJURY"", ""NONINCAPACITATING INJURY""]","[""DRIVER"", ""PASSENGER""]","[""SAFETY BELT USED""]","[""F"", ""M""]","[""6""]"
STRAIGHT AND LEVEL,1923,2025-09-23T11:15:00.000,3,11,9,1bf258c9a256b6ed53bb1b68a9eb0dea1cd5a34115fab1559187c8b190e1b2244ec3fa6fd7dea05070b766ff6f63d7790b3ad632fd19f7252d0c8f72070f9096,NO INJURY / DRIVE AWAY,"$501 - $1,500",2025-09-23T11:17:00.000,FUNCTIONING PROPERLY,TURNING,,0,0,2,0,0,0,0,41.9473522632,DAYLIGHT,-87.6544433751,NO INDICATION OF INJURY,2,30,FAILING TO YIELD RIGHT-OF-WAY,ON SCENE,NO DEFECTS,WET,NOT APPLICABLE,W,ADDISON ST,1000,TRAFFIC SIGNAL,FOUR WAY,CLOUDY/OVERCAST,,,,,,,2,2,"{""coordinates"": [-87.65444337511, 41.947352263187], ""type"": ""Point""}","[""FRONT"", ""SIDE-RIGHT""]","[""STRAIGHT AHEAD"", ""TURNING LEFT""]",[],"[""E"", ""W""]","[""DRIVER""]","[""NONE"", ""UNKNOWN""]","[""OTHER"", ""PERSONAL""]","[""2007"", ""2015""]","[""28"", ""32""]","[""NOT APPLICABLE""]","[""NONE""]","[""NO INDICATION OF INJURY""]","[""DRIVER""]","[""USAGE UNKNOWN""]","[""F"", ""M""]",[]
STRAIGHT AND LEVEL,1221,2025-09-23T11:15:00.000,3,11,9,82115fed007360da8edd671d0ba5967b5c06b3e7e0c9bd1b9d755418cd3eae6600e67b0006436aaeba86cd0cb9d4ef64b110f3da00c729b8eea37b8a793481db,NO INJURY / DRIVE AWAY,"OVER $1,500",2025-09-23T12:00:00.000,UNKNOWN,TURNING,,0,0,2,0,0,0,0,41.8907668176,DAYLIGHT,-87.7017871682,NO INDICATION OF INJURY,2,30,UNABLE TO DETERMINE,NOT ON SCENE (DESK REPORT),UNKNOWN,UNKNOWN,UNABLE TO DETERMINE,N,SACRAMENTO BLVD,499,UNKNOWN,T-INTERSECTION,RAIN,,,,Y,Y,,2,2,"{""coordinates"": [-87.701787168208, 41.890766817632], ""type"": ""Point""}","[""SIDE-LEFT"", ""UNKNOWN""]","[""STRAIGHT AHEAD"", ""TURNING LEFT""]",[],"[""E"", ""S""]","[""DRIVER""]","[""NONE"", ""UNKNOWN""]","[""PERSONAL"", ""UNKNOWN/NA""]","[""2007"", ""2022""]","[""27"", ""31""]","[""DID NOT DEPLOY""]","[""NONE""]","[""NO INDICATION OF INJURY""]","[""DRIVER""]","[""USAGE UNKNOWN""]","[""F"", ""M""]",[]
STRAIGHT AND LEVEL,124,2025-09-23T11:18:00.000,3,11,9,ae263b0a42da44af3e699d0da63cb33ae02ef6bc73f6212d5b9776542d3ee76b840162559fe418191af281c58a676cdf34a67445080a6115f4190ba2a7dc35b2,NO INJURY / DRIVE AWAY,"OVER $1,500",2025-09-23T11:25:00.000,NO CONTROLS,TURNING,,0,0,2,0,0,0,0,41.867091558,DAYLIGHT,-87.6435111134,NO INDICATION OF INJURY,2,30,IMPROPER OVERTAKING/PASSING,ON SCENE,NO DEFECTS,WET,NOT APPLICABLE,W,ROOSEVELT RD,635,NO CONTROLS,NOT DIVIDED,CLEAR,,,,,,,2,2,"{""coordinates"": [-87.64351111344, 41.867091558039], ""type"": ""Point""}","[""FRONT"", ""SIDE-LEFT""]","[""STRAIGHT AHEAD"", ""U-TURN""]",[],"[""S"", ""W""]","[""DRIVER""]","[""UNKNOWN""]","[""OTHER"", ""PERSONAL""]","[""2022"", ""2024""]","[""20"", ""31""]","[""DEPLOYED, SIDE"", ""DID NOT DEPLOY""]","[""NONE""]","[""NO INDICATION OF INJURY""]","[""DRIVER""]","[""USAGE UNKNOWN""]","[""F"", ""M""]",[]
STRAIGHT AND LEVEL,1935,2025-09-23T11:20:00.000,3,11,9,4cf33321792cfeb0957c864a0e246fea0889d3d7bf42f36e71c7646db807022dd170d02b60cad2957ba4ab27d00b0ac88b7e1a1573c41020faaebf801ab58370,NO INJURY / DRIVE AWAY,"OVER $1,500",2025-09-23T11:22:00.000,NO CONTROLS,SIDESWIPE SAME DIRECTION,,0,0,2,0,0,0,0,41.9256286721,DAYLIGHT,-87.6447988219,NO INDICATION OF INJURY,2,30,FAILING TO YIELD RIGHT-OF-WAY,ON SCENE,NO DEFECTS,DRY,NOT APPLICABLE,W,FULLERTON PKWY,620,NO CONTROLS,NOT DIVIDED,CLEAR,,,,,,,2,2,"{""coordinates"": [-87.64479882195, 41.925628672117], ""type"": ""Point""}","[""FRONT-LEFT-CORNER"", ""FRONT-RIGHT-CORNER""]","[""STRAIGHT AHEAD""]",[],"[""W""]","[""DRIVER""]","[""NONE""]","[""COMMERCIAL - SINGLE UNIT"", ""PERSONAL""]","[""2006"", ""2025""]","[""22"", ""65""]","[""DID NOT DEPLOY""]","[""NONE""]","[""NO INDICATION OF INJURY""]","[""DRIVER""]","[""SAFETY BELT USED""]","[""M""]",[]