alignment,beat_of_occurrence,crash_date,crash_day_of_week,crash_hour,crash_month,crash_record_id,crash_type,damage,date_police_notified,device_condition,first_crash_type,hit_and_run_i,injuries_fatal,injuries_incapacitating,injuries_no_indication,injuries_non_incapacitating,injuries_reported_not_evident,injuries_total,injuries_unknown,latitude,lighting_condition,longitude,most_severe_injury,num_units,posted_speed_limit,prim_contributory_cause,report_type,road_defect,roadway_surface_cond,sec_contributory_cause,street_direction,street_name,street_no,traffic_control_device,trafficway_type,weather_condition,intersection_related_i,crash_date_est_i,private_property_i,statements_taken_i,photos_taken_i,work_zone_i,veh_count,ppl_count,location_json,veh_first_contact_point_list_json,veh_maneuver_list_json,veh_towed_i_list_json,veh_travel_direction_list_json,veh_unit_type_list_json,veh_vehicle_defect_list_json,veh_vehicle_use_list_json,veh_vehicle_year_list_json,ppl_age_list_json,ppl_airbag_deployed_list_json,ppl_ejection_list_json,ppl_injury_classification_list_json,ppl_person_type_list_json,ppl_safety_equipment_list_json,ppl_sex_list_json,ppl_seat_no_list_json
STRAIGHT AND LEVEL,912,2025-09-23T11:20:00.000,3,11,9,66f65c403da5324890d20a298d0d4b03bdfde14b9eec3cc5aeb16d1d03528e099240ad3c0271f2e59c9808c2938e4bf535658f160a998eabeced9da6c17dceb7,INJURY AND / OR TOW DUE TO CRASH,"OVER $1,500",2025-09-23T11:22:00.000,NO CONTROLS,REAR END,,0,0,4,0,2,2,0,41.8293431953,DAYLIGHT,-87.6842839346,"REPORTED, NOT EVIDENT",2,30,WEATHER,ON SCENE,NO DEFECTS,WET,DRIVING SKILLS/KNOWLEDGE/EXPERIENCE,S,WESTERN BLVD,3531,NO CONTROLS,DIVIDED - W/MEDIAN (NOT RAISED),RAIN,Y,,,,,,2,6,"{""coordinates"": [-87.684283934636, 41.829343195269], ""type"": ""Point""}","[""FRONT-LEFT-CORNER"", ""REAR-RIGHT-CORNER""]","[""SLOW/STOP IN TRAFFIC"", ""STRAIGHT AHEAD""]",[],"[""N""]","[""DRIVER""]","[""NONE""]","[""PERSONAL""]","[""2004"", ""2011""]","[""1"", ""32"", ""36"", ""39"", ""7""]","[""DID NOT DEPLOY""]","[""NONE""]","[""NO INDICATION OF INJURY"", ""REPORTED, NOT EVIDENT""]","[""DRIVER"", ""PASSENGER""]","[""CHILD RESTRAINT - REAR FACING"", ""SAFETY BELT USED""]","[""F"", ""M""]","[""3"", ""4"", ""6""]"
STRAIGHT AND LEVEL,1834,2025-09-23T11:24:00.000,3,11,9,0be3e12d5a4f3a2c08225151fb7adf017fe9f3b72a4a9a4558b4ea1d4eed94e97efad1b1220d5886b454114e170604c29a11f1a3c3f0178516881cbf6554ad23,INJURY AND / OR TOW DUE TO CRASH,"OVER $1,500",2025-09-24T10:00:00.000,NO CONTROLS,SIDESWIPE SAME DIRECTION,,0,0,1,1,0,1,0,41.8909043282,DAYLIGHT,-87.6196582806,NONINCAPACITATING INJURY,2,30,IMPROPER OVERTAKING/PASSING,NOT ON SCENE (DESK REPORT),NO DEFECTS,DRY,FAILING TO REDUCE SPEED TO AVOID CRASH,E,ILLINOIS ST,311,NO CONTROLS,ONE-WAY,CLEAR,,,,,,,2,2,"{""coordinates"": [-87.619658280616, 41.890904328159], ""type"": ""Point""}","[""FRONT-LEFT-CORNER"", ""FRONT-RIGHT-CORNER""]","[""PASSING/OVERTAKING"", ""SLOW/STOP IN TRAFFIC""]","[""Y""]","[""E""]","[""DRIVER""]","[""NONE""]","[""PERSONAL""]","[""2019"", ""2021""]","[""32"", ""40""]","[""DID NOT DEPLOY""]","[""NONE""]","[""NO INDICATION OF INJURY"", ""NONINCAPACITATING INJURY""]","[""DRIVER""]","[""SAFETY BELT USED"", ""USAGE UNKNOWN""]","[""F"", ""M""]",[]
STRAIGHT AND LEVEL,932,2025-09-23T11:24:00.000,3,11,9,216fbd74a70ca3c0350bf46f2acee682f66a6d603171faaf4beef2230aa07ca904069968e43356b49791f05eb8c0dfc95df857a0617ba1d923d308e60e616319,INJURY AND / OR TOW DUE TO CRASH,"OVER $1,500",2025-09-23T11:26:00.000,FUNCTIONING PROPERLY,SIDESWIPE OPPOSITE DIRECTION,,0,0,1,0,1,1,0,41.7989375364,DAYLIGHT,-87.6835163824,"REPORTED, NOT EVIDENT",2,30,NOT APPLICABLE,ON SCENE,NO DEFECTS,WET,NOT APPLICABLE,W,52ND ST,2340,STOP SIGN/FLASHER,NOT DIVIDED,RAIN,Y,,,,,,2,2,"{""coordinates"": [-87.683516382369, 41.798937536372], ""type"": ""Point""}","[""SIDE-LEFT"", ""SIDE-LEFT-REAR""]","[""STRAIGHT AHEAD""]",[],"[""E"", ""W""]","[""DRIVER""]","[""UNKNOWN""]","[""OTHER"", ""PERSONAL""]","[""2012""]","[""34"", ""66""]","[""DEPLOYMENT UNKNOWN""]","[""UNKNOWN""]","[""NO INDICATION OF INJURY"", ""REPORTED, NOT EVIDENT""]","[""DRIVER""]","[""SAFETY BELT USED""]","[""M""]",[]
STRAIGHT AND LEVEL,1824,2025-09-23T11:29:00.000,3,11,9,86500afc297c7d6060167907f954bf8899dc27f90ec8b7a7f52724923dfcb38aa413150dc09204713669360c9f23d1c360100dd14d48fbc1f7a17db8827d8396,NO INJURY / DRIVE AWAY,"OVER $1,500",2025-09-23T15:07:00.000,NO CONTROLS,REAR END,,0,0,2,0,0,0,0,41.900752974,DAYLIGHT,-87.6242349998,NO INDICATION OF INJURY,2,45,UNABLE TO DETERMINE,NOT ON SCENE (DESK REPORT),UNKNOWN,WET,UNABLE TO DETERMINE,N,LAKE SHORE DR,1000,NO CONTROLS,NOT DIVIDED,RAIN,,,,,,,2,2,"{""coordinates"": [-87.62423499978, 41.900752974042], ""type"": ""Point""}","[""REAR"", ""UNKNOWN""]","[""STRAIGHT AHEAD""]",[],"[""N""]","[""DRIVER""]","[""UNKNOWN""]","[""PERSONAL""]","[""2011"", ""2021""]","[""76""]","[""DID NOT DEPLOY""]","[""NONE""]","[""NO INDICATION OF INJURY""]","[""DRIVER""]","[""USAGE UNKNOWN""]","[""F"", ""M""]",[]
STRAIGHT AND LEVEL,1423,2025-09-23T11:30:00.000,3,11,9,60d6724df4d396ac5fed3d4d0b3b64aa96785fa882cf835ee84046aa8dc2ad542e663affb10589c3483594b841d8a7b07499b0c2280589e393fcd28310d3c523,NO INJURY / DRIVE AWAY,"$501 - $1,500",2025-09-23T13:30:00.000,FUNCTIONING PROPERLY,SIDESWIPE SAME DIRECTION,,0,0,2,0,0,0,0,41.9101253609,DAYLIGHT,-87.7043668678,NO INDICATION OF INJURY,2,25,IMPROPER OVERTAKING/PASSING,NOT ON SCENE (DESK REPORT),NO DEFECTS,DRY,NOT APPLICABLE,N,ALBANY DR,1599,STOP SIGN/FLASHER,FOUR WAY,CLEAR,Y,,,,,,2,2,"{""coordinates"": [-87.70436686781, 41.910125360939], ""type"": ""Point""}","[""FRONT-RIGHT-CORNER"", ""SIDE-LEFT""]","[""PASSING/OVERTAKING"", ""SLOW/STOP IN TRAFFIC""]",[],"[""N""]","[""DRIVER""]","[""NONE"", ""UNKNOWN""]","[""PERSONAL"", ""UNKNOWN/NA""]","[""2015"", ""2018""]",[],"[""NOT APPLICABLE""]","[""NONE""]","[""NO INDICATION OF INJURY""]","[""DRIVER""]","[""SAFETY BELT USED"", ""USAGE UNKNOWN""]","[""F""]",[]
STRAIGHT AND LEVEL,2525,2025-09-23T11:30:00.000,3,11,9,6aa7d0108a52d9c7255bcd7e98dd17c459f7be4bef5726f5c3ef3130e9366fab0c6cd38c4e3016082a790aeea2a140988ca9361f722839aa5b02b7e6c03b940a,NO INJURY / DRIVE AWAY,"OVER $1,500",2025-09-24T09:15:00.000,NO CONTROLS,PARKED MOTOR VEHICLE,Y,0,0,1,0,0,0,0,41.920693259,DAYLIGHT,-87.7284135957,NO INDICATION OF INJURY,2,30,FAILING TO REDUCE SPEED TO AVOID CRASH,NOT ON SCENE (DESK REPORT),UNKNOWN,UNKNOWN,UNABLE TO DETERMINE,W,PALMER ST,4043,NO CONTROLS,ONE-WAY,UNKNOWN,,Y,,,,,2,1,"{""coordinates"": [-87.728413595708, 41.920693259], ""type"": ""Point""}","[""SIDE-RIGHT"", ""UNKNOWN""]","[""PARKED"", ""UNKNOWN/NA""]",[],"[""UNKNOWN""]","[""DRIVER"", ""PARKED""]","[""NONE"", ""UNKNOWN""]","[""PERSONAL"", ""UNKNOWN/NA""]","[""2018""]",[],"[""DEPLOYMENT UNKNOWN""]","[""NONE""]","[""NO INDICATION OF INJURY""]","[""DRIVER""]","[""USAGE UNKNOWN""]","[""X""]",[]
STRAIGHT AND LEVEL,922,2025-09-23T11:30:00.000,3,11,9,7ea70504deff56bf7743d2e3f3d036b48cd5231df45ec4608e964cf45bc2e83d79649c6c2cb502307f3674ddf226a89629ea88fa69910fde452f2d392d7114fc,INJURY AND / OR TOW DUE TO CRASH,"OVER $1,500",2025-09-23T11:38:00.000,NO CONTROLS,PARKED MOTOR VEHICLE,,0,0,2,0,0,0,0,41.808039737,DAYLIGHT,-87.7022289685,NO INDICATION OF INJURY,3,30,EQUIPMENT - VEHICLE CONDITION,ON SCENE,UNKNOWN,WET,EQUIPMENT - VEHICLE CONDITION,W,47TH ST,3117,STOP SIGN/FLASHER,DIVIDED - W/MEDIAN (NOT RAISED),CLEAR,,,,,,,3,2,"{""coordinates"": [-87.702228968493, 41.808039737004], ""type"": ""Point""}","[""FRONT-RIGHT-CORNER"", ""SIDE-LEFT""]","[""PARKED"", ""TURNING LEFT""]","[""Y""]","[""E"", ""SE""]","[""DRIVER"", ""PARKED""]","[""UNKNOWN""]","[""PERSONAL""]","[""2003"", ""2004"", ""2025""]","[""18"", ""21""]","[""DID NOT DEPLOY""]","[""NONE""]","[""NO INDICATION OF INJURY""]","[""DRIVER"", ""PASSENGER""]","[""USAGE UNKNOWN""]","[""F"", ""M""]","[""3""]"
STRAIGHT AND LEVEL,122,2025-09-23T11:30:00.000,3,11,9,afeb8d470b151b9fd0a66991f4641a8d0e699a3363bb293be28fb1e50d8cc500ee6d5f9bea6f3e12440a92a25cf206affa429605634abea848ac2574aa3b572e,NO INJURY / DRIVE AWAY,"OVER $1,500",2025-09-23T12:53:00.000,NO CONTROLS,PARKED MOTOR VEHICLE,,0,0,1,0,0,0,0,41.8803345637,DAYLIGHT,-87.636543195,NO INDICATION OF INJURY,2,20,FOLLOWING TOO CLOSELY,NOT ON SCENE (DESK REPORT),NO DEFECTS,DRY,NOT APPLICABLE,S,LOWER WACKER DR,111,NO CONTROLS,NOT DIVIDED,CLEAR,,,,,,,2,1,"{""coordinates"": [-87.636543194995, 41.880334563726], ""type"": ""Point""}","[""SIDE-LEFT-FRONT"", ""UNKNOWN""]","[""BACKING"", ""PARKED""]",[],"[""E"", ""N""]","[""DRIVER"", ""PARKED""]","[""NONE""]","[""OTHER""]","[""2018"", ""2024""]","[""46""]","[""DID NOT DEPLOY""]","[""NONE""]","[""NO INDICATION OF INJURY""]","[""DRIVER""]","[""SAFETY BELT USED""]","[""M""]",[]
STRAIGHT AND LEVEL,1824,2025-09-23T11:32:00.000,3,11,9,1a223fb39e4f2e375c03b44a76f2999ca7fab3c8d6f813d5390440f979f922d69748b4eeb70ef6a851593dadcd195f60bdeeb16ccf7b873b2f2ae903fc5845dd,NO INJURY / DRIVE AWAY,"$501 - $1,500",2025-09-23T11:35:00.000,NO CONTROLS,SIDESWIPE SAME DIRECTION,Y,0,0,2,0,0,0,0,41.9010758775,DAYLIGHT,-87.6202533124,NO INDICATION OF INJURY,2,40,UNABLE TO DETERMINE,ON SCENE,NO DEFECTS,DRY,UNABLE TO DETERMINE,N,LAKE SHORE DR SB,1004,NO CONTROLS,DIVIDED - W/MEDIAN BARRIER,CLEAR,,,,,,,2,2,"{""coordinates"": [-87.620253312393, 41.901075877499], ""type"": ""Point""}","[""FRONT-LEFT-CORNER"", ""SIDE-RIGHT-REAR""]","[""STRAIGHT AHEAD""]",[],"[""S""]","[""DRIVER""]","[""NONE""]","[""PERSONAL""]","[""2006""]","[""67""]","[""DEPLOYMENT UNKNOWN"", ""DID NOT DEPLOY""]","[""NONE"", ""UNKNOWN""]","[""NO INDICATION OF INJURY""]","[""DRIVER""]","[""SAFETY BELT USED"", ""USAGE UNKNOWN""]","[""F"", ""X""]",[]
STRAIGHT AND LEVEL,321,2025-09-23T11:35:00.000,3,11,9,c8d3a95ad59fc9dd97dcda08d07783e82672e05bdfdd10003c4cd447a3e99f3c1ae7a001cbb364852d0e24d3f11b4e90a036872f4655eec7ef240ef7634ce047,NO INJURY / DRIVE AWAY,"OVER $1,500",2025-09-23T13:20:00.000,UNKNOWN,TURNING,,0,0,2,0,0,0,0,41.7733821258,DAYLIGHT,-87.5961902638,NO INDICATION OF INJURY,2,20,UNABLE TO DETERMINE,NOT ON SCENE (DESK REPORT),UNKNOWN,WET,UNABLE TO DETERMINE,S,WOODLAWN AVE,6656,STOP SIGN/FLASHER,NOT DIVIDED,CLEAR,,,,,,,2,2,"{""coordinates"": [-87.596190263847, 41.773382125797], ""type"": ""Point""}","[""FRONT-LEFT-CORNER"", ""UNKNOWN""]","[""STRAIGHT AHEAD"", ""TURNING LEFT""]",[],"[""E"", ""S""]","[""DRIVER""]","[""UNKNOWN""]","[""PERSONAL""]","[""2005"", ""2015""]","[""31"", ""44""]","[""DID NOT DEPLOY""]","[""NONE""]","[""NO INDICATION OF INJURY""]","[""DRIVER""]","[""USAGE UNKNOWN""]","[""M""]",[]
STRAIGHT AND LEVEL,121,2025-09-23T11:40:00.000,3,11,9,2ef12578f326f640af4577a1321f1bec729711c8e2ebd2fba617373db29f074c271b03ecc6a6eaf6f8d1a90f34cfed05edf085da499e88d56705e0118f62ce9e,NO INJURY / DRIVE AWAY,"OVER $1,500",2025-09-23T12:00:00.000,FUNCTIONING PROPERLY,SIDESWIPE SAME DIRECTION,N,0,0,4,0,0,0,0,41.8841875961,DAYLIGHT,-87.6399481506,NO INDICATION OF INJURY,2,30,UNABLE TO DETERMINE,NOT ON SCENE (DESK REPORT),NO DEFECTS,WET,UNABLE TO DETERMINE,N,CANAL ST,130,TRAFFIC SIGNAL,NOT DIVIDED,CLEAR,,,,,,,2,3,"{""coordinates"": [-87.639948150597, 41.884187596139], ""type"": ""Point""}","[""FRONT-RIGHT-CORNER"", ""REAR-RIGHT-CORNER""]","[""NEGOTIATING A CURVE"", ""STRAIGHT AHEAD""]",[],"[""N""]","[""DRIVER""]","[""NONE""]","[""PERSONAL"", ""TAXI/FOR HIRE""]",[],[],"[""DID NOT DEPLOY""]","[""NONE""]","[""NO INDICATION OF INJURY""]","[""DRIVER"", ""PASSENGER""]","[""SAFETY BELT USED""]","[""F"", ""M""]","[""4"", ""6""]"
STRAIGHT AND LEVEL,1232,2025-09-23T11:45:00.000,3,11,9,17d911c806f168892a80e35b8ca63a202902b18f1c654b16012f663ce7095175838c5edb479828566845f2a5093d9f7a150f9596306bcba562396bc5a1a5a3d8,INJURY AND / OR TOW DUE TO CRASH,"OVER $1,500",2025-09-23T12:10:00.000,NO CONTROLS,TURNING,,0,0,2,0,0,0,0,41.8805542454,DAYLIGHT,-87.6474704057,NO INDICATION OF INJURY,2,10,EQUIPMENT - VEHICLE CONDITION,ON SCENE,NO DEFECTS,DRY,FAILING TO REDUCE SPEED TO AVOID CRASH,S,HALSTED ST,40,NO CONTROLS,PARKING LOT,CLEAR,,Y,,,,,2,2,"{""coordinates"": [-87.647470405718, 41.880554245414], ""type"": ""Point""}","[""FRONT"", ""SIDE-RIGHT""]","[""STRAIGHT AHEAD"", ""TURNING RIGHT""]","[""Y""]","[""SW"", ""W""]","[""DRIVER""]","[""UNKNOWN""]","[""PERSONAL""]","[""2019"", ""2023""]","[""52"", ""55""]","[""DEPLOYED, COMBINATION"", ""DEPLOYED, FRONT""]","[""NONE""]","[""NO INDICATION OF INJURY""]","[""DRIVER""]","[""SAFETY BELT USED""]","[""M""]",[]
STRAIGHT AND LEVEL,1612,2025-09-23T11:45:00.000,3,11,9,6c8984255fbdd4f63cd0f1e83a691d189256ca880f74cfd42db7a94cc2c11f3169f110856eddd28e3143259b44c49353ab64b317bfe9f0f22fd94067d6e6f8e8,INJURY AND / OR TOW DUE TO CRASH,$500 OR LESS,2025-09-23T12:15:00.000,NO CONTROLS,SIDESWIPE SAME DIRECTION,,0,0,2,0,1,1,0,41.9838099495,DAYLIGHT,-87.8067848215,"REPORTED, NOT EVIDENT",2,30,FAILING TO YIELD RIGHT-OF-WAY,ON SCENE,NO DEFECTS,DRY,IMPROPER LANE USAGE,N,HARLEM AVE,5637,NO CONTROLS,NOT DIVIDED,CLEAR,,,,,,,2,3,"{""coordinates"": [-87.806784821548, 41.983809949547], ""type"": ""Point""}","[""REAR-LEFT-CORNER"", ""SIDE-RIGHT-FRONT""]","[""CHANGING LANES"", ""STRAIGHT AHEAD""]",[],"[""N""]","[""DRIVER""]","[""NONE""]","[""COMMERCIAL - SINGLE UNIT"", ""OTHER""]","[""2019"", ""2020""]","[""28"", ""59""]","[""NOT APPLICABLE""]","[""NONE""]","[""NO INDICATION OF INJURY"", ""REPORTED, NOT EVIDENT""]","[""DRIVER"", ""PASSENGER""]","[""SAFETY BELT USED"", ""USAGE UNKNOWN""]","[""M""]","[""7""]"
STRAIGHT AND LEVEL,122,2025-09-23T11:53:00.000,3,11,9,1ca5acbe418af9b353c4c220acd2e8dd772da8856065f985747e0ec2aa562a7dd375ecb07f9c132912bf7f5ba59a3b6bf2755f378832750afc0c03374374cda4,NO INJURY / DRIVE AWAY,"OVER $1,500",2025-09-24T09:00:00.000,NO CONTROLS,SIDESWIPE SAME DIRECTION,,0,0,3,0,0,0,0,41.8830910059,DAYLIGHT,-87.6366459283,NO INDICATION OF INJURY,2,30,IMPROPER OVERTAKING/PASSING,NOT ON SCENE (DESK REPORT),UNKNOWN,DRY,NOT APPLICABLE,N,WACKER DR,29,NO CONTROLS,NOT DIVIDED,CLEAR,,,,,,,2,3,"{""coordinates"": [-87.636645928326, 41.883091005891], ""type"": ""Point""}","[""FRONT-RIGHT-CORNER"", ""SIDE-LEFT""]","[""MERGING"", ""STRAIGHT AHEAD""]",[],"[""N""]","[""DRIVER""]","[""UNKNOWN""]","[""PERSONAL""]","[""2018"", ""2021""]","[""28"", ""36"", ""47""]","[""DEPLOYMENT UNKNOWN"", ""DID NOT DEPLOY""]","[""NONE""]","[""NO INDICATION OF INJURY""]","[""DRIVER"", ""PASSENGER""]","[""SAFETY BELT USED"", ""USAGE UNKNOWN""]","[""F"", ""M""]","[""3""]"
STRAIGHT AND LEVEL,1434,2025-09-23T12:01:00.000,3,12,9,e0df1dd21554a9d1d1973a8dc21a83dddc34e2270da046c2a0f363bed4ea45257eecb0f33badca4aa2bdda8c45a59d0cbb4c8385f001478b1a1056d8a0fd49f7,NO INJURY / DRIVE AWAY,"$501 - $1,500",2025-09-23T12:11:00.000,UNKNOWN,PARKED MOTOR VEHICLE,Y,0,0,1,0,0,0,0,41.9132755099,DAYLIGHT,-87.6821679702,NO INDICATION OF INJURY,2,35,IMPROPER OVERTAKING/PASSING,ON SCENE,NO DEFECTS,DRY,UNABLE TO DETERMINE,N,MILWAUKEE AVE,1756,UNKNOWN,DIVIDED - W/MEDIAN (NOT RAISED),CLEAR,,,,,,,2,1,"{""coordinates"": [-87.682167970184, 41.913275509939], ""type"": ""Point""}","[""FRONT-LEFT-CORNER"", ""UNKNOWN""]","[""PARKED"", ""PASSING/OVERTAKING""]",[],"[""S""]","[""DRIVER"", ""PARKED""]","[""UNKNOWN""]","[""CTA"", ""OTHER""]","[""2022""]",[],"[""DEPLOYMENT UNKNOWN""]","[""NONE""]","[""NO INDICATION OF INJURY""]","[""DRIVER""]","[""USAGE UNKNOWN""]","[""X""]",[]
STRAIGHT AND LEVEL,1232,2025-09-23T12:09:00.000,3,12,9,7bcaa9d7b28994e9448dad54cd3b413f7298f31dec3205698034b1380e91e1613545a9f216844952e53313d6d453bd77a7933cd733ac905007b48d19b06da7fb,NO INJURY / DRIVE AWAY,"OVER $1,500",2025-09-23T15:00:00.000,NO CONTROLS,PARKED MOTOR VEHICLE,Y,0,0,1,0,0,0,0,41.8717018265,DAYLIGHT,-87.6531191238,NO INDICATION OF INJURY,2,30,UNABLE TO DETERMINE,NOT ON SCENE (DESK REPORT),NO DEFECTS,DRY,NOT APPLICABLE,S,CARPENTER ST,805,NO CONTROLS,NOT DIVIDED,CLEAR,,,,,,,2,1,"{""coordinates"": [-87.653119123786, 41.871701826504], ""type"": ""Point""}","[""REAR"", ""UNKNOWN""]","[""LEAVING TRAFFIC LANE TO PARK"", ""PARKED""]",[],"[""N""]","[""DRIVER"", ""PARKED""]","[""NONE"", ""UNKNOWN""]","[""NOT IN USE"", ""UNKNOWN/NA""]","[""2012"", ""2022""]",[],"[""DEPLOYMENT UNKNOWN""]","[""NONE""]","[""NO INDICATION OF INJURY""]","[""DRIVER""]","[""USAGE UNKNOWN""]","[""M""]",[]
"CURVE, LEVEL",1824,2025-09-23T12:10:00.000,3,12,9,799bdbe4ac2a04ea99110ac26568db4ec8a07355cd5a3d7251664bb50edd8ea55dc2546cdff4ef596def3c06e13c6a6e3d7c45811a495986677683768e572993,INJURY AND / OR TOW DUE TO CRASH,"OVER $1,500",2025-09-23T12:10:00.000,NO CONTROLS,FIXED OBJECT,,0,0,1,0,1,1,0,41.9024619258,DAYLIGHT,-87.6246606008,"REPORTED, NOT EVIDENT",1,40,DRIVING SKILLS/KNOWLEDGE/EXPERIENCE,ON SCENE,UNKNOWN,UNKNOWN,NOT APPLICABLE,N,LAKE SHORE DR,1100,NO CONTROLS,DIVIDED - W/MEDIAN BARRIER,UNKNOWN,,,,,,,1,2,"{""coordinates"": [-87.624660600778, 41.902461925754], ""type"": ""Point""}","[""REAR""]","[""STRAIGHT AHEAD""]",[],"[""N""]","[""DRIVER""]","[""UNKNOWN""]","[""PERSONAL""]","[""2005""]","[""0"", ""22""]","[""DEPLOYED, FRONT"", ""DEPLOYMENT UNKNOWN""]","[""NONE""]","[""NO INDICATION OF INJURY"", ""REPORTED, NOT EVIDENT""]","[""DRIVER"", ""PASSENGER""]","[""USAGE UNKNOWN""]","[""F"", ""M""]","[""4""]"
STRAIGHT AND LEVEL,1732,2025-09-23T12:12:00.000,3,12,9,936a2d5517c2b10ccb5139538c2f0233e7702162a0ad85fe7db59822f3e5ba0aca4dbb0710547e10d624197f6b68d68a5afaf7587a5978a0d56abe2cc0cac229,NO INJURY / DRIVE AWAY,"$501 - $1,500",2025-09-23T13:00:00.000,NO CONTROLS,PARKED MOTOR VEHICLE,Y,0,0,2,0,0,0,0,41.9492389332,DAYLIGHT,-87.7153862131,NO INDICATION OF INJURY,2,25,DRIVING SKILLS/KNOWLEDGE/EXPERIENCE,NOT ON SCENE (DESK REPORT),NO DEFECTS,DRY,UNABLE TO DETERMINE,N,ST LOUIS AVE,3728,NO CONTROLS,ONE-WAY,CLEAR,,,,,,,2,2,"{""coordinates"": [-87.715386213069, 41.949238933154], ""type"": ""Point""}","[""SIDE-LEFT"", ""SIDE-RIGHT""]","[""PARKED"", ""STRAIGHT AHEAD""]",[],"[""S""]","[""DRIVER"", ""PARKED""]","[""NONE"", ""UNKNOWN""]","[""COMMERCIAL - SINGLE UNIT"", ""UNKNOWN/NA""]","[""2023""]","[""24""]","[""DID NOT DEPLOY""]","[""NONE""]","[""NO INDICATION OF INJURY""]","[""DRIVER"", ""PASSENGER""]","[""SAFETY BELT USED"", ""USAGE UNKNOWN""]","[""M""]","[""1""]"
STRAIGHT AND LEVEL,2411,2025-09-23T12:15:00.000,3,12,9,77018eb0606c8f03f9b290b5ff48e1083fac28ee8e6d4be2c926c3a5591d1eaf571e5132f2ba896d28168a69c748f7c03459c083521845430f19c9d0d6767b68,NO INJURY / DRIVE AWAY,"$501 - $1,500",2025-09-23T15:10:00.000,NO CONTROLS,ANGLE,,0,0,2,0,0,0,0,42.0141839829,DAYLIGHT,-87.6903783498,NO INDICATION OF INJURY,2,15,UNABLE TO DETERMINE,NOT ON SCENE (DESK REPORT),UNKNOWN,DRY,UNABLE TO DETERMINE,N,WESTERN AVE,7300,NO CONTROLS,PARKING LOT,CLEAR,,,Y,,,,2,2,"{""coordinates"": [-87.69037834982, 42.014183982852], ""type"": ""Point""}","[""REAR"", ""REAR-RIGHT-CORNER""]","[""STRAIGHT AHEAD"", ""UNKNOWN/NA""]",[],"[""NW"", ""UNKNOWN""]","[""DRIVER""]","[""OTHER""]","[""PERSONAL""]","[""2007"", ""2020""]","[""49"", ""55""]","[""DID NOT DEPLOY"", ""NOT APPLICABLE""]","[""NONE""]","[""NO INDICATION OF INJURY""]","[""DRIVER""]","[""USAGE UNKNOWN""]","[""F"", ""M""]",[]
STRAIGHT AND LEVEL,913,2025-09-23T12:15:00.000,3,12,9,c0b96a820ea7ccb2cd41a750a278e1bd0d7eb3f25a13404bb0aaef78b8674a6bc07a9922e76d21d9afda7fd341302d9f37f1b88fc29c1ec2b4e234a96ed139d6,INJURY AND / OR TOW DUE TO CRASH,"$501 - $1,500",2025-09-23T12:16:00.000,FUNCTIONING PROPERLY,TURNING,,0,0,1,1,0,1,0,41.8470808327,DAYLIGHT,-87.6464577026,NONINCAPACITATING INJURY,2,30,FOLLOWING TOO CLOSELY,ON SCENE,NO DEFECTS,DRY,UNABLE TO DETERMINE,S,ARCHER AVE,2501,TRAFFIC SIGNAL,FOUR WAY,CLEAR,Y,,,,,,2,2,"{""coordinates"": [-87.646457702574, 41.847080832688], ""type"": ""Point""}","[""FRONT"", ""REAR""]","[""TURNING RIGHT""]",[],"[""E""]","[""DRIVER""]","[""NONE""]","[""CTA"", ""PERSONAL""]","[""2007"", ""2012""]","[""30"", ""44""]","[""DID NOT DEPLOY""]","[""NONE""]","[""NO INDICATION OF INJURY"", ""NONINCAPACITATING INJURY""]","[""DRIVER""]","[""SAFETY BELT USED""]","[""F"", ""M""]",[]
STRAIGHT AND LEVEL,1614,2025-09-23T12:15:00.000,3,12,9,f4b21b5ce3608ed8a85be989961a2022fbf7ee4625de7e8156d219e4ac3ca0e7a9d051d60a3a590e9ba6b1ef630acc0d0a8609e73dbf9361bc72af850e0aa2a2,NO INJURY / DRIVE AWAY,"$501 - $1,500",2025-09-23T14:30:00.000,NO CONTROLS,PARKED MOTOR VEHICLE,Y,0,0,1,0,0,0,0,41.978973027,DAYLIGHT,-87.836733659,NO INDICATION OF INJURY,2,35,UNABLE TO DETERMINE,NOT ON SCENE (DESK REPORT),NO DEFECTS,DRY,NOT APPLICABLE,N,CUMBERLAND AVE,5450,NO CONTROLS,NOT DIVIDED,CLEAR,,,,,,,2,1,"{""coordinates"": [-87.83673365898, 41.978973026997], ""type"": ""Point""}","[""SIDE-LEFT-REAR"", ""UNKNOWN""]","[""PARKED"", ""STRAIGHT AHEAD""]",[],"[""UNKNOWN""]","[""DRIVER"", ""PARKED""]","[""NONE""]","[""PERSONAL""]","[""2013"", ""2019""]",[],"[""DEPLOYMENT UNKNOWN""]","[""NONE""]","[""NO INDICATION OF INJURY""]","[""DRIVER""]","[""USAGE UNKNOWN""]","[""X""]",[]