alignment,beat_of_occurrence,crash_date,crash_day_of_week,crash_hour,crash_month,crash_record_id,crash_type,damage,date_police_notified,device_condition,first_crash_type,hit_and_run_i,injuries_fatal,injuries_incapacitating,injuries_no_indication,injuries_non_incapacitating,injuries_reported_not_evident,injuries_total,injuries_unknown,latitude,lighting_condition,longitude,most_severe_injury,num_units,posted_speed_limit,prim_contributory_cause,report_type,road_defect,roadway_surface_cond,sec_contributory_cause,street_direction,street_name,street_no,traffic_control_device,trafficway_type,weather_condition,intersection_related_i,crash_date_est_i,private_property_i,statements_taken_i,photos_taken_i,work_zone_i,veh_count,ppl_count,location_json,veh_first_contact_point_list_json,veh_maneuver_list_json,veh_towed_i_list_json,veh_travel_direction_list_json,veh_unit_type_list_json,veh_vehicle_defect_list_json,veh_vehicle_use_list_json,veh_vehicle_year_list_json,ppl_age_list_json,ppl_airbag_deployed_list_json,ppl_ejection_list_json,ppl_injury_classification_list_json,ppl_person_type_list_json,ppl_safety_equipment_list_json,ppl_sex_list_json,ppl_seat_no_list_json
STRAIGHT AND LEVEL,2234,2025-09-23T14:00:00.000,3,14,9,f403691c3853fcde4fee7aade43ab0bd871dbed28568e75c9550aa297067cb447bad02f89b042a5ff82be75eb1d3237d8a70f2fba15f7213552593e12f0f8a4e,NO INJURY / DRIVE AWAY,"OVER $1,500",2025-09-23T14:50:00.000,NO CONTROLS,FIXED OBJECT,,0,0,1,0,0,0,0,41.6994904203,DAYLIGHT,-87.6524733208,NO INDICATION OF INJURY,1,20,UNABLE TO DETERMINE,NOT ON SCENE (DESK REPORT),UNKNOWN,DRY,NOT APPLICABLE,S,RACINE AVE,10700,NO CONTROLS,NOT DIVIDED,CLEAR,,,,,,,1,1,"{""coordinates"": [-87.652473320798, 41.699490420298], ""type"": ""Point""}","[""FRONT-LEFT-CORNER""]","[""STRAIGHT AHEAD""]",[],"[""W""]","[""DRIVER""]","[""UNKNOWN""]","[""OTHER""]",[],[],"[""DID NOT DEPLOY""]","[""NONE""]","[""NO INDICATION OF INJURY""]","[""DRIVER""]","[""SAFETY BELT USED""]","[""M""]",[]
STRAIGHT AND LEVEL,833,2025-09-23T14:15:00.000,3,14,9,eeb342b4e06e6c90212bf03b6b2b772332053c401d3c796b60ab6b4e485ef7a4d3ab6b23c235581d4a18276cadbfae2e0ead326d8ce8ab37bc7c4d3e78fff782,NO INJURY / DRIVE AWAY,"OVER $1,500",2025-09-23T15:50:00.000,NO CONTROLS,SIDESWIPE SAME DIRECTION,,0,0,2,0,0,0,0,41.7742978349,DAYLIGHT,-87.7419934826,NO INDICATION OF INJURY,2,30,NOT APPLICABLE,NOT ON SCENE (DESK REPORT),OTHER,DRY,NOT APPLICABLE,S,CICERO AVE,6515,NO CONTROLS,DIVIDED - W/MEDIAN (NOT RAISED),CLOUDY/OVERCAST,,,,,,,2,2,"{""coordinates"": [-87.741993482589, 41.77429783494], ""type"": ""Point""}","[""FRONT-RIGHT-CORNER"", ""REAR-LEFT-CORNER""]","[""CHANGING LANES"", ""STRAIGHT AHEAD""]",[],"[""N""]","[""DRIVER""]","[""NONE"", ""UNKNOWN""]","[""UNKNOWN/NA""]","[""2005"", ""2009""]","[""24""]","[""DEPLOYMENT UNKNOWN""]","[""NONE""]","[""NO INDICATION OF INJURY""]","[""DRIVER""]","[""USAGE UNKNOWN""]","[""M""]",[]
STRAIGHT AND LEVEL,1024,2025-09-23T14:30:00.000,3,14,9,4cb2ef42a8bc8342fdc6f378fc5b1f7217be350a9a94519711d4d29e5bfabcfbf99b2dcd8e1a2dd8f1dda14e8687adc41048a054684a00078ff49fba437fa827,NO INJURY / DRIVE AWAY,"OVER $1,500",2025-09-23T14:50:00.000,NO CONTROLS,ANGLE,,0,0,3,0,0,0,0,41.8549089718,DAYLIGHT,-87.713423397,NO INDICATION OF INJURY,2,30,UNABLE TO DETERMINE,NOT ON SCENE (DESK REPORT),NO DEFECTS,DRY,NOT APPLICABLE,W,OGDEN AVE,3525,NO CONTROLS,DIVIDED - W/MEDIAN (NOT RAISED),CLEAR,,,,,,,2,3,"{""coordinates"": [-87.713423397016, 41.854908971803], ""type"": ""Point""}","[""FRONT-RIGHT-CORNER"", ""SIDE-LEFT""]","[""STRAIGHT AHEAD""]",[],"[""N"", ""W""]","[""DRIVER""]","[""NONE""]","[""COMMERCIAL - SINGLE UNIT"", ""PERSONAL""]","[""2015"", ""2016""]","[""26"", ""41"", ""53""]","[""NOT APPLICABLE""]","[""NONE""]","[""NO INDICATION OF INJURY""]","[""DRIVER"", ""PASSENGER""]","[""SAFETY BELT USED""]","[""M""]","[""10""]"
STRAIGHT AND LEVEL,2515,2025-09-23T14:34:00.000,3,14,9,0f890edbe5f51b267c470fa2dc7e74768e8188e972793ad8e1348c14d87010708970d89082c12d1758f643cbde6dcbd9d78490d3c372e3e98f5f178c5637225d,NO INJURY / DRIVE AWAY,"OVER $1,500",2025-09-23T14:34:00.000,NO CONTROLS,ANGLE,,0,0,2,0,0,0,0,41.9241794163,DAYLIGHT,-87.7590657873,NO INDICATION OF INJURY,2,30,UNABLE TO DETERMINE,ON SCENE,NO DEFECTS,DRY,UNABLE TO DETERMINE,W,FULLERTON AVE,5310,NO CONTROLS,NOT DIVIDED,CLEAR,,,,,,,2,2,"{""coordinates"": [-87.759065787317, 41.924179416264], ""type"": ""Point""}","[""FRONT-LEFT-CORNER"", ""FRONT-RIGHT-CORNER""]","[""ENTER FROM DRIVE/ALLEY"", ""STRAIGHT AHEAD""]",[],"[""S"", ""W""]","[""DRIVER""]","[""UNKNOWN""]","[""PERSONAL""]","[""2010""]","[""24"", ""46""]","[""NOT APPLICABLE""]","[""NONE""]","[""NO INDICATION OF INJURY""]","[""DRIVER""]","[""USAGE UNKNOWN""]","[""M""]",[]
STRAIGHT AND LEVEL,1612,2025-09-23T14:35:00.000,3,14,9,90e9b34166f94cd25f6aeb28c0437ea731d0c50bbce44d2d0f3d2909f97c968952f895d9f5c2333ac20117d41338eae9390d55b5840be8ca5ab39fdbb492910c,NO INJURY / DRIVE AWAY,"$501 - $1,500",2025-09-23T15:32:00.000,NO CONTROLS,ANGLE,Y,0,0,2,0,0,0,0,41.9963972701,DAYLIGHT,-87.8060578492,NO INDICATION OF INJURY,2,35,UNABLE TO DETERMINE,NOT ON SCENE (DESK REPORT),NO DEFECTS,DRY,NOT APPLICABLE,N,NORTHWEST HWY,6332,NO CONTROLS,NOT DIVIDED,CLEAR,,,,,,,2,2,"{""coordinates"": [-87.806057849245, 41.996397270108], ""type"": ""Point""}","[""SIDE-RIGHT"", ""UNKNOWN""]","[""STRAIGHT AHEAD""]",[],"[""UNKNOWN""]","[""DRIVER""]","[""NONE""]","[""PERSONAL""]","[""2009"", ""2013""]",[],"[""DEPLOYMENT UNKNOWN"", ""NOT APPLICABLE""]","[""NONE""]","[""NO INDICATION OF INJURY""]","[""DRIVER""]","[""SAFETY BELT USED"", ""USAGE UNKNOWN""]","[""F"", ""X""]",[]
STRAIGHT AND LEVEL,511,2025-09-23T14:42:00.000,3,14,9,2c37353caf3bfff452ddac0661c8d4ca023e2b5c47b22aeff851096fb1ebb65250fc11581e7044d524db66c3c94bc717ce130f5aa51b7de3bf19055783a069da,NO INJURY / DRIVE AWAY,$500 OR LESS,2025-09-23T15:40:00.000,FUNCTIONING PROPERLY,SIDESWIPE SAME DIRECTION,Y,0,0,2,0,0,0,0,41.7074240468,DAYLIGHT,-87.613831778,NO INDICATION OF INJURY,2,30,UNABLE TO DETERMINE,NOT ON SCENE (DESK REPORT),NO DEFECTS,DRY,NOT APPLICABLE,E,103RD ST,364,TRAFFIC SIGNAL,NOT DIVIDED,CLEAR,Y,,,,,,2,2,"{""coordinates"": [-87.613831777968, 41.707424046752], ""type"": ""Point""}","[""FRONT"", ""REAR""]","[""STRAIGHT AHEAD""]",[],"[""E""]","[""DRIVER""]","[""NONE"", ""UNKNOWN""]","[""OTHER"", ""PERSONAL""]",[],"[""39""]","[""DID NOT DEPLOY""]","[""NONE""]","[""NO INDICATION OF INJURY""]","[""DRIVER""]","[""SAFETY BELT USED"", ""USAGE UNKNOWN""]","[""M"", ""X""]",[]
STRAIGHT AND LEVEL,811,2025-09-23T14:45:00.000,3,14,9,773d4720757d90bbb031a82fc0d08ab46b498af47a371efe011cbc85dc64a7e43ad310b29664c21a8ba96f112b31e9449ff052db4ecfbdf75cb60917fd264d0a,NO INJURY / DRIVE AWAY,"OVER $1,500",2025-09-23T14:45:00.000,NO CONTROLS,TURNING,,0,0,2,0,0,0,0,41.7908047728,DAYLIGHT,-87.7623834628,NO INDICATION OF INJURY,2,35,IMPROPER OVERTAKING/PASSING,ON SCENE,NO DEFECTS,DRY,NOT APPLICABLE,S,CENTRAL AVE,5600,NO CONTROLS,NOT DIVIDED,CLEAR,Y,,,,,,2,2,"{""coordinates"": [-87.76238346284, 41.79080477277], ""type"": ""Point""}","[""FRONT-LEFT-CORNER"", ""REAR-RIGHT-CORNER""]","[""PASSING/OVERTAKING"", ""TURNING LEFT""]",[],"[""N""]","[""DRIVER""]","[""NONE""]","[""PERSONAL""]","[""2015""]","[""23"", ""59""]","[""DID NOT DEPLOY"", ""NOT APPLICABLE""]","[""NONE""]","[""NO INDICATION OF INJURY""]","[""DRIVER""]","[""SAFETY BELT USED""]","[""M""]",[]
STRAIGHT AND LEVEL,2534,2025-09-23T14:45:00.000,3,14,9,8afa08f5e0ea76ccf669622e5ff5a7292e0a923cb2a3724e7dba95d54c61e3a74f8acd72aead8358b2f85dc28c5e47d9f79eda3892cf3f6b9c20d1d88502909b,NO INJURY / DRIVE AWAY,"OVER $1,500",2025-09-23T15:20:00.000,NO CONTROLS,PARKED MOTOR VEHICLE,,0,0,2,0,0,0,0,41.9061279676,DAYLIGHT,-87.7299332374,NO INDICATION OF INJURY,2,30,UNABLE TO DETERMINE,NOT ON SCENE (DESK REPORT),UNKNOWN,UNKNOWN,UNABLE TO DETERMINE,W,HIRSCH ST,4127,NO CONTROLS,ONE-WAY,CLOUDY/OVERCAST,,,,,,,2,2,"{""coordinates"": [-87.729933237446, 41.906127967567], ""type"": ""Point""}","[""FRONT-RIGHT-CORNER"", ""REAR-LEFT-CORNER""]","[""ENTERING TRAFFIC LANE FROM PARKING"", ""PARKED""]",[],"[""E""]","[""DRIVER"", ""PARKED""]","[""NONE"", ""UNKNOWN""]","[""UNKNOWN/NA""]","[""2014"", ""2016""]","[""30"", ""36""]","[""DEPLOYMENT UNKNOWN""]","[""NONE""]","[""NO INDICATION OF INJURY""]","[""DRIVER"", ""PASSENGER""]","[""USAGE UNKNOWN""]","[""F"", ""M""]","[""1""]"
STRAIGHT AND LEVEL,2031,2025-09-23T14:50:00.000,3,14,9,81c2b51af5e170b7214d92a89689348582b8e9342cd9e5650485f19fcbe1f140171c2337e91006cb0d58be778802ee83b5132e92e423507bfbc18b7942be455c,INJURY AND / OR TOW DUE TO CRASH,$500 OR LESS,2025-09-23T14:52:00.000,NO CONTROLS,PEDALCYCLIST,,0,0,1,1,0,1,0,41.9687458116,DAYLIGHT,-87.6876276554,NONINCAPACITATING INJURY,2,30,FAILING TO YIELD RIGHT-OF-WAY,ON SCENE,UNKNOWN,DRY,FAILING TO YIELD RIGHT-OF-WAY,W,LAWRENCE AVE,2330,NO CONTROLS,NOT DIVIDED,CLEAR,Y,,,,,,2,2,"{""coordinates"": [-87.68762765543, 41.968745811588], ""type"": ""Point""}","[""FRONT""]","[""SLOW/STOP IN TRAFFIC""]",[],"[""W""]","[""BICYCLE"", ""DRIVER""]","[""UNKNOWN""]","[""PERSONAL""]","[""2023""]","[""28"", ""42""]","[""DID NOT DEPLOY""]","[""NONE""]","[""NO INDICATION OF INJURY"", ""NONINCAPACITATING INJURY""]","[""BICYCLE"", ""DRIVER""]","[""HELMET NOT USED"", ""USAGE UNKNOWN""]","[""M""]",[]
STRAIGHT AND LEVEL,1013,2025-09-23T14:53:00.000,3,14,9,dd0666578437cd763006f7916abf042f24a1bbe14ecbe67f2feef28558604d52b1bbfa52b95c54c3662ccb68609a770e2c5aae895ae57bfa960327556e104229,NO INJURY / DRIVE AWAY,"OVER $1,500",2025-09-23T16:45:00.000,FUNCTIONING PROPERLY,SIDESWIPE SAME DIRECTION,,0,0,2,0,0,0,0,41.8460995854,DAYLIGHT,-87.7310152903,NO INDICATION OF INJURY,2,25,UNABLE TO DETERMINE,NOT ON SCENE (DESK REPORT),NO DEFECTS,DRY,UNABLE TO DETERMINE,W,25TH ST,4234,STOP SIGN/FLASHER,FOUR WAY,CLEAR,,,,,,,2,2,"{""coordinates"": [-87.731015290288, 41.846099585421], ""type"": ""Point""}","[""FRONT"", ""SIDE-LEFT-FRONT""]","[""SLOW/STOP IN TRAFFIC"", ""STRAIGHT AHEAD""]",[],"[""W""]","[""DRIVER""]","[""NONE""]","[""PERSONAL""]","[""2016"", ""2021""]","[""46""]","[""DEPLOYMENT UNKNOWN"", ""DID NOT DEPLOY""]","[""NONE""]","[""NO INDICATION OF INJURY""]","[""DRIVER""]","[""SAFETY BELT USED"", ""USAGE UNKNOWN""]","[""F"", ""M""]",[]
STRAIGHT AND LEVEL,1023,2025-09-23T14:54:00.000,3,14,9,e63955068adba90bf27be7d8df44f91f5777c047152cfc5972f843197c59fbbc83103600eb4caa8a35e3228e960ac50254b29dfb5cf45ffeb2d7ff8227624fb6,NO INJURY / DRIVE AWAY,"$501 - $1,500",2025-09-23T14:54:00.000,NO CONTROLS,SIDESWIPE SAME DIRECTION,,0,0,2,0,0,0,0,41.8571962168,DAYLIGHT,-87.6859303025,NO INDICATION OF INJURY,2,30,UNABLE TO DETERMINE,ON SCENE,NO DEFECTS,DRY,UNABLE TO DETERMINE,S,WESTERN AVE,1808,NO CONTROLS,NOT DIVIDED,CLEAR,,,,,,,2,2,"{""coordinates"": [-87.685930302519, 41.857196216784], ""type"": ""Point""}","[""SIDE-LEFT"", ""SIDE-RIGHT""]","[""MERGING"", ""STRAIGHT AHEAD""]",[],"[""S""]","[""DRIVER""]","[""NONE""]","[""CTA"", ""PERSONAL""]","[""2007"", ""2021""]","[""31"", ""56""]","[""NOT APPLICABLE""]","[""NONE""]","[""NO INDICATION OF INJURY""]","[""DRIVER""]","[""SAFETY BELT USED"", ""USAGE UNKNOWN""]","[""F"", ""M""]",[]
STRAIGHT AND LEVEL,832,2025-09-23T15:00:00.000,3,15,9,081f174b743e9f623708e142527bb7d180eb79d72dff0c742ea59985d77b800a3415fa99fdf75f4d4918fa6d54f75135fa6a755680a7139e67bd32314a70c15a,NO INJURY / DRIVE AWAY,"OVER $1,500",2025-09-23T19:00:00.000,FUNCTIONING PROPERLY,SIDESWIPE SAME DIRECTION,Y,0,0,2,0,0,0,0,41.7697788576,DAYLIGHT,-87.6832355827,NO INDICATION OF INJURY,2,30,DRIVING SKILLS/KNOWLEDGE/EXPERIENCE,NOT ON SCENE (DESK REPORT),NO DEFECTS,DRY,UNABLE TO DETERMINE,S,WESTERN AVE,6811,TRAFFIC SIGNAL,T-INTERSECTION,CLEAR,,,,,,,2,2,"{""coordinates"": [-87.68323558272, 41.769778857636], ""type"": ""Point""}","[""SIDE-LEFT"", ""SIDE-RIGHT""]","[""CHANGING LANES"", ""STRAIGHT AHEAD""]",[],"[""N""]","[""DRIVER""]","[""NONE""]","[""PERSONAL""]","[""2003"", ""2016""]",[],"[""DEPLOYMENT UNKNOWN"", ""DID NOT DEPLOY""]","[""NONE""]","[""NO INDICATION OF INJURY""]","[""DRIVER""]","[""SAFETY BELT USED"", ""USAGE UNKNOWN""]","[""F"", ""M""]",[]
STRAIGHT AND LEVEL,1712,2025-09-23T15:00:00.000,3,15,9,9a694c7795e1fb8a2c0bb13fc24e062fffac65868b2a3a8ed9863ea87dd9c60d02e8033e0312e4c21eaf82adbc9a9fbbbda5096b7411a2e52b9246147920deb4,NO INJURY / DRIVE AWAY,"$501 - $1,500",2025-09-23T15:30:00.000,FUNCTIONING PROPERLY,REAR END,,0,0,2,0,0,0,0,41.9701523764,DAYLIGHT,-87.7282304079,NO INDICATION OF INJURY,2,30,FOLLOWING TOO CLOSELY,NOT ON SCENE (DESK REPORT),NO DEFECTS,DRY,UNABLE TO DETERMINE,N,PULASKI RD,4900,STOP SIGN/FLASHER,DIVIDED - W/MEDIAN (NOT RAISED),CLEAR,Y,,,,,,2,2,"{""coordinates"": [-87.72823040792, 41.970152376388], ""type"": ""Point""}","[""FRONT"", ""REAR""]","[""SLOW/STOP IN TRAFFIC""]",[],"[""N""]","[""DRIVER""]","[""NONE""]","[""COMMERCIAL - SINGLE UNIT"", ""PERSONAL""]","[""2016"", ""2022""]","[""51"", ""59""]","[""DID NOT DEPLOY""]","[""NONE""]","[""NO INDICATION OF INJURY""]","[""DRIVER""]","[""SAFETY BELT USED""]","[""M""]",[]
STRAIGHT AND LEVEL,131,2025-09-23T15:00:00.000,3,15,9,b87dbc92514c214e1dfaa7c49b0713d5084f424d61d43b34f319b7c2ffb8fd067d8db6c6f09a4e352629b2d246ad16e5b65134fa220db91e129b616e9e46c1bf,NO INJURY / DRIVE AWAY,"OVER $1,500",2025-09-24T07:45:00.000,FUNCTIONING PROPERLY,TURNING,Y,0,0,2,0,0,0,0,41.8601185014,DAYLIGHT,-87.6274083114,NO INDICATION OF INJURY,2,30,UNABLE TO DETERMINE,NOT ON SCENE (DESK REPORT),NO DEFECTS,DRY,UNABLE TO DETERMINE,S,STATE ST,1600,POLICE/FLAGMAN,FOUR WAY,CLEAR,Y,,,,,,2,2,"{""coordinates"": [-87.627408311391, 41.86011850138], ""type"": ""Point""}","[""FRONT-LEFT-CORNER"", ""SIDE-RIGHT""]","[""TURNING RIGHT""]",[],"[""S""]","[""DRIVER""]","[""NONE"", ""UNKNOWN""]","[""PERSONAL""]",[],[],"[""DEPLOYMENT UNKNOWN"", ""DID NOT DEPLOY""]","[""NONE""]","[""NO INDICATION OF INJURY""]","[""DRIVER""]","[""SAFETY BELT USED"", ""USAGE UNKNOWN""]","[""F"", ""M""]",[]
STRAIGHT AND LEVEL,1624,2025-09-23T15:00:00.000,3,15,9,c8b667bf3e91e25c7de6448a2be750334d6daa6998d06635eccdf4c539bfa9f6025e6aeca4bdc74ae512a843a1a3681db7d52529bccbe326bfb86258d6d66647,NO INJURY / DRIVE AWAY,"OVER $1,500",2025-09-23T15:40:00.000,UNKNOWN,PARKED MOTOR VEHICLE,,0,0,1,0,0,0,0,41.9601140486,DAYLIGHT,-87.7864009802,NO INDICATION OF INJURY,2,30,UNABLE TO DETERMINE,NOT ON SCENE (DESK REPORT),UNKNOWN,UNKNOWN,UNABLE TO DETERMINE,W,MONTROSE AVE,6351,UNKNOWN,UNKNOWN,CLEAR,,,,,,,2,1,"{""coordinates"": [-87.786400980233, 41.960114048602], ""type"": ""Point""}","[""FRONT-LEFT-CORNER"", ""REAR""]","[""BACKING"", ""PARKED""]",[],"[""W""]","[""DRIVER"", ""PARKED""]","[""UNKNOWN""]","[""NOT IN USE"", ""UNKNOWN/NA""]","[""2011""]","[""32""]","[""NOT APPLICABLE""]","[""NONE""]","[""NO INDICATION OF INJURY""]","[""DRIVER""]","[""USAGE UNKNOWN""]","[""M""]",[]
STRAIGHT AND LEVEL,711,2025-09-23T15:11:00.000,3,15,9,66c847ffe9cf7db9ae8450ae2ee46e3efca3e2c79dc1b9ce08b24ea556919ea3e68d2ab95c80c9abf1916b21d844f7d5b16a7c3bc410ca805a35dfcff17a3e0b,NO INJURY / DRIVE AWAY,"OVER $1,500",2025-09-23T15:11:00.000,FUNCTIONING PROPERLY,FIXED OBJECT,,0,0,1,0,0,0,0,41.7940086781,DAYLIGHT,-87.6355234072,NO INDICATION OF INJURY,1,30,DRIVING SKILLS/KNOWLEDGE/EXPERIENCE,ON SCENE,UNKNOWN,DRY,DRIVING SKILLS/KNOWLEDGE/EXPERIENCE,W,GARFIELD BLVD,399,TRAFFIC SIGNAL,ONE-WAY,CLEAR,,,,,,,1,1,"{""coordinates"": [-87.635523407168, 41.794008678056], ""type"": ""Point""}","[""TOP""]","[""STRAIGHT AHEAD""]",[],"[""E""]","[""DRIVER""]","[""UNKNOWN""]","[""COMMERCIAL - SINGLE UNIT""]","[""2023""]","[""42""]","[""DID NOT DEPLOY""]","[""NONE""]","[""NO INDICATION OF INJURY""]","[""DRIVER""]","[""USAGE UNKNOWN""]","[""M""]",[]
STRAIGHT AND LEVEL,815,2025-09-23T15:15:00.000,3,15,9,daecc4188d43f790b06041bdb75c82789f51b5d187ee7c7a51f4d4c33b45049c037721821c89b43b8d3fd2ee5bda1d7c78f22d2d2ccd5001ccc99ba8b6acf746,NO INJURY / DRIVE AWAY,"OVER $1,500",2025-09-23T16:45:00.000,FUNCTIONING PROPERLY,SIDESWIPE SAME DIRECTION,,0,0,2,0,0,0,0,41.8023659733,DAYLIGHT,-87.7235767661,NO INDICATION OF INJURY,2,30,IMPROPER LANE USAGE,NOT ON SCENE (DESK REPORT),NO DEFECTS,DRY,NOT APPLICABLE,S,ARCHER AVE,5000,TRAFFIC SIGNAL,NOT DIVIDED,CLEAR,,,,,,,2,1,"{""coordinates"": [-87.72357676611, 41.802365973339], ""type"": ""Point""}","[""SIDE-LEFT-FRONT"", ""SIDE-RIGHT-FRONT""]","[""STRAIGHT AHEAD""]",[],"[""S""]","[""DRIVER""]","[""NONE""]","[""PERSONAL""]","[""2017"", ""2023""]",[],"[""DID NOT DEPLOY""]","[""NONE""]","[""NO INDICATION OF INJURY""]","[""DRIVER""]","[""SAFETY BELT USED""]","[""F""]",[]
STRAIGHT AND LEVEL,433,2025-09-23T15:18:00.000,3,15,9,d8ff5f2c0d76e3af9e1e604de37690b3ccafbb5d581d2805d15e4fe4beb559b214f0ba0d07984c61d934ad2ad5fcd0dd8686471718ecf143e9c78c5c65297c1f,NO INJURY / DRIVE AWAY,"$501 - $1,500",2025-09-23T15:45:00.000,FUNCTIONING PROPERLY,TURNING,,0,0,2,0,0,0,0,41.6919054851,DAYLIGHT,-87.5271906324,NO INDICATION OF INJURY,2,25,FAILING TO YIELD RIGHT-OF-WAY,NOT ON SCENE (DESK REPORT),NO DEFECTS,DRY,FAILING TO YIELD RIGHT-OF-WAY,S,AVENUE C,11198,STOP SIGN/FLASHER,TRAFFIC ROUTE,CLEAR,,,,,,,2,2,"{""coordinates"": [-87.527190632406, 41.691905485073], ""type"": ""Point""}","[""FRONT-RIGHT-CORNER"", ""REAR-LEFT-CORNER""]","[""TURNING LEFT"", ""TURNING RIGHT""]",[],"[""S""]","[""DRIVER""]","[""NONE""]","[""PERSONAL""]","[""2010"", ""2014""]","[""20"", ""23""]","[""DID NOT DEPLOY""]","[""NONE""]","[""NO INDICATION OF INJURY""]","[""DRIVER""]","[""SAFETY BELT USED""]","[""F""]",[]
STRAIGHT AND LEVEL,1533,2025-09-23T15:20:00.000,3,15,9,deda1cec5c8ce0eeefba750037e9783c4406fdcd6b5abe397b59ea577892ed78c4a9ab8a36d66abb06505bbfab0579339e0d25bdf0928db82ab2cd2d1aab0957,NO INJURY / DRIVE AWAY,"OVER $1,500",2025-09-23T16:05:00.000,FUNCTIONING PROPERLY,REAR END,Y,0,0,2,0,0,0,0,41.8711963272,DAYLIGHT,-87.7450724656,NO INDICATION OF INJURY,2,30,UNABLE TO DETERMINE,NOT ON SCENE (DESK REPORT),UNKNOWN,DRY,UNABLE TO DETERMINE,S,CICERO AVE,732,TRAFFIC SIGNAL,DIVIDED - W/MEDIAN (NOT RAISED),CLEAR,Y,,,,,,2,2,"{""coordinates"": [-87.745072465564, 41.871196327219], ""type"": ""Point""}","[""FRONT"", ""REAR""]","[""STRAIGHT AHEAD""]",[],"[""S""]","[""DRIVER""]","[""UNKNOWN""]","[""PERSONAL"", ""UNKNOWN/NA""]","[""2009""]","[""25""]","[""DEPLOYMENT UNKNOWN"", ""DID NOT DEPLOY""]","[""NONE""]","[""NO INDICATION OF INJURY""]","[""DRIVER""]","[""SAFETY BELT USED"", ""USAGE UNKNOWN""]","[""M""]",[]
STRAIGHT AND LEVEL,634,2025-09-23T15:23:00.000,3,15,9,33dc159f7f6de6d48e4ac6e8a2f132c7aff8523cdebbb173dc22f36d8deeb23291b938e73cb53c944056ee88696a2f8d417dbbc137f142a0bfaf522046fc34f7,NO INJURY / DRIVE AWAY,"$501 - $1,500",2025-09-23T15:45:00.000,NO CONTROLS,REAR END,Y,0,0,2,0,0,0,0,41.7308507262,DAYLIGHT,-87.6229294426,NO INDICATION OF INJURY,2,20,UNABLE TO DETERMINE,ON SCENE,NO DEFECTS,DRY,UNABLE TO DETERMINE,E,90TH ST,27,NO CONTROLS,ONE-WAY,CLEAR,,Y,,,,,2,2,"{""coordinates"": [-87.622929442576, 41.73085072621], ""type"": ""Point""}","[""FRONT-LEFT-CORNER"", ""REAR""]","[""BACKING"", ""SLOW/STOP IN TRAFFIC""]",[],"[""W""]","[""DRIVER""]","[""UNKNOWN""]","[""PERSONAL""]","[""2004"", ""2013""]","[""66""]","[""DEPLOYMENT UNKNOWN"", ""DID NOT DEPLOY""]","[""NONE""]","[""NO INDICATION OF INJURY""]","[""DRIVER""]","[""SAFETY BELT USED"", ""USAGE UNKNOWN""]","[""F""]",[]
STRAIGHT AND LEVEL,1933,2025-09-23T15:26:00.000,3,15,9,142f7ea36b4384c7f0b5095f3271000535ccbfc0eed6d47721262b3c6a1e1e525763ec1cc68ea70be241a1a1d3ca0a6575f06ac721af191b0fcc6906108bec49,INJURY AND / OR TOW DUE TO CRASH,"OVER $1,500",2025-09-23T15:30:00.000,FUNCTIONING PROPERLY,TURNING,,0,0,2,0,0,0,0,41.9371353865,DAYLIGHT,-87.6538647768,NO INDICATION OF INJURY,2,25,"VISION OBSCURED (SIGNS, TREE LIMBS, BUILDINGS, ETC.)",ON SCENE,NO DEFECTS,DRY,NOT APPLICABLE,N,SHEFFIELD AVE,3029,STOP SIGN/FLASHER,NOT DIVIDED,CLEAR,,,,,,,2,2,"{""coordinates"": [-87.65386477678, 41.937135386527], ""type"": ""Point""}","[""FRONT-RIGHT-CORNER"", ""SIDE-LEFT""]","[""STRAIGHT AHEAD"", ""TURNING LEFT""]","[""Y""]","[""S""]","[""DRIVER""]","[""UNKNOWN""]","[""PERSONAL""]","[""2022"", ""2024""]","[""27"", ""30""]","[""DID NOT DEPLOY""]","[""NONE""]","[""NO INDICATION OF INJURY""]","[""DRIVER""]","[""USAGE UNKNOWN""]","[""F"", ""M""]",[]
STRAIGHT AND LEVEL,2512,2025-09-23T15:27:00.000,3,15,9,64ae1ece64205c46e0005d1cac7a157a2b63c48f910699978dcfa1883204cba6b0310b249997380fefea5b3d73e344d617c16d2de70e920f599e4ad25d99ca00,NO INJURY / DRIVE AWAY,"OVER $1,500",2025-09-23T16:30:00.000,NO CONTROLS,PARKED MOTOR VEHICLE,,0,0,1,0,0,0,0,41.9291153605,DAYLIGHT,-87.7989428515,NO INDICATION OF INJURY,2,30,NOT APPLICABLE,NOT ON SCENE (DESK REPORT),NO DEFECTS,DRY,NOT APPLICABLE,N,NEWLAND AVE,2701,NO CONTROLS,ONE-WAY,CLOUDY/OVERCAST,,,,,,,2,1,"{""coordinates"": [-87.798942851537, 41.92911536052], ""type"": ""Point""}","[""FRONT-RIGHT-CORNER"", ""REAR-RIGHT-CORNER""]","[""PARKED"", ""STRAIGHT AHEAD""]",[],"[""N""]","[""DRIVER"", ""PARKED""]","[""UNKNOWN""]","[""UNKNOWN/NA""]","[""2020""]","[""36""]","[""DEPLOYMENT UNKNOWN""]","[""NONE""]","[""NO INDICATION OF INJURY""]","[""DRIVER""]","[""USAGE UNKNOWN""]","[""F""]",[]