alignment,beat_of_occurrence,crash_date,crash_day_of_week,crash_hour,crash_month,crash_record_id,crash_type,damage,date_police_notified,device_condition,first_crash_type,hit_and_run_i,injuries_fatal,injuries_incapacitating,injuries_no_indication,injuries_non_incapacitating,injuries_reported_not_evident,injuries_total,injuries_unknown,latitude,lighting_condition,longitude,most_severe_injury,num_units,posted_speed_limit,prim_contributory_cause,report_type,road_defect,roadway_surface_cond,sec_contributory_cause,street_direction,street_name,street_no,traffic_control_device,trafficway_type,weather_condition,intersection_related_i,crash_date_est_i,private_property_i,statements_taken_i,photos_taken_i,work_zone_i,veh_count,ppl_count,location_json,veh_first_contact_point_list_json,veh_maneuver_list_json,veh_towed_i_list_json,veh_travel_direction_list_json,veh_unit_type_list_json,veh_vehicle_defect_list_json,veh_vehicle_use_list_json,veh_vehicle_year_list_json,ppl_age_list_json,ppl_airbag_deployed_list_json,ppl_ejection_list_json,ppl_injury_classification_list_json,ppl_person_type_list_json,ppl_safety_equipment_list_json,ppl_sex_list_json,ppl_seat_no_list_json
STRAIGHT AND LEVEL,2031,2025-09-23T15:28:00.000,3,15,9,705f065771f3109152ca236e967051c3ba31d78fe93e6c679194c0ee9857b1ee6fc03ad5ace30c91f6ef513fee48d45b588ad4252c81a8404358095d884fccf2,INJURY AND / OR TOW DUE TO CRASH,$500 OR LESS,2025-09-23T16:00:00.000,NO CONTROLS,PEDALCYCLIST,,0,0,2,0,1,1,0,41.9687784793,DAYLIGHT,-87.6851136475,"REPORTED, NOT EVIDENT",2,30,FAILING TO YIELD RIGHT-OF-WAY,ON SCENE,NO DEFECTS,DRY,UNABLE TO DETERMINE,W,LAWRENCE AVE,2224,NO CONTROLS,NOT DIVIDED,CLEAR,,,,,,,2,3,"{""coordinates"": [-87.685113647536, 41.968778479251], ""type"": ""Point""}","[""SIDE-RIGHT""]","[""MERGING""]",[],"[""W""]","[""BICYCLE"", ""DRIVER""]","[""NONE""]","[""RIDESHARE SERVICE""]","[""2020""]","[""16"", ""26"", ""32""]","[""DID NOT DEPLOY""]","[""NONE""]","[""NO INDICATION OF INJURY"", ""REPORTED, NOT EVIDENT""]","[""BICYCLE"", ""DRIVER"", ""PASSENGER""]","[""HELMET NOT USED"", ""USAGE UNKNOWN""]","[""F"", ""M""]","[""6""]"
STRAIGHT AND LEVEL,1634,2025-09-23T15:30:00.000,3,15,9,c66a8b8c2e0e3b27da2373b587925769ffbc7a9c39df83fa54cd31a31ef1eace04253d7ab4fa8e5aed95c59e35cd9f3db27a79f49d7d24b6a58e236e5fba305e,NO INJURY / DRIVE AWAY,"OVER $1,500",2025-09-24T13:20:00.000,NO CONTROLS,REAR END,,0,0,2,0,0,0,0,41.9515570485,DAYLIGHT,-87.7572405297,NO INDICATION OF INJURY,2,30,FOLLOWING TOO CLOSELY,NOT ON SCENE (DESK REPORT),NO DEFECTS,DRY,FAILING TO REDUCE SPEED TO AVOID CRASH,N,LARAMIE AVE,3902,NO CONTROLS,DIVIDED - W/MEDIAN (NOT RAISED),CLEAR,,,,,,,2,2,"{""coordinates"": [-87.757240529704, 41.951557048451], ""type"": ""Point""}","[""FRONT"", ""REAR""]","[""STRAIGHT AHEAD""]",[],"[""S""]","[""DRIVER""]","[""NONE"", ""UNKNOWN""]","[""PERSONAL"", ""UNKNOWN/NA""]","[""2005"", ""2020""]","[""30"", ""40""]","[""DID NOT DEPLOY""]","[""NONE""]","[""NO INDICATION OF INJURY""]","[""DRIVER""]","[""SAFETY BELT USED"", ""USAGE UNKNOWN""]","[""F"", ""M""]",[]
STRAIGHT AND LEVEL,324,2025-09-23T15:33:00.000,3,15,9,7ef815c13e93286f7b0388fcfe10baf9ad2b33a79e7d90666879c938020305b7eed43baee4703faae6d89676882a5a083fde8454d2b66774bba8e805bc930bf5,NO INJURY / DRIVE AWAY,"OVER $1,500",2025-09-23T22:00:00.000,NO CONTROLS,REAR TO FRONT,Y,0,0,2,0,0,0,0,41.758811165,DAYLIGHT,-87.5931705297,NO INDICATION OF INJURY,2,30,UNABLE TO DETERMINE,NOT ON SCENE (DESK REPORT),NO DEFECTS,DRY,UNABLE TO DETERMINE,E,75TH ST,1300,NO CONTROLS,DIVIDED - W/MEDIAN (NOT RAISED),CLEAR,,,,,,,2,2,"{""coordinates"": [-87.593170529702, 41.758811164965], ""type"": ""Point""}","[""FRONT"", ""REAR""]","[""BACKING"", ""SLOW/STOP IN TRAFFIC""]",[],"[""N"", ""S""]","[""DRIVER""]","[""NONE""]","[""PERSONAL""]","[""2013""]","[""25""]","[""DEPLOYMENT UNKNOWN"", ""DID NOT DEPLOY""]","[""NONE""]","[""NO INDICATION OF INJURY""]","[""DRIVER""]","[""SAFETY BELT USED"", ""USAGE UNKNOWN""]","[""M""]",[]
STRAIGHT AND LEVEL,211,2025-09-23T15:45:00.000,3,15,9,3a13583e95408492ef4e456d09cad9af7220879060c1eae40f3ca8fd1d7749d83fe51aa738c0bea774b133b6c674c3c774eafcd0ea8659f463ab0c1dc8665171,NO INJURY / DRIVE AWAY,"OVER $1,500",2025-09-23T15:48:00.000,NO CONTROLS,SIDESWIPE SAME DIRECTION,Y,0,0,2,0,0,0,0,41.8342514337,DAYLIGHT,-87.6143315183,NO INDICATION OF INJURY,2,30,UNABLE TO DETERMINE,ON SCENE,NO DEFECTS,DRY,UNABLE TO DETERMINE,S,RHODES AVE,3321,NO CONTROLS,NOT DIVIDED,CLEAR,,,,,,,2,2,"{""coordinates"": [-87.614331518283, 41.834251433667], ""type"": ""Point""}","[""SIDE-RIGHT-REAR"", ""UNKNOWN""]","[""ENTERING TRAFFIC LANE FROM PARKING"", ""STRAIGHT AHEAD""]",[],"[""N""]","[""DRIVER""]","[""UNKNOWN""]","[""UNKNOWN/NA""]","[""2014"", ""2023""]","[""51""]","[""DEPLOYMENT UNKNOWN"", ""DID NOT DEPLOY""]","[""NONE""]","[""NO INDICATION OF INJURY""]","[""DRIVER""]","[""USAGE UNKNOWN""]","[""F"", ""M""]",[]
STRAIGHT AND LEVEL,1212,2025-09-23T16:00:00.000,3,16,9,c162479d7d5c786ca0c028d298ccc583b6b7d27420d46298c27a29409c4cc61b7955e602702a36c641e56c96c45d7a03793b27ddcef24290e781faab680549a6,INJURY AND / OR TOW DUE TO CRASH,"OVER $1,500",2025-09-23T16:14:00.000,FUNCTIONING PROPERLY,TURNING,,0,0,2,0,1,1,0,41.8958928598,DAYLIGHT,-87.6845223144,"REPORTED, NOT EVIDENT",2,30,FAILING TO YIELD RIGHT-OF-WAY,ON SCENE,NO DEFECTS,DRY,IMPROPER TURNING/NO SIGNAL,W,CHICAGO AVE,2300,TRAFFIC SIGNAL,FOUR WAY,CLEAR,,,,,,,2,3,"{""coordinates"": [-87.68452231445, 41.895892859757], ""type"": ""Point""}","[""FRONT-LEFT-CORNER"", ""REAR-RIGHT-CORNER""]","[""PASSING/OVERTAKING"", ""TURNING RIGHT""]",[],"[""N""]","[""DRIVER""]","[""UNKNOWN""]","[""PERSONAL""]","[""2009"", ""2015""]","[""19"", ""21"", ""40""]","[""DID NOT DEPLOY""]","[""NONE""]","[""NO INDICATION OF INJURY"", ""REPORTED, NOT EVIDENT""]","[""DRIVER"", ""PASSENGER""]","[""USAGE UNKNOWN""]","[""F"", ""M""]","[""2""]"
STRAIGHT AND LEVEL,824,2025-09-23T16:00:00.000,3,16,9,e4587558466fb89b2ec11e03c8ed5341de58ebb1e8854e59d9774b79453d773e4d7cf45bb22ba3da312228a231d6344e2cfc05908ce6bb99a8619330cc75a730,NO INJURY / DRIVE AWAY,"OVER $1,500",2025-09-23T16:12:00.000,NO CONTROLS,TURNING,,0,0,2,0,0,0,0,41.7932021239,DAYLIGHT,-87.6939310083,NO INDICATION OF INJURY,2,30,FAILING TO YIELD RIGHT-OF-WAY,ON SCENE,NO DEFECTS,DRY,DRIVING SKILLS/KNOWLEDGE/EXPERIENCE,S,CALIFORNIA AVE,5514,NO CONTROLS,NOT DIVIDED,CLEAR,,,,,,,2,2,"{""coordinates"": [-87.693931008328, 41.793202123895], ""type"": ""Point""}","[""FRONT-LEFT-CORNER"", ""REAR-RIGHT-CORNER""]","[""STRAIGHT AHEAD"", ""TURNING LEFT""]",[],"[""E"", ""N""]","[""DRIVER""]","[""NONE""]","[""PERSONAL""]","[""2015"", ""2022""]","[""25"", ""77""]","[""DID NOT DEPLOY"", ""NOT APPLICABLE""]","[""NONE""]","[""NO INDICATION OF INJURY""]","[""DRIVER""]","[""USAGE UNKNOWN""]","[""M""]",[]
STRAIGHT AND LEVEL,815,2025-09-23T16:04:00.000,3,16,9,72517e514a2815dfc64bd0158307177fee33966ff31518f3a5e94e9bb11f29345fa3b71777ada7cd19ed19baaff52c807eebf2f106d75e1f8e9dbfd25f7115ab,INJURY AND / OR TOW DUE TO CRASH,"OVER $1,500",2025-09-23T16:46:00.000,NO CONTROLS,ANGLE,,0,0,0,3,0,3,0,41.8004039467,DAYLIGHT,-87.7281215402,NONINCAPACITATING INJURY,2,20,WEATHER,ON SCENE,NO DEFECTS,DRY,NOT APPLICABLE,S,KEELER AVE,5101,STOP SIGN/FLASHER,NOT DIVIDED,CLOUDY/OVERCAST,Y,,,,,,2,3,"{""coordinates"": [-87.728121540184, 41.800403946656], ""type"": ""Point""}","[""FRONT-LEFT-CORNER"", ""SIDE-RIGHT-FRONT""]","[""STRAIGHT AHEAD""]","[""Y""]","[""E"", ""N""]","[""DRIVER""]","[""NONE""]","[""PERSONAL""]","[""2006"", ""2014""]","[""19"", ""20"", ""25""]","[""DID NOT DEPLOY""]","[""NONE""]","[""NONINCAPACITATING INJURY""]","[""DRIVER"", ""PASSENGER""]","[""SAFETY BELT USED""]","[""F"", ""M""]","[""3""]"
STRAIGHT AND LEVEL,513,2025-09-23T16:04:00.000,3,16,9,811f78de448c79b7ceb74dee2f26fbe79c9b84c5050e2daf4ad5b36883af619acf7a6542bf35c82df60b103a57bb7162e356b6d810db95b1fca55385d41d115f,INJURY AND / OR TOW DUE TO CRASH,"OVER $1,500",2025-09-23T16:04:00.000,FUNCTIONING PROPERLY,ANGLE,,0,0,0,1,1,2,0,41.6961708684,DAYLIGHT,-87.6206554555,NONINCAPACITATING INJURY,2,30,FAILING TO YIELD RIGHT-OF-WAY,ON SCENE,NO DEFECTS,DRY,FAILING TO YIELD RIGHT-OF-WAY,S,MICHIGAN AVE,10901,STOP SIGN/FLASHER,NOT DIVIDED,CLOUDY/OVERCAST,N,,,,,,2,2,"{""coordinates"": [-87.62065545552, 41.696170868376], ""type"": ""Point""}","[""FRONT"", ""REAR-LEFT-CORNER""]","[""OTHER"", ""STRAIGHT AHEAD""]","[""Y""]","[""S"", ""W""]","[""DRIVER""]","[""UNKNOWN""]","[""UNKNOWN/NA""]","[""2008"", ""2014""]","[""17"", ""63""]","[""DID NOT DEPLOY"", ""NOT APPLICABLE""]","[""UNKNOWN""]","[""NONINCAPACITATING INJURY"", ""REPORTED, NOT EVIDENT""]","[""DRIVER""]","[""USAGE UNKNOWN""]","[""F"", ""M""]",[]
STRAIGHT AND LEVEL,311,2025-09-23T16:04:00.000,3,16,9,a16f2708d11336fad56b448c1e56afa39cb0dd93339419565ced956ee44eb9c9f23c2219d1cdc0707e84bffaa2cca9bea3187390c89b9c01ac93f4401bfc86c6,NO INJURY / DRIVE AWAY,"OVER $1,500",2025-09-23T16:48:00.000,FUNCTIONING PROPERLY,SIDESWIPE SAME DIRECTION,Y,0,0,2,0,0,0,0,41.7802313064,DAYLIGHT,-87.6223503021,NO INDICATION OF INJURY,2,30,FAILING TO REDUCE SPEED TO AVOID CRASH,NOT ON SCENE (DESK REPORT),NO DEFECTS,DRY,NOT APPLICABLE,S,MICHIGAN AVE,6258,TRAFFIC SIGNAL,ONE-WAY,CLOUDY/OVERCAST,,,,,,,2,2,"{""coordinates"": [-87.622350302061, 41.780231306351], ""type"": ""Point""}","[""FRONT-RIGHT-CORNER"", ""REAR-LEFT-CORNER""]","[""SLOW/STOP IN TRAFFIC"", ""STRAIGHT AHEAD""]",[],"[""S""]","[""DRIVER""]","[""NONE"", ""UNKNOWN""]","[""PERSONAL""]","[""2008"", ""2023""]","[""54""]","[""DEPLOYMENT UNKNOWN"", ""NOT APPLICABLE""]","[""NONE""]","[""NO INDICATION OF INJURY""]","[""DRIVER""]","[""USAGE UNKNOWN""]","[""M""]",[]
STRAIGHT AND LEVEL,833,2025-09-23T16:10:00.000,3,16,9,04413a07fcda5bea6d710ca7cdd912d529113413b378d7745ae679e6ff6693520b34a095bdcc9277f78b5799158b4b9d2ba1595573513b6908eece00e10d5c3b,NO INJURY / DRIVE AWAY,"OVER $1,500",2025-09-23T17:10:00.000,FUNCTIONING PROPERLY,TURNING,Y,0,0,2,0,0,0,0,41.7746945416,DAYLIGHT,-87.7420133008,NO INDICATION OF INJURY,2,30,UNABLE TO DETERMINE,NOT ON SCENE (DESK REPORT),WORN SURFACE,DRY,UNABLE TO DETERMINE,S,CICERO AVE,6501,TRAFFIC SIGNAL,FOUR WAY,CLEAR,Y,,,,,,2,2,"{""coordinates"": [-87.742013300808, 41.774694541589], ""type"": ""Point""}","[""FRONT"", ""SIDE-RIGHT""]","[""STRAIGHT AHEAD"", ""TURNING LEFT""]",[],"[""S"", ""W""]","[""DRIVER""]","[""NONE""]","[""OTHER""]","[""2024""]","[""58""]","[""DEPLOYMENT UNKNOWN"", ""NOT APPLICABLE""]","[""NONE""]","[""NO INDICATION OF INJURY""]","[""DRIVER""]","[""SAFETY BELT USED"", ""USAGE UNKNOWN""]","[""M"", ""X""]",[]
STRAIGHT AND LEVEL,1231,2025-09-23T16:10:00.000,3,16,9,496a729dd94875697ebcbe88fabce07a1de66ba47247abfc41dd3fb41599841ae63a4bdbf90bb87af56389bdac3442949bfedd568eb6f4ed2b8389ae06ec50ab,NO INJURY / DRIVE AWAY,"OVER $1,500",2025-09-23T16:45:00.000,FUNCTIONING PROPERLY,SIDESWIPE SAME DIRECTION,Y,0,0,2,0,0,0,0,41.8669713894,DAYLIGHT,-87.6662651273,NO INDICATION OF INJURY,2,30,DRIVING SKILLS/KNOWLEDGE/EXPERIENCE,NOT ON SCENE (DESK REPORT),NO DEFECTS,DRY,UNABLE TO DETERMINE,W,ROOSEVELT RD,1558,TRAFFIC SIGNAL,T-INTERSECTION,CLEAR,Y,,,,,,2,2,"{""coordinates"": [-87.666265127254, 41.866971389388], ""type"": ""Point""}","[""SIDE-LEFT"", ""SIDE-RIGHT""]","[""CHANGING LANES"", ""SLOW/STOP IN TRAFFIC""]",[],"[""W""]","[""DRIVER""]","[""NONE"", ""UNKNOWN""]","[""PERSONAL""]","[""2020"", ""2025""]","[""24""]","[""DEPLOYMENT UNKNOWN"", ""DID NOT DEPLOY""]","[""NONE""]","[""NO INDICATION OF INJURY""]","[""DRIVER""]","[""SAFETY BELT USED"", ""USAGE UNKNOWN""]","[""F""]",[]
STRAIGHT AND LEVEL,2432,2025-09-23T16:10:00.000,3,16,9,9d3daddde549b7b139b2ee2fd6743488aee5e973f065466e5f18224fd85ba9973ac717a81f45b8c29c3c20e52f82c564e0b795404f2a56cd90a4eff91f9af18b,INJURY AND / OR TOW DUE TO CRASH,"OVER $1,500",2025-09-23T16:12:00.000,NO CONTROLS,HEAD ON,,0,1,1,0,0,1,0,41.9982535262,DAYLIGHT,-87.6647898083,INCAPACITATING INJURY,2,25,DISTRACTION - FROM INSIDE VEHICLE,ON SCENE,NO DEFECTS,DRY,FAILING TO REDUCE SPEED TO AVOID CRASH,W,DEVON AVE,1344,NO CONTROLS,NOT DIVIDED,CLEAR,,,,,,,2,2,"{""coordinates"": [-87.664789808276, 41.998253526194], ""type"": ""Point""}","[""FRONT-LEFT-CORNER""]","[""OTHER"", ""STRAIGHT AHEAD""]","[""Y""]","[""E"", ""W""]","[""DRIVER""]","[""NONE""]","[""PERSONAL""]","[""2006"", ""2021""]","[""17"", ""51""]","[""DID NOT DEPLOY"", ""NOT APPLICABLE""]","[""NONE""]","[""INCAPACITATING INJURY"", ""NO INDICATION OF INJURY""]","[""DRIVER""]","[""SAFETY BELT USED""]","[""M""]",[]
STRAIGHT AND LEVEL,2233,2025-09-23T16:10:00.000,3,16,9,dd30eb2e266ee2357599914ba2250c7eabe395e4438bb184afca55e06632c7098483f8ef576c89660a83f6cec37399522bef5cd849f9400d9aaf06dce7402986,NO INJURY / DRIVE AWAY,$500 OR LESS,2025-09-23T16:54:00.000,NO CONTROLS,SIDESWIPE SAME DIRECTION,,0,0,2,0,0,0,0,41.6995474147,DAYLIGHT,-87.6427519151,NO INDICATION OF INJURY,2,30,IMPROPER OVERTAKING/PASSING,NOT ON SCENE (DESK REPORT),NO DEFECTS,DRY,NOT APPLICABLE,S,HALSTED ST,10700,NO CONTROLS,NOT DIVIDED,CLEAR,,,,,,,2,2,"{""coordinates"": [-87.64275191512, 41.699547414667], ""type"": ""Point""}","[""FRONT-RIGHT-CORNER"", ""SIDE-LEFT""]","[""STRAIGHT AHEAD""]",[],"[""N""]","[""DRIVER""]","[""NONE""]","[""PERSONAL"", ""TOW TRUCK""]","[""2021"", ""2022""]","[""54""]","[""DID NOT DEPLOY""]","[""NONE""]","[""NO INDICATION OF INJURY""]","[""DRIVER""]","[""USAGE UNKNOWN""]","[""M""]",[]
STRAIGHT AND LEVEL,813,2025-09-23T16:12:00.000,3,16,9,80dc192bda2ef7177914733fa02c715c2ff0f5d29b303cda83ebc588121ceb2e59f2cb7617a6e153cbf220f517ff0bad3683cf3193cf863a4c1f55c9844f0c71,NO INJURY / DRIVE AWAY,"OVER $1,500",2025-09-23T17:32:00.000,FUNCTIONING PROPERLY,TURNING,,0,0,2,0,0,0,0,41.7929064092,DAYLIGHT,-87.7426673366,NO INDICATION OF INJURY,2,30,FAILING TO REDUCE SPEED TO AVOID CRASH,NOT ON SCENE (DESK REPORT),NO DEFECTS,DRY,IMPROPER LANE USAGE,W,55TH ST,4757,TRAFFIC SIGNAL,DIVIDED - W/MEDIAN (NOT RAISED),CLOUDY/OVERCAST,,,,,,,2,2,"{""coordinates"": [-87.742667336592, 41.792906409166], ""type"": ""Point""}","[""FRONT-RIGHT-CORNER"", ""REAR-LEFT-CORNER""]","[""SLOW/STOP IN TRAFFIC"", ""TURNING LEFT""]",[],"[""E"", ""SE""]","[""DRIVER""]","[""NONE""]","[""PERSONAL""]","[""2015"", ""2024""]","[""28"", ""49""]","[""NOT APPLICABLE""]","[""NONE""]","[""NO INDICATION OF INJURY""]","[""DRIVER""]","[""USAGE UNKNOWN""]","[""F""]",[]
STRAIGHT AND LEVEL,913,2025-09-23T16:16:00.000,3,16,9,3765537c5ccc9b98db6a921e634ea14728d1572ecec4207fbf6b7b3c1de5042225777cbd30369dc49b03365679bf54a47b3150d7cd24868df96bb7e4926765ca,NO INJURY / DRIVE AWAY,"OVER $1,500",2025-09-23T16:20:00.000,NO CONTROLS,PARKED MOTOR VEHICLE,,0,0,1,0,0,0,0,41.8357456367,DAYLIGHT,-87.6536745103,NO INDICATION OF INJURY,3,30,DISTRACTION - FROM INSIDE VEHICLE,ON SCENE,NO DEFECTS,DRY,NOT APPLICABLE,S,ABERDEEN ST,3210,NO CONTROLS,NOT DIVIDED,CLOUDY/OVERCAST,,,,,,,3,1,"{""coordinates"": [-87.653674510345, 41.835745636672], ""type"": ""Point""}","[""FRONT-RIGHT-CORNER"", ""REAR"", ""REAR-LEFT-CORNER""]","[""PARKED"", ""SKIDDING/CONTROL LOSS""]",[],"[""S""]","[""DRIVER"", ""PARKED""]","[""UNKNOWN""]","[""PERSONAL""]","[""2018"", ""2019"", ""2023""]","[""42""]","[""DID NOT DEPLOY""]","[""NONE""]","[""NO INDICATION OF INJURY""]","[""DRIVER""]","[""USAGE UNKNOWN""]","[""F""]",[]
STRAIGHT AND LEVEL,714,2025-09-23T16:16:00.000,3,16,9,f9b59ec870e26792b789b5fb2412db2770267f8bd180cc266d262fea999ee3605ab6a86a199e73fd26828370cf703f16e16f3ef4ff6246a72afbf2fca9dd9468,NO INJURY / DRIVE AWAY,"$501 - $1,500",2025-09-23T16:17:00.000,NO CONTROLS,REAR END,,0,0,3,0,0,0,0,41.7865334538,DAWN,-87.67424315,NO INDICATION OF INJURY,3,25,FOLLOWING TOO CLOSELY,ON SCENE,NO DEFECTS,DRY,UNABLE TO DETERMINE,S,DAMEN AVE,5900,NO CONTROLS,NOT DIVIDED,CLOUDY/OVERCAST,,,,,,,3,3,"{""coordinates"": [-87.674243150013, 41.786533453836], ""type"": ""Point""}","[""FRONT"", ""REAR""]","[""SLOW/STOP IN TRAFFIC"", ""STRAIGHT AHEAD""]",[],"[""S""]","[""DRIVER""]","[""NONE""]","[""PERSONAL""]","[""2018"", ""2019"", ""2022""]","[""21"", ""33"", ""40""]","[""NOT APPLICABLE""]","[""NONE""]","[""NO INDICATION OF INJURY""]","[""DRIVER""]","[""SAFETY BELT USED""]","[""F"", ""M""]",[]
STRAIGHT AND LEVEL,631,2025-09-23T16:19:00.000,3,16,9,081afa09e99a43032a84985ff1b7459eee4dc33bf36867217a62e9dbad4e33d73b23ae8a1b0a0632dc2dd043768b722c37fefa07d01b1b8489ed9ff2f04679ea,NO INJURY / DRIVE AWAY,"OVER $1,500",2025-09-23T16:40:00.000,FUNCTIONING PROPERLY,TURNING,,0,0,4,0,0,0,0,41.7437586284,DAYLIGHT,-87.6247496983,NO INDICATION OF INJURY,2,30,UNABLE TO DETERMINE,NOT ON SCENE (DESK REPORT),NO DEFECTS,DRY,NOT APPLICABLE,W,83RD ST,10,TRAFFIC SIGNAL,DIVIDED - W/MEDIAN (NOT RAISED),CLEAR,Y,,,,,,2,4,"{""coordinates"": [-87.624749698267, 41.74375862839], ""type"": ""Point""}","[""FRONT"", ""SIDE-RIGHT""]","[""STRAIGHT AHEAD"", ""TURNING LEFT""]",[],"[""E"", ""W""]","[""DRIVER""]","[""NONE""]","[""PERSONAL""]","[""2019""]","[""36""]","[""NOT APPLICABLE""]","[""NONE""]","[""NO INDICATION OF INJURY""]","[""DRIVER"", ""PASSENGER""]","[""SAFETY BELT USED""]","[""F"", ""M""]","[""4"", ""6""]"
STRAIGHT AND LEVEL,1631,2025-09-23T16:20:00.000,3,16,9,3be20160a56fb5e59c81c88a1559a47918f441add181532a754cf7e7e641ca3f79d1db1263bd9e4370487add816559f458a5001c081c9ef43472365377da57f6,NO INJURY / DRIVE AWAY,"OVER $1,500",2025-09-23T17:00:00.000,UNKNOWN,REAR END,,0,0,2,0,0,0,0,41.9453507129,DAYLIGHT,-87.8081564964,NO INDICATION OF INJURY,2,30,UNABLE TO DETERMINE,NOT ON SCENE (DESK REPORT),UNKNOWN,UNKNOWN,UNABLE TO DETERMINE,W,ADDISON ST,7228,UNKNOWN,UNKNOWN,CLEAR,,,,,,,2,2,"{""coordinates"": [-87.808156496394, 41.945350712875], ""type"": ""Point""}","[""FRONT"", ""REAR""]","[""STRAIGHT AHEAD""]",[],"[""W""]","[""DRIVER""]","[""UNKNOWN""]","[""UNKNOWN/NA""]","[""2015"", ""2023""]","[""48"", ""69""]","[""NOT APPLICABLE""]","[""NONE""]","[""NO INDICATION OF INJURY""]","[""DRIVER""]","[""USAGE UNKNOWN""]","[""F"", ""M""]",[]
STRAIGHT AND LEVEL,1522,2025-09-23T16:20:00.000,3,16,9,5c18d163d06e4fe65cee9f7e2c807092cec175e988f4455e2972ccf9b6a42dd58a81e2f1a9873ae899af617c4d0bb32f568e77aa2118f11626fe6ba14d12896e,INJURY AND / OR TOW DUE TO CRASH,"OVER $1,500",2025-09-23T16:20:00.000,FUNCTIONING PROPERLY,PARKED MOTOR VEHICLE,,0,0,3,0,0,0,0,41.8821556853,DAYLIGHT,-87.7633390025,NO INDICATION OF INJURY,2,30,FAILING TO REDUCE SPEED TO AVOID CRASH,ON SCENE,NO DEFECTS,DRY,UNABLE TO DETERMINE,W,WASHINGTON BLVD,5501,TRAFFIC SIGNAL,NOT DIVIDED,CLOUDY/OVERCAST,,,,,,,2,3,"{""coordinates"": [-87.763339002478, 41.882155685348], ""type"": ""Point""}","[""FRONT-RIGHT-CORNER"", ""REAR-LEFT-CORNER""]","[""PARKED"", ""STRAIGHT AHEAD""]","[""Y""]","[""E""]","[""DRIVER"", ""PARKED""]","[""UNKNOWN""]","[""PERSONAL""]","[""2006"", ""2020""]","[""4"", ""72"", ""8""]","[""DID NOT DEPLOY""]","[""NONE""]","[""NO INDICATION OF INJURY""]","[""DRIVER"", ""PASSENGER""]","[""SAFETY BELT USED""]","[""F"", ""M""]","[""4"", ""6""]"
STRAIGHT AND LEVEL,831,2025-09-23T16:28:00.000,3,16,9,67297bd9843baa2b4ecf59285f42eb0f3d988871b161e5d177c4982153dd020231a6032dcdc9eee17b38c72ddba82557127e3083320c87f873e7b32aa2153f36,NO INJURY / DRIVE AWAY,"OVER $1,500",2025-09-23T17:20:00.000,FUNCTIONING PROPERLY,TURNING,,0,0,2,0,0,0,0,41.7717684977,DAYLIGHT,-87.690913418,NO INDICATION OF INJURY,2,25,FAILING TO YIELD RIGHT-OF-WAY,NOT ON SCENE (DESK REPORT),NO DEFECTS,DRY,NOT APPLICABLE,S,WASHTENAW AVE,6700,STOP SIGN/FLASHER,FOUR WAY,CLOUDY/OVERCAST,Y,,,,,,2,2,"{""coordinates"": [-87.690913417964, 41.771768497684], ""type"": ""Point""}","[""FRONT-LEFT-CORNER"", ""SIDE-LEFT-REAR""]","[""STRAIGHT AHEAD"", ""TURNING LEFT""]",[],"[""E"", ""S""]","[""DRIVER""]","[""NONE""]","[""PERSONAL""]","[""2019"", ""2023""]",[],"[""NOT APPLICABLE""]","[""NONE""]","[""NO INDICATION OF INJURY""]","[""DRIVER""]","[""SAFETY BELT USED"", ""USAGE UNKNOWN""]","[""F"", ""M""]",[]
STRAIGHT AND LEVEL,633,2025-09-23T16:31:00.000,3,16,9,879372df212ea7f1a04c68ce60b4bfc84ece5b366ae2975f311380a103fb26ea274a2d5c1449895f21104cbd31ddfafed9f532dbb90a1403462c53d8a3195fd1,NO INJURY / DRIVE AWAY,"OVER $1,500",2025-09-23T16:31:00.000,NOT FUNCTIONING,TURNING,,0,0,2,0,0,0,0,41.7221539388,DAYLIGHT,-87.6044477356,NO INDICATION OF INJURY,2,30,FAILING TO YIELD RIGHT-OF-WAY,ON SCENE,NO DEFECTS,DRY,UNABLE TO DETERMINE,E,95TH ST,800,TRAFFIC SIGNAL,T-INTERSECTION,CLEAR,Y,,,,,,2,2,"{""coordinates"": [-87.604447735644, 41.722153938772], ""type"": ""Point""}","[""FRONT"", ""FRONT-RIGHT-CORNER""]","[""STRAIGHT AHEAD"", ""TURNING LEFT""]",[],"[""E"", ""W""]","[""DRIVER""]","[""NONE""]","[""PERSONAL""]","[""2009"", ""2026""]","[""43"", ""61""]","[""DID NOT DEPLOY"", ""NOT APPLICABLE""]","[""NONE""]","[""NO INDICATION OF INJURY""]","[""DRIVER""]","[""USAGE UNKNOWN""]","[""M""]",[]
STRAIGHT AND LEVEL,1831,2025-09-23T16:36:00.000,3,16,9,11767fff4fb0744aa8650587377ce41027c80c0d9b1706bb6a6333079adcb19a7a4439ea4c2290f69f34a055111101bdf51d011096ea6b604d7a3b5e6817cd78,NO INJURY / DRIVE AWAY,"OVER $1,500",2025-09-23T17:15:00.000,FUNCTIONING PROPERLY,TURNING,,0,0,3,0,0,0,0,41.8923851618,DAYLIGHT,-87.6327530184,NO INDICATION OF INJURY,2,30,FAILING TO YIELD RIGHT-OF-WAY,ON SCENE,UNKNOWN,DRY,NOT APPLICABLE,N,LA SALLE DR,598,TRAFFIC SIGNAL,FOUR WAY,CLEAR,Y,,,,,,2,3,"{""coordinates"": [-87.632753018443, 41.892385161811], ""type"": ""Point""}","[""FRONT"", ""SIDE-RIGHT""]","[""STRAIGHT AHEAD"", ""TURNING LEFT""]",[],"[""N"", ""S""]","[""DRIVER""]","[""UNKNOWN""]","[""PERSONAL"", ""TAXI/FOR HIRE""]","[""2016"", ""2024""]","[""24"", ""51""]","[""DID NOT DEPLOY""]","[""NONE""]","[""NO INDICATION OF INJURY""]","[""DRIVER"", ""PASSENGER""]","[""SAFETY BELT USED""]","[""F"", ""M""]","[""3""]"