alignment,beat_of_occurrence,crash_date,crash_day_of_week,crash_hour,crash_month,crash_record_id,crash_type,damage,date_police_notified,device_condition,first_crash_type,hit_and_run_i,injuries_fatal,injuries_incapacitating,injuries_no_indication,injuries_non_incapacitating,injuries_reported_not_evident,injuries_total,injuries_unknown,latitude,lighting_condition,longitude,most_severe_injury,num_units,posted_speed_limit,prim_contributory_cause,report_type,road_defect,roadway_surface_cond,sec_contributory_cause,street_direction,street_name,street_no,traffic_control_device,trafficway_type,weather_condition,intersection_related_i,crash_date_est_i,private_property_i,statements_taken_i,photos_taken_i,work_zone_i,veh_count,ppl_count,location_json,veh_first_contact_point_list_json,veh_maneuver_list_json,veh_towed_i_list_json,veh_travel_direction_list_json,veh_unit_type_list_json,veh_vehicle_defect_list_json,veh_vehicle_use_list_json,veh_vehicle_year_list_json,ppl_age_list_json,ppl_airbag_deployed_list_json,ppl_ejection_list_json,ppl_injury_classification_list_json,ppl_person_type_list_json,ppl_safety_equipment_list_json,ppl_sex_list_json,ppl_seat_no_list_json
STRAIGHT AND LEVEL,831,2025-09-23T16:40:00.000,3,16,9,2fbd69f1540952c9d8c15f30d44dff4281358e98af23b5043515ce5b2a5abdd1ac44d43abece88c084278f99b7a40f74faa60c7c13e792af95a80566370fead3,NO INJURY / DRIVE AWAY,"OVER $1,500",2025-09-23T17:35:00.000,FUNCTIONING PROPERLY,TURNING,,0,0,2,0,0,0,0,41.7717730713,DAYLIGHT,-87.6906202173,NO INDICATION OF INJURY,2,25,UNABLE TO DETERMINE,NOT ON SCENE (DESK REPORT),NO DEFECTS,DRY,UNABLE TO DETERMINE,S,WASHTENAW AVE,6701,STOP SIGN/FLASHER,FOUR WAY,CLEAR,Y,,,,,,2,2,"{""coordinates"": [-87.690620217263, 41.771773071265], ""type"": ""Point""}","[""FRONT-LEFT-CORNER"", ""SIDE-LEFT-REAR""]","[""TURNING LEFT""]",[],"[""N"", ""S""]","[""DRIVER""]","[""NONE""]","[""PERSONAL""]","[""2019"", ""2023""]","[""59"", ""63""]","[""DID NOT DEPLOY"", ""NOT APPLICABLE""]","[""NONE""]","[""NO INDICATION OF INJURY""]","[""DRIVER""]","[""SAFETY BELT USED""]","[""F"", ""M""]",[]
STRAIGHT AND LEVEL,1023,2025-09-23T16:40:00.000,3,16,9,4bc3931ad74ddbf18aa747ac40ce5a17780f134dc2c7f6e3de5aa700812425e6a53d1c44d496c2e6a3a7d228f2834ecde8b8a75ea763cf6b323c5b6419caf0d3,NO INJURY / DRIVE AWAY,"OVER $1,500",2025-09-23T17:15:00.000,FUNCTIONING PROPERLY,REAR END,,0,0,2,0,0,0,0,41.8539214798,DAYLIGHT,-87.6858354232,NO INDICATION OF INJURY,2,30,UNABLE TO DETERMINE,NOT ON SCENE (DESK REPORT),UNKNOWN,DRY,UNABLE TO DETERMINE,S,WESTERN AVE,2026,TRAFFIC SIGNAL,DIVIDED - W/MEDIAN (NOT RAISED),CLEAR,Y,,,,,,2,2,"{""coordinates"": [-87.685835423185, 41.853921479823], ""type"": ""Point""}","[""FRONT"", ""REAR""]","[""STRAIGHT AHEAD""]",[],"[""S""]","[""DRIVER""]","[""UNKNOWN""]","[""PERSONAL"", ""UNKNOWN/NA""]","[""2019""]","[""24""]","[""DEPLOYMENT UNKNOWN"", ""DID NOT DEPLOY""]","[""NONE""]","[""NO INDICATION OF INJURY""]","[""DRIVER""]","[""SAFETY BELT USED"", ""USAGE UNKNOWN""]","[""F""]",[]
STRAIGHT AND LEVEL,431,2025-09-23T16:45:00.000,3,16,9,fd95140fec9208f44dbc2c7815bd554b04a7b06e6b335ef30a8c4c059aeb971ad95292680a0a446acd6022ac5261abf9d86dda15d4a1c22b491e4cf83a66f5fc,NO INJURY / DRIVE AWAY,"$501 - $1,500",2025-09-23T17:15:00.000,FUNCTIONING PROPERLY,TURNING,Y,0,0,2,0,0,0,0,41.7222615186,DAYLIGHT,-87.5830719441,NO INDICATION OF INJURY,2,10,FAILING TO YIELD RIGHT-OF-WAY,NOT ON SCENE (DESK REPORT),NO DEFECTS,DRY,NOT APPLICABLE,E,95TH ST,1651,STOP SIGN/FLASHER,PARKING LOT,CLEAR,,,Y,,,,2,2,"{""coordinates"": [-87.583071944146, 41.722261518618], ""type"": ""Point""}","[""FRONT-LEFT-CORNER"", ""SIDE-RIGHT""]","[""PASSING/OVERTAKING"", ""TURNING LEFT""]",[],"[""W""]","[""DRIVER""]","[""NONE"", ""UNKNOWN""]","[""PERSONAL"", ""UNKNOWN/NA""]","[""2010"", ""2019""]","[""26""]","[""DEPLOYMENT UNKNOWN"", ""DID NOT DEPLOY""]","[""NONE""]","[""NO INDICATION OF INJURY""]","[""DRIVER""]","[""SAFETY BELT USED"", ""USAGE UNKNOWN""]","[""F"", ""M""]",[]
STRAIGHT AND LEVEL,2212,2025-09-23T16:55:00.000,3,16,9,e7809627d96974467202482c172699c432638cf169770bd27f5bed78a9473ee525a1f8aeaed9b37c0615242ba89c37ae22f39d2020ba698d9e3dc79f2778b40b,NO INJURY / DRIVE AWAY,"OVER $1,500",2025-09-23T17:01:00.000,NO CONTROLS,PARKED MOTOR VEHICLE,,0,0,1,0,0,0,0,41.6843079596,DAYLIGHT,-87.6807747217,NO INDICATION OF INJURY,2,30,UNABLE TO DETERMINE,ON SCENE,NO DEFECTS,DRY,UNABLE TO DETERMINE,S,WESTERN AVE,11505,NO CONTROLS,PARKING LOT,CLEAR,,,N,,,,2,1,"{""coordinates"": [-87.680774721691, 41.68430795958], ""type"": ""Point""}","[""FRONT-LEFT-CORNER"", ""SIDE-RIGHT""]","[""BACKING"", ""PARKED""]",[],"[""E""]","[""DRIVER"", ""PARKED""]","[""UNKNOWN""]","[""PERSONAL""]","[""2019"", ""2023""]","[""40""]","[""DID NOT DEPLOY""]","[""NONE""]","[""NO INDICATION OF INJURY""]","[""DRIVER""]","[""USAGE UNKNOWN""]","[""F""]",[]
STRAIGHT AND LEVEL,1232,2025-09-23T17:00:00.000,3,17,9,151aec536cc80254d6cdea838548dcca0528cb6fa4cd0311a3f3a696c6c0389585abfa36e1d5ee46f98f7391af8449c67f4e5ca9eed2adfa6b36ef53d0c988d1,NO INJURY / DRIVE AWAY,"OVER $1,500",2025-09-23T19:15:00.000,FUNCTIONING PROPERLY,SIDESWIPE SAME DIRECTION,Y,0,0,2,0,0,0,0,41.8674620829,DAYLIGHT,-87.6467725632,NO INDICATION OF INJURY,2,30,UNABLE TO DETERMINE,NOT ON SCENE (DESK REPORT),NO DEFECTS,DRY,NOT APPLICABLE,S,HALSTED ST,1149,TRAFFIC SIGNAL,NOT DIVIDED,CLEAR,,,,,,,2,2,"{""coordinates"": [-87.646772563225, 41.867462082851], ""type"": ""Point""}","[""FRONT-LEFT-CORNER"", ""SIDE-RIGHT""]","[""CHANGING LANES"", ""STRAIGHT AHEAD""]",[],"[""N""]","[""DRIVER""]","[""NONE"", ""UNKNOWN""]","[""PERSONAL"", ""UNKNOWN/NA""]","[""2016""]","[""68""]","[""DEPLOYMENT UNKNOWN"", ""NOT APPLICABLE""]","[""NONE"", ""UNKNOWN""]","[""NO INDICATION OF INJURY""]","[""DRIVER""]","[""SAFETY BELT USED"", ""USAGE UNKNOWN""]","[""F"", ""M""]",[]
STRAIGHT AND LEVEL,1021,2025-09-23T17:00:00.000,3,17,9,28c0b23c0167af8e509d37e0c149d046d7320722645794f357647848e5edd33bbed5a84c24ffb5d9cbc9fb6cab5a8415a70d5e2f9aed617e474f43f4e7f1b273,INJURY AND / OR TOW DUE TO CRASH,"OVER $1,500",2025-09-23T17:55:00.000,NO CONTROLS,REAR END,,0,0,2,0,0,0,0,41.8596276994,DAYLIGHT,-87.7104993729,NO INDICATION OF INJURY,2,30,FOLLOWING TOO CLOSELY,NOT ON SCENE (DESK REPORT),NO DEFECTS,DRY,NOT APPLICABLE,S,HOMAN AVE,1540,NO CONTROLS,NOT DIVIDED,CLEAR,,,,,,,2,2,"{""coordinates"": [-87.710499372937, 41.859627699384], ""type"": ""Point""}","[""FRONT"", ""REAR""]","[""STRAIGHT AHEAD""]","[""Y""]","[""S""]","[""DRIVER""]","[""NONE"", ""UNKNOWN""]","[""PERSONAL"", ""UNKNOWN/NA""]","[""2008"", ""2014""]","[""54""]","[""NOT APPLICABLE""]","[""NONE""]","[""NO INDICATION OF INJURY""]","[""DRIVER""]","[""SAFETY BELT USED""]","[""F"", ""M""]",[]
STRAIGHT AND LEVEL,531,2025-09-23T17:00:00.000,3,17,9,c92c5780c45336d5ac1fbf361ea6462c3a837678b1fbee4e26193650be40b58a290ab40e187ca2e216258179a42b7bb582aa7303f8a72459697e29aa54dbe77c,NO INJURY / DRIVE AWAY,"OVER $1,500",2025-09-23T17:28:00.000,NO CONTROLS,PARKED MOTOR VEHICLE,Y,0,0,1,0,0,0,0,41.6927233639,DAYLIGHT,-87.6045058667,NO INDICATION OF INJURY,2,10,UNABLE TO DETERMINE,NOT ON SCENE (DESK REPORT),NO DEFECTS,DRY,UNABLE TO DETERMINE,E,111TH ST,727,NO CONTROLS,PARKING LOT,CLEAR,,,,,,,2,1,"{""coordinates"": [-87.60450586672, 41.692723363896], ""type"": ""Point""}","[""FRONT-LEFT-CORNER"", ""UNKNOWN""]","[""PARKED"", ""UNKNOWN/NA""]",[],"[""N"", ""UNKNOWN""]","[""DRIVER"", ""PARKED""]","[""NONE""]","[""PERSONAL""]","[""2017""]",[],"[""DEPLOYMENT UNKNOWN""]","[""UNKNOWN""]","[""NO INDICATION OF INJURY""]","[""DRIVER""]","[""USAGE UNKNOWN""]","[""X""]",[]
STRAIGHT AND LEVEL,1624,2025-09-23T17:11:00.000,3,17,9,7492c7aedbc5ffd81afee517419e6bc3f0fcba73ab72673f2fd60aa52931b19de0d4472485eae515e65ff083ca3aa95994f6719bf8bbcef75db1d4f6538da837,INJURY AND / OR TOW DUE TO CRASH,"OVER $1,500",2025-09-23T17:24:00.000,NO CONTROLS,REAR END,,0,0,2,0,0,0,0,41.9605972551,DAYLIGHT,-87.748537119,NO INDICATION OF INJURY,2,25,FOLLOWING TOO CLOSELY,ON SCENE,UNKNOWN,DRY,NOT APPLICABLE,W,MONTROSE AVE,4825,NO CONTROLS,NOT DIVIDED,CLEAR,,,,N,,,2,2,"{""coordinates"": [-87.748537118994, 41.9605972551], ""type"": ""Point""}","[""FRONT"", ""REAR""]","[""STRAIGHT AHEAD""]","[""Y""]","[""E""]","[""DRIVER""]","[""UNKNOWN""]","[""PERSONAL""]","[""2003"", ""2013""]","[""26"", ""57""]","[""NOT APPLICABLE""]","[""NONE""]","[""NO INDICATION OF INJURY""]","[""DRIVER""]","[""USAGE UNKNOWN""]","[""M""]",[]
STRAIGHT AND LEVEL,2512,2025-09-23T17:13:00.000,3,17,9,a69c2d94df08d9bd21fea173d8b0737fcf187c3f597de3e1a3c3d8636e0de4d4fc315a3c8714b604959dd269125f3297255fd555db3d84560bff3f500de640d7,NO INJURY / DRIVE AWAY,"OVER $1,500",2025-09-23T19:00:00.000,UNKNOWN,REAR END,Y,0,0,2,0,0,0,0,41.9309076045,"DARKNESS, LIGHTED ROAD",-87.7858334631,NO INDICATION OF INJURY,2,30,UNABLE TO DETERMINE,NOT ON SCENE (DESK REPORT),UNKNOWN,UNKNOWN,UNABLE TO DETERMINE,N,NARRAGANSETT AVE,2798,UNKNOWN,NOT DIVIDED,CLEAR,,,,,,,2,2,"{""coordinates"": [-87.785833463057, 41.930907604483], ""type"": ""Point""}","[""FRONT"", ""REAR""]","[""STRAIGHT AHEAD""]",[],"[""S""]","[""DRIVER""]","[""UNKNOWN""]","[""UNKNOWN/NA""]","[""2010"", ""2022""]","[""56""]","[""DEPLOYMENT UNKNOWN"", ""NOT APPLICABLE""]","[""NONE""]","[""NO INDICATION OF INJURY""]","[""DRIVER""]","[""USAGE UNKNOWN""]","[""M""]",[]
STRAIGHT ON GRADE,2211,2025-09-23T17:20:00.000,3,17,9,7fc21bc7d5f9f49815763b76e7883a17c2f81ec7146724110f65d82b9d979b32f2aab7b0a2d2ccde3432c3cac76906c89a78fbd0f2229e87ad8633187fb64614,INJURY AND / OR TOW DUE TO CRASH,"OVER $1,500",2025-09-23T17:22:00.000,NO CONTROLS,PARKED MOTOR VEHICLE,,0,0,1,0,0,0,0,41.6844654086,DAYLIGHT,-87.7101562501,NO INDICATION OF INJURY,2,25,UNABLE TO DETERMINE,ON SCENE,NO DEFECTS,DRY,TEXTING,S,CENTRAL PARK AVE,11449,NO CONTROLS,NOT DIVIDED,CLOUDY/OVERCAST,,,,,,,2,1,"{""coordinates"": [-87.710156250092, 41.684465408597], ""type"": ""Point""}","[""FRONT-RIGHT-CORNER"", ""REAR-LEFT-CORNER""]","[""PARKED"", ""STRAIGHT AHEAD""]","[""Y""]","[""N""]","[""DRIVER"", ""PARKED""]","[""NONE"", ""UNKNOWN""]","[""PERSONAL""]","[""2018"", ""2025""]","[""34""]","[""NOT APPLICABLE""]","[""NONE""]","[""NO INDICATION OF INJURY""]","[""DRIVER""]","[""USAGE UNKNOWN""]","[""F""]",[]
STRAIGHT AND LEVEL,725,2025-09-23T17:22:00.000,3,17,9,250f17610bf913d27a5f0847ceeac67c95bd2bd23c5be22c4212d25e8af8e1a8b102fb58c13c55322a1a274e56da92db45c546033b73fab333f98b4e837c3686,NO INJURY / DRIVE AWAY,"OVER $1,500",2025-09-23T17:22:00.000,UNKNOWN,REAR END,,0,0,2,0,0,0,0,41.7739190108,DAYLIGHT,-87.6642139276,NO INDICATION OF INJURY,2,30,UNABLE TO DETERMINE,ON SCENE,NO DEFECTS,DRY,NOT APPLICABLE,S,ASHLAND AVE,6600,NO CONTROLS,NOT DIVIDED,CLEAR,,,,,,,2,2,"{""coordinates"": [-87.664213927644, 41.77391901084], ""type"": ""Point""}","[""FRONT"", ""REAR""]","[""STRAIGHT AHEAD""]",[],"[""S""]","[""DRIVER""]","[""UNKNOWN""]","[""PERSONAL""]","[""1992"", ""2008""]","[""39"", ""50""]","[""NOT APPLICABLE""]","[""NONE""]","[""NO INDICATION OF INJURY""]","[""DRIVER""]","[""USAGE UNKNOWN""]","[""M""]",[]
STRAIGHT AND LEVEL,434,2025-09-23T17:22:00.000,3,17,9,a6b92a49d062d4450549c893541199d865cc0f4850cb678f7acda6593d666d6bc70e078ae83db8fa0261bc278e536244ab3f25a3a1a6a71c3e4d7fd638f94f25,NO INJURY / DRIVE AWAY,"OVER $1,500",2025-09-23T17:24:00.000,FUNCTIONING PROPERLY,REAR END,,0,0,4,0,0,0,0,41.648107118,DAYLIGHT,-87.5594373481,NO INDICATION OF INJURY,3,30,FOLLOWING TOO CLOSELY,ON SCENE,UNKNOWN,DRY,FAILING TO REDUCE SPEED TO AVOID CRASH,S,TORRENCE AVE,13600,TRAFFIC SIGNAL,NOT DIVIDED,CLEAR,,,,,,,3,4,"{""coordinates"": [-87.559437348149, 41.648107117972], ""type"": ""Point""}","[""FRONT-LEFT-CORNER"", ""FRONT-RIGHT-CORNER"", ""REAR""]","[""UNKNOWN/NA""]",[],"[""N""]","[""DRIVER""]","[""UNKNOWN""]","[""PERSONAL""]","[""2005"", ""2006"", ""2014""]","[""16"", ""34"", ""41""]","[""DID NOT DEPLOY"", ""NOT APPLICABLE""]","[""NONE"", ""UNKNOWN""]","[""NO INDICATION OF INJURY""]","[""DRIVER"", ""PASSENGER""]","[""USAGE UNKNOWN""]","[""F"", ""M""]","[""2""]"
STRAIGHT AND LEVEL,1011,2025-09-23T17:24:00.000,3,17,9,2cdcb36c1031a1912865a1320eecbed55f5328b257bca61c6ab33e19ff25ac41371ea2684a780ab2b490262c53ee5fcc60fe88b4aac8487a41d59eadf6b09f66,INJURY AND / OR TOW DUE TO CRASH,"OVER $1,500",2025-09-23T17:24:00.000,NO CONTROLS,TURNING,,0,0,3,0,0,0,0,41.8658551473,DAYLIGHT,-87.7395697991,NO INDICATION OF INJURY,3,30,FAILING TO REDUCE SPEED TO AVOID CRASH,ON SCENE,NO DEFECTS,DRY,NOT APPLICABLE,W,ROOSEVELT RD,4553,NO CONTROLS,DIVIDED - W/MEDIAN (NOT RAISED),CLEAR,Y,,,,,,3,3,"{""coordinates"": [-87.739569799087, 41.865855147302], ""type"": ""Point""}","[""FRONT-LEFT-CORNER"", ""FRONT-RIGHT-CORNER"", ""REAR-RIGHT-CORNER""]","[""AVOIDING VEHICLES/OBJECTS"", ""STRAIGHT AHEAD"", ""TURNING LEFT""]","[""Y""]","[""E"", ""W""]","[""DRIVER""]","[""UNKNOWN""]","[""PERSONAL"", ""UNKNOWN/NA""]","[""2009"", ""2019"", ""2023""]","[""19"", ""22"", ""42""]","[""DEPLOYED, COMBINATION"", ""DID NOT DEPLOY""]","[""NONE""]","[""NO INDICATION OF INJURY""]","[""DRIVER""]","[""SAFETY BELT USED""]","[""M""]",[]
STRAIGHT AND LEVEL,1723,2025-09-23T17:25:00.000,3,17,9,e03837858d0c7724cf81f301c8cac7b769f899e5b37405a1e965a3e0a92d17f7d7f1762c10a36fd8b5d9c3013d1251172a61daf832f0f23aa4ea9226fa6eb112,NO INJURY / DRIVE AWAY,"OVER $1,500",2025-09-24T18:14:00.000,FUNCTIONING PROPERLY,REAR TO FRONT,,0,0,3,0,0,0,0,41.9541060493,DAYLIGHT,-87.7176755555,NO INDICATION OF INJURY,2,30,IMPROPER BACKING,NOT ON SCENE (DESK REPORT),NO DEFECTS,DRY,NOT APPLICABLE,N,CENTRAL PARK AVE,4009,TRAFFIC SIGNAL,DIVIDED - W/MEDIAN (NOT RAISED),CLEAR,,,,,,,2,3,"{""coordinates"": [-87.717675555454, 41.954106049314], ""type"": ""Point""}","[""FRONT-RIGHT-CORNER"", ""REAR-LEFT-CORNER""]","[""BACKING"", ""SLOW/STOP IN TRAFFIC""]",[],"[""N"", ""S""]","[""DRIVER""]","[""NONE""]","[""PERSONAL""]","[""2014"", ""2021""]","[""38"", ""67""]","[""DID NOT DEPLOY""]","[""NONE""]","[""NO INDICATION OF INJURY""]","[""DRIVER"", ""PASSENGER""]","[""SAFETY BELT USED""]","[""F"", ""M""]","[""3""]"
STRAIGHT AND LEVEL,2013,2025-09-23T17:28:00.000,3,17,9,fa929d5ab6795257a87ec78636b1e88c112c8ec17f66f15f995b159f04fb88b9dd1372b1f1d1c9f467a05beb9e8a26d6ee256ef78dc94c0efb387c2a8d918cc9,NO INJURY / DRIVE AWAY,"$501 - $1,500",2025-09-23T17:29:00.000,NO CONTROLS,PARKED MOTOR VEHICLE,,0,0,2,0,0,0,0,41.9787998335,DAYLIGHT,-87.6600834936,NO INDICATION OF INJURY,2,10,UNABLE TO DETERMINE,ON SCENE,NO DEFECTS,DRY,NOT APPLICABLE,N,BROADWAY,5320,NO CONTROLS,PARKING LOT,CLEAR,,,,,,,2,2,"{""coordinates"": [-87.660083493635, 41.978799833537], ""type"": ""Point""}","[""REAR-LEFT-CORNER"", ""REAR-RIGHT-CORNER""]","[""BACKING"", ""PARKED""]",[],"[""E"", ""S""]","[""DRIVER"", ""PARKED""]","[""UNKNOWN""]","[""NOT IN USE"", ""PERSONAL""]","[""2008"", ""2020""]","[""27"", ""62""]","[""DID NOT DEPLOY""]","[""NONE""]","[""NO INDICATION OF INJURY""]","[""DRIVER"", ""PASSENGER""]","[""SAFETY BELT USED""]","[""M""]","[""1""]"
STRAIGHT AND LEVEL,611,2025-09-23T17:31:00.000,3,17,9,1942f23f2511beb5aa935ed0f65d2b14da7740492dc2e92f871527ea4139903bdefa1c9d992bd9484c4ea405e28ea8845102f8f262987f39846b76f0c9c09520,NO INJURY / DRIVE AWAY,"OVER $1,500",2025-09-23T18:00:00.000,NO CONTROLS,REAR END,Y,0,0,3,0,0,0,0,41.7521403439,DAYLIGHT,-87.6733309283,NO INDICATION OF INJURY,3,30,FOLLOWING TOO CLOSELY,ON SCENE,NO DEFECTS,DRY,NOT APPLICABLE,S,DAMEN AVE,7758,NO CONTROLS,DIVIDED - W/MEDIAN (NOT RAISED),CLEAR,,,,,,,3,2,"{""coordinates"": [-87.673330928287, 41.752140343911], ""type"": ""Point""}","[""FRONT"", ""REAR-RIGHT-CORNER""]","[""SLOW/STOP IN TRAFFIC"", ""STRAIGHT AHEAD""]",[],"[""S""]","[""DRIVER""]","[""NONE"", ""UNKNOWN""]","[""PERSONAL""]","[""2017""]","[""55""]","[""DEPLOYMENT UNKNOWN"", ""NOT APPLICABLE""]","[""NONE""]","[""NO INDICATION OF INJURY""]","[""DRIVER""]","[""SAFETY BELT USED"", ""USAGE UNKNOWN""]","[""F"", ""X""]",[]
STRAIGHT AND LEVEL,2234,2025-09-23T17:43:00.000,3,17,9,c735c7eaaec6ecbb7191d17ff469f5849905ebfd1e1342ab94b14bf38b75bdb2267cff96f52174b85de7bcad4b0b5a05a527dfb8e07f8f31863b393e402a998a,NO INJURY / DRIVE AWAY,"OVER $1,500",2025-09-23T18:45:00.000,NO CONTROLS,SIDESWIPE OPPOSITE DIRECTION,,0,0,2,0,0,0,0,41.6775145941,DAYLIGHT,-87.668694755,NO INDICATION OF INJURY,2,30,UNABLE TO DETERMINE,NOT ON SCENE (DESK REPORT),UNKNOWN,DRY,NOT APPLICABLE,W,119TH ST,1900,NO CONTROLS,NOT DIVIDED,CLEAR,,,,,,,2,1,"{""coordinates"": [-87.668694755002, 41.677514594134], ""type"": ""Point""}","[""REAR-LEFT-CORNER"", ""SIDE-LEFT""]","[""STRAIGHT AHEAD""]",[],"[""E"", ""W""]","[""DRIVER""]","[""UNKNOWN""]","[""PERSONAL""]",[],[],"[""DID NOT DEPLOY""]","[""NONE""]","[""NO INDICATION OF INJURY""]","[""DRIVER""]","[""SAFETY BELT USED""]","[""F""]",[]
STRAIGHT AND LEVEL,234,2025-09-23T17:45:00.000,3,17,9,cf5e3050409665b3ea8772c9cbe693a97a4ce945192acb92b724e482e25ce15eb537657dd654b8c368ec15105d28a97db7d2929063a4a3666e1155882b8b1a3c,NO INJURY / DRIVE AWAY,"OVER $1,500",2025-09-23T18:30:00.000,NO CONTROLS,REAR TO FRONT,,0,0,2,0,0,0,0,41.7971518018,DAYLIGHT,-87.5874175701,NO INDICATION OF INJURY,2,10,IMPROPER BACKING,NOT ON SCENE (DESK REPORT),NO DEFECTS,DRY,NOT APPLICABLE,S,LAKE PARK AVE,5430,NO CONTROLS,PARKING LOT,CLEAR,,,,,,,2,2,"{""coordinates"": [-87.587417570123, 41.797151801783], ""type"": ""Point""}","[""FRONT"", ""REAR""]","[""BACKING"", ""SLOW/STOP IN TRAFFIC""]",[],"[""N"", ""S""]","[""DRIVER""]","[""NONE"", ""UNKNOWN""]","[""OTHER"", ""PERSONAL""]","[""2011"", ""2014""]","[""22"", ""58""]","[""DID NOT DEPLOY""]","[""NONE""]","[""NO INDICATION OF INJURY""]","[""DRIVER""]","[""SAFETY BELT USED"", ""USAGE UNKNOWN""]","[""F""]",[]
STRAIGHT AND LEVEL,1712,2025-09-23T17:50:00.000,3,17,9,26b4d913a2c23ba0a2a9afc389d727cc0dd190236017d0ae346d4720bd80c41349fa1e1a3cce3c63ccf9c6c57491bcd9371e63b53831dc8f0c65df813356b97c,NO INJURY / DRIVE AWAY,"OVER $1,500",2025-09-23T18:11:00.000,NO CONTROLS,SIDESWIPE SAME DIRECTION,,0,0,2,0,0,0,0,41.9685064157,DAYLIGHT,-87.7139343668,NO INDICATION OF INJURY,2,30,FAILING TO YIELD RIGHT-OF-WAY,NOT ON SCENE (DESK REPORT),NO DEFECTS,DRY,UNABLE TO DETERMINE,W,LAWRENCE AVE,3412,NO CONTROLS,DIVIDED - W/MEDIAN (NOT RAISED),CLEAR,,,,,,,2,2,"{""coordinates"": [-87.713934366838, 41.968506415729], ""type"": ""Point""}","[""FRONT-LEFT-CORNER"", ""SIDE-RIGHT-REAR""]","[""MERGING"", ""STRAIGHT AHEAD""]",[],"[""E""]","[""DRIVER""]","[""NONE""]","[""PERSONAL""]","[""2008"", ""2024""]","[""39"", ""42""]","[""DID NOT DEPLOY""]","[""NONE""]","[""NO INDICATION OF INJURY""]","[""DRIVER""]","[""SAFETY BELT USED""]","[""M""]",[]
STRAIGHT AND LEVEL,812,2025-09-23T17:50:00.000,3,17,9,d96485a20bb03f37bb42b41b09713f15764f9a5fb14ea6fda7d84507695b893dd9a22f6a02adf456d7b95d813d97541583864ff08796c6a21e9dafa7e7577d05,NO INJURY / DRIVE AWAY,"$501 - $1,500",2025-09-23T18:00:00.000,NO CONTROLS,REAR END,,0,0,2,0,0,0,0,41.7775792949,DAYLIGHT,-87.7933053186,NO INDICATION OF INJURY,2,30,FOLLOWING TOO CLOSELY,ON SCENE,NO DEFECTS,DRY,FOLLOWING TOO CLOSELY,W,63RD ST,6858,NO CONTROLS,DIVIDED - W/MEDIAN (NOT RAISED),CLEAR,,,,,,,2,2,"{""coordinates"": [-87.793305318591, 41.777579294907], ""type"": ""Point""}","[""NONE"", ""REAR""]","[""SLOW/STOP IN TRAFFIC""]",[],"[""W""]","[""DRIVER""]","[""UNKNOWN""]","[""OTHER"", ""PERSONAL""]","[""2016""]","[""20"", ""37""]","[""DID NOT DEPLOY""]","[""NONE""]","[""NO INDICATION OF INJURY""]","[""DRIVER""]","[""SAFETY BELT USED"", ""USAGE UNKNOWN""]","[""M""]",[]
STRAIGHT AND LEVEL,1533,2025-09-23T17:52:00.000,3,17,9,ca32329b0995f62d88aec295ee95892fbfcf8481fda904a0f1d7f6151eaa17e26fd54912a2914c4d4f7332c446622794d451a7fd56aee56623ac60d351b53b14,INJURY AND / OR TOW DUE TO CRASH,"$501 - $1,500",2025-09-23T17:59:00.000,FUNCTIONING PROPERLY,FIXED OBJECT,,0,0,1,0,0,0,0,41.8660052639,DAYLIGHT,-87.7448908042,NO INDICATION OF INJURY,1,30,UNABLE TO DETERMINE,ON SCENE,NO DEFECTS,DRY,NOT APPLICABLE,W,ROOSEVELT RD,4802,STOP SIGN/FLASHER,ONE-WAY,CLEAR,,,Y,,,,1,1,"{""coordinates"": [-87.744890804215, 41.866005263925], ""type"": ""Point""}","[""FRONT""]","[""STRAIGHT AHEAD""]","[""Y""]","[""N""]","[""DRIVER""]","[""NONE""]","[""PERSONAL""]","[""2012""]","[""54""]","[""NOT APPLICABLE""]","[""NONE""]","[""NO INDICATION OF INJURY""]","[""DRIVER""]","[""USAGE UNKNOWN""]","[""M""]",[]
STRAIGHT AND LEVEL,2513,2025-09-23T17:54:00.000,3,17,9,ab64cd7e3247bb882bd904902bb3da4175367b3dd1c3e8f855fd2fc44516fc613e886f4a716a95e99f24730c4da710287d39f1692196f1e69750165da99eff21,NO INJURY / DRIVE AWAY,"OVER $1,500",2025-09-23T18:30:00.000,FUNCTIONING PROPERLY,TURNING,,0,0,2,0,0,0,0,41.9092852407,DAYLIGHT,-87.78025811,NO INDICATION OF INJURY,2,25,UNABLE TO DETERMINE,,NO DEFECTS,DRY,UNABLE TO DETERMINE,N,MELVINA AVE,1600,STOP SIGN/FLASHER,ONE-WAY,CLEAR,Y,,,,,,2,2,"{""coordinates"": [-87.780258110026, 41.909285240747], ""type"": ""Point""}","[""FRONT-LEFT-CORNER"", ""FRONT-RIGHT-CORNER""]","[""PASSING/OVERTAKING"", ""TURNING RIGHT""]",[],"[""S""]","[""DRIVER""]","[""NONE""]","[""PERSONAL""]","[""1999"", ""2016""]","[""23"", ""49""]","[""NOT APPLICABLE""]","[""NONE""]","[""NO INDICATION OF INJURY""]","[""DRIVER""]","[""SAFETY BELT USED"", ""USAGE UNKNOWN""]","[""F"", ""M""]",[]