alignment,beat_of_occurrence,crash_date,crash_day_of_week,crash_hour,crash_month,crash_record_id,crash_type,damage,date_police_notified,device_condition,first_crash_type,hit_and_run_i,injuries_fatal,injuries_incapacitating,injuries_no_indication,injuries_non_incapacitating,injuries_reported_not_evident,injuries_total,injuries_unknown,latitude,lighting_condition,longitude,most_severe_injury,num_units,posted_speed_limit,prim_contributory_cause,report_type,road_defect,roadway_surface_cond,sec_contributory_cause,street_direction,street_name,street_no,traffic_control_device,trafficway_type,weather_condition,intersection_related_i,crash_date_est_i,private_property_i,statements_taken_i,photos_taken_i,work_zone_i,veh_count,ppl_count,location_json,veh_first_contact_point_list_json,veh_maneuver_list_json,veh_towed_i_list_json,veh_travel_direction_list_json,veh_unit_type_list_json,veh_vehicle_defect_list_json,veh_vehicle_use_list_json,veh_vehicle_year_list_json,ppl_age_list_json,ppl_airbag_deployed_list_json,ppl_ejection_list_json,ppl_injury_classification_list_json,ppl_person_type_list_json,ppl_safety_equipment_list_json,ppl_sex_list_json,ppl_seat_no_list_json
STRAIGHT ON HILLCREST,2424,2025-09-23T18:00:00.000,3,18,9,d7c70bec86c2cae7bbba92050f09f8904dcadce7d406db8bf7f8ee4a54f5dfe8d41b3e568f06329b882331628c0e6caade8dc48d23ee4e30d854b74b4438237a,NO INJURY / DRIVE AWAY,$500 OR LESS,2025-09-23T18:23:00.000,NO CONTROLS,PARKED MOTOR VEHICLE,N,0,0,1,0,0,0,0,42.0111713253,DUSK,-87.6817375795,NO INDICATION OF INJURY,2,15,UNABLE TO DETERMINE,ON SCENE,UNKNOWN,DRY,UNABLE TO DETERMINE,W,ESTES AVE,2037,NO CONTROLS,ONE-WAY,CLOUDY/OVERCAST,,,,,,,2,1,"{""coordinates"": [-87.681737579494, 42.011171325332], ""type"": ""Point""}","[""FRONT"", ""REAR""]","[""OTHER"", ""PARKED""]",[],"[""E""]","[""DRIVER"", ""PARKED""]","[""UNKNOWN""]","[""NOT IN USE"", ""UNKNOWN/NA""]","[""1997"", ""2009""]",[],"[""DEPLOYMENT UNKNOWN""]","[""NONE""]","[""NO INDICATION OF INJURY""]","[""DRIVER""]","[""USAGE UNKNOWN""]","[""X""]",[]
STRAIGHT AND LEVEL,814,2025-09-23T18:05:00.000,3,18,9,ca949c9ff977c76988a15f209aa958eaf9d62151683e5d7d12684b294ca6cac2621edab0c54536a26eb34518007c1e7ab4bb06b152aedf65abd12e7155ffde20,INJURY AND / OR TOW DUE TO CRASH,$500 OR LESS,2025-09-23T18:09:00.000,NO CONTROLS,PEDESTRIAN,,0,0,0,2,0,2,0,41.7930028559,DAYLIGHT,-87.7521195809,NONINCAPACITATING INJURY,2,15,"VISION OBSCURED (SIGNS, TREE LIMBS, BUILDINGS, ETC.)",ON SCENE,UNKNOWN,DRY,"VISION OBSCURED (SIGNS, TREE LIMBS, BUILDINGS, ETC.)",W,55TH ST,5150,NO CONTROLS,OTHER,CLEAR,,,N,,,,2,2,"{""coordinates"": [-87.752119580929, 41.793002855945], ""type"": ""Point""}","[""REAR-RIGHT-CORNER""]","[""BACKING""]",[],"[""N""]","[""DRIVER"", ""PEDESTRIAN""]","[""UNKNOWN""]","[""OTHER""]","[""2025""]","[""53"", ""70""]","[""DID NOT DEPLOY""]","[""NONE""]","[""NONINCAPACITATING INJURY""]","[""DRIVER"", ""PEDESTRIAN""]","[""USAGE UNKNOWN""]","[""M""]",[]
STRAIGHT AND LEVEL,314,2025-09-23T18:13:00.000,3,18,9,e9d31b1975d03cdb119d013bd8f036f6fef559ef0812c5f2b8a1cc5e6a0d26b960a2841e8d9b7abcaf7e5026bdfeab0774c237395991ceea6c375aebd6d1d131,INJURY AND / OR TOW DUE TO CRASH,"OVER $1,500",2025-09-23T18:13:00.000,FUNCTIONING PROPERLY,FIXED OBJECT,,0,0,1,1,0,1,0,41.7786346401,DAYLIGHT,-87.5947551564,NONINCAPACITATING INJURY,1,20,DISTRACTION - FROM OUTSIDE VEHICLE,ON SCENE,NO DEFECTS,DRY,NOT APPLICABLE,S,KIMBARK AVE,6400,STOP SIGN/FLASHER,FOUR WAY,CLEAR,,,,,,,1,2,"{""coordinates"": [-87.594755156434, 41.778634640081], ""type"": ""Point""}","[""FRONT""]","[""TURNING RIGHT""]",[],"[""W""]","[""DRIVER""]","[""NONE""]","[""PERSONAL""]",[],"[""16"", ""17""]","[""DEPLOYED, FRONT""]","[""NONE""]","[""NO INDICATION OF INJURY"", ""NONINCAPACITATING INJURY""]","[""DRIVER"", ""PASSENGER""]","[""SAFETY BELT USED""]","[""M""]","[""3""]"
STRAIGHT AND LEVEL,613,2025-09-23T18:15:00.000,3,18,9,a2adfad6bd1aac9f0a7a633e40ba9b19afa16ce57bd9ff23b0d331b5a001335331733616aef664319950d78b7fb6f39660d1621e8376355af34a27a8d7fcfeec,NO INJURY / DRIVE AWAY,"OVER $1,500",2025-09-24T16:00:00.000,FUNCTIONING PROPERLY,REAR TO FRONT,,0,0,2,0,0,0,0,41.7361825711,DAYLIGHT,-87.6436598151,NO INDICATION OF INJURY,2,30,IMPROPER OVERTAKING/PASSING,NOT ON SCENE (DESK REPORT),NO DEFECTS,DRY,NOT APPLICABLE,W,87TH ST,800,TRAFFIC SIGNAL,FOUR WAY,CLEAR,,,,,,,2,2,"{""coordinates"": [-87.643659815136, 41.736182571052], ""type"": ""Point""}","[""FRONT"", ""REAR""]","[""BACKING"", ""STRAIGHT AHEAD""]",[],"[""E"", ""W""]","[""DRIVER""]","[""NONE""]","[""PERSONAL""]","[""2011"", ""2012""]","[""33"", ""48""]","[""DID NOT DEPLOY"", ""NOT APPLICABLE""]","[""NONE""]","[""NO INDICATION OF INJURY""]","[""DRIVER""]","[""SAFETY BELT USED""]","[""F"", ""M""]",[]
STRAIGHT AND LEVEL,2535,2025-09-23T18:24:00.000,3,18,9,0bf6d3a91ab184f78dd70f38f9a3128d69347cc2843953402466d186416ed70cf0e38b095ddeffa1dc3b6d32a7665bbea21b951f12bca08d807efe55e1fb9f75,NO INJURY / DRIVE AWAY,"OVER $1,500",2025-09-23T18:24:00.000,NO CONTROLS,PARKED MOTOR VEHICLE,Y,0,0,1,0,0,0,0,41.9146755752,DAYLIGHT,-87.7192870977,NO INDICATION OF INJURY,2,25,UNABLE TO DETERMINE,ON SCENE,NO DEFECTS,DRY,NOT APPLICABLE,N,LAWNDALE AVE,1834,NO CONTROLS,NOT DIVIDED,CLEAR,,,,,,,2,1,"{""coordinates"": [-87.719287097714, 41.914675575161], ""type"": ""Point""}","[""SIDE-LEFT-REAR"", ""UNKNOWN""]","[""PARKED"", ""UNKNOWN/NA""]",[],"[""S"", ""UNKNOWN""]","[""DRIVER"", ""PARKED""]","[""NONE"", ""UNKNOWN""]","[""PERSONAL"", ""UNKNOWN/NA""]","[""2020""]",[],"[""DEPLOYMENT UNKNOWN""]","[""UNKNOWN""]","[""NO INDICATION OF INJURY""]","[""DRIVER""]","[""USAGE UNKNOWN""]","[""X""]",[]
STRAIGHT AND LEVEL,2533,2025-09-23T18:30:00.000,3,18,9,072eae51f1d11c79972cac801cc44a40c926ba9c2d4c055600bb85609f3652ebad5fae8200388841a3022e95bd667205d74e86c517552987246ad3570a4f8e3f,NO INJURY / DRIVE AWAY,"OVER $1,500",2025-09-23T19:00:00.000,NO CONTROLS,REAR END,,0,0,2,0,0,0,0,41.9097403479,DUSK,-87.7457416028,NO INDICATION OF INJURY,2,30,UNABLE TO DETERMINE,NOT ON SCENE (DESK REPORT),NO DEFECTS,DRY,UNABLE TO DETERMINE,W,NORTH AVE,4750,NO CONTROLS,DIVIDED - W/MEDIAN (NOT RAISED),CLOUDY/OVERCAST,,,,,,,2,2,"{""coordinates"": [-87.74574160284, 41.909740347917], ""type"": ""Point""}","[""FRONT"", ""REAR""]","[""SLOW/STOP IN TRAFFIC"", ""STRAIGHT AHEAD""]",[],"[""W""]","[""DRIVER""]","[""NONE"", ""UNKNOWN""]","[""UNKNOWN/NA""]","[""2008"", ""2018""]","[""45"", ""49""]","[""DEPLOYMENT UNKNOWN""]","[""NONE""]","[""NO INDICATION OF INJURY""]","[""DRIVER""]","[""USAGE UNKNOWN""]","[""M""]",[]
STRAIGHT AND LEVEL,1824,2025-09-23T18:30:00.000,3,18,9,2c71eb1122abe4640823f4d18ebb79f1310f8f4a38b8b0c1a2147064fb1133f35425e24581f270a8b78d5963a59b642458b767894e47e126a95f4da5e95579de,NO INJURY / DRIVE AWAY,"OVER $1,500",2025-09-23T19:19:00.000,UNKNOWN,PARKED MOTOR VEHICLE,,0,0,1,0,0,0,0,41.9005848002,UNKNOWN,-87.63298607,NO INDICATION OF INJURY,2,25,NOT APPLICABLE,NOT ON SCENE (DESK REPORT),UNKNOWN,UNKNOWN,NOT APPLICABLE,N,LA SALLE DR,1000,UNKNOWN,NOT DIVIDED,UNKNOWN,,,,,,,2,1,"{""coordinates"": [-87.632986070025, 41.900584800211], ""type"": ""Point""}","[""FRONT-RIGHT-CORNER"", ""SIDE-LEFT""]","[""PARKED"", ""UNKNOWN/NA""]",[],"[""UNKNOWN""]","[""DRIVER"", ""PARKED""]","[""UNKNOWN""]","[""NOT IN USE"", ""PERSONAL""]","[""2009"", ""2018""]","[""38""]","[""NOT APPLICABLE""]","[""NONE""]","[""NO INDICATION OF INJURY""]","[""DRIVER""]","[""USAGE UNKNOWN""]","[""M""]",[]
STRAIGHT AND LEVEL,231,2025-09-23T18:30:00.000,3,18,9,7bb67455d467a4790a5c967d29b2da9646b6fa1580aaba57d3a5a2f2a8ab36310115dfecc30f262a9dfdfe36fdc01db873b9251b785a9743aab4895fe45335bb,INJURY AND / OR TOW DUE TO CRASH,"OVER $1,500",2025-09-23T19:05:00.000,FUNCTIONING PROPERLY,PARKED MOTOR VEHICLE,,0,0,1,0,0,0,0,41.7984918431,DAWN,-87.6194677987,NO INDICATION OF INJURY,2,30,EQUIPMENT - VEHICLE CONDITION,ON SCENE,NO DEFECTS,DRY,NOT APPLICABLE,S,PRAIRIE AVE,5258,STOP SIGN/FLASHER,NOT DIVIDED,CLEAR,,,,,,,2,1,"{""coordinates"": [-87.619467798686, 41.798491843116], ""type"": ""Point""}","[""FRONT-RIGHT-CORNER"", ""REAR-LEFT-CORNER""]","[""PARKED"", ""STRAIGHT AHEAD""]","[""Y""]","[""S""]","[""DRIVER"", ""PARKED""]","[""OTHER"", ""UNKNOWN""]","[""PERSONAL""]","[""2005""]","[""40""]","[""NOT APPLICABLE""]","[""NONE""]","[""NO INDICATION OF INJURY""]","[""DRIVER""]","[""USAGE UNKNOWN""]","[""M""]",[]
STRAIGHT AND LEVEL,1914,2025-09-23T18:30:00.000,3,18,9,a6f22b3c9274e99f27a86e19db47a4f4d120012c242c67ea0102637e424d417c1721aa6772a53b73b93a968a19205614f613a579109fe06de67e28a58bb8ee8f,NO INJURY / DRIVE AWAY,"OVER $1,500",2025-09-24T21:00:00.000,NO CONTROLS,ANGLE,Y,0,0,2,0,0,0,0,41.9619905058,"DARKNESS, LIGHTED ROAD",-87.6475171934,NO INDICATION OF INJURY,2,20,UNABLE TO DETERMINE,NOT ON SCENE (DESK REPORT),UNKNOWN,UNKNOWN,UNABLE TO DETERMINE,W,MONTROSE AVE,676,NO CONTROLS,PARKING LOT,CLEAR,,,,,,,2,2,"{""coordinates"": [-87.647517193427, 41.961990505752], ""type"": ""Point""}","[""FRONT-LEFT-CORNER"", ""FRONT-RIGHT-CORNER""]","[""ENTERING TRAFFIC LANE FROM PARKING"", ""STRAIGHT AHEAD""]",[],"[""S"", ""W""]","[""DRIVER""]","[""UNKNOWN""]","[""PERSONAL""]","[""2011"", ""2023""]","[""41""]","[""DEPLOYMENT UNKNOWN"", ""DID NOT DEPLOY""]","[""NONE""]","[""NO INDICATION OF INJURY""]","[""DRIVER""]","[""SAFETY BELT USED"", ""USAGE UNKNOWN""]","[""F"", ""M""]",[]
STRAIGHT AND LEVEL,632,2025-09-23T18:39:00.000,3,18,9,478627188a2d934b23ca48da35e59885878415eff4184e82fbbbad50ae0dfd2a98c96f18a6502b1b1f22ae8d20a28e57f8d4da7ebee281b8aa55e42929b45a55,INJURY AND / OR TOW DUE TO CRASH,"OVER $1,500",2025-09-23T18:39:00.000,FUNCTIONING PROPERLY,TURNING,,0,0,4,0,0,0,0,41.7366015585,DARKNESS,-87.6049681002,NO INDICATION OF INJURY,2,30,UNABLE TO DETERMINE,ON SCENE,NO DEFECTS,DRY,UNABLE TO DETERMINE,S,COTTAGE GROVE AVE,8700,TRAFFIC SIGNAL,FOUR WAY,CLEAR,Y,,,,,,2,4,"{""coordinates"": [-87.604968100168, 41.736601558476], ""type"": ""Point""}","[""FRONT""]","[""STRAIGHT AHEAD"", ""TURNING LEFT""]","[""Y""]","[""N"", ""S""]","[""DRIVER""]","[""UNKNOWN""]","[""PERSONAL""]","[""2004"", ""2023""]","[""1"", ""22"", ""35"", ""4""]","[""DEPLOYED, FRONT"", ""DID NOT DEPLOY""]","[""NONE""]","[""NO INDICATION OF INJURY""]","[""DRIVER"", ""PASSENGER""]","[""CHILD RESTRAINT NOT USED"", ""USAGE UNKNOWN""]","[""F""]","[""10"", ""11""]"
STRAIGHT AND LEVEL,1112,2025-09-23T18:40:00.000,3,18,9,bab02f2196b48c9fd9e88af094efa1df969c5fd5988d354364c869e5bbd88e3ef02ed60d87968919ef2de882e85a56fb436b3e3e44aa95f95d9f3f6f5db92501,INJURY AND / OR TOW DUE TO CRASH,"OVER $1,500",2025-09-23T18:49:00.000,FUNCTIONING PROPERLY,ANGLE,,0,0,2,0,0,0,0,41.8973461652,DUSK,-87.7213151329,NO INDICATION OF INJURY,2,30,FAILING TO YIELD RIGHT-OF-WAY,ON SCENE,NO DEFECTS,DRY,NOT APPLICABLE,W,IOWA ST,3800,STOP SIGN/FLASHER,FOUR WAY,CLEAR,Y,,,,,,2,2,"{""coordinates"": [-87.721315132894, 41.897346165154], ""type"": ""Point""}","[""FRONT-LEFT-CORNER"", ""FRONT-RIGHT-CORNER""]","[""STRAIGHT AHEAD""]","[""Y""]","[""S"", ""W""]","[""DRIVER""]","[""NONE""]","[""PERSONAL""]","[""2007"", ""2016""]","[""18"", ""38""]","[""NOT APPLICABLE""]","[""NONE""]","[""NO INDICATION OF INJURY""]","[""DRIVER""]","[""USAGE UNKNOWN""]","[""F""]",[]
STRAIGHT AND LEVEL,2433,2025-09-23T18:45:00.000,3,18,9,07f854cd6cd6baa197015d10e754a77e2b8f01bbe0bcb9858ec5c273c308df009fde5ce58b692c3ec7399707fd784aaf33a85b285b7aba8df9f722584e8f0395,NO INJURY / DRIVE AWAY,"OVER $1,500",2025-09-23T19:37:00.000,NO CONTROLS,SIDESWIPE SAME DIRECTION,,0,0,3,0,0,0,0,41.9975075311,UNKNOWN,-87.6557622948,NO INDICATION OF INJURY,2,30,IMPROPER OVERTAKING/PASSING,NOT ON SCENE (DESK REPORT),UNKNOWN,UNKNOWN,IMPROPER OVERTAKING/PASSING,N,SHERIDAN RD,6340,NO CONTROLS,NOT DIVIDED,UNKNOWN,,,,,,,2,3,"{""coordinates"": [-87.655762294812, 41.997507531059], ""type"": ""Point""}","[""SIDE-LEFT"", ""UNKNOWN""]","[""PASSING/OVERTAKING"", ""STRAIGHT AHEAD""]",[],"[""S""]","[""DRIVER""]","[""UNKNOWN""]","[""PERSONAL""]","[""2014"", ""2019""]","[""30"", ""80""]","[""NOT APPLICABLE""]","[""NONE""]","[""NO INDICATION OF INJURY""]","[""DRIVER"", ""PASSENGER""]","[""USAGE UNKNOWN""]","[""F"", ""M""]","[""2""]"
STRAIGHT AND LEVEL,1834,2025-09-23T19:12:00.000,3,19,9,dda6aaf4c2f36b60d65e8196e8df1e7123d316af8c876693eaae19e1930364cfed197128fadf0a9f7ee35ec33649f8a5b08e07915411988f7fd8788c6744ba5b,INJURY AND / OR TOW DUE TO CRASH,"OVER $1,500",2025-09-23T19:17:00.000,FUNCTIONING PROPERLY,SIDESWIPE SAME DIRECTION,,0,0,1,0,2,2,0,41.8932535646,"DARKNESS, LIGHTED ROAD",-87.6225942872,"REPORTED, NOT EVIDENT",2,30,IMPROPER TURNING/NO SIGNAL,ON SCENE,NO DEFECTS,DRY,IMPROPER LANE USAGE,E,ONTARIO ST,201,TRAFFIC SIGNAL,ONE-WAY,CLEAR,,,,Y,,,2,3,"{""coordinates"": [-87.622594287209, 41.893253564575], ""type"": ""Point""}","[""SIDE-LEFT"", ""SIDE-RIGHT""]","[""CHANGING LANES"", ""STRAIGHT AHEAD""]",[],"[""W""]","[""DRIVER""]","[""NONE"", ""UNKNOWN""]","[""PERSONAL""]","[""2010"", ""2024""]","[""28"", ""41"", ""42""]","[""DID NOT DEPLOY""]","[""NONE""]","[""NO INDICATION OF INJURY"", ""REPORTED, NOT EVIDENT""]","[""DRIVER"", ""PASSENGER""]","[""NONE PRESENT"", ""USAGE UNKNOWN""]","[""F"", ""M""]","[""3""]"
STRAIGHT AND LEVEL,2412,2025-09-23T19:13:00.000,3,19,9,b71577de5bc84aca7c9f54dcdeedbac813cc4a9e0b1415cdc7db7317785347ff9f91da27f9557352c9ba8029b8dd26e8e320d02d3c9535545f24ca080f9bd9fd,NO INJURY / DRIVE AWAY,"$501 - $1,500",2025-09-23T20:20:00.000,UNKNOWN,REAR END,,0,0,4,0,0,0,0,42.0008881095,UNKNOWN,-87.6995859642,NO INDICATION OF INJURY,2,30,FOLLOWING TOO CLOSELY,NOT ON SCENE (DESK REPORT),UNKNOWN,UNKNOWN,FOLLOWING TOO CLOSELY,N,CALIFORNIA AVE,6551,STOP SIGN/FLASHER,NOT DIVIDED,UNKNOWN,Y,,,,,,2,4,"{""coordinates"": [-87.699585964214, 42.00088810948], ""type"": ""Point""}","[""FRONT"", ""REAR""]","[""STRAIGHT AHEAD""]",[],"[""N""]","[""DRIVER""]","[""UNKNOWN""]","[""PERSONAL""]","[""2009"", ""2024""]","[""37"", ""44""]","[""NOT APPLICABLE""]","[""NONE""]","[""NO INDICATION OF INJURY""]","[""DRIVER"", ""PASSENGER""]","[""USAGE UNKNOWN""]","[""F"", ""M""]","[""2"", ""5""]"
STRAIGHT AND LEVEL,832,2025-09-23T19:15:00.000,3,19,9,64718d15847c9cab9ffde2ef68b14e3d6d75c59304f2fe902d809699e75141608c5500a5b8c59bb174338ad5990e82a72e1401e47a9531f6d81402af0375bac7,INJURY AND / OR TOW DUE TO CRASH,"OVER $1,500",2025-09-23T22:40:00.000,FUNCTIONING PROPERLY,PARKED MOTOR VEHICLE,Y,0,0,1,0,0,0,0,41.7611602269,"DARKNESS, LIGHTED ROAD",-87.6819694759,NO INDICATION OF INJURY,2,35,FAILING TO REDUCE SPEED TO AVOID CRASH,NOT ON SCENE (DESK REPORT),NO DEFECTS,DRY,UNABLE TO DETERMINE,S,CLAREMONT AVE,7258,STOP SIGN/FLASHER,ONE-WAY,CLEAR,,Y,,,,,2,1,"{""coordinates"": [-87.681969475942, 41.761160226892], ""type"": ""Point""}","[""SIDE-RIGHT"", ""UNKNOWN""]","[""PARKED"", ""UNKNOWN/NA""]","[""Y""]","[""N"", ""UNKNOWN""]","[""DRIVER"", ""PARKED""]","[""NONE"", ""UNKNOWN""]","[""NOT IN USE"", ""UNKNOWN/NA""]","[""2025""]",[],"[""DEPLOYMENT UNKNOWN""]","[""UNKNOWN""]","[""NO INDICATION OF INJURY""]","[""DRIVER""]","[""USAGE UNKNOWN""]","[""X""]",[]
STRAIGHT AND LEVEL,821,2025-09-23T19:26:00.000,3,19,9,91872ef8efde8fa2c4994d19b6b3b63731207f282fdcc3e37767b5ba712ca9884b592c59c69ccf38549414c73af7ccd3e1e6a912ea262fef22190d6a01a36193,NO INJURY / DRIVE AWAY,"OVER $1,500",2025-09-23T19:26:00.000,OTHER,TURNING,,0,0,2,0,0,0,0,41.8078569293,"DARKNESS, LIGHTED ROAD",-87.7161250932,NO INDICATION OF INJURY,2,30,FAILING TO YIELD RIGHT-OF-WAY,ON SCENE,NO DEFECTS,DRY,NOT APPLICABLE,W,47TH ST,3699,OTHER,OTHER,CLEAR,,,,,,,2,2,"{""coordinates"": [-87.716125093195, 41.807856929254], ""type"": ""Point""}","[""FRONT""]","[""STRAIGHT AHEAD"", ""TURNING LEFT""]",[],"[""E"", ""N""]","[""DRIVER""]","[""NONE"", ""UNKNOWN""]","[""PERSONAL""]","[""2010"", ""2011""]","[""0"", ""27""]","[""DID NOT DEPLOY"", ""NOT APPLICABLE""]","[""NONE""]","[""NO INDICATION OF INJURY""]","[""DRIVER""]","[""USAGE UNKNOWN""]","[""M""]",[]
STRAIGHT AND LEVEL,312,2025-09-23T19:30:00.000,3,19,9,286347c96cc3dc614d3165c9d7bc62526b0f8a65fc9fa4947c5aa13704a8debe37971d137e099600aff34f2e93b1ebf875a5df0d6af4142ed0bf3d596322e7d1,INJURY AND / OR TOW DUE TO CRASH,"OVER $1,500",2025-09-23T19:30:00.000,UNKNOWN,SIDESWIPE SAME DIRECTION,Y,0,0,3,0,0,0,0,41.7801135699,UNKNOWN,-87.616477731,NO INDICATION OF INJURY,2,30,UNABLE TO DETERMINE,NOT ON SCENE (DESK REPORT),UNKNOWN,UNKNOWN,NOT APPLICABLE,E,63RD ST,359,TRAFFIC SIGNAL,FOUR WAY,UNKNOWN,,,,,,,2,3,"{""coordinates"": [-87.616477730968, 41.780113569917], ""type"": ""Point""}","[""FRONT-LEFT-CORNER"", ""FRONT-RIGHT-CORNER""]","[""STRAIGHT AHEAD""]","[""Y""]","[""E""]","[""DRIVER""]","[""UNKNOWN""]","[""PERSONAL"", ""UNKNOWN/NA""]","[""2006"", ""2010""]","[""19"", ""23""]","[""DEPLOYMENT UNKNOWN""]","[""UNKNOWN""]","[""NO INDICATION OF INJURY""]","[""DRIVER"", ""PASSENGER""]","[""USAGE UNKNOWN""]","[""F"", ""M""]","[""2""]"
STRAIGHT AND LEVEL,331,2025-09-23T19:30:00.000,3,19,9,7a385053b4dd93f5849aa22f9c048707c02956eb6d037a6a97773b9a037c3d18c7ac47aebb764124459e8c6ac62652f63937bcfcd27bb38a24308ab4d866ad60,NO INJURY / DRIVE AWAY,"$501 - $1,500",2025-09-23T23:00:00.000,FUNCTIONING PROPERLY,REAR END,,0,0,2,0,0,0,0,,DUSK,,NO INDICATION OF INJURY,2,30,IMPROPER LANE USAGE,NOT ON SCENE (DESK REPORT),NO DEFECTS,DRY,UNABLE TO DETERMINE,S,LAKE SHORE DR,6299,TRAFFIC SIGNAL,NOT DIVIDED,CLEAR,Y,,,,,,2,2,,"[""FRONT"", ""REAR""]","[""STRAIGHT AHEAD""]",[],"[""N""]","[""DRIVER""]","[""NONE""]","[""PERSONAL""]","[""2021"", ""2022""]","[""52"", ""67""]","[""DEPLOYMENT UNKNOWN""]","[""UNKNOWN""]","[""NO INDICATION OF INJURY""]","[""DRIVER""]","[""NONE PRESENT""]","[""F"", ""M""]",[]
STRAIGHT AND LEVEL,2511,2025-09-23T19:38:00.000,3,19,9,e762d60041da3f50f12d1630d63571c3fe7feda5612b95f62382f56c664a6dc292a355057475b065e003f7c2ba7261b27c4b81779d9743126612c7cdf1e438e0,INJURY AND / OR TOW DUE TO CRASH,"OVER $1,500",2025-09-23T19:41:00.000,FUNCTIONING PROPERLY,TURNING,,0,0,3,0,0,0,0,41.9310604463,"DARKNESS, LIGHTED ROAD",-87.7885897167,NO INDICATION OF INJURY,2,30,FAILING TO YIELD RIGHT-OF-WAY,ON SCENE,NO DEFECTS,DRY,UNABLE TO DETERMINE,W,DIVERSEY AVE,6510,STOP SIGN/FLASHER,FOUR WAY,CLEAR,Y,,,,,,2,3,"{""coordinates"": [-87.788589716669, 41.931060446329], ""type"": ""Point""}","[""FRONT"", ""SIDE-RIGHT""]","[""STRAIGHT AHEAD"", ""TURNING LEFT""]","[""Y""]","[""E"", ""S""]","[""DRIVER""]","[""UNKNOWN""]","[""PERSONAL""]","[""2002"", ""2019""]","[""46"", ""48"", ""69""]","[""DEPLOYED, SIDE"", ""DID NOT DEPLOY""]","[""NONE""]","[""NO INDICATION OF INJURY""]","[""DRIVER"", ""PASSENGER""]","[""USAGE UNKNOWN""]","[""M""]","[""3""]"
STRAIGHT AND LEVEL,1623,2025-09-23T19:47:00.000,3,19,9,f7295814d5bb8f924f642ded9c221b5b9c7b26208b7086702ae15e1a86e1588dbbcf583518cb3f789c5520678451a1420c89507e3c45a62242edd9599ced433d,INJURY AND / OR TOW DUE TO CRASH,"$501 - $1,500",2025-09-23T19:47:00.000,UNKNOWN,SIDESWIPE OPPOSITE DIRECTION,,0,1,2,0,0,1,0,41.9606856097,DUSK,-87.759424642,INCAPACITATING INJURY,3,30,PHYSICAL CONDITION OF DRIVER,ON SCENE,UNKNOWN,DRY,NOT APPLICABLE,W,MONTROSE AVE,5250,UNKNOWN,NOT DIVIDED,CLEAR,,,,Y,,,3,3,"{""coordinates"": [-87.759424642049, 41.960685609679], ""type"": ""Point""}","[""FRONT-LEFT-CORNER"", ""FRONT-RIGHT-CORNER"", ""SIDE-RIGHT-REAR""]","[""SKIDDING/CONTROL LOSS"", ""STRAIGHT AHEAD""]",[],"[""E"", ""W""]","[""DRIVER""]","[""NONE"", ""UNKNOWN""]","[""CTA"", ""PERSONAL""]","[""1996"", ""2016"", ""2023""]","[""28"", ""49"", ""55""]","[""NOT APPLICABLE""]","[""NONE""]","[""INCAPACITATING INJURY"", ""NO INDICATION OF INJURY""]","[""DRIVER""]","[""SAFETY BELT USED"", ""USAGE UNKNOWN""]","[""F"", ""M""]",[]
STRAIGHT AND LEVEL,1922,2025-09-23T20:00:00.000,3,20,9,47c382c64150186a0cd85baeab6881f6c5144f9af2d08ac71a29f846761659cfa4270d49a09ddaf4175ca43bad0a5b036a20e4fc8d6865369ed1a1c9e8f638a8,NO INJURY / DRIVE AWAY,"OVER $1,500",2025-09-24T13:10:00.000,NO CONTROLS,PARKED MOTOR VEHICLE,Y,0,0,1,0,0,0,0,41.9423405291,DAYLIGHT,-87.6703510661,NO INDICATION OF INJURY,2,25,NOT APPLICABLE,NOT ON SCENE (DESK REPORT),NO DEFECTS,DRY,NOT APPLICABLE,N,LINCOLN AVE,3333,NO CONTROLS,NOT DIVIDED,CLEAR,,,,,,,2,1,"{""coordinates"": [-87.670351066133, 41.942340529086], ""type"": ""Point""}","[""REAR-LEFT-CORNER"", ""UNKNOWN""]","[""PARKED"", ""UNKNOWN/NA""]",[],"[""N""]","[""DRIVER"", ""PARKED""]","[""NONE""]","[""PERSONAL"", ""UNKNOWN/NA""]","[""2020""]",[],"[""NOT APPLICABLE""]","[""NONE""]","[""NO INDICATION OF INJURY""]","[""DRIVER""]","[""USAGE UNKNOWN""]","[""X""]",[]