alignment,beat_of_occurrence,crash_date,crash_day_of_week,crash_hour,crash_month,crash_record_id,crash_type,damage,date_police_notified,device_condition,first_crash_type,hit_and_run_i,injuries_fatal,injuries_incapacitating,injuries_no_indication,injuries_non_incapacitating,injuries_reported_not_evident,injuries_total,injuries_unknown,latitude,lighting_condition,longitude,most_severe_injury,num_units,posted_speed_limit,prim_contributory_cause,report_type,road_defect,roadway_surface_cond,sec_contributory_cause,street_direction,street_name,street_no,traffic_control_device,trafficway_type,weather_condition,intersection_related_i,crash_date_est_i,private_property_i,statements_taken_i,photos_taken_i,work_zone_i,veh_count,ppl_count,location_json,veh_first_contact_point_list_json,veh_maneuver_list_json,veh_towed_i_list_json,veh_travel_direction_list_json,veh_unit_type_list_json,veh_vehicle_defect_list_json,veh_vehicle_use_list_json,veh_vehicle_year_list_json,ppl_age_list_json,ppl_airbag_deployed_list_json,ppl_ejection_list_json,ppl_injury_classification_list_json,ppl_person_type_list_json,ppl_safety_equipment_list_json,ppl_sex_list_json,ppl_seat_no_list_json
STRAIGHT AND LEVEL,1214,2025-09-23T20:15:00.000,3,20,9,aedb73a5555d99986e65056df5415fc49d7d5d200abece255c24b9e0b519e9c6f88db502e37dcd9d1964c491b38143b06e86693ae94587ee0b5ca5009af53d2b,NO INJURY / DRIVE AWAY,"OVER $1,500",2025-09-24T16:30:00.000,NO CONTROLS,OTHER OBJECT,,0,0,1,0,0,0,0,41.8962685501,DARKNESS,-87.6488769293,NO INDICATION OF INJURY,1,30,UNABLE TO DETERMINE,NOT ON SCENE (DESK REPORT),"RUT, HOLES",DRY,UNABLE TO DETERMINE,W,CHICAGO AVE,825,NO CONTROLS,NOT DIVIDED,UNKNOWN,,,,,,,1,1,"{""coordinates"": [-87.648876929268, 41.896268550108], ""type"": ""Point""}","[""OTHER""]","[""STRAIGHT AHEAD""]",[],"[""E""]","[""DRIVER""]","[""UNKNOWN""]","[""PERSONAL""]","[""2023""]","[""50""]","[""NOT APPLICABLE""]","[""UNKNOWN""]","[""NO INDICATION OF INJURY""]","[""DRIVER""]","[""USAGE UNKNOWN""]","[""M""]",[]
STRAIGHT AND LEVEL,322,2025-09-23T21:00:00.000,3,21,9,99ab4ca54e0353d993f65b2a66609ebd34437ca6d62215f0034aab38165b17adcb78b0620eec24ec3352ecf519e6f1231671c0178cac4c9673736155e4ce619e,NO INJURY / DRIVE AWAY,"OVER $1,500",2025-09-23T21:19:00.000,NO CONTROLS,SIDESWIPE SAME DIRECTION,Y,0,0,2,0,0,0,0,41.7705690462,DUSK,-87.6154059876,NO INDICATION OF INJURY,2,30,IMPROPER LANE USAGE,NOT ON SCENE (DESK REPORT),NO DEFECTS,DRY,UNABLE TO DETERMINE,S,ANTHONY AVE,6800,NO CONTROLS,NOT DIVIDED,CLEAR,,,,,,,2,2,"{""coordinates"": [-87.615405987633, 41.770569046186], ""type"": ""Point""}","[""SIDE-LEFT-REAR"", ""SIDE-RIGHT-REAR""]","[""STRAIGHT AHEAD""]",[],"[""N""]","[""DRIVER""]","[""NONE""]","[""PERSONAL""]","[""2024""]","[""21""]","[""DEPLOYMENT UNKNOWN"", ""NOT APPLICABLE""]","[""NONE"", ""UNKNOWN""]","[""NO INDICATION OF INJURY""]","[""DRIVER""]","[""NONE PRESENT"", ""USAGE UNKNOWN""]","[""F"", ""X""]",[]
STRAIGHT AND LEVEL,1233,2025-09-23T21:40:00.000,3,21,9,a94246e188eadbd9cdea69f825bcc3c9098edfd3831371a7198b89aaa3ebf983d2a5100e067074fed4554d6bac838c4ba9060fc596a813a01fc9b366b196b0ab,INJURY AND / OR TOW DUE TO CRASH,"OVER $1,500",2025-09-23T21:40:00.000,FUNCTIONING PROPERLY,FIXED OBJECT,,0,0,0,1,0,1,0,41.8641611045,"DARKNESS, LIGHTED ROAD",-87.6749899349,NONINCAPACITATING INJURY,1,30,PHYSICAL CONDITION OF DRIVER,ON SCENE,NO DEFECTS,DRY,IMPROPER LANE USAGE,W,HASTINGS ST,1930,STOP SIGN/FLASHER,NOT DIVIDED,CLEAR,,,,,,,1,1,"{""coordinates"": [-87.674989934878, 41.864161104469], ""type"": ""Point""}","[""FRONT-RIGHT-CORNER""]","[""STRAIGHT AHEAD""]","[""Y""]","[""E""]","[""DRIVER""]","[""NONE""]","[""PERSONAL""]","[""2025""]","[""57""]","[""DEPLOYED, COMBINATION""]","[""NONE""]","[""NONINCAPACITATING INJURY""]","[""DRIVER""]","[""SAFETY BELT USED""]","[""M""]",[]
STRAIGHT AND LEVEL,1834,2025-09-23T21:51:00.000,3,21,9,0f3eef4d06b358a96c910722197ccc9359f00a745b2ec3e4a5e30c34c7bd0e07c15642ea49a5b97b37dbb145cb909b7157338ce9efe31464fd4d5cc3792b8b3f,INJURY AND / OR TOW DUE TO CRASH,"$501 - $1,500",2025-09-23T21:54:00.000,FUNCTIONING PROPERLY,PEDESTRIAN,,0,0,1,1,0,1,0,41.8915657621,"DARKNESS, LIGHTED ROAD",-87.6279928832,NONINCAPACITATING INJURY,2,30,DISREGARDING OTHER TRAFFIC SIGNS,ON SCENE,UNKNOWN,DRY,NOT APPLICABLE,E,GRAND AVE,1,TRAFFIC SIGNAL,FOUR WAY,CLEAR,Y,,,,,,2,2,"{""coordinates"": [-87.62799288322, 41.891565762144], ""type"": ""Point""}","[""FRONT""]","[""STRAIGHT AHEAD""]",[],"[""W""]","[""DRIVER"", ""PEDESTRIAN""]","[""UNKNOWN""]","[""PERSONAL""]","[""2018""]","[""26""]","[""DID NOT DEPLOY""]","[""NONE""]","[""NO INDICATION OF INJURY"", ""NONINCAPACITATING INJURY""]","[""DRIVER"", ""PEDESTRIAN""]","[""NONE PRESENT"", ""SAFETY BELT USED""]","[""F"", ""M""]",[]
STRAIGHT AND LEVEL,2223,2025-09-23T22:15:00.000,3,22,9,0b8cae24e971e80df56c8a781acdbf8ea759b8d85c27982d06276dc4f3219a03770f49462b7f5d6c1c1d865f776d02b4d237954468ff9e6ccbd0c0b2ce6e38b1,NO INJURY / DRIVE AWAY,"$501 - $1,500",2025-09-24T08:45:00.000,NO CONTROLS,PARKED MOTOR VEHICLE,Y,0,0,1,0,0,0,0,41.7344629704,"DARKNESS, LIGHTED ROAD",-87.6409928016,NO INDICATION OF INJURY,2,20,UNABLE TO DETERMINE,NOT ON SCENE (DESK REPORT),UNKNOWN,DRY,UNABLE TO DETERMINE,S,UNION AVE,8749,NO CONTROLS,NOT DIVIDED,CLEAR,,,,,,,2,1,"{""coordinates"": [-87.640992801628, 41.734462970361], ""type"": ""Point""}","[""FRONT-LEFT-CORNER"", ""UNKNOWN""]","[""PARKED"", ""UNKNOWN/NA""]",[],"[""S"", ""UNKNOWN""]","[""DRIVER"", ""PARKED""]","[""UNKNOWN""]","[""NOT IN USE"", ""UNKNOWN/NA""]","[""2020""]",[],"[""DEPLOYMENT UNKNOWN""]","[""NONE""]","[""NO INDICATION OF INJURY""]","[""DRIVER""]","[""USAGE UNKNOWN""]","[""X""]",[]
STRAIGHT AND LEVEL,822,2025-09-23T22:20:00.000,3,22,9,8ae29e25e4720b62e7df821aa7b5e6ccd00d8f09d790ebd3341aa84a413b7d84dd0516828a54bab81dfc708828868219d07873227781172efc9f873e40c80d30,INJURY AND / OR TOW DUE TO CRASH,"OVER $1,500",2025-09-23T22:25:00.000,FUNCTIONING PROPERLY,ANGLE,Y,0,0,0,3,0,3,0,41.789734344,"DARKNESS, LIGHTED ROAD",-87.7035974603,NONINCAPACITATING INJURY,2,30,DISREGARDING TRAFFIC SIGNALS,ON SCENE,NO DEFECTS,DRY,FAILING TO REDUCE SPEED TO AVOID CRASH,S,KEDZIE AVE,5702,TRAFFIC SIGNAL,NOT DIVIDED,CLEAR,,,,,,,2,3,"{""coordinates"": [-87.703597460267, 41.789734343981], ""type"": ""Point""}","[""FRONT"", ""SIDE-LEFT""]","[""STRAIGHT AHEAD""]","[""Y""]","[""N"", ""W""]","[""DRIVER""]","[""NONE"", ""UNKNOWN""]","[""PERSONAL"", ""UNKNOWN/NA""]","[""2011""]","[""19"", ""21""]","[""DEPLOYED, FRONT"", ""DEPLOYMENT UNKNOWN""]","[""NONE""]","[""NONINCAPACITATING INJURY""]","[""DRIVER"", ""PASSENGER""]","[""SAFETY BELT USED"", ""USAGE UNKNOWN""]","[""F"", ""M""]","[""3""]"
STRAIGHT AND LEVEL,1811,2025-09-23T22:38:00.000,3,22,9,09831b793ba0a87e404f47ca4e8688b4e188284b8986fbc46be947b32ccfc69e37e514708c244f14dee7be26087a6b5258ba3dc80127d5ee683158bbfd68bc8d,INJURY AND / OR TOW DUE TO CRASH,"$501 - $1,500",2025-09-23T23:53:00.000,FUNCTIONING IMPROPERLY,REAR END,Y,0,0,1,1,0,1,0,41.9250503149,"DARKNESS, LIGHTED ROAD",-87.6679951575,NONINCAPACITATING INJURY,2,30,UNABLE TO DETERMINE,NOT ON SCENE (DESK REPORT),NO DEFECTS,DRY,NOT APPLICABLE,N,ASHLAND AVE,2357,TRAFFIC SIGNAL,DIVIDED - W/MEDIAN (NOT RAISED),CLEAR,Y,,,,,,2,2,"{""coordinates"": [-87.667995157505, 41.925050314854], ""type"": ""Point""}","[""REAR"", ""UNKNOWN""]","[""SLOW/STOP IN TRAFFIC"", ""STRAIGHT AHEAD""]",[],"[""S""]","[""DRIVER""]","[""NONE"", ""UNKNOWN""]","[""PERSONAL"", ""UNKNOWN/NA""]","[""2004"", ""2017""]","[""21""]","[""DEPLOYMENT UNKNOWN"", ""DID NOT DEPLOY""]","[""NONE""]","[""NO INDICATION OF INJURY"", ""NONINCAPACITATING INJURY""]","[""DRIVER""]","[""SAFETY BELT USED"", ""USAGE UNKNOWN""]","[""F""]",[]
STRAIGHT AND LEVEL,2212,2025-09-23T22:40:00.000,3,22,9,2c8c168ad6d03e11e807d02acfc49c610ca245a898e3392b6d935493fb953dfad4ded2baa833a1c419516e3abec65e7c5bbc98b0a8ad178f0a099d14f36b3318,NO INJURY / DRIVE AWAY,"OVER $1,500",2025-09-23T22:40:00.000,NO CONTROLS,SIDESWIPE SAME DIRECTION,Y,0,0,3,0,0,0,0,41.6916672313,"DARKNESS, LIGHTED ROAD",-87.6809040827,NO INDICATION OF INJURY,2,30,FAILING TO REDUCE SPEED TO AVOID CRASH,ON SCENE,NO DEFECTS,DRY,NOT APPLICABLE,W,111TH ST,2355,NO CONTROLS,NOT DIVIDED,CLEAR,,,,,,,2,3,"{""coordinates"": [-87.680904082749, 41.691667231286], ""type"": ""Point""}","[""FRONT-LEFT-CORNER"", ""SIDE-RIGHT""]","[""STRAIGHT AHEAD""]",[],"[""E""]","[""DRIVER""]","[""UNKNOWN""]","[""UNKNOWN/NA""]","[""1995"", ""2012""]","[""17"", ""19""]","[""NOT APPLICABLE""]","[""NONE""]","[""NO INDICATION OF INJURY""]","[""DRIVER"", ""PASSENGER""]","[""USAGE UNKNOWN""]","[""F"", ""M""]","[""3""]"
STRAIGHT AND LEVEL,2511,2025-09-23T22:58:00.000,3,22,9,3479c4e8d948cf5c7585f335f2601157dc6078f4dc7a351d17c4e6f697fc833650b4cd245789a4f96e6cfea4569644cc86b57721c7358842b8c6f41fce74be78,NO INJURY / DRIVE AWAY,"OVER $1,500",2025-09-23T23:01:00.000,NO CONTROLS,PARKED MOTOR VEHICLE,,0,0,1,0,0,0,0,41.9378581482,"DARKNESS, LIGHTED ROAD",-87.8136901414,NO INDICATION OF INJURY,2,30,UNABLE TO DETERMINE,ON SCENE,UNKNOWN,DRY,UNABLE TO DETERMINE,W,BELMONT AVE,7457,NO CONTROLS,DIVIDED - W/MEDIAN (NOT RAISED),CLEAR,,,,,,,2,1,"{""coordinates"": [-87.813690141397, 41.937858148231], ""type"": ""Point""}","[""SIDE-LEFT-REAR"", ""UNKNOWN""]","[""PARKED"", ""UNKNOWN/NA""]",[],"[""E"", ""UNKNOWN""]","[""DRIVER"", ""PARKED""]","[""NONE"", ""UNKNOWN""]","[""PERSONAL"", ""UNKNOWN/NA""]","[""2017""]",[],"[""DEPLOYMENT UNKNOWN""]","[""UNKNOWN""]","[""NO INDICATION OF INJURY""]","[""DRIVER""]","[""USAGE UNKNOWN""]","[""X""]",[]
STRAIGHT AND LEVEL,331,2025-09-23T23:10:00.000,3,23,9,af8ac87554e002555150b13b69bd65bf9b55d73891558b3a16b2a782895aad09cf680c246e323b877636b00bb740495ba6db65bbd20550fca812e8aec62ded93,INJURY AND / OR TOW DUE TO CRASH,"OVER $1,500",2025-09-23T23:19:00.000,NO CONTROLS,OVERTURNED,,0,0,2,0,0,0,0,41.7802479732,"DARKNESS, LIGHTED ROAD",-87.5783232489,NO INDICATION OF INJURY,2,35,IMPROPER LANE USAGE,ON SCENE,NO DEFECTS,DRY,NOT APPLICABLE,E,HAYES DR,1930,NO CONTROLS,NOT DIVIDED,CLEAR,,,,,,,2,2,"{""coordinates"": [-87.578323248918, 41.780247973246], ""type"": ""Point""}","[""FRONT-RIGHT-CORNER"", ""NONE""]","[""PASSING/OVERTAKING"", ""STRAIGHT AHEAD""]","[""Y""]","[""W""]","[""DRIVER""]","[""NONE"", ""UNKNOWN""]","[""PERSONAL""]","[""2023""]","[""30""]","[""DEPLOYED, COMBINATION"", ""DEPLOYMENT UNKNOWN""]","[""NONE"", ""UNKNOWN""]","[""NO INDICATION OF INJURY""]","[""DRIVER""]","[""SAFETY BELT USED"", ""USAGE UNKNOWN""]","[""F"", ""X""]",[]
STRAIGHT AND LEVEL,831,2025-09-23T23:26:00.000,3,23,9,19659242b864d892ae9831bc180858d1118bc5fc324bd84cf65ee6a89b080a535891b7f685a61d3c54762e3550822fec10192e5b75ed1f9a975aee9fed8efc84,NO INJURY / DRIVE AWAY,$500 OR LESS,2025-09-23T23:26:00.000,NO CONTROLS,OTHER OBJECT,,0,0,2,0,0,0,0,41.7718537002,DARKNESS,-87.6981578935,NO INDICATION OF INJURY,1,25,UNABLE TO DETERMINE,NOT ON SCENE (DESK REPORT),NO DEFECTS,DRY,UNABLE TO DETERMINE,W,MARQUETTE RD,3000,NO CONTROLS,ALLEY,CLEAR,,,,,,,1,2,"{""coordinates"": [-87.698157893495, 41.771853700154], ""type"": ""Point""}","[""SIDE-RIGHT-FRONT""]","[""STRAIGHT AHEAD""]",[],"[""E""]","[""DRIVER""]","[""NONE""]","[""POLICE""]","[""2017""]",[],"[""DID NOT DEPLOY""]","[""NONE""]","[""NO INDICATION OF INJURY""]","[""DRIVER"", ""PASSENGER""]","[""SAFETY BELT USED""]","[""M""]","[""3""]"
STRAIGHT AND LEVEL,131,2025-09-23T23:41:00.000,3,23,9,31a7432fa3230988d7578d62278f10764ca2792f395a1eccc19e6a85713352608efb314691013e3b3baf1cc9c6d3e314528911095b75d2d39f5bc9873287afe3,NO INJURY / DRIVE AWAY,"$501 - $1,500",2025-09-24T00:12:00.000,FUNCTIONING PROPERLY,REAR END,Y,0,0,2,0,0,0,0,41.8578360645,"DARKNESS, LIGHTED ROAD",-87.6303745744,NO INDICATION OF INJURY,2,30,UNABLE TO DETERMINE,NOT ON SCENE (DESK REPORT),UNKNOWN,DRY,UNABLE TO DETERMINE,S,CLARK ST,1768,TRAFFIC SIGNAL,NOT DIVIDED,CLEAR,,,,,,,2,2,"{""coordinates"": [-87.630374574357, 41.857836064476], ""type"": ""Point""}","[""FRONT"", ""REAR""]","[""SLOW/STOP IN TRAFFIC"", ""STRAIGHT AHEAD""]",[],"[""S""]","[""DRIVER""]","[""UNKNOWN""]","[""PERSONAL"", ""UNKNOWN/NA""]","[""2015"", ""2025""]","[""37""]","[""DEPLOYMENT UNKNOWN"", ""DID NOT DEPLOY""]","[""NONE""]","[""NO INDICATION OF INJURY""]","[""DRIVER""]","[""USAGE UNKNOWN""]","[""F"", ""M""]",[]
STRAIGHT AND LEVEL,1621,2025-09-24T00:04:00.000,4,0,9,56fb70aed4cb83cdb7f8b6a64f25121a4d6333347bc8c2049191af02c8253562eda6455e95073940301080f716a56af3edf25b396eb2233f2ffcd9311569484f,INJURY AND / OR TOW DUE TO CRASH,"OVER $1,500",2025-09-24T00:04:00.000,NO CONTROLS,FIXED OBJECT,,0,0,1,0,0,0,0,41.9900168806,"DARKNESS, LIGHTED ROAD",-87.749138079,NO INDICATION OF INJURY,1,35,EQUIPMENT - VEHICLE CONDITION,ON SCENE,UNKNOWN,DRY,UNABLE TO DETERMINE,W,PETERSON AVE,4826,NO CONTROLS,DIVIDED - W/MEDIAN (NOT RAISED),CLEAR,,,,,,,1,1,"{""coordinates"": [-87.749138079026, 41.990016880591], ""type"": ""Point""}","[""SIDE-LEFT""]","[""STRAIGHT AHEAD""]","[""Y""]","[""E""]","[""DRIVER""]","[""ENGINE/MOTOR""]","[""PERSONAL""]","[""2015""]","[""20""]","[""DEPLOYED, FRONT""]","[""NONE""]","[""NO INDICATION OF INJURY""]","[""DRIVER""]","[""USAGE UNKNOWN""]","[""M""]",[]
STRAIGHT AND LEVEL,1212,2025-09-24T00:15:00.000,4,0,9,80c9e39ce72a9b87da5802135493a518876a9342035cce1f4117b062ecfc224b6663bbbd86c2202397e09cde4ef27e6a2a8f670a3582cded7bb3b0143c74276d,NO INJURY / DRIVE AWAY,$500 OR LESS,2025-09-24T00:17:00.000,FUNCTIONING PROPERLY,REAR END,,0,0,5,0,0,0,0,41.9029719978,"DARKNESS, LIGHTED ROAD",-87.6868785445,NO INDICATION OF INJURY,2,30,UNABLE TO DETERMINE,ON SCENE,UNKNOWN,DRY,NOT APPLICABLE,N,WESTERN AVE,1159,TRAFFIC SIGNAL,DIVIDED - W/MEDIAN (NOT RAISED),CLEAR,,,,,,,2,5,"{""coordinates"": [-87.686878544526, 41.902971997805], ""type"": ""Point""}","[""FRONT"", ""REAR""]","[""SLOW/STOP IN TRAFFIC"", ""STRAIGHT AHEAD""]",[],"[""N""]","[""DRIVER""]","[""NONE"", ""UNKNOWN""]","[""PERSONAL""]","[""2025""]","[""18"", ""28"", ""44"", ""46""]","[""DID NOT DEPLOY""]","[""NONE""]","[""NO INDICATION OF INJURY""]","[""DRIVER"", ""PASSENGER""]","[""SAFETY BELT USED""]","[""F"", ""M""]","[""3"", ""6""]"
STRAIGHT AND LEVEL,1214,2025-09-24T00:23:00.000,4,0,9,d5cedcaa0765fc8c7b1620affbe5d178a9a78589322f4e39dd60fd34bf0382e06a7cc01d444db6b30c17b0277273b5259cf411dca0697db52251a0f7ce8cb3f9,INJURY AND / OR TOW DUE TO CRASH,"OVER $1,500",2025-09-24T00:24:00.000,NO CONTROLS,TURNING,Y,0,0,2,0,0,0,0,41.885805743,"DARKNESS, LIGHTED ROAD",-87.6443022139,NO INDICATION OF INJURY,2,30,IMPROPER TURNING/NO SIGNAL,ON SCENE,NO DEFECTS,DRY,NOT APPLICABLE,W,LAKE ST,640,NO CONTROLS,CENTER TURN LANE,CLEAR,,,,,,,2,2,"{""coordinates"": [-87.644302213908, 41.885805742998], ""type"": ""Point""}","[""REAR-LEFT-CORNER"", ""UNKNOWN""]","[""STRAIGHT AHEAD"", ""TURNING LEFT""]","[""Y""]","[""E"", ""W""]","[""DRIVER""]","[""NONE"", ""UNKNOWN""]","[""NOT IN USE"", ""UNKNOWN/NA""]","[""2014"", ""2016""]","[""17""]","[""DEPLOYED, COMBINATION"", ""DEPLOYMENT UNKNOWN""]","[""NONE""]","[""NO INDICATION OF INJURY""]","[""DRIVER""]","[""SAFETY BELT USED"", ""USAGE UNKNOWN""]","[""F"", ""M""]",[]
STRAIGHT AND LEVEL,2022,2025-09-24T00:30:00.000,4,0,9,04abcbfd3db9abfc1d80446e1b682417f0be73b0f866702ae571844ad450e39a9efcde46f202f92cc99e26c3bdd0090e2c2479c14bd29c67a52be41509242313,NO INJURY / DRIVE AWAY,"OVER $1,500",2025-09-24T15:00:00.000,FUNCTIONING PROPERLY,SIDESWIPE SAME DIRECTION,Y,0,0,2,0,0,0,0,41.985419563,"DARKNESS, LIGHTED ROAD",-87.6554804589,NO INDICATION OF INJURY,2,30,UNABLE TO DETERMINE,NOT ON SCENE (DESK REPORT),NO DEFECTS,DRY,FOLLOWING TOO CLOSELY,W,HOLLYWOOD AVE,1005,TRAFFIC SIGNAL,NOT DIVIDED,CLEAR,N,,,,,,2,2,"{""coordinates"": [-87.655480458943, 41.985419562992], ""type"": ""Point""}","[""FRONT-LEFT-CORNER"", ""UNKNOWN""]","[""STRAIGHT AHEAD"", ""UNKNOWN/NA""]",[],"[""E""]","[""DRIVER""]","[""NONE"", ""UNKNOWN""]","[""TAXI/FOR HIRE"", ""UNKNOWN/NA""]","[""2023""]","[""57""]","[""NOT APPLICABLE""]","[""NONE""]","[""NO INDICATION OF INJURY""]","[""DRIVER""]","[""SAFETY BELT USED"", ""USAGE UNKNOWN""]","[""M""]",[]
STRAIGHT AND LEVEL,2523,2025-09-24T02:00:00.000,4,2,9,0870efb3cd9136d33fa550b49028e2df48f0c16e22da411b53122fda6a125fca4714526af1ee72b733f2bf9c1b0fb6f06805428b68ccbd4f80fb6e534aa85280,NO INJURY / DRIVE AWAY,"$501 - $1,500",2025-09-24T02:01:00.000,NO CONTROLS,PARKED MOTOR VEHICLE,,0,0,1,0,0,0,0,41.9379244242,"DARKNESS, LIGHTED ROAD",-87.7272974368,NO INDICATION OF INJURY,2,20,IMPROPER BACKING,ON SCENE,NO DEFECTS,DRY,NOT APPLICABLE,N,PULASKI RD,3120,NO CONTROLS,PARKING LOT,CLEAR,,,,,,,2,1,"{""coordinates"": [-87.727297436758, 41.937924424195], ""type"": ""Point""}","[""REAR-LEFT-CORNER"", ""REAR-RIGHT-CORNER""]","[""BACKING"", ""PARKED""]",[],"[""W""]","[""DRIVER"", ""PARKED""]","[""NONE""]","[""PERSONAL""]","[""2015"", ""2017""]","[""48""]","[""DID NOT DEPLOY""]","[""NONE""]","[""NO INDICATION OF INJURY""]","[""DRIVER""]","[""USAGE UNKNOWN""]","[""F""]",[]
STRAIGHT AND LEVEL,1712,2025-09-24T02:10:00.000,4,2,9,87725c55f435d8c3145a39aa737fe6712e8a826d88d907f80bfebbac6cdd8b0183a908abdd4fcbcef1401a769e17097ecebf7e118d4ffc262f935c3a2e533f2d,INJURY AND / OR TOW DUE TO CRASH,"OVER $1,500",2025-09-24T02:16:00.000,NO CONTROLS,PARKED MOTOR VEHICLE,,0,0,0,0,2,2,0,41.9699140927,DUSK,-87.7230392396,"REPORTED, NOT EVIDENT",3,25,NOT APPLICABLE,ON SCENE,UNKNOWN,DRY,NOT APPLICABLE,N,HAMLIN AVE,4855,NO CONTROLS,OTHER,CLEAR,,,,,,,3,2,"{""coordinates"": [-87.723039239554, 41.969914092726], ""type"": ""Point""}","[""FRONT-LEFT-CORNER"", ""FRONT-RIGHT-CORNER"", ""SIDE-RIGHT-REAR""]","[""PARKED"", ""UNKNOWN/NA""]","[""Y""]","[""S""]","[""DRIVER"", ""PARKED""]","[""UNKNOWN""]","[""PERSONAL"", ""UNKNOWN/NA""]","[""2002"", ""2010"", ""2016""]","[""16""]","[""DEPLOYMENT UNKNOWN"", ""DID NOT DEPLOY""]","[""NONE""]","[""REPORTED, NOT EVIDENT""]","[""DRIVER"", ""PASSENGER""]","[""NONE PRESENT"", ""USAGE UNKNOWN""]","[""M"", ""X""]","[""1""]"
STRAIGHT AND LEVEL,621,2025-09-24T02:27:00.000,4,2,9,1158ee70447d81a29b7ef7ad35f0782310254efa9e736e1e2b8ab174d32fa810ac035865c84a8809816989f2d5586d37d097826a3bdfbecd3a6abb66c28fcd87,INJURY AND / OR TOW DUE TO CRASH,"OVER $1,500",2025-09-24T02:27:00.000,NO CONTROLS,FIXED OBJECT,,0,0,1,0,0,0,0,41.7561275695,"DARKNESS, LIGHTED ROAD",-87.6367225468,NO INDICATION OF INJURY,2,35,UNABLE TO DETERMINE,ON SCENE,NO DEFECTS,DRY,UNABLE TO DETERMINE,S,NORMAL AVE,7601,NO CONTROLS,DIVIDED - W/MEDIAN BARRIER,CLEAR,,,,,,,2,1,"{""coordinates"": [-87.636722546807, 41.756127569522], ""type"": ""Point""}","[""FRONT-RIGHT-CORNER""]","[""UNKNOWN/NA""]","[""Y""]","[""UNKNOWN""]","[""DRIVER""]","[""UNKNOWN""]","[""UNKNOWN/NA""]","[""2020""]",[],"[""DEPLOYMENT UNKNOWN""]","[""UNKNOWN""]","[""NO INDICATION OF INJURY""]","[""DRIVER""]","[""USAGE UNKNOWN""]","[""X""]",[]
STRAIGHT AND LEVEL,1031,2025-09-24T02:37:00.000,4,2,9,5594a271eef85ad441826d6e0f81748034e636147606e24c2a5b0952e70754e3353ab0f79f1290c6c55152248e01fb0f9c0ddf8c4bdd51f1094c5205ee5865b6,INJURY AND / OR TOW DUE TO CRASH,"OVER $1,500",2025-09-24T02:38:00.000,NO CONTROLS,PARKED MOTOR VEHICLE,,0,0,1,0,0,0,0,41.8388685732,"DARKNESS, LIGHTED ROAD",-87.7342783274,NO INDICATION OF INJURY,2,30,FAILING TO REDUCE SPEED TO AVOID CRASH,ON SCENE,NO DEFECTS,DRY,UNABLE TO DETERMINE,S,KOSTNER AVE,2852,NO CONTROLS,NOT DIVIDED,CLEAR,,,,,,,2,1,"{""coordinates"": [-87.734278327361, 41.838868573153], ""type"": ""Point""}","[""FRONT-RIGHT-CORNER"", ""SIDE-LEFT""]","[""PARKED"", ""STRAIGHT AHEAD""]","[""Y""]","[""S""]","[""DRIVER"", ""PARKED""]","[""NONE"", ""UNKNOWN""]","[""PERSONAL""]","[""2008"", ""2010""]","[""28""]","[""DEPLOYMENT UNKNOWN""]","[""NONE""]","[""NO INDICATION OF INJURY""]","[""DRIVER""]","[""USAGE UNKNOWN""]","[""M""]",[]
STRAIGHT AND LEVEL,422,2025-09-24T02:50:00.000,4,2,9,d6633565b9f3408faba54117b9abaa9accc903cdad75971976d2424e3f26600936cda62dca08e5aa51eac0dcede1d6d84a8d602dafe2ebde29f9ea27f88b86a6,NO INJURY / DRIVE AWAY,"OVER $1,500",2025-09-24T02:54:00.000,NO CONTROLS,FIXED OBJECT,,0,0,3,0,0,0,0,41.7518209021,"DARKNESS, LIGHTED ROAD",-87.5527510825,NO INDICATION OF INJURY,1,30,NOT APPLICABLE,ON SCENE,UNKNOWN,DRY,NOT APPLICABLE,S,EXCHANGE AVE,7901,NO CONTROLS,T-INTERSECTION,CLEAR,Y,,,,,,1,3,"{""coordinates"": [-87.552751082487, 41.751820902083], ""type"": ""Point""}","[""FRONT""]","[""TURNING LEFT""]",[],"[""N""]","[""DRIVER""]","[""UNKNOWN""]","[""PERSONAL""]","[""2012""]","[""22"", ""25"", ""35""]","[""DEPLOYED, COMBINATION"", ""DEPLOYED, FRONT"", ""NOT APPLICABLE""]","[""NONE""]","[""NO INDICATION OF INJURY""]","[""DRIVER"", ""PASSENGER""]","[""USAGE UNKNOWN""]","[""M""]","[""3"", ""4""]"
STRAIGHT AND LEVEL,1613,2025-09-24T03:26:00.000,4,3,9,93a3183ff74ad6ede31582119a7070c3cf2549181675621da43e4ca400b0e31fac6be0e35f0c1a22e04af76ad390c0376a2938de063c8081454c9abaf0fc4036,INJURY AND / OR TOW DUE TO CRASH,"OVER $1,500",2025-09-24T03:27:00.000,UNKNOWN,ANGLE,,0,0,0,1,1,2,0,41.974558469,"DARKNESS, LIGHTED ROAD",-87.8066105605,NONINCAPACITATING INJURY,2,30,FAILING TO YIELD RIGHT-OF-WAY,ON SCENE,UNKNOWN,UNKNOWN,DRIVING SKILLS/KNOWLEDGE/EXPERIENCE,W,FOSTER PL,7155,TRAFFIC SIGNAL,FOUR WAY,CLEAR,Y,,,,,,2,2,"{""coordinates"": [-87.806610560476, 41.974558468993], ""type"": ""Point""}","[""FRONT-RIGHT-CORNER"", ""SIDE-LEFT-REAR""]","[""STRAIGHT AHEAD""]","[""Y""]","[""E"", ""N""]","[""DRIVER""]","[""UNKNOWN""]","[""PERSONAL"", ""POLICE""]","[""2021"", ""2023""]","[""48"", ""68""]","[""DEPLOYED, SIDE"", ""DEPLOYMENT UNKNOWN""]","[""NONE""]","[""NONINCAPACITATING INJURY"", ""REPORTED, NOT EVIDENT""]","[""DRIVER""]","[""USAGE UNKNOWN""]","[""M""]",[]