alignment,beat_of_occurrence,crash_date,crash_day_of_week,crash_hour,crash_month,crash_record_id,crash_type,damage,date_police_notified,device_condition,first_crash_type,hit_and_run_i,injuries_fatal,injuries_incapacitating,injuries_no_indication,injuries_non_incapacitating,injuries_reported_not_evident,injuries_total,injuries_unknown,latitude,lighting_condition,longitude,most_severe_injury,num_units,posted_speed_limit,prim_contributory_cause,report_type,road_defect,roadway_surface_cond,sec_contributory_cause,street_direction,street_name,street_no,traffic_control_device,trafficway_type,weather_condition,intersection_related_i,crash_date_est_i,private_property_i,statements_taken_i,photos_taken_i,work_zone_i,veh_count,ppl_count,location_json,veh_first_contact_point_list_json,veh_maneuver_list_json,veh_towed_i_list_json,veh_travel_direction_list_json,veh_unit_type_list_json,veh_vehicle_defect_list_json,veh_vehicle_use_list_json,veh_vehicle_year_list_json,ppl_age_list_json,ppl_airbag_deployed_list_json,ppl_ejection_list_json,ppl_injury_classification_list_json,ppl_person_type_list_json,ppl_safety_equipment_list_json,ppl_sex_list_json,ppl_seat_no_list_json
STRAIGHT AND LEVEL,914,2025-09-24T04:16:00.000,4,4,9,298ef0a68307cae7b81ee33e8b38683f9e980a97a587527d3b5c7ec1f3024290b743c2a5d15330740f2ee55b99596f45c06d4306ab0833f1753fd7b21c491e3d,INJURY AND / OR TOW DUE TO CRASH,"OVER $1,500",2025-09-24T04:18:00.000,NO CONTROLS,FIXED OBJECT,,0,0,2,0,0,0,0,41.8506671382,"DARKNESS, LIGHTED ROAD",-87.63963252,NO INDICATION OF INJURY,1,30,UNABLE TO DETERMINE,ON SCENE,NO DEFECTS,DRY,UNABLE TO DETERMINE,S,ARCHER AVE,2320,NO CONTROLS,DIVIDED - W/MEDIAN (NOT RAISED),CLEAR,,,,,,,1,2,"{""coordinates"": [-87.639632520023, 41.850667138197], ""type"": ""Point""}","[""UNKNOWN""]","[""STRAIGHT AHEAD""]","[""Y""]","[""SW""]","[""DRIVER""]","[""UNKNOWN""]","[""UNKNOWN/NA""]",[],"[""35""]","[""DID NOT DEPLOY""]","[""NONE""]","[""NO INDICATION OF INJURY""]","[""DRIVER"", ""PASSENGER""]","[""SAFETY BELT USED""]","[""F""]","[""3""]"
STRAIGHT AND LEVEL,431,2025-09-24T05:33:00.000,4,5,9,a6f393b5ec00bb512c9981fab40c30a83bb50d5fc5a0bf88a0fb6e11ccf0590249abbfa4673617ba058f6c2ed14089ab7901614833549410f9fba04f70302cc0,NO INJURY / DRIVE AWAY,"OVER $1,500",2025-09-24T06:10:00.000,FUNCTIONING PROPERLY,TURNING,,0,0,2,0,0,0,0,41.70794229,DAYLIGHT,-87.5830342121,NO INDICATION OF INJURY,2,30,FAILING TO YIELD RIGHT-OF-WAY,NOT ON SCENE (DESK REPORT),NO DEFECTS,DRY,FAILING TO REDUCE SPEED TO AVOID CRASH,E,103RD ST,1700,TRAFFIC SIGNAL,NOT DIVIDED,CLEAR,,,,,,,2,2,"{""coordinates"": [-87.583034212094, 41.707942290045], ""type"": ""Point""}","[""FRONT"", ""FRONT-RIGHT-CORNER""]","[""STRAIGHT AHEAD"", ""TURNING LEFT""]",[],"[""E"", ""W""]","[""DRIVER""]","[""UNKNOWN""]","[""PERSONAL""]","[""2018"", ""2024""]","[""44"", ""52""]","[""DID NOT DEPLOY""]","[""NONE""]","[""NO INDICATION OF INJURY""]","[""DRIVER""]","[""SAFETY BELT USED""]","[""F"", ""M""]",[]
STRAIGHT AND LEVEL,124,2025-09-24T05:50:00.000,4,5,9,ce89222799fee18054c03e73339d71b34651433761ebf89d3797a6f5cfca432a22003b1f5c4ed74a5333d754f41717c98388b840d91d823327784204f37ed294,INJURY AND / OR TOW DUE TO CRASH,"OVER $1,500",2025-09-24T07:06:00.000,FUNCTIONING PROPERLY,ANGLE,Y,0,0,2,0,0,0,0,41.8670852232,DAYLIGHT,-87.6439684381,NO INDICATION OF INJURY,2,30,DISREGARDING TRAFFIC SIGNALS,ON SCENE,UNKNOWN,DRY,UNABLE TO DETERMINE,W,ROOSEVELT RD,645,TRAFFIC SIGNAL,CENTER TURN LANE,CLEAR,Y,,,,,,2,2,"{""coordinates"": [-87.643968438055, 41.867085223165], ""type"": ""Point""}","[""FRONT"", ""UNKNOWN""]","[""STRAIGHT AHEAD""]","[""Y""]","[""N"", ""W""]","[""DRIVER""]","[""UNKNOWN""]","[""PERSONAL"", ""UNKNOWN/NA""]","[""2007""]","[""37""]","[""DEPLOYMENT UNKNOWN"", ""DID NOT DEPLOY""]","[""NONE""]","[""NO INDICATION OF INJURY""]","[""DRIVER""]","[""SAFETY BELT USED"", ""USAGE UNKNOWN""]","[""M"", ""X""]",[]
STRAIGHT AND LEVEL,1834,2025-09-24T06:35:00.000,4,6,9,a8c7ad361be81dc40f4046a6bf20130617e989888b2e2ad03eb8cb2271a77ff2d45a686b614683b13497bac99150de3859fb2ca3250b556434c9c65984bcbd2b,NO INJURY / DRIVE AWAY,"OVER $1,500",2025-09-24T06:41:00.000,FUNCTIONING PROPERLY,SIDESWIPE SAME DIRECTION,,0,0,2,0,0,0,0,41.8941588656,DAYLIGHT,-87.620438461,NO INDICATION OF INJURY,2,25,IMPROPER OVERTAKING/PASSING,ON SCENE,NO DEFECTS,DRY,NOT APPLICABLE,N,FAIRBANKS CT,654,TRAFFIC SIGNAL,DIVIDED - W/MEDIAN (NOT RAISED),CLEAR,,,,,,,2,2,"{""coordinates"": [-87.620438460957, 41.894158865635], ""type"": ""Point""}","[""REAR-RIGHT-CORNER"", ""SIDE-LEFT-FRONT""]","[""PASSING/OVERTAKING"", ""STRAIGHT AHEAD""]",[],"[""N""]","[""DRIVER""]","[""UNKNOWN""]","[""CTA"", ""PERSONAL""]","[""2023""]","[""35"", ""37""]","[""NOT APPLICABLE""]","[""NONE""]","[""NO INDICATION OF INJURY""]","[""DRIVER""]","[""USAGE UNKNOWN""]","[""M""]",[]
STRAIGHT AND LEVEL,1214,2025-09-24T06:45:00.000,4,6,9,234794683d17659b361b9eb5e41d5ea1a79b1f3a89adeb5b4ab4782dacbbb2183ee115601c6c671b731fce1a194542d662493cff879339fc09d1bea619084b28,NO INJURY / DRIVE AWAY,$500 OR LESS,2025-09-24T08:00:00.000,NO CONTROLS,PARKED MOTOR VEHICLE,,0,0,1,0,0,0,0,41.8912056088,DAYLIGHT,-87.6559566951,NO INDICATION OF INJURY,2,30,NOT APPLICABLE,NOT ON SCENE (DESK REPORT),NO DEFECTS,DRY,NOT APPLICABLE,W,GRAND AVE,1134,NO CONTROLS,NOT DIVIDED,CLEAR,,,,,,,2,1,"{""coordinates"": [-87.655956695079, 41.891205608825], ""type"": ""Point""}","[""FRONT"", ""REAR""]","[""BACKING"", ""PARKED""]",[],"[""E"", ""W""]","[""DRIVER"", ""PARKED""]","[""NONE""]","[""CONSTRUCTION/MAINTENANCE"", ""NOT IN USE""]","[""2016""]","[""69""]","[""NOT APPLICABLE""]","[""NONE""]","[""NO INDICATION OF INJURY""]","[""DRIVER""]","[""SAFETY BELT USED""]","[""M""]",[]
STRAIGHT AND LEVEL,1732,2025-09-24T06:48:00.000,4,6,9,6b1b465d3a31a1486724f77c8f0dd726360d9b60f57d894093a97abbf5b7c5a2b2d40f275a23db5be888b4d91e4fd0e9ee82da8d6e0f70031d292e3c7773c53a,NO INJURY / DRIVE AWAY,$500 OR LESS,2025-09-24T06:50:00.000,NO CONTROLS,SIDESWIPE SAME DIRECTION,,0,0,3,0,0,0,0,41.9537218747,DAYLIGHT,-87.7146610273,NO INDICATION OF INJURY,2,30,IMPROPER OVERTAKING/PASSING,ON SCENE,NO DEFECTS,DRY,UNABLE TO DETERMINE,W,IRVING PARK RD,3443,NO CONTROLS,DIVIDED - W/MEDIAN (NOT RAISED),CLEAR,,Y,,,,,2,3,"{""coordinates"": [-87.714661027293, 41.953721874744], ""type"": ""Point""}","[""REAR-RIGHT-CORNER"", ""SIDE-LEFT-FRONT""]","[""STRAIGHT AHEAD""]",[],"[""E""]","[""DRIVER""]","[""NONE"", ""UNKNOWN""]","[""PERSONAL""]","[""2022"", ""2025""]","[""41"", ""64"", ""68""]","[""DID NOT DEPLOY"", ""NOT APPLICABLE""]","[""NONE""]","[""NO INDICATION OF INJURY""]","[""DRIVER"", ""PASSENGER""]","[""SAFETY BELT USED""]","[""F"", ""M""]","[""3""]"
STRAIGHT AND LEVEL,2211,2025-09-24T06:50:00.000,4,6,9,7374f5cb8880fe5d49564e525105f1be80446ca53a9e235eb3d9a34f2398f4f0095cadeda5f40858d9e1bec9a50947e88946db5a7d2e780fc0c112f3e808c570,INJURY AND / OR TOW DUE TO CRASH,"OVER $1,500",2025-09-24T07:00:00.000,NO CONTROLS,PARKED MOTOR VEHICLE,,0,0,1,0,0,0,0,41.6990215929,DAYLIGHT,-87.6989707474,NO INDICATION OF INJURY,2,25,DRIVING SKILLS/KNOWLEDGE/EXPERIENCE,ON SCENE,NO DEFECTS,DRY,FAILING TO REDUCE SPEED TO AVOID CRASH,W,107TH ST,3104,NO CONTROLS,NOT DIVIDED,CLEAR,,,,,,,2,1,"{""coordinates"": [-87.69897074744, 41.699021592889], ""type"": ""Point""}","[""FRONT"", ""REAR-LEFT-CORNER""]","[""OTHER"", ""PARKED""]","[""Y""]","[""UNKNOWN"", ""W""]","[""DRIVER"", ""PARKED""]","[""UNKNOWN""]","[""NOT IN USE"", ""PERSONAL""]","[""2013"", ""2019""]","[""17""]","[""DEPLOYED, FRONT""]","[""NONE""]","[""NO INDICATION OF INJURY""]","[""DRIVER""]","[""USAGE UNKNOWN""]","[""F""]",[]
STRAIGHT AND LEVEL,1115,2025-09-24T06:56:00.000,4,6,9,da4ebc0d237471e4c67172668f8b6fac84ee616fc79c76a2398502d9a86b49757573cf394dcbe1871ce6117d600e04e298cdfd49219a3b96ad944bf05637b653,NO INJURY / DRIVE AWAY,"OVER $1,500",2025-09-24T07:01:00.000,FUNCTIONING PROPERLY,SIDESWIPE SAME DIRECTION,,0,0,3,0,0,0,0,41.8818742677,DAYLIGHT,-87.7307352497,NO INDICATION OF INJURY,2,30,IMPROPER OVERTAKING/PASSING,ON SCENE,NO DEFECTS,DRY,NOT APPLICABLE,W,WASHINGTON BLVD,4201,TRAFFIC SIGNAL,DIVIDED - W/MEDIAN (NOT RAISED),CLEAR,,,,,,,2,3,"{""coordinates"": [-87.73073524966, 41.881874267749], ""type"": ""Point""}","[""FRONT-LEFT-CORNER"", ""SIDE-RIGHT-REAR""]","[""PASSING/OVERTAKING"", ""STRAIGHT AHEAD""]",[],"[""E""]","[""DRIVER""]","[""NONE""]","[""PERSONAL""]","[""2017"", ""2018""]","[""35"", ""48"", ""5""]","[""DID NOT DEPLOY""]","[""NONE""]","[""NO INDICATION OF INJURY""]","[""DRIVER"", ""PASSENGER""]","[""CHILD RESTRAINT - FORWARD FACING"", ""SAFETY BELT USED""]","[""F"", ""M""]","[""6""]"
STRAIGHT AND LEVEL,433,2025-09-24T07:00:00.000,4,7,9,ecbb35863869afe2f3bf507cb7eb259aee8e24dfb580b4a3e6dfc6db165f4db298694873b6b60a134702c14ff9dd96445497f2cd875e5b587f0307239b7391c8,NO INJURY / DRIVE AWAY,"OVER $1,500",2025-09-24T13:04:00.000,UNKNOWN,REAR END,,0,0,4,0,0,0,0,41.6954062444,DAYLIGHT,-87.540249742,NO INDICATION OF INJURY,2,30,UNABLE TO DETERMINE,NOT ON SCENE (DESK REPORT),UNKNOWN,DRY,NOT APPLICABLE,S,AVENUE O,11000,STOP SIGN/FLASHER,FOUR WAY,CLEAR,,,,,,,2,4,"{""coordinates"": [-87.540249741986, 41.695406244353], ""type"": ""Point""}","[""REAR"", ""UNKNOWN""]","[""STRAIGHT AHEAD""]",[],"[""S""]","[""DRIVER""]","[""UNKNOWN""]","[""PERSONAL""]","[""2016""]","[""27"", ""57""]","[""DID NOT DEPLOY""]","[""NONE""]","[""NO INDICATION OF INJURY""]","[""DRIVER"", ""PASSENGER""]","[""USAGE UNKNOWN""]","[""F"", ""M""]","[""2""]"
STRAIGHT ON GRADE,614,2025-09-24T07:13:00.000,4,7,9,8f58192e2bfeccb7b57b2fd3ff74db8e10226098f2a364772ac8c0f2646ac96ed32b5cd38934d5e8c9c91b3bdf85da68bd4deaee0956d459e386e42b87822434,NO INJURY / DRIVE AWAY,"OVER $1,500",2025-09-24T20:15:00.000,FUNCTIONING PROPERLY,REAR END,,0,0,2,0,0,0,0,41.7358986171,DAYLIGHT,-87.6631287809,NO INDICATION OF INJURY,2,30,FAILING TO REDUCE SPEED TO AVOID CRASH,NOT ON SCENE (DESK REPORT),NO DEFECTS,DRY,FOLLOWING TOO CLOSELY,W,87TH ST,1600,TRAFFIC SIGNAL,FOUR WAY,CLEAR,Y,,,,,,2,2,"{""coordinates"": [-87.663128780901, 41.735898617066], ""type"": ""Point""}","[""FRONT"", ""REAR""]","[""OTHER"", ""STRAIGHT AHEAD""]",[],"[""E""]","[""DRIVER""]","[""UNKNOWN""]","[""PERSONAL""]","[""2008"", ""2011""]","[""19"", ""57""]","[""DID NOT DEPLOY""]","[""NONE""]","[""NO INDICATION OF INJURY""]","[""DRIVER""]","[""SAFETY BELT USED"", ""USAGE UNKNOWN""]","[""F"", ""M""]",[]
STRAIGHT AND LEVEL,2432,2025-09-24T07:15:00.000,4,7,9,5248ad74455027174f2ff9cc51bc4f5ffe503f08ed054889b45c06678967eecf46b989ba1bc8ffd18caa1563aaf328fcbf845dcffae5766930ff86ee55dd55be,NO INJURY / DRIVE AWAY,"$501 - $1,500",2025-09-24T10:00:00.000,NO CONTROLS,PARKED MOTOR VEHICLE,Y,0,0,1,0,0,0,0,42.0044227426,DAYLIGHT,-87.6609914887,NO INDICATION OF INJURY,2,10,NOT APPLICABLE,ON SCENE,NO DEFECTS,DRY,NOT APPLICABLE,N,SHERIDAN RD,6726,NO CONTROLS,PARKING LOT,CLEAR,,,Y,,,,2,1,"{""coordinates"": [-87.660991488697, 42.004422742635], ""type"": ""Point""}","[""FRONT-LEFT-CORNER"", ""UNKNOWN""]","[""PARKED"", ""UNKNOWN/NA""]",[],"[""E"", ""UNKNOWN""]","[""DRIVER"", ""PARKED""]","[""NONE"", ""UNKNOWN""]","[""PERSONAL"", ""UNKNOWN/NA""]","[""2013"", ""2018""]",[],"[""DEPLOYMENT UNKNOWN""]","[""UNKNOWN""]","[""NO INDICATION OF INJURY""]","[""DRIVER""]","[""USAGE UNKNOWN""]","[""X""]",[]
STRAIGHT AND LEVEL,1423,2025-09-24T07:15:00.000,4,7,9,6b2e5b77c7c2e178462418bae0791ab8cc9becc7f70cde2b5dfb7e478075e3d4c91efacec02a57af691c3b429200bdd8ff81359b15ce3950315b9b88458c7eae,NO INJURY / DRIVE AWAY,$500 OR LESS,2025-09-24T09:05:00.000,NO CONTROLS,REAR END,,0,0,3,0,0,0,0,41.9051415167,DAYLIGHT,-87.6967878058,NO INDICATION OF INJURY,2,30,UNABLE TO DETERMINE,NOT ON SCENE (DESK REPORT),NO DEFECTS,DRY,NOT APPLICABLE,N,CALIFORNIA AVE,1311,NO CONTROLS,NOT DIVIDED,CLEAR,,,,,,,2,3,"{""coordinates"": [-87.69678780578, 41.90514151674], ""type"": ""Point""}","[""FRONT"", ""REAR""]","[""STRAIGHT AHEAD""]",[],"[""N""]","[""DRIVER""]","[""NONE""]","[""OTHER"", ""PERSONAL""]",[],"[""24"", ""66""]","[""DID NOT DEPLOY""]","[""NONE""]","[""NO INDICATION OF INJURY""]","[""DRIVER"", ""PASSENGER""]","[""NONE PRESENT"", ""SAFETY BELT USED""]","[""F"", ""M""]","[""4""]"
STRAIGHT AND LEVEL,815,2025-09-24T07:20:00.000,4,7,9,8dc890ccc9bf60b8736c0a4d7bb018cf3c27fc5f47de4cb22542cacdea084c8e7e6ee07812f5a041011995fa93d60702509e3c6b14136ba75f37b78b1f45743c,NO INJURY / DRIVE AWAY,"OVER $1,500",2025-09-24T08:40:00.000,NO CONTROLS,SIDESWIPE SAME DIRECTION,Y,0,0,3,0,0,0,0,41.8009226425,DAYLIGHT,-87.7277035767,NO INDICATION OF INJURY,2,30,IMPROPER OVERTAKING/PASSING,NOT ON SCENE (DESK REPORT),NO DEFECTS,DRY,FAILING TO REDUCE SPEED TO AVOID CRASH,S,ARCHER AVE,5075,NO CONTROLS,NOT DIVIDED,CLEAR,,,,,,,2,3,"{""coordinates"": [-87.727703576704, 41.800922642496], ""type"": ""Point""}","[""FRONT-RIGHT-CORNER"", ""SIDE-LEFT""]","[""PASSING/OVERTAKING"", ""SLOW/STOP IN TRAFFIC""]",[],"[""E""]","[""DRIVER""]","[""NONE"", ""UNKNOWN""]","[""PERSONAL""]","[""2014"", ""2016""]","[""16"", ""36""]","[""DID NOT DEPLOY""]","[""NONE""]","[""NO INDICATION OF INJURY""]","[""DRIVER"", ""PASSENGER""]","[""SAFETY BELT USED"", ""USAGE UNKNOWN""]","[""F"", ""M""]","[""3""]"
STRAIGHT AND LEVEL,2523,2025-09-24T07:26:00.000,4,7,9,4ca6c6f01addb884eceafac8d68bf4e0a7b0efa16a001ed8d101392dbd4ee43bb644f3142600f42477dcb2850a6ae58381c87cdd6dcab4dffffc08861295cfd4,NO INJURY / DRIVE AWAY,"OVER $1,500",2025-09-24T07:32:00.000,NO CONTROLS,REAR TO FRONT,,0,0,2,0,0,0,0,41.931914858,DAYLIGHT,-87.7258240123,NO INDICATION OF INJURY,2,30,IMPROPER LANE USAGE,NOT ON SCENE (DESK REPORT),NO DEFECTS,DRY,IMPROPER BACKING,W,DIVERSEY AVE,3930,NO CONTROLS,ALLEY,CLEAR,,,,,,,2,2,"{""coordinates"": [-87.725824012259, 41.931914858005], ""type"": ""Point""}","[""SIDE-LEFT-REAR"", ""SIDE-RIGHT-REAR""]","[""BACKING"", ""STRAIGHT AHEAD""]",[],"[""E"", ""W""]","[""DRIVER""]","[""UNKNOWN""]","[""PERSONAL""]","[""2011"", ""2014""]","[""42"", ""43""]","[""NOT APPLICABLE""]","[""NONE""]","[""NO INDICATION OF INJURY""]","[""DRIVER""]","[""USAGE UNKNOWN""]","[""F"", ""M""]",[]
STRAIGHT AND LEVEL,1921,2025-09-24T07:28:00.000,4,7,9,577af78bbae4fb0c5dca87f5932965d6220f90099f0a1663a06de62b5ee80ab714d230062810ecd1ca4541d0fb47ffffd87bcc9836506fc36d1c121b7ab565a8,INJURY AND / OR TOW DUE TO CRASH,$500 OR LESS,2025-09-24T07:31:00.000,FUNCTIONING PROPERLY,PEDESTRIAN,,0,0,1,1,0,1,0,41.9396519315,DAYLIGHT,-87.6809032053,NONINCAPACITATING INJURY,2,30,FAILING TO YIELD RIGHT-OF-WAY,ON SCENE,NO DEFECTS,DRY,FAILING TO YIELD RIGHT-OF-WAY,W,BELMONT AVE,2100,YIELD,DIVIDED - W/MEDIAN (NOT RAISED),CLEAR,,,,,,,2,2,"{""coordinates"": [-87.680903205327, 41.939651931538], ""type"": ""Point""}","[""SIDE-RIGHT-FRONT""]","[""STRAIGHT AHEAD""]",[],"[""W""]","[""DRIVER"", ""PEDESTRIAN""]","[""NONE""]","[""PERSONAL""]","[""2022""]","[""14"", ""78""]","[""DID NOT DEPLOY""]","[""NONE""]","[""NO INDICATION OF INJURY"", ""NONINCAPACITATING INJURY""]","[""DRIVER"", ""PEDESTRIAN""]","[""NONE PRESENT"", ""SAFETY BELT USED""]","[""M""]",[]
STRAIGHT AND LEVEL,1632,2025-09-24T07:30:00.000,4,7,9,8a2f4da9ed6192f908b7720f54795431a29594ece383258d9462a11b67accab72ed37368220a849643e2120417aa6fc45bef8705898d2119dc23fd7b6a5afad2,NO INJURY / DRIVE AWAY,$500 OR LESS,2025-09-24T20:30:00.000,NO CONTROLS,PARKED MOTOR VEHICLE,Y,0,0,1,0,0,0,0,41.9530102332,UNKNOWN,-87.7877071626,NO INDICATION OF INJURY,2,10,UNABLE TO DETERMINE,NOT ON SCENE (DESK REPORT),UNKNOWN,DRY,UNABLE TO DETERMINE,W,IRVING PARK RD,6430,NO CONTROLS,PARKING LOT,CLEAR,,Y,,,,,2,1,"{""coordinates"": [-87.787707162599, 41.953010233235], ""type"": ""Point""}","[""SIDE-RIGHT"", ""UNKNOWN""]","[""PARKED"", ""UNKNOWN/NA""]",[],"[""UNKNOWN""]","[""DRIVER"", ""PARKED""]","[""UNKNOWN""]","[""NOT IN USE"", ""UNKNOWN/NA""]","[""2017""]",[],"[""DEPLOYMENT UNKNOWN""]","[""NONE""]","[""NO INDICATION OF INJURY""]","[""DRIVER""]","[""USAGE UNKNOWN""]","[""X""]",[]
STRAIGHT AND LEVEL,2512,2025-09-24T07:30:00.000,4,7,9,d8d9ae776eb374c9738f9961e8b54724d58acd70db925552b1942cb6ea54eb8244ba4bf009387f284a2f164da3b2883363a7d8d2d1f2004404c1b45ac9560ecb,NO INJURY / DRIVE AWAY,$500 OR LESS,2025-09-24T15:15:00.000,UNKNOWN,TURNING,,0,0,2,0,0,0,0,41.9178000794,DAYLIGHT,-87.7755736442,NO INDICATION OF INJURY,2,25,UNABLE TO DETERMINE,NOT ON SCENE (DESK REPORT),UNKNOWN,UNKNOWN,NOT APPLICABLE,W,DICKENS AVE,6001,UNKNOWN,FOUR WAY,UNKNOWN,,,,,,,2,2,"{""coordinates"": [-87.775573644236, 41.917800079362], ""type"": ""Point""}","[""FRONT"", ""REAR""]","[""TURNING RIGHT""]",[],"[""E""]","[""DRIVER""]","[""UNKNOWN""]","[""PERSONAL""]","[""2012"", ""2020""]","[""31"", ""50""]","[""DEPLOYMENT UNKNOWN"", ""NOT APPLICABLE""]","[""NONE""]","[""NO INDICATION OF INJURY""]","[""DRIVER""]","[""USAGE UNKNOWN""]","[""F"", ""M""]",[]
STRAIGHT AND LEVEL,1034,2025-09-24T07:36:00.000,4,7,9,6db2d075d2554c17e1c38d5bcb2bc223c3b86d99afca3275171f0c694f0ab13c1d69fe4f908d1e6bb1aa88d15eaa243dfb63b186f84ef151a34734636fa38567,NO INJURY / DRIVE AWAY,$500 OR LESS,2025-09-24T07:44:00.000,FUNCTIONING PROPERLY,PEDESTRIAN,,0,0,3,0,0,0,0,41.8520640214,DAYLIGHT,-87.6759594013,NO INDICATION OF INJURY,2,30,DISREGARDING TRAFFIC SIGNALS,ON SCENE,NO DEFECTS,DRY,FAILING TO YIELD RIGHT-OF-WAY,W,CERMAK RD,2001,TRAFFIC SIGNAL,NOT DIVIDED,CLEAR,Y,,,,,,2,3,"{""coordinates"": [-87.675959401283, 41.852064021354], ""type"": ""Point""}","[""FRONT""]","[""STRAIGHT AHEAD""]",[],"[""E""]","[""DRIVER"", ""PEDESTRIAN""]","[""NONE""]","[""PERSONAL""]","[""2007""]","[""14"", ""27"", ""46""]","[""DID NOT DEPLOY""]","[""NONE""]","[""NO INDICATION OF INJURY""]","[""DRIVER"", ""PASSENGER"", ""PEDESTRIAN""]","[""NONE PRESENT"", ""SAFETY BELT USED""]","[""F""]","[""3""]"
STRAIGHT AND LEVEL,1731,2025-09-24T07:38:00.000,4,7,9,128eb7757b34ead952ee3daa6229315d56825ee918717ecccb21f46d74d5d2a80dab1e159b8707e9e2ae5a4e2ec3175bf4b2426117132161868dc50e952d392f,INJURY AND / OR TOW DUE TO CRASH,"OVER $1,500",2025-09-24T07:44:00.000,NO CONTROLS,PARKED MOTOR VEHICLE,,0,0,2,0,0,0,0,41.9391066811,DAYLIGHT,-87.7467284071,NO INDICATION OF INJURY,2,30,UNDER THE INFLUENCE OF ALCOHOL/DRUGS (USE WHEN ARREST IS EFFECTED),ON SCENE,NO DEFECTS,DRY,UNDER THE INFLUENCE OF ALCOHOL/DRUGS (USE WHEN ARREST IS EFFECTED),N,CICERO AVE,3209,NO CONTROLS,NOT DIVIDED,CLEAR,,,,,N,,2,2,"{""coordinates"": [-87.746728407119, 41.939106681075], ""type"": ""Point""}","[""FRONT-RIGHT-CORNER"", ""REAR-RIGHT-CORNER""]","[""PARKED"", ""STRAIGHT AHEAD""]","[""Y""]","[""N""]","[""DRIVER"", ""PARKED""]","[""UNKNOWN""]","[""PERSONAL""]","[""2005"", ""2015""]","[""49"", ""54""]","[""NOT APPLICABLE""]","[""NONE""]","[""NO INDICATION OF INJURY""]","[""DRIVER"", ""PASSENGER""]","[""SAFETY BELT USED"", ""USAGE UNKNOWN""]","[""M""]","[""1""]"
STRAIGHT AND LEVEL,823,2025-09-24T07:40:00.000,4,7,9,4f1ac3b42042a8c8982df14fb7a539f36eaf44a4c134964b19c76052f941668e0dd5c95d4207b8fd7ea3ae616f9d39305d0cab3e3cf41afd815f0edc5591380b,INJURY AND / OR TOW DUE TO CRASH,"OVER $1,500",2025-09-24T07:50:00.000,NO CONTROLS,SIDESWIPE SAME DIRECTION,,0,0,4,0,0,0,0,41.7784213364,DAYLIGHT,-87.7029760581,NO INDICATION OF INJURY,3,35,IMPROPER LANE USAGE,ON SCENE,NO DEFECTS,DRY,UNABLE TO DETERMINE,S,KEDZIE AVE,6315,NO CONTROLS,NOT DIVIDED,CLEAR,,,,,,,3,4,"{""coordinates"": [-87.702976058137, 41.77842133639], ""type"": ""Point""}","[""FRONT-LEFT-CORNER"", ""FRONT-RIGHT-CORNER"", ""REAR-LEFT-CORNER""]","[""CHANGING LANES"", ""STRAIGHT AHEAD""]","[""Y""]","[""N""]","[""DRIVER""]","[""NONE""]","[""PERSONAL""]","[""2021"", ""2024"", ""2025""]","[""26"", ""30"", ""49""]","[""DID NOT DEPLOY""]","[""NONE""]","[""NO INDICATION OF INJURY""]","[""DRIVER"", ""PASSENGER""]","[""BOOSTER SEAT"", ""NONE PRESENT"", ""USAGE UNKNOWN""]","[""F"", ""M""]","[""5""]"
STRAIGHT AND LEVEL,2522,2025-09-24T07:40:00.000,4,7,9,a75dcfe46c6b7b0801f4d87b90874b4e92435cb149b876763a5df4eb1b15b3defa57c4cc9310faabc324caaacc840d0f9bdd711767f9d9692a72945f2ca2ffd9,NO INJURY / DRIVE AWAY,"$501 - $1,500",2025-09-24T09:10:00.000,NO CONTROLS,ANGLE,,0,0,3,0,0,0,0,41.9240269333,DAYLIGHT,-87.7540324647,NO INDICATION OF INJURY,2,30,DRIVING SKILLS/KNOWLEDGE/EXPERIENCE,NOT ON SCENE (DESK REPORT),NO DEFECTS,DRY,DRIVING SKILLS/KNOWLEDGE/EXPERIENCE,W,FULLERTON AVE,5107,NO CONTROLS,DIVIDED - W/MEDIAN (NOT RAISED),CLEAR,,,,,,,2,3,"{""coordinates"": [-87.754032464684, 41.92402693335], ""type"": ""Point""}","[""FRONT"", ""SIDE-RIGHT""]","[""STRAIGHT AHEAD""]",[],"[""S"", ""W""]","[""DRIVER""]","[""NONE""]","[""PERSONAL""]","[""2013"", ""2017""]","[""28"", ""68""]","[""NOT APPLICABLE""]","[""NONE""]","[""NO INDICATION OF INJURY""]","[""DRIVER"", ""PASSENGER""]","[""USAGE UNKNOWN""]","[""M""]","[""3""]"