alignment,beat_of_occurrence,crash_date,crash_day_of_week,crash_hour,crash_month,crash_record_id,crash_type,damage,date_police_notified,device_condition,first_crash_type,hit_and_run_i,injuries_fatal,injuries_incapacitating,injuries_no_indication,injuries_non_incapacitating,injuries_reported_not_evident,injuries_total,injuries_unknown,latitude,lighting_condition,longitude,most_severe_injury,num_units,posted_speed_limit,prim_contributory_cause,report_type,road_defect,roadway_surface_cond,sec_contributory_cause,street_direction,street_name,street_no,traffic_control_device,trafficway_type,weather_condition,intersection_related_i,crash_date_est_i,private_property_i,statements_taken_i,photos_taken_i,work_zone_i,veh_count,ppl_count,location_json,veh_first_contact_point_list_json,veh_maneuver_list_json,veh_towed_i_list_json,veh_travel_direction_list_json,veh_unit_type_list_json,veh_vehicle_defect_list_json,veh_vehicle_use_list_json,veh_vehicle_year_list_json,ppl_age_list_json,ppl_airbag_deployed_list_json,ppl_ejection_list_json,ppl_injury_classification_list_json,ppl_person_type_list_json,ppl_safety_equipment_list_json,ppl_sex_list_json,ppl_seat_no_list_json
STRAIGHT AND LEVEL,714,2025-09-24T07:44:00.000,4,7,9,78fcbb6de3e364fb23f152559a9b22a4e8c14535b31e23b9757af59d70cbc864623d945601d416c49a9c3e9d84714ddcb8551a42e2bac9cd9132ddbfccd894c8,INJURY AND / OR TOW DUE TO CRASH,"OVER $1,500",2025-09-24T07:44:00.000,FUNCTIONING PROPERLY,ANGLE,,0,0,6,1,0,1,0,41.7849795702,DAYLIGHT,-87.6691409701,NONINCAPACITATING INJURY,2,30,FAILING TO YIELD RIGHT-OF-WAY,ON SCENE,UNKNOWN,DRY,UNABLE TO DETERMINE,W,60TH ST,1784,STOP SIGN/FLASHER,UNKNOWN INTERSECTION TYPE,CLEAR,Y,,,Y,,,2,7,"{""coordinates"": [-87.669140970058, 41.784979570224], ""type"": ""Point""}","[""FRONT"", ""SIDE-LEFT""]","[""STRAIGHT AHEAD""]",[],"[""S"", ""W""]","[""DRIVER""]","[""UNKNOWN""]","[""PERSONAL""]","[""2011"", ""2023""]","[""0"", ""16"", ""24"", ""27"", ""38"", ""7"", ""8""]","[""DEPLOYED, COMBINATION"", ""DEPLOYED, SIDE"", ""DID NOT DEPLOY""]","[""NONE""]","[""NO INDICATION OF INJURY"", ""NONINCAPACITATING INJURY""]","[""DRIVER"", ""PASSENGER""]","[""USAGE UNKNOWN""]","[""F"", ""M""]","[""2"", ""3"", ""4"", ""5"", ""6""]"
STRAIGHT AND LEVEL,1032,2025-09-24T07:45:00.000,4,7,9,90fb7ab9b9598126fe8d76967277f71290f5721cc591bce7d572b08b784193d05b7653f56107a57a82cf5fa7d547672588ca0bf6154144e8e80794dd67a60ad1,INJURY AND / OR TOW DUE TO CRASH,"OVER $1,500",2025-09-24T07:47:00.000,NO CONTROLS,REAR END,,0,0,2,0,2,2,0,41.8351780708,DAYLIGHT,-87.7049085626,"REPORTED, NOT EVIDENT",2,30,FOLLOWING TOO CLOSELY,ON SCENE,OTHER,DRY,DRIVING SKILLS/KNOWLEDGE/EXPERIENCE,S,KEDZIE AVE,3200,NO CONTROLS,NOT DIVIDED,CLEAR,,,,,,,2,4,"{""coordinates"": [-87.704908562627, 41.835178070832], ""type"": ""Point""}","[""FRONT"", ""REAR""]","[""STRAIGHT AHEAD""]",[],"[""N""]","[""DRIVER""]","[""NONE""]","[""PERSONAL""]","[""2007"", ""2015""]","[""31"", ""41"", ""54"", ""8""]","[""DID NOT DEPLOY""]","[""NONE""]","[""NO INDICATION OF INJURY"", ""REPORTED, NOT EVIDENT""]","[""DRIVER"", ""PASSENGER""]","[""SAFETY BELT USED""]","[""F"", ""M""]","[""2"", ""6""]"
STRAIGHT AND LEVEL,923,2025-09-24T07:45:00.000,4,7,9,9afa89e83e3f3b545673b8b7ab656db746edd43462dbcd8cb453b8b919d086bc2a830fbb6ac848a266673062ac4b242fdcdc70c7f853950ac145e8118868afb0,NO INJURY / DRIVE AWAY,"$501 - $1,500",2025-09-24T08:11:00.000,FUNCTIONING PROPERLY,ANGLE,N,0,0,6,0,0,0,0,41.7937578413,UNKNOWN,-87.6963045282,NO INDICATION OF INJURY,2,30,UNABLE TO DETERMINE,NOT ON SCENE (DESK REPORT),UNKNOWN,UNKNOWN,NOT APPLICABLE,W,55TH ST,2900,STOP SIGN/FLASHER,NOT DIVIDED,UNKNOWN,,,,,,,2,6,"{""coordinates"": [-87.696304528186, 41.793757841261], ""type"": ""Point""}","[""FRONT-RIGHT-CORNER"", ""SIDE-RIGHT""]","[""SLOW/STOP IN TRAFFIC"", ""STRAIGHT AHEAD""]",[],"[""S"", ""W""]","[""DRIVER""]","[""NONE""]","[""UNKNOWN/NA""]","[""1998"", ""2016""]","[""10"", ""14"", ""17"", ""3"", ""31"", ""5""]","[""DEPLOYMENT UNKNOWN""]","[""NONE""]","[""NO INDICATION OF INJURY""]","[""DRIVER"", ""PASSENGER""]","[""CHILD RESTRAINT - TYPE UNKNOWN"", ""SAFETY BELT USED""]","[""F"", ""M""]","[""10"", ""12"", ""4"", ""6""]"
STRAIGHT AND LEVEL,1921,2025-09-24T07:50:00.000,4,7,9,5f0933f842b30157d9d500cbf6739866716af4bb78809980d109823adc12b085a712f292d95a0b312bdc6967634dceb908aa3b57ea3e71d365468745ccb47b59,INJURY AND / OR TOW DUE TO CRASH,"OVER $1,500",2025-09-24T07:54:00.000,NO CONTROLS,ANGLE,,0,0,0,0,5,5,0,41.946872369,DAYLIGHT,-87.6847685993,"REPORTED, NOT EVIDENT",2,30,FAILING TO YIELD RIGHT-OF-WAY,ON SCENE,NO DEFECTS,DRY,NOT APPLICABLE,N,BELL AVE,3600,NO CONTROLS,FOUR WAY,CLEAR,Y,,,,,,2,5,"{""coordinates"": [-87.684768599339, 41.946872369031], ""type"": ""Point""}","[""FRONT"", ""SIDE-RIGHT""]","[""SLOW/STOP IN TRAFFIC"", ""STRAIGHT AHEAD""]","[""Y""]","[""E"", ""S""]","[""DRIVER""]","[""NONE"", ""UNKNOWN""]","[""PERSONAL""]","[""2023""]","[""33"", ""66""]","[""DEPLOYED, SIDE"", ""NOT APPLICABLE""]","[""NONE""]","[""REPORTED, NOT EVIDENT""]","[""DRIVER"", ""PASSENGER""]","[""NONE PRESENT"", ""USAGE UNKNOWN""]","[""F""]","[""3"", ""4"", ""6""]"
STRAIGHT AND LEVEL,1113,2025-09-24T07:52:00.000,4,7,9,f9110df11f2f9df1b34eb515eb4b33fafb643959e6bde00dc1934913758e2f69310116b2b60ed34b4c812ebd15c713289ef1483fb7da5879a5f82899b79fe130,NO INJURY / DRIVE AWAY,"OVER $1,500",2025-09-24T08:08:00.000,NO CONTROLS,SIDESWIPE OPPOSITE DIRECTION,,0,0,3,0,0,0,0,41.8862941787,DAYLIGHT,-87.742205731,NO INDICATION OF INJURY,2,25,UNABLE TO DETERMINE,NOT ON SCENE (DESK REPORT),NO DEFECTS,DRY,NOT APPLICABLE,W,LAKE ST,4647,NO CONTROLS,NOT DIVIDED,CLEAR,,,,,,,2,3,"{""coordinates"": [-87.742205730955, 41.88629417866], ""type"": ""Point""}","[""SIDE-LEFT""]","[""STRAIGHT AHEAD""]",[],"[""E"", ""W""]","[""DRIVER""]","[""NONE"", ""UNKNOWN""]","[""PERSONAL""]","[""2014"", ""2019""]","[""25"", ""55"", ""60""]","[""DID NOT DEPLOY""]","[""NONE""]","[""NO INDICATION OF INJURY""]","[""DRIVER"", ""PASSENGER""]","[""SAFETY BELT USED""]","[""M""]","[""3""]"
STRAIGHT AND LEVEL,911,2025-09-24T07:55:00.000,4,7,9,90f25057b3e826cd7422bebb0ddb1d03bf7539fb4c3f7f0dfc1050cd5f052ff3a54aedd7d1d514c2b3352ce44e8ddb4a14a2a0e6aa1b7f3648616c503fe3606f,NO INJURY / DRIVE AWAY,"OVER $1,500",2025-09-24T08:35:00.000,NO CONTROLS,SIDESWIPE SAME DIRECTION,,0,0,2,0,0,0,0,41.827218667,DAYLIGHT,-87.694591777,NO INDICATION OF INJURY,2,30,UNABLE TO DETERMINE,NOT ON SCENE (DESK REPORT),UNKNOWN,DRY,UNABLE TO DETERMINE,S,CALIFORNIA AVE,3635,NO CONTROLS,DIVIDED - W/MEDIAN (NOT RAISED),CLEAR,,,,,,,2,2,"{""coordinates"": [-87.694591777024, 41.827218666962], ""type"": ""Point""}","[""FRONT-RIGHT-CORNER"", ""REAR-LEFT-CORNER""]","[""UNKNOWN/NA""]",[],"[""N""]","[""DRIVER""]","[""UNKNOWN""]","[""PERSONAL""]","[""2024"", ""2025""]","[""23"", ""28""]","[""NOT APPLICABLE""]","[""NONE""]","[""NO INDICATION OF INJURY""]","[""DRIVER""]","[""USAGE UNKNOWN""]","[""F""]",[]
STRAIGHT AND LEVEL,113,2025-09-24T07:59:00.000,4,7,9,f9bbbc1589d95f53bb1cc6aed945cffc0723ee42113832f9ebcebf39c4b7fffebd370b8ea0f10087cef71b75b28add08ea1aba67523f8287390a54e6e1eda229,INJURY AND / OR TOW DUE TO CRASH,"OVER $1,500",2025-09-24T17:28:00.000,NO CONTROLS,PEDESTRIAN,Y,0,0,1,1,0,1,0,41.8770014386,DAYLIGHT,-87.6297762539,NONINCAPACITATING INJURY,2,30,UNABLE TO DETERMINE,NOT ON SCENE (DESK REPORT),UNKNOWN,DRY,NOT APPLICABLE,W,VAN BUREN ST,60,NO CONTROLS,FOUR WAY,CLEAR,,,,,,,2,2,"{""coordinates"": [-87.62977625391, 41.877001438608], ""type"": ""Point""}","[""FRONT-LEFT-CORNER""]","[""STRAIGHT AHEAD""]",[],"[""N""]","[""DRIVER"", ""PEDESTRIAN""]","[""UNKNOWN""]","[""PERSONAL""]",[],[],"[""DEPLOYMENT UNKNOWN""]","[""NONE""]","[""NO INDICATION OF INJURY"", ""NONINCAPACITATING INJURY""]","[""DRIVER"", ""PEDESTRIAN""]","[""NONE PRESENT"", ""USAGE UNKNOWN""]","[""F"", ""M""]",[]
STRAIGHT AND LEVEL,2514,2025-09-24T08:00:00.000,4,8,9,7b828314de5cd462323603607a7467e6ba57b4ba8abdfa223407e526b50c4fefcde1d6485bfc4e8de9e3cf58d2abed7af920212843076899375b965f038c7f69,INJURY AND / OR TOW DUE TO CRASH,"OVER $1,500",2025-09-24T08:06:00.000,NO CONTROLS,REAR END,,0,0,4,1,0,1,0,41.9313325121,DAYLIGHT,-87.7701107488,NONINCAPACITATING INJURY,3,30,FAILING TO REDUCE SPEED TO AVOID CRASH,ON SCENE,UNKNOWN,UNKNOWN,NOT APPLICABLE,W,DIVERSEY AVE,5734,NO CONTROLS,DIVIDED - W/MEDIAN (NOT RAISED),CLEAR,,Y,,,,,3,5,"{""coordinates"": [-87.770110748785, 41.931332512055], ""type"": ""Point""}","[""FRONT"", ""REAR"", ""UNKNOWN""]","[""STRAIGHT AHEAD"", ""UNKNOWN/NA""]","[""Y""]","[""W""]","[""DRIVER""]","[""UNKNOWN""]","[""PERSONAL"", ""UNKNOWN/NA""]","[""2010"", ""2022""]","[""28"", ""29"", ""4"", ""5""]","[""DEPLOYMENT UNKNOWN"", ""DID NOT DEPLOY"", ""NOT APPLICABLE""]","[""NONE""]","[""NO INDICATION OF INJURY"", ""NONINCAPACITATING INJURY""]","[""DRIVER"", ""PASSENGER""]","[""USAGE UNKNOWN""]","[""F"", ""M"", ""X""]","[""4"", ""6""]"
STRAIGHT AND LEVEL,1633,2025-09-24T08:00:00.000,4,8,9,8622158c02410c4b025261ab700756e86618bd535686d5e478b4adbe4e7cbad0acf06b8a5af4d01d30ab81e4daa9381d70b3c13167523f12906901f178563d41,NO INJURY / DRIVE AWAY,"OVER $1,500",2025-09-24T09:14:00.000,NO CONTROLS,SIDESWIPE SAME DIRECTION,,0,0,3,0,0,0,0,41.9459051816,DAYLIGHT,-87.7741887646,NO INDICATION OF INJURY,2,30,IMPROPER LANE USAGE,NOT ON SCENE (DESK REPORT),NO DEFECTS,DRY,UNABLE TO DETERMINE,W,ADDISON ST,5900,NO CONTROLS,DIVIDED - W/MEDIAN (NOT RAISED),CLEAR,,,,,,,2,3,"{""coordinates"": [-87.774188764562, 41.945905181612], ""type"": ""Point""}","[""FRONT-RIGHT-CORNER"", ""SIDE-LEFT-REAR""]","[""STRAIGHT AHEAD""]",[],"[""E""]","[""DRIVER""]","[""NONE"", ""UNKNOWN""]","[""PERSONAL""]","[""2015"", ""2024""]","[""39"", ""53""]","[""NOT APPLICABLE""]","[""NONE""]","[""NO INDICATION OF INJURY""]","[""DRIVER"", ""PASSENGER""]","[""USAGE UNKNOWN""]","[""F""]","[""6""]"
STRAIGHT AND LEVEL,812,2025-09-24T08:00:00.000,4,8,9,9797e63468ce1a4d3124175c54c44297a347d4d32f60496ce7d9a9567a1898638b562b6b5dd20e45a6391a6354547a1ff16cc05322f2e30fa2216b103be6ad92,NO INJURY / DRIVE AWAY,"OVER $1,500",2025-09-24T08:48:00.000,NO CONTROLS,REAR END,Y,0,0,3,0,0,0,0,41.7779350205,DAYLIGHT,-87.7621420085,NO INDICATION OF INJURY,3,30,UNABLE TO DETERMINE,NOT ON SCENE (DESK REPORT),NO DEFECTS,DRY,UNABLE TO DETERMINE,W,63RD ST,5611,NO CONTROLS,NOT DIVIDED,CLEAR,,,,,,,3,3,"{""coordinates"": [-87.762142008467, 41.777935020506], ""type"": ""Point""}","[""REAR"", ""UNKNOWN""]","[""SLOW/STOP IN TRAFFIC"", ""STRAIGHT AHEAD""]",[],"[""E""]","[""DRIVER""]","[""NONE"", ""UNKNOWN""]","[""PERSONAL"", ""UNKNOWN/NA""]","[""2016"", ""2019""]",[],"[""DEPLOYMENT UNKNOWN"", ""DID NOT DEPLOY""]","[""NONE"", ""UNKNOWN""]","[""NO INDICATION OF INJURY""]","[""DRIVER""]","[""SAFETY BELT USED"", ""USAGE UNKNOWN""]","[""F"", ""M"", ""X""]",[]
STRAIGHT AND LEVEL,112,2025-09-24T08:00:00.000,4,8,9,e665f6eb932f9af88eab107695844427e5b5bd353d5d737d968760dea23a8cf0fe0a2b535e86bd66d2d0ff4c86bcc42dad3fc22f0789bbe5618496e75b5469f1,NO INJURY / DRIVE AWAY,"$501 - $1,500",2025-09-24T18:00:00.000,NO CONTROLS,SIDESWIPE SAME DIRECTION,,0,0,2,0,0,0,0,41.8818187662,DAYLIGHT,-87.6263531729,NO INDICATION OF INJURY,2,15,UNABLE TO DETERMINE,NOT ON SCENE (DESK REPORT),UNKNOWN,DRY,UNABLE TO DETERMINE,S,WABASH AVE,10,NO CONTROLS,ONE-WAY,CLEAR,,,,,,,2,2,"{""coordinates"": [-87.626353172901, 41.881818766167], ""type"": ""Point""}","[""FRONT-LEFT-CORNER"", ""SIDE-RIGHT""]","[""PASSING/OVERTAKING"", ""STRAIGHT AHEAD""]",[],"[""S""]","[""DRIVER""]","[""UNKNOWN""]","[""PERSONAL""]","[""2023""]","[""50"", ""57""]","[""DID NOT DEPLOY""]","[""NONE""]","[""NO INDICATION OF INJURY""]","[""DRIVER""]","[""USAGE UNKNOWN""]","[""M""]",[]
STRAIGHT AND LEVEL,1834,2025-09-24T08:05:00.000,4,8,9,1a2e3ccfc54a47eabd0e673d056ba463277eb0d717a02172911813122eb1fc1a54eff26aea19f66c3336dcc829dd6ad07a59c366a1c855348b936e3e720a9226,NO INJURY / DRIVE AWAY,"OVER $1,500",2025-09-24T08:45:00.000,FUNCTIONING PROPERLY,SIDESWIPE SAME DIRECTION,,0,0,2,0,0,0,0,41.8925204807,DAYLIGHT,-87.6240374098,NO INDICATION OF INJURY,2,30,IMPROPER TURNING/NO SIGNAL,NOT ON SCENE (DESK REPORT),NO DEFECTS,DRY,NOT APPLICABLE,N,MICHIGAN AVE,555,TRAFFIC SIGNAL,DIVIDED - W/MEDIAN (NOT RAISED),CLEAR,,,,,,,2,2,"{""coordinates"": [-87.624037409786, 41.892520480718], ""type"": ""Point""}","[""SIDE-LEFT-FRONT"", ""SIDE-RIGHT-REAR""]","[""STRAIGHT AHEAD""]",[],"[""N""]","[""DRIVER""]","[""NONE""]","[""PERSONAL"", ""RIDESHARE SERVICE""]","[""2026""]","[""37"", ""48""]","[""NOT APPLICABLE""]","[""NONE"", ""UNKNOWN""]","[""NO INDICATION OF INJURY""]","[""DRIVER""]","[""SAFETY BELT USED""]","[""M""]",[]
STRAIGHT AND LEVEL,1034,2025-09-24T08:05:00.000,4,8,9,c6f15ad78d62ff6c58761c7eebf29bd19780040db9259a6524ee596cbe86af7aa9a0d58bfa2182656642580ae52da8de50eef47351fb38eb6ec5b2fda15990d8,NO INJURY / DRIVE AWAY,"OVER $1,500",2025-09-24T10:00:00.000,NO CONTROLS,PARKED MOTOR VEHICLE,,0,0,1,0,0,0,0,41.8493242457,UNKNOWN,-87.6920361168,NO INDICATION OF INJURY,2,15,UNABLE TO DETERMINE,ON SCENE,NO DEFECTS,UNKNOWN,UNABLE TO DETERMINE,W,23RD PL,2638,NO CONTROLS,OTHER,UNKNOWN,,,Y,,,,2,1,"{""coordinates"": [-87.692036116787, 41.849324245691], ""type"": ""Point""}","[""SIDE-RIGHT"", ""UNKNOWN""]","[""PARKED"", ""UNKNOWN/NA""]",[],"[""N"", ""UNKNOWN""]","[""DRIVER"", ""PARKED""]","[""NONE"", ""UNKNOWN""]","[""PERSONAL"", ""UNKNOWN/NA""]","[""2014""]",[],"[""DEPLOYMENT UNKNOWN""]","[""NONE""]","[""NO INDICATION OF INJURY""]","[""DRIVER""]","[""USAGE UNKNOWN""]","[""X""]",[]
STRAIGHT AND LEVEL,2513,2025-09-24T08:10:00.000,4,8,9,122554335f60c392de589c2fefb21f66a97496bdaeb7a98c0d75d331556a1901071b27ab42a0d4b507c1ae3474be56d5e0cf78e5836e01ab6d36779ec45a32aa,INJURY AND / OR TOW DUE TO CRASH,"OVER $1,500",2025-09-24T09:08:00.000,FUNCTIONING PROPERLY,ANGLE,,0,0,3,0,0,0,0,41.914685403,DAYLIGHT,-87.7850328864,NO INDICATION OF INJURY,2,30,"VISION OBSCURED (SIGNS, TREE LIMBS, BUILDINGS, ETC.)",ON SCENE,NO DEFECTS,DRY,"OPERATING VEHICLE IN ERRATIC, RECKLESS, CARELESS, NEGLIGENT OR AGGRESSIVE MANNER",N,NARRAGANSETT AVE,1901,STOP SIGN/FLASHER,FOUR WAY,CLEAR,Y,,,,,,2,3,"{""coordinates"": [-87.785032886387, 41.914685403037], ""type"": ""Point""}","[""FRONT"", ""SIDE-LEFT-FRONT""]","[""PASSING/OVERTAKING"", ""STRAIGHT AHEAD""]","[""Y""]","[""E"", ""N""]","[""DRIVER""]","[""UNKNOWN""]","[""PERSONAL""]","[""2007"", ""2020""]","[""11"", ""31"", ""52""]","[""DID NOT DEPLOY""]","[""NONE""]","[""NO INDICATION OF INJURY""]","[""DRIVER"", ""PASSENGER""]","[""SAFETY BELT USED""]","[""M""]","[""3""]"
STRAIGHT AND LEVEL,2223,2025-09-24T08:10:00.000,4,8,9,66fdd103381c1d01a04a2a6135a739823daaf6975bb0259d8cce044442299db2435a9ca415e09eb40f8638b67e3a3ddb2ee10c8d6bb0235421466afeeb5548c6,NO INJURY / DRIVE AWAY,"OVER $1,500",2025-09-24T08:30:00.000,NO CONTROLS,REAR END,,0,0,2,0,0,0,0,41.7276118923,DAYLIGHT,-87.6482016189,NO INDICATION OF INJURY,2,30,FOLLOWING TOO CLOSELY,NOT ON SCENE (DESK REPORT),NO DEFECTS,DRY,FOLLOWING TOO CLOSELY,S,VINCENNES AVE,9135,NO CONTROLS,DIVIDED - W/MEDIAN (NOT RAISED),CLEAR,,,,,,,2,2,"{""coordinates"": [-87.648201618894, 41.727611892316], ""type"": ""Point""}","[""FRONT"", ""REAR""]","[""STRAIGHT AHEAD""]",[],"[""N""]","[""DRIVER""]","[""NONE""]","[""PERSONAL""]","[""2006"", ""2021""]","[""49"", ""57""]","[""NOT APPLICABLE""]","[""NONE""]","[""NO INDICATION OF INJURY""]","[""DRIVER""]","[""SAFETY BELT USED""]","[""M""]",[]
STRAIGHT AND LEVEL,1424,2025-09-24T08:12:00.000,4,8,9,a09b51cf1350169e40e7f73385eae758e3a4cd187d2fb90df735780c69214cf269137757d3d6e2453978becfda6f21330ee6e690e553267106cbc3247295f090,INJURY AND / OR TOW DUE TO CRASH,"OVER $1,500",2025-09-24T08:12:00.000,NO CONTROLS,REAR TO SIDE,,0,0,2,0,0,0,0,41.9088711271,DAYLIGHT,-87.6753374249,NO INDICATION OF INJURY,2,15,UNABLE TO DETERMINE,ON SCENE,NO DEFECTS,DRY,NOT APPLICABLE,N,MILWAUKEE AVE,1484,NO CONTROLS,ALLEY,CLEAR,,,,,,,2,2,"{""coordinates"": [-87.675337424865, 41.908871127141], ""type"": ""Point""}","[""FRONT-RIGHT-CORNER"", ""REAR-RIGHT-CORNER""]","[""STRAIGHT AHEAD""]","[""Y""]","[""E"", ""N""]","[""DRIVER""]","[""NONE""]","[""OTHER"", ""PERSONAL""]","[""2007"", ""2025""]","[""28"", ""57""]","[""DID NOT DEPLOY""]","[""NONE""]","[""NO INDICATION OF INJURY""]","[""DRIVER""]","[""SAFETY BELT USED""]","[""M""]",[]
STRAIGHT AND LEVEL,1624,2025-09-24T08:13:00.000,4,8,9,4be54ef8a13ba234128de089945192e9815af29a654b136d9331caf7c821b6838b98f33c336f80c17dec0434d800f4ce15620c3aad79a1cd2e67ff669d16b782,NO INJURY / DRIVE AWAY,"OVER $1,500",2025-09-24T08:45:00.000,NO CONTROLS,REAR END,,0,0,2,0,0,0,0,41.9603979688,DAYLIGHT,-87.7650521693,NO INDICATION OF INJURY,2,30,UNABLE TO DETERMINE,NOT ON SCENE (DESK REPORT),UNKNOWN,DRY,UNABLE TO DETERMINE,W,MONTROSE AVE,5505,NO CONTROLS,NOT DIVIDED,CLEAR,,,,,,,2,2,"{""coordinates"": [-87.765052169273, 41.960397968788], ""type"": ""Point""}","[""FRONT"", ""REAR""]","[""STRAIGHT AHEAD""]",[],"[""W""]","[""DRIVER""]","[""NONE"", ""UNKNOWN""]","[""PERSONAL""]","[""2013"", ""2024""]","[""26"", ""34""]","[""NOT APPLICABLE""]","[""NONE""]","[""NO INDICATION OF INJURY""]","[""DRIVER""]","[""SAFETY BELT USED""]","[""F""]",[]
STRAIGHT AND LEVEL,433,2025-09-24T08:15:00.000,4,8,9,c07546eb0a10fd82762365c9c66a0a3b940f139f70eb9cf08fe9dd1b8ef1c9ebd9156472ab86326c4ac67c8d089c9671fb06832be66b0c43d30b081e35808ac8,NO INJURY / DRIVE AWAY,"$501 - $1,500",2025-09-24T08:35:00.000,UNKNOWN,REAR END,Y,0,0,2,0,0,0,0,41.6808546173,DAYLIGHT,-87.5402494361,NO INDICATION OF INJURY,2,30,FOLLOWING TOO CLOSELY,ON SCENE,UNKNOWN,DRY,NOT APPLICABLE,S,AVENUE O,11800,TRAFFIC SIGNAL,FOUR WAY,CLEAR,,,,,,,2,2,"{""coordinates"": [-87.540249436106, 41.680854617279], ""type"": ""Point""}","[""FRONT"", ""REAR""]","[""SLOW/STOP IN TRAFFIC"", ""STRAIGHT AHEAD""]",[],"[""S""]","[""DRIVER""]","[""NONE"", ""UNKNOWN""]","[""PERSONAL""]","[""2015""]","[""41""]","[""DEPLOYMENT UNKNOWN"", ""NOT APPLICABLE""]","[""NONE""]","[""NO INDICATION OF INJURY""]","[""DRIVER""]","[""SAFETY BELT USED"", ""USAGE UNKNOWN""]","[""F"", ""M""]",[]
STRAIGHT AND LEVEL,513,2025-09-24T08:20:00.000,4,8,9,fae57ba7b88fe5fde5fb3cdfa691b64d27c6d5d91c7d293e0162b370c37c8072bf5809a2c040db016ce8cf6e0e9386bc2b008359d040bf50a571efc33ca11e0d,NO INJURY / DRIVE AWAY,"OVER $1,500",2025-09-24T09:00:00.000,FUNCTIONING PROPERLY,TURNING,,0,0,2,0,0,0,0,41.6997951307,DAYLIGHT,-87.6209871665,NO INDICATION OF INJURY,2,30,IMPROPER TURNING/NO SIGNAL,NOT ON SCENE (DESK REPORT),NO DEFECTS,DRY,DRIVING SKILLS/KNOWLEDGE/EXPERIENCE,E,107TH ST,99,TRAFFIC SIGNAL,FOUR WAY,CLEAR,Y,,,,,,2,2,"{""coordinates"": [-87.620987166476, 41.699795130746], ""type"": ""Point""}","[""FRONT-LEFT-CORNER"", ""SIDE-RIGHT""]","[""OTHER"", ""TURNING RIGHT""]",[],"[""E"", ""SE""]","[""DRIVER""]","[""NONE"", ""UNKNOWN""]","[""PERSONAL""]","[""2009"", ""2020""]","[""49"", ""54""]","[""DID NOT DEPLOY""]","[""NONE""]","[""NO INDICATION OF INJURY""]","[""DRIVER""]","[""SAFETY BELT USED"", ""USAGE UNKNOWN""]","[""M""]",[]
STRAIGHT AND LEVEL,2523,2025-09-24T08:30:00.000,4,8,9,721efcccd4f8f62fc3ada3fb987a1fa51e247eb5f767efe6d342809676110b1ab1d5e660caeca8a0effa302843df66e77daf5ef434a6ffdd7063497f4f359303,INJURY AND / OR TOW DUE TO CRASH,$500 OR LESS,2025-09-24T08:30:00.000,NO CONTROLS,PEDALCYCLIST,,0,0,1,1,0,1,0,41.9389056831,DAYLIGHT,-87.7330419278,NONINCAPACITATING INJURY,2,30,FAILING TO YIELD RIGHT-OF-WAY,ON SCENE,NO DEFECTS,DRY,UNABLE TO DETERMINE,W,BELMONT AVE,4201,NO CONTROLS,DIVIDED - W/MEDIAN (NOT RAISED),CLEAR,,,,,,,2,2,"{""coordinates"": [-87.733041927774, 41.938905683103], ""type"": ""Point""}","[""FRONT-RIGHT-CORNER""]","[""TURNING LEFT""]",[],"[""SW""]","[""BICYCLE"", ""DRIVER""]","[""UNKNOWN""]","[""PERSONAL""]","[""2020""]","[""35"", ""47""]","[""NOT APPLICABLE""]","[""NONE""]","[""NO INDICATION OF INJURY"", ""NONINCAPACITATING INJURY""]","[""BICYCLE"", ""DRIVER""]","[""HELMET NOT USED"", ""USAGE UNKNOWN""]","[""F"", ""M""]",[]
STRAIGHT AND LEVEL,815,2025-09-24T08:30:00.000,4,8,9,961ed7c6e6c47712a53ee618677a2372120ccf53a1f55403be0d089942a6c7fdab77f6c985e9796532a379a0bc7100b917f2616982658e8122a74cdb31369045,NO INJURY / DRIVE AWAY,"$501 - $1,500",2025-09-24T15:19:00.000,NO CONTROLS,ANGLE,,0,0,2,0,0,0,0,41.8079176319,DAYLIGHT,-87.7285410532,NO INDICATION OF INJURY,2,30,IMPROPER TURNING/NO SIGNAL,NOT ON SCENE (DESK REPORT),NO DEFECTS,DRY,NOT APPLICABLE,W,47TH ST,4200,NO CONTROLS,NOT DIVIDED,CLEAR,,,,,,,2,2,"{""coordinates"": [-87.728541053239, 41.807917631945], ""type"": ""Point""}","[""FRONT"", ""REAR-LEFT-CORNER""]","[""STRAIGHT AHEAD""]",[],"[""S"", ""W""]","[""DRIVER""]","[""NONE""]","[""PERSONAL""]","[""2006"", ""2008""]","[""17"", ""18""]","[""DID NOT DEPLOY"", ""NOT APPLICABLE""]","[""NONE""]","[""NO INDICATION OF INJURY""]","[""DRIVER""]","[""SAFETY BELT USED""]","[""F"", ""M""]",[]
STRAIGHT AND LEVEL,2213,2025-09-24T08:35:00.000,4,8,9,4ce74d4b0db5d0f410b5b6489d124ea3321915a5550c3ac10174ca4cc0274c5d545511a985fa7b68136873494264524baa7ebbb2abd08e1c06facaa2b5ba2f55,NO INJURY / DRIVE AWAY,"OVER $1,500",2025-09-24T09:30:00.000,NO CONTROLS,TURNING,Y,0,0,3,0,0,0,0,41.7211448541,DAYLIGHT,-87.6593933058,NO INDICATION OF INJURY,2,30,UNABLE TO DETERMINE,NOT ON SCENE (DESK REPORT),UNKNOWN,DRY,UNABLE TO DETERMINE,W,95TH ST,1443,NO CONTROLS,T-INTERSECTION,CLEAR,,,,,,,2,3,"{""coordinates"": [-87.659393305777, 41.721144854117], ""type"": ""Point""}","[""SIDE-LEFT"", ""SIDE-LEFT-FRONT""]","[""STRAIGHT AHEAD"", ""TURNING RIGHT""]",[],"[""W""]","[""DRIVER""]","[""UNKNOWN""]","[""UNKNOWN/NA""]","[""2016"", ""2025""]","[""35""]","[""DEPLOYMENT UNKNOWN"", ""DID NOT DEPLOY"", ""NOT APPLICABLE""]","[""NONE""]","[""NO INDICATION OF INJURY""]","[""DRIVER"", ""PASSENGER""]","[""SAFETY BELT USED"", ""USAGE UNKNOWN""]","[""F"", ""M""]","[""3""]"