alignment,beat_of_occurrence,crash_date,crash_day_of_week,crash_hour,crash_month,crash_record_id,crash_type,damage,date_police_notified,device_condition,first_crash_type,hit_and_run_i,injuries_fatal,injuries_incapacitating,injuries_no_indication,injuries_non_incapacitating,injuries_reported_not_evident,injuries_total,injuries_unknown,latitude,lighting_condition,longitude,most_severe_injury,num_units,posted_speed_limit,prim_contributory_cause,report_type,road_defect,roadway_surface_cond,sec_contributory_cause,street_direction,street_name,street_no,traffic_control_device,trafficway_type,weather_condition,intersection_related_i,crash_date_est_i,private_property_i,statements_taken_i,photos_taken_i,work_zone_i,veh_count,ppl_count,location_json,veh_first_contact_point_list_json,veh_maneuver_list_json,veh_towed_i_list_json,veh_travel_direction_list_json,veh_unit_type_list_json,veh_vehicle_defect_list_json,veh_vehicle_use_list_json,veh_vehicle_year_list_json,ppl_age_list_json,ppl_airbag_deployed_list_json,ppl_ejection_list_json,ppl_injury_classification_list_json,ppl_person_type_list_json,ppl_safety_equipment_list_json,ppl_sex_list_json,ppl_seat_no_list_json
STRAIGHT AND LEVEL,331,2025-09-24T08:45:00.000,4,8,9,f72c1ee6f85cf3f6564eeb748b7f5a006489cee75fd06322f5a198ce3aa4c99e5fc4dbf0eec7f9f78e2d3367d555337f84015679ef45ffce7f7e554d9cfe3949,NO INJURY / DRIVE AWAY,"OVER $1,500",2025-09-24T10:15:00.000,NO CONTROLS,SIDESWIPE SAME DIRECTION,,0,0,3,0,0,0,0,41.7691865125,DAYLIGHT,-87.5725658415,NO INDICATION OF INJURY,2,20,FAILING TO YIELD RIGHT-OF-WAY,NOT ON SCENE (DESK REPORT),NO DEFECTS,DRY,NOT APPLICABLE,S,MERRILL AVE,6921,NO CONTROLS,ONE-WAY,CLEAR,,,,,,,2,3,"{""coordinates"": [-87.572565841488, 41.769186512532], ""type"": ""Point""}","[""SIDE-LEFT"", ""SIDE-RIGHT""]","[""ENTERING TRAFFIC LANE FROM PARKING"", ""STRAIGHT AHEAD""]",[],"[""N"", ""NE""]","[""DRIVER""]","[""UNKNOWN""]","[""COMMERCIAL - SINGLE UNIT""]","[""2014"", ""2022""]","[""60""]","[""DEPLOYMENT UNKNOWN"", ""DID NOT DEPLOY"", ""NOT APPLICABLE""]","[""NONE""]","[""NO INDICATION OF INJURY""]","[""DRIVER"", ""PASSENGER""]","[""SAFETY BELT USED"", ""USAGE UNKNOWN""]","[""F"", ""M""]","[""2""]"
STRAIGHT AND LEVEL,2533,2025-09-24T08:47:00.000,4,8,9,86c76f87a32ea01e1be7dd08764614109d68c507fd0768dbc598632b516178e51de44fd463bd983f58b2b988a3cbc614aa9a2935dc8e3c40eecfc75040be046b,NO INJURY / DRIVE AWAY,"OVER $1,500",2025-09-24T09:17:00.000,NO CONTROLS,FIXED OBJECT,Y,0,0,1,0,0,0,0,41.909404663,DAYLIGHT,-87.7547638736,NO INDICATION OF INJURY,1,15,UNABLE TO DETERMINE,ON SCENE,NO DEFECTS,DRY,UNABLE TO DETERMINE,W,NORTH AVE,5133,NO CONTROLS,OTHER,CLEAR,,,Y,N,,,1,1,"{""coordinates"": [-87.754763873627, 41.909404662966], ""type"": ""Point""}","[""FRONT""]","[""UNKNOWN/NA""]","[""N""]","[""S""]","[""DRIVER""]","[""UNKNOWN""]","[""UNKNOWN/NA""]","[""2012""]",[],"[""DEPLOYMENT UNKNOWN""]","[""NONE""]","[""NO INDICATION OF INJURY""]","[""DRIVER""]","[""USAGE UNKNOWN""]","[""X""]",[]
STRAIGHT AND LEVEL,1232,2025-09-24T08:50:00.000,4,8,9,e1be8dd8bfeaf0ddc292663af3792786d07b673739cfe85814701035f3958368801933a0f7132f1ee891fd625e51272f5fcd690f9c44dd68b1e573328dca83bf,NO INJURY / DRIVE AWAY,"OVER $1,500",2025-09-24T09:45:00.000,NO CONTROLS,PARKED MOTOR VEHICLE,Y,0,0,1,0,0,0,0,41.8777202072,DAYLIGHT,-87.6546900011,NO INDICATION OF INJURY,2,10,UNABLE TO DETERMINE,NOT ON SCENE (DESK REPORT),NO DEFECTS,DRY,UNABLE TO DETERMINE,W,JACKSON BLVD,1101,NO CONTROLS,PARKING LOT,CLOUDY/OVERCAST,,,Y,,,,2,1,"{""coordinates"": [-87.654690001107, 41.877720207181], ""type"": ""Point""}","[""REAR-RIGHT-CORNER"", ""UNKNOWN""]","[""PARKED"", ""UNKNOWN/NA""]",[],"[""UNKNOWN"", ""W""]","[""DRIVER"", ""PARKED""]","[""UNKNOWN""]","[""UNKNOWN/NA""]","[""2004""]",[],"[""DEPLOYMENT UNKNOWN""]","[""NONE""]","[""NO INDICATION OF INJURY""]","[""DRIVER""]","[""USAGE UNKNOWN""]","[""X""]",[]
STRAIGHT AND LEVEL,1122,2025-09-24T08:55:00.000,4,8,9,43dc1fa79746cebbdc71b438b3561b6d3e26ee1a8ac58c36d45586ccad57b6a98c3af2c851442c03eb20311cdb3f9d4ff88d0237845e110622d34c9096f1a8ab,NO INJURY / DRIVE AWAY,"OVER $1,500",2025-09-24T08:57:00.000,NO CONTROLS,TURNING,,0,0,2,0,0,0,0,41.8806752342,DAYLIGHT,-87.7210303302,NO INDICATION OF INJURY,2,30,UNABLE TO DETERMINE,ON SCENE,NO DEFECTS,DRY,NOT APPLICABLE,W,MADISON ST,3805,NO CONTROLS,DIVIDED - W/MEDIAN (NOT RAISED),CLEAR,,,,,,,2,2,"{""coordinates"": [-87.721030330155, 41.880675234164], ""type"": ""Point""}","[""FRONT"", ""SIDE-RIGHT""]","[""STRAIGHT AHEAD"", ""TURNING LEFT""]",[],"[""E""]","[""DRIVER""]","[""NONE""]","[""PERSONAL""]","[""2011"", ""2016""]","[""26"", ""38""]","[""DID NOT DEPLOY""]","[""NONE""]","[""NO INDICATION OF INJURY""]","[""DRIVER""]","[""SAFETY BELT USED""]","[""F"", ""M""]",[]
STRAIGHT AND LEVEL,824,2025-09-24T08:55:00.000,4,8,9,6f1e0e2c24e7faae157fd251c069d264a0b13715895f3f3da3a0dca0f904af4988e8f1a6e014ff81f3818921a81903053dccf59bac4eac67cb145af46de928e2,NO INJURY / DRIVE AWAY,"OVER $1,500",2025-09-24T08:58:00.000,NO CONTROLS,REAR END,,0,0,2,0,0,0,0,41.7877011743,DAYLIGHT,-87.6837181512,NO INDICATION OF INJURY,2,30,UNABLE TO DETERMINE,ON SCENE,NO DEFECTS,DRY,UNABLE TO DETERMINE,S,WESTERN AVE,5821,NO CONTROLS,DIVIDED - W/MEDIAN (NOT RAISED),CLEAR,,,,,,,2,2,"{""coordinates"": [-87.683718151228, 41.787701174295], ""type"": ""Point""}","[""FRONT-RIGHT-CORNER"", ""REAR-LEFT-CORNER""]","[""STRAIGHT AHEAD""]","[""N""]","[""N""]","[""DRIVER""]","[""NONE""]","[""PERSONAL""]","[""2002"", ""2005""]","[""29"", ""40""]","[""DID NOT DEPLOY""]","[""NONE""]","[""NO INDICATION OF INJURY""]","[""DRIVER""]","[""SAFETY BELT USED""]","[""F"", ""M""]",[]
STRAIGHT AND LEVEL,1532,2025-09-24T08:55:00.000,4,8,9,988dbcf6f8fce2095877e50f26e67a0ef7b813607755c4a898aa1e924296f910ba887dc4fd564adaa02d58debd92ccc90eb1b196bcfa9725bb7f5e5682fba285,NO INJURY / DRIVE AWAY,"OVER $1,500",2025-09-24T09:15:00.000,NO CONTROLS,HEAD ON,Y,0,0,2,0,0,0,0,41.8892896577,DAYLIGHT,-87.7552474901,NO INDICATION OF INJURY,2,30,UNABLE TO DETERMINE,NOT ON SCENE (DESK REPORT),NO DEFECTS,DRY,UNABLE TO DETERMINE,N,LARAMIE AVE,457,NO CONTROLS,DIVIDED - W/MEDIAN (NOT RAISED),CLEAR,,,,,,,2,2,"{""coordinates"": [-87.755247490147, 41.889289657691], ""type"": ""Point""}","[""FRONT-RIGHT-CORNER""]","[""STRAIGHT AHEAD"", ""UNKNOWN/NA""]",[],"[""N"", ""S""]","[""DRIVER""]","[""NONE"", ""UNKNOWN""]","[""PERSONAL""]","[""2024""]","[""0""]","[""DEPLOYMENT UNKNOWN"", ""NOT APPLICABLE""]","[""NONE""]","[""NO INDICATION OF INJURY""]","[""DRIVER""]","[""SAFETY BELT USED"", ""USAGE UNKNOWN""]","[""M""]",[]
STRAIGHT AND LEVEL,1234,2025-09-24T08:57:00.000,4,8,9,fcb3b5fda51811cd0c5dc9b7086d44c24c25379d38fa1207c1b93bf2ab71fd2a57f43e31f785d11c33b37819a30043129fd862646c562936b190af18829c5eff,NO INJURY / DRIVE AWAY,"OVER $1,500",2025-09-24T13:50:00.000,FUNCTIONING PROPERLY,REAR END,,0,0,2,0,0,0,0,41.8558084627,DAYLIGHT,-87.6760927684,NO INDICATION OF INJURY,2,25,UNABLE TO DETERMINE,NOT ON SCENE (DESK REPORT),NO DEFECTS,DRY,UNABLE TO DETERMINE,S,DAMEN AVE,1900,STOP SIGN/FLASHER,NOT DIVIDED,CLEAR,Y,,,,,,2,2,"{""coordinates"": [-87.676092768363, 41.855808462721], ""type"": ""Point""}","[""FRONT"", ""REAR""]","[""STRAIGHT AHEAD""]",[],"[""N""]","[""DRIVER""]","[""NONE""]","[""PERSONAL""]","[""2007"", ""2023""]","[""24"", ""37""]","[""NOT APPLICABLE""]","[""NONE""]","[""NO INDICATION OF INJURY""]","[""DRIVER""]","[""SAFETY BELT USED""]","[""M""]",[]
STRAIGHT AND LEVEL,1033,2025-09-24T09:00:00.000,4,9,9,a8ac4e0fb47d0d845c7b61939cde33167fc697afd201f2f1d6806074afc761790d552de60a11bcb0abf29e32ac8f9d4e4fefd70076539afc06ad4279dd294ff6,NO INJURY / DRIVE AWAY,"OVER $1,500",2025-09-24T09:28:00.000,NO CONTROLS,TURNING,,0,0,4,0,0,0,0,41.8490590582,DAYLIGHT,-87.695807698,NO INDICATION OF INJURY,2,25,DRIVING SKILLS/KNOWLEDGE/EXPERIENCE,ON SCENE,NO DEFECTS,DRY,NOT APPLICABLE,W,23RD PL,2809,NO CONTROLS,NOT DIVIDED,CLEAR,Y,,,,,,2,4,"{""coordinates"": [-87.695807698042, 41.849059058218], ""type"": ""Point""}","[""SIDE-LEFT-REAR""]","[""STRAIGHT AHEAD"", ""TURNING LEFT""]",[],"[""E"", ""W""]","[""DRIVER""]","[""NONE""]","[""PERSONAL"", ""SCHOOL BUS""]","[""2012"", ""2018""]","[""15"", ""35"", ""56""]","[""DID NOT DEPLOY"", ""NOT APPLICABLE""]","[""NONE""]","[""NO INDICATION OF INJURY""]","[""DRIVER"", ""PASSENGER""]","[""SAFETY BELT USED""]","[""F"", ""M""]","[""3"", ""6""]"
STRAIGHT AND LEVEL,2534,2025-09-24T09:15:00.000,4,9,9,b75d0cf96f2ab1eb5f26e23527ed3241191366c66a5b1fc7794ea4253f92e48f1e40dae21713ae4242a2cd761f6f70c0fd363f2daa1b76864df0b12ff0adf32d,NO INJURY / DRIVE AWAY,"OVER $1,500",2025-09-24T11:40:00.000,FUNCTIONING PROPERLY,REAR END,,0,0,2,0,0,0,0,41.9099147866,DAYLIGHT,-87.7310665927,NO INDICATION OF INJURY,2,25,FAILING TO REDUCE SPEED TO AVOID CRASH,NOT ON SCENE (DESK REPORT),NO DEFECTS,DRY,NOT APPLICABLE,N,KEELER AVE,1601,TRAFFIC SIGNAL,NOT DIVIDED,CLEAR,,,,,,,2,2,"{""coordinates"": [-87.731066592677, 41.909914786621], ""type"": ""Point""}","[""FRONT"", ""REAR""]","[""SLOW/STOP IN TRAFFIC"", ""STRAIGHT AHEAD""]",[],"[""N""]","[""DRIVER""]","[""NONE""]","[""PERSONAL""]","[""2004"", ""2019""]","[""36"", ""57""]","[""NOT APPLICABLE""]","[""NONE""]","[""NO INDICATION OF INJURY""]","[""DRIVER""]","[""SAFETY BELT USED"", ""USAGE UNKNOWN""]","[""F"", ""M""]",[]
STRAIGHT AND LEVEL,1812,2025-09-24T09:30:00.000,4,9,9,11d913bd47c8ac8db16d85c42a6cd256f13c0c32573d7fda8271690dea3cff8c9a8e5c73bdbbb0699e86f4f0471d3f3b66ba61ccbb28b37dd4bd40786589e905,NO INJURY / DRIVE AWAY,"$501 - $1,500",2025-09-24T10:14:00.000,NO CONTROLS,PARKED MOTOR VEHICLE,,0,0,1,0,0,0,0,41.9232889755,DAYLIGHT,-87.6459590789,NO INDICATION OF INJURY,2,30,DRIVING SKILLS/KNOWLEDGE/EXPERIENCE,ON SCENE,NO DEFECTS,DRY,NOT APPLICABLE,N,LINCOLN AVE,2266,NO CONTROLS,NOT DIVIDED,CLEAR,,,,,,,2,1,"{""coordinates"": [-87.64595907891, 41.923288975468], ""type"": ""Point""}","[""FRONT-RIGHT-CORNER"", ""SIDE-LEFT""]","[""PARKED"", ""STRAIGHT AHEAD""]",[],"[""S""]","[""DRIVER"", ""PARKED""]","[""NONE"", ""UNKNOWN""]","[""COMMERCIAL - MULTI-UNIT"", ""PERSONAL""]","[""2016"", ""2017""]","[""84""]","[""NOT APPLICABLE""]","[""NONE""]","[""NO INDICATION OF INJURY""]","[""DRIVER""]","[""USAGE UNKNOWN""]","[""F""]",[]
STRAIGHT AND LEVEL,1212,2025-09-24T09:30:00.000,4,9,9,d5c59e9fe9843368ccb70ffc7aa9ca08e279bacabed413f6f926cde58a40a8b8133bb0a9ea2bd477544809bb6f0751dbcf0be3ecc1bbf7b5b16c5b03e5ef2d32,NO INJURY / DRIVE AWAY,"OVER $1,500",2025-09-24T15:40:00.000,NO CONTROLS,PARKED MOTOR VEHICLE,,0,0,1,0,0,0,0,41.9012826248,DAYLIGHT,-87.6759204965,NO INDICATION OF INJURY,2,25,DRIVING SKILLS/KNOWLEDGE/EXPERIENCE,NOT ON SCENE (DESK REPORT),NO DEFECTS,DRY,NOT APPLICABLE,W,THOMAS ST,1927,NO CONTROLS,ONE-WAY,CLEAR,,,,,,,2,1,"{""coordinates"": [-87.675920496453, 41.901282624757], ""type"": ""Point""}","[""FRONT"", ""REAR""]","[""BACKING"", ""PARKED""]",[],"[""E"", ""W""]","[""DRIVER"", ""PARKED""]","[""NONE"", ""UNKNOWN""]","[""NOT IN USE"", ""PERSONAL""]","[""2018"", ""2025""]","[""30""]","[""DID NOT DEPLOY""]","[""NONE""]","[""NO INDICATION OF INJURY""]","[""DRIVER""]","[""SAFETY BELT USED""]","[""F""]",[]
STRAIGHT AND LEVEL,1123,2025-09-24T09:40:00.000,4,9,9,0cc848be316398f67ebf5d5d81e306d01f86316c58ebdd641d1833c07d65b0e6c2ade9e55dd2b109de9db779f1226beb077ea8c8286538d0d55c86e6500c3d2e,INJURY AND / OR TOW DUE TO CRASH,"OVER $1,500",2025-09-24T09:48:00.000,FUNCTIONING PROPERLY,ANGLE,,0,0,3,0,0,0,0,41.8821989478,DAYLIGHT,-87.706304442,NO INDICATION OF INJURY,2,30,UNABLE TO DETERMINE,ON SCENE,NO DEFECTS,DRY,NOT APPLICABLE,N,KEDZIE AVE,42,TRAFFIC SIGNAL,NOT DIVIDED,CLEAR,Y,,,Y,,,2,3,"{""coordinates"": [-87.706304442006, 41.882198947845], ""type"": ""Point""}","[""FRONT"", ""SIDE-LEFT""]","[""STRAIGHT AHEAD""]","[""Y""]","[""E"", ""S""]","[""DRIVER""]","[""NONE"", ""UNKNOWN""]","[""PERSONAL""]","[""1998"", ""2025""]","[""26"", ""3"", ""60""]","[""DEPLOYED, SIDE"", ""NOT APPLICABLE""]","[""NONE""]","[""NO INDICATION OF INJURY""]","[""DRIVER"", ""PASSENGER""]","[""USAGE UNKNOWN""]","[""F""]","[""5""]"
STRAIGHT AND LEVEL,2012,2025-09-24T09:45:00.000,4,9,9,fffdb31548c7245b52baf4df4c84995c61a0190cc334f353b0aa8ba339eba6f4f6ad5c8fbeee6c0fd9fc387859bfc05a2c0ddc33c78e62d5528f95a8528359aa,INJURY AND / OR TOW DUE TO CRASH,"OVER $1,500",2025-09-24T09:53:00.000,FUNCTIONING PROPERLY,TURNING,,0,0,2,0,0,0,0,41.990676795,DAYLIGHT,-87.6734189526,NO INDICATION OF INJURY,2,30,DRIVING ON WRONG SIDE/WRONG WAY,NOT ON SCENE (DESK REPORT),NO DEFECTS,DRY,IMPROPER OVERTAKING/PASSING,W,PETERSON AVE,1747,TRAFFIC SIGNAL,FOUR WAY,CLEAR,,Y,,,,,2,2,"{""coordinates"": [-87.673418952576, 41.990676795005], ""type"": ""Point""}","[""FRONT"", ""SIDE-RIGHT""]","[""STRAIGHT AHEAD"", ""TURNING LEFT""]","[""Y""]","[""E"", ""NW""]","[""DRIVER""]","[""NONE""]","[""PERSONAL""]","[""2018"", ""2019""]","[""28"", ""37""]","[""DID NOT DEPLOY""]","[""NONE""]","[""NO INDICATION OF INJURY""]","[""DRIVER""]","[""SAFETY BELT USED""]","[""F"", ""M""]",[]
STRAIGHT AND LEVEL,1834,2025-09-24T09:50:00.000,4,9,9,b6a8ed06a46c366306fff76177c51455c6d67a6d5dfefb10c952651cac62ee0149886968ce167f234885e7c29de6395c288eaccf4469007b6e9593d5678e9728,NO INJURY / DRIVE AWAY,$500 OR LESS,2025-09-24T09:54:00.000,NO CONTROLS,PARKED MOTOR VEHICLE,,0,0,1,0,0,0,0,41.8899732277,DAYLIGHT,-87.6268080461,NO INDICATION OF INJURY,2,30,NOT APPLICABLE,ON SCENE,NO DEFECTS,DRY,NOT APPLICABLE,N,WABASH AVE,418,NO CONTROLS,DIVIDED - W/MEDIAN (NOT RAISED),CLEAR,,,,,,,2,1,"{""coordinates"": [-87.626808046091, 41.889973227696], ""type"": ""Point""}","[""REAR"", ""UNKNOWN""]","[""BACKING"", ""PARKED""]",[],"[""S""]","[""DRIVER"", ""PARKED""]","[""UNKNOWN""]","[""PERSONAL"", ""UNKNOWN/NA""]","[""2021"", ""2024""]","[""54""]","[""DID NOT DEPLOY""]","[""NONE""]","[""NO INDICATION OF INJURY""]","[""DRIVER""]","[""USAGE UNKNOWN""]","[""M""]",[]
STRAIGHT AND LEVEL,531,2025-09-24T09:55:00.000,4,9,9,7e37075422a983807d2e6a3c5928587ca9747ba431b38a5c0b7ae7dc90fd2f3d5638f781322944751508224a845c4c2289aa5e21a27cda9d9ee3f712ebb8da03,NO INJURY / DRIVE AWAY,"OVER $1,500",2025-09-24T11:38:00.000,NO CONTROLS,SIDESWIPE SAME DIRECTION,,0,0,2,0,0,0,0,41.6887377435,DAYLIGHT,-87.6096854787,NO INDICATION OF INJURY,2,20,FAILING TO YIELD RIGHT-OF-WAY,NOT ON SCENE (DESK REPORT),UNKNOWN,DRY,NOT APPLICABLE,S,FORRESTVILLE AVE,11312,NO CONTROLS,ONE-WAY,CLEAR,,,,,,,2,2,"{""coordinates"": [-87.609685478699, 41.688737743499], ""type"": ""Point""}","[""FRONT-RIGHT-CORNER"", ""SIDE-LEFT""]","[""ENTERING TRAFFIC LANE FROM PARKING"", ""STRAIGHT AHEAD""]",[],"[""S"", ""SE""]","[""DRIVER""]","[""UNKNOWN""]","[""PERSONAL""]","[""2020"", ""2025""]","[""40"", ""70""]","[""DID NOT DEPLOY"", ""NOT APPLICABLE""]","[""NONE""]","[""NO INDICATION OF INJURY""]","[""DRIVER""]","[""SAFETY BELT USED""]","[""F""]",[]
STRAIGHT AND LEVEL,2413,2025-09-24T10:00:00.000,4,10,9,3bdb7c65a5ebc3424ef96aee1619309d1ca7e683ee3ebacee3cedd8ef3e49d7125fee902d47d9421556f5dd1ac945d28a93493705489ef2b0b269463c2e45459,INJURY AND / OR TOW DUE TO CRASH,"OVER $1,500",2025-09-24T10:05:00.000,NO CONTROLS,PARKED MOTOR VEHICLE,,0,0,1,0,0,0,0,41.9953098988,DAYLIGHT,-87.6899510949,NO INDICATION OF INJURY,2,30,IMPROPER LANE USAGE,ON SCENE,NO DEFECTS,DRY,FAILING TO REDUCE SPEED TO AVOID CRASH,N,WESTERN AVE,6240,NO CONTROLS,NOT DIVIDED,CLEAR,,,,,,,2,1,"{""coordinates"": [-87.689951094893, 41.99530989883], ""type"": ""Point""}","[""FRONT-RIGHT-CORNER"", ""REAR-LEFT-CORNER""]","[""PARKED"", ""STRAIGHT AHEAD""]","[""Y""]","[""N"", ""S""]","[""DRIVER"", ""PARKED""]","[""NONE""]","[""NOT IN USE"", ""PERSONAL""]","[""2013"", ""2014""]","[""53""]","[""NOT APPLICABLE""]","[""NONE""]","[""NO INDICATION OF INJURY""]","[""DRIVER""]","[""USAGE UNKNOWN""]","[""M""]",[]
STRAIGHT AND LEVEL,1135,2025-09-24T10:00:00.000,4,10,9,b4e30f8ef8f29426e464764e197a6095bbc0c94e7db73817f1fcc063c57ceb877d5cf9409c6b8efd27a5f09d939b4abee28e7623383ea8899eace970c660162e,INJURY AND / OR TOW DUE TO CRASH,"OVER $1,500",2025-09-24T10:09:00.000,NO CONTROLS,TURNING,Y,0,0,2,0,0,0,0,41.8685333662,DAYLIGHT,-87.6867408668,NO INDICATION OF INJURY,2,30,UNABLE TO DETERMINE,ON SCENE,NO DEFECTS,DRY,UNABLE TO DETERMINE,W,FILLMORE ST,2414,NO CONTROLS,NOT DIVIDED,CLEAR,,,,,,,2,2,"{""coordinates"": [-87.686740866821, 41.868533366228], ""type"": ""Point""}","[""FRONT"", ""FRONT-RIGHT-CORNER""]","[""STRAIGHT AHEAD"", ""TURNING LEFT""]","[""Y""]","[""N"", ""W""]","[""DRIVER""]","[""NONE"", ""UNKNOWN""]","[""PERSONAL"", ""UNKNOWN/NA""]","[""2017""]","[""28""]","[""DEPLOYMENT UNKNOWN"", ""NOT APPLICABLE""]","[""NONE""]","[""NO INDICATION OF INJURY""]","[""DRIVER""]","[""SAFETY BELT USED"", ""USAGE UNKNOWN""]","[""F"", ""X""]",[]
STRAIGHT AND LEVEL,423,2025-09-24T10:05:00.000,4,10,9,1f4f553448ab6a4110aa68d6b9eedb049cd6334b7ddf3ebd49655b6d4430ef75d37a1c510cd213146d1482ce17c0a3abc709dc010964e22c23d7cb75bba06171,NO INJURY / DRIVE AWAY,"OVER $1,500",2025-09-24T11:25:00.000,NO CONTROLS,ANGLE,Y,0,0,2,0,0,0,0,41.7370429734,DAYLIGHT,-87.5656969534,NO INDICATION OF INJURY,2,35,DRIVING SKILLS/KNOWLEDGE/EXPERIENCE,NOT ON SCENE (DESK REPORT),NO DEFECTS,DRY,UNABLE TO DETERMINE,S,SOUTH CHICAGO AVE,8700,NO CONTROLS,NOT DIVIDED,CLEAR,,,,,,,2,2,"{""coordinates"": [-87.565696953391, 41.737042973423], ""type"": ""Point""}","[""FRONT-LEFT-CORNER"", ""UNKNOWN""]","[""STRAIGHT AHEAD""]",[],"[""E"", ""N""]","[""DRIVER""]","[""NONE"", ""UNKNOWN""]","[""PERSONAL""]","[""2015""]","[""33""]","[""DEPLOYMENT UNKNOWN"", ""DID NOT DEPLOY""]","[""NONE""]","[""NO INDICATION OF INJURY""]","[""DRIVER""]","[""SAFETY BELT USED"", ""USAGE UNKNOWN""]","[""M"", ""X""]",[]
STRAIGHT AND LEVEL,2022,2025-09-24T10:15:00.000,4,10,9,f39e179206a61ae2b0d63f1b76dae2fa647158aa9ad813e96274bef6b3bdb146ddcb1e6c2b4cb7c57849e01315e6fc9e737d45869940fb71fa1a99523f08914a,NO INJURY / DRIVE AWAY,"OVER $1,500",2025-09-24T10:45:00.000,FUNCTIONING PROPERLY,SIDESWIPE SAME DIRECTION,,0,0,2,0,0,0,0,41.9872132789,DAYLIGHT,-87.6551507343,NO INDICATION OF INJURY,2,30,IMPROPER OVERTAKING/PASSING,NOT ON SCENE (DESK REPORT),NO DEFECTS,DRY,NOT APPLICABLE,N,SHERIDAN RD,5757,TRAFFIC SIGNAL,DIVIDED - W/MEDIAN (NOT RAISED),CLEAR,,,,,,,2,2,"{""coordinates"": [-87.65515073432, 41.987213278868], ""type"": ""Point""}","[""FRONT-LEFT-CORNER"", ""REAR-RIGHT-CORNER""]","[""STRAIGHT AHEAD""]",[],"[""N""]","[""DRIVER""]","[""OTHER"", ""UNKNOWN""]","[""PERSONAL""]","[""2010"", ""2023""]","[""26"", ""39""]","[""NOT APPLICABLE""]","[""NONE""]","[""NO INDICATION OF INJURY""]","[""DRIVER""]","[""SAFETY BELT USED"", ""USAGE UNKNOWN""]","[""M""]",[]
STRAIGHT AND LEVEL,1134,2025-09-24T10:30:00.000,4,10,9,01276bf645bb8ed71166b118c6bf7de181b0900dcc2a18fc761bdd23a3e4b025fc92cecc68a7faf3c049cb2eadfba7464dbe784589063f48bbfd589461d99b3d,NO INJURY / DRIVE AWAY,"$501 - $1,500",2025-09-24T10:53:00.000,FUNCTIONING PROPERLY,SIDESWIPE SAME DIRECTION,Y,0,0,2,0,0,0,0,41.8736984557,DAYLIGHT,-87.7011582497,NO INDICATION OF INJURY,2,30,UNABLE TO DETERMINE,NOT ON SCENE (DESK REPORT),NO DEFECTS,DRY,NOT APPLICABLE,S,SACRAMENTO BLVD,600,TRAFFIC SIGNAL,NOT DIVIDED,CLEAR,,,,,,,2,2,"{""coordinates"": [-87.701158249705, 41.873698455701], ""type"": ""Point""}","[""REAR-LEFT-CORNER"", ""UNKNOWN""]","[""CHANGING LANES"", ""SLOW/STOP IN TRAFFIC""]",[],"[""S""]","[""DRIVER""]","[""UNKNOWN""]","[""PERSONAL"", ""UNKNOWN/NA""]","[""1984"", ""2020""]","[""52""]","[""DEPLOYMENT UNKNOWN"", ""DID NOT DEPLOY""]","[""NONE""]","[""NO INDICATION OF INJURY""]","[""DRIVER""]","[""USAGE UNKNOWN""]","[""M""]",[]
STRAIGHT AND LEVEL,1924,2025-09-24T10:36:00.000,4,10,9,c3d31aee1561dfb1db75cb52bc7975058345bb6060bf41c7611f1b72228fa0a9a2f88954d49d28576372dd2e7d771b01779262b9c980f15a2cacf84c3fd88f41,NO INJURY / DRIVE AWAY,"OVER $1,500",2025-09-24T11:11:00.000,NO CONTROLS,SIDESWIPE SAME DIRECTION,,0,0,2,0,0,0,0,41.9416012261,DAYLIGHT,-87.6563603238,NO INDICATION OF INJURY,2,15,UNABLE TO DETERMINE,NOT ON SCENE (DESK REPORT),UNKNOWN,UNKNOWN,UNABLE TO DETERMINE,W,SCHOOL ST,1055,NO CONTROLS,ONE-WAY,CLEAR,,,,,,,2,2,"{""coordinates"": [-87.656360323789, 41.941601226109], ""type"": ""Point""}","[""SIDE-LEFT-FRONT"", ""SIDE-RIGHT""]","[""BACKING"", ""SLOW/STOP IN TRAFFIC""]",[],"[""E""]","[""DRIVER""]","[""UNKNOWN""]","[""UNKNOWN/NA""]","[""2018"", ""2020""]","[""29"", ""36""]","[""DEPLOYMENT UNKNOWN""]","[""UNKNOWN""]","[""NO INDICATION OF INJURY""]","[""DRIVER""]","[""USAGE UNKNOWN""]","[""F""]",[]