alignment,beat_of_occurrence,crash_date,crash_day_of_week,crash_hour,crash_month,crash_record_id,crash_type,damage,date_police_notified,device_condition,first_crash_type,hit_and_run_i,injuries_fatal,injuries_incapacitating,injuries_no_indication,injuries_non_incapacitating,injuries_reported_not_evident,injuries_total,injuries_unknown,latitude,lighting_condition,longitude,most_severe_injury,num_units,posted_speed_limit,prim_contributory_cause,report_type,road_defect,roadway_surface_cond,sec_contributory_cause,street_direction,street_name,street_no,traffic_control_device,trafficway_type,weather_condition,intersection_related_i,crash_date_est_i,private_property_i,statements_taken_i,photos_taken_i,work_zone_i,veh_count,ppl_count,location_json,veh_first_contact_point_list_json,veh_maneuver_list_json,veh_towed_i_list_json,veh_travel_direction_list_json,veh_unit_type_list_json,veh_vehicle_defect_list_json,veh_vehicle_use_list_json,veh_vehicle_year_list_json,ppl_age_list_json,ppl_airbag_deployed_list_json,ppl_ejection_list_json,ppl_injury_classification_list_json,ppl_person_type_list_json,ppl_safety_equipment_list_json,ppl_sex_list_json,ppl_seat_no_list_json
STRAIGHT AND LEVEL,722,2025-09-24T10:53:00.000,4,10,9,7a6d4ca493c4e765342d09dd1519772816aedb639e628f39a0a564087cd4f26772bb96c9680c944f360528c894b304c12e4433cd80a8d20cca179db0e862756b,NO INJURY / DRIVE AWAY,"OVER $1,500",2025-09-24T11:29:00.000,NO CONTROLS,SIDESWIPE SAME DIRECTION,,0,0,2,0,0,0,0,41.7726154357,DAYLIGHT,-87.6300996776,NO INDICATION OF INJURY,2,30,FAILING TO REDUCE SPEED TO AVOID CRASH,ON SCENE,NO DEFECTS,DRY,UNABLE TO DETERMINE,S,WENTWORTH AVE,6700,TRAFFIC SIGNAL,DIVIDED - W/MEDIAN (NOT RAISED),CLEAR,,,,,,,2,2,"{""coordinates"": [-87.630099677564, 41.77261543566], ""type"": ""Point""}","[""FRONT-RIGHT-CORNER"", ""SIDE-RIGHT-REAR""]","[""CHANGING LANES"", ""STRAIGHT AHEAD""]",[],"[""S""]","[""DRIVER""]","[""NONE""]","[""PERSONAL""]","[""2012"", ""2015""]","[""18"", ""53""]","[""NOT APPLICABLE""]","[""NONE""]","[""NO INDICATION OF INJURY""]","[""DRIVER""]","[""SAFETY BELT USED""]","[""M""]",[]
STRAIGHT AND LEVEL,1413,2025-09-24T11:00:00.000,4,11,9,7cd02dc9bf685b2cd791fad3d3cf0d6b2b15eeb220013edbf7edd536234426e543f47313eeb5f2c990dff593fe5b6ac2145fdcdebc9bbd07def9d83ac18eabbf,NO INJURY / DRIVE AWAY,"OVER $1,500",2025-09-24T11:10:00.000,NO CONTROLS,REAR TO SIDE,Y,0,0,2,0,0,0,0,41.9228954421,DAYLIGHT,-87.7159157714,NO INDICATION OF INJURY,2,15,FAILING TO YIELD RIGHT-OF-WAY,NOT ON SCENE (DESK REPORT),NO DEFECTS,DRY,FAILING TO YIELD RIGHT-OF-WAY,W,BELDEN AVE,3554,NO CONTROLS,OTHER,CLEAR,,,,,,,2,2,"{""coordinates"": [-87.715915771365, 41.922895442054], ""type"": ""Point""}","[""FRONT-RIGHT-CORNER"", ""SIDE-LEFT-REAR""]","[""OTHER"", ""STRAIGHT AHEAD""]",[],"[""UNKNOWN""]","[""DRIVER""]","[""NONE""]","[""NOT IN USE"", ""PERSONAL""]","[""2020"", ""2021""]","[""52""]","[""DEPLOYMENT UNKNOWN"", ""DID NOT DEPLOY""]","[""NONE""]","[""NO INDICATION OF INJURY""]","[""DRIVER""]","[""USAGE UNKNOWN""]","[""M""]",[]
STRAIGHT AND LEVEL,2032,2025-09-24T11:05:00.000,4,11,9,efe020ebedb481b96b094768fbd4b56c25f1fc70e00aa453fa67d025834676ab92034c931be8172ba9850d92b037aa9e35ec541837197aaa30e5744e6a52708d,NO INJURY / DRIVE AWAY,"OVER $1,500",2025-09-24T11:40:00.000,FUNCTIONING PROPERLY,REAR END,,0,0,2,0,0,0,0,41.9688470475,DAYLIGHT,-87.6805485238,NO INDICATION OF INJURY,2,30,FOLLOWING TOO CLOSELY,NOT ON SCENE (DESK REPORT),NO DEFECTS,DRY,UNABLE TO DETERMINE,W,LAWRENCE AVE,2034,TRAFFIC SIGNAL,DIVIDED - W/MEDIAN (NOT RAISED),CLEAR,,,,,,,2,2,"{""coordinates"": [-87.680548523757, 41.968847047482], ""type"": ""Point""}","[""FRONT"", ""REAR""]","[""SLOW/STOP IN TRAFFIC"", ""STRAIGHT AHEAD""]",[],"[""N""]","[""DRIVER""]","[""NONE"", ""UNKNOWN""]","[""PERSONAL""]","[""2001"", ""2016""]","[""33"", ""88""]","[""NOT APPLICABLE""]","[""NONE""]","[""NO INDICATION OF INJURY""]","[""DRIVER""]","[""SAFETY BELT USED"", ""USAGE UNKNOWN""]","[""M""]",[]
STRAIGHT AND LEVEL,1811,2025-09-24T11:09:00.000,4,11,9,8c2c3cee36fde2bd30533b0f4ff8529313114fead74908e1d801d881fd37e20aeadf6bb2a5bc4539490c2cf7934263b9229dd8e934095ab7d419d09cc17c3724,INJURY AND / OR TOW DUE TO CRASH,"$501 - $1,500",2025-09-24T11:15:00.000,NO CONTROLS,OTHER OBJECT,,0,0,2,1,0,1,0,41.9241881027,DAYLIGHT,-87.6549289786,NONINCAPACITATING INJURY,2,25,IMPROPER OVERTAKING/PASSING,NOT ON SCENE (DESK REPORT),NO DEFECTS,DRY,UNABLE TO DETERMINE,N,KENMORE AVE,2320,NO CONTROLS,OTHER,CLEAR,,,,,,,2,3,"{""coordinates"": [-87.654928978592, 41.92418810268], ""type"": ""Point""}","[""SIDE-RIGHT-REAR""]","[""SLOW/STOP IN TRAFFIC""]",[],"[""S""]","[""DRIVER"", ""NON-MOTOR VEHICLE""]","[""NONE""]","[""TAXI/FOR HIRE""]","[""2021""]","[""20"", ""45""]","[""NOT APPLICABLE""]","[""NONE""]","[""NO INDICATION OF INJURY"", ""NONINCAPACITATING INJURY""]","[""DRIVER"", ""NON-MOTOR VEHICLE"", ""PASSENGER""]","[""NONE PRESENT"", ""USAGE UNKNOWN""]","[""F"", ""M""]","[""6""]"
STRAIGHT AND LEVEL,1424,2025-09-24T11:10:00.000,4,11,9,020d6b43d2210793037667e3c2f6d39d9ec9a01b0ed33a6d310ee1c2f132489f10d3fa2df05901216de49bfba41fbd18f432f64d206c37637bb161a4f1b80689,NO INJURY / DRIVE AWAY,"$501 - $1,500",2025-09-24T11:50:00.000,NO CONTROLS,ANGLE,,0,0,2,0,0,0,0,41.9089266174,DAYLIGHT,-87.6743389973,NO INDICATION OF INJURY,2,30,UNABLE TO DETERMINE,NOT ON SCENE (DESK REPORT),NO DEFECTS,DRY,NOT APPLICABLE,N,HONORE ST,1513,NO CONTROLS,NOT DIVIDED,CLEAR,,,,,,,2,2,"{""coordinates"": [-87.674338997299, 41.908926617378], ""type"": ""Point""}","[""REAR"", ""SIDE-LEFT-REAR""]","[""BACKING""]",[],"[""E"", ""N""]","[""DRIVER""]","[""NONE""]","[""PERSONAL""]",[],"[""26"", ""60""]","[""DID NOT DEPLOY""]","[""NONE""]","[""NO INDICATION OF INJURY""]","[""DRIVER""]","[""NONE PRESENT"", ""SAFETY BELT USED""]","[""F"", ""M""]",[]
STRAIGHT AND LEVEL,813,2025-09-24T11:15:00.000,4,11,9,aaf6cc93badb4c646d38a0f6b9212882a22a138f881d1ae0101637251d038a3ccd8d78d182d692eeb10110a060c8991fb4ac251a53850f1d7628fac3fa0af0d0,NO INJURY / DRIVE AWAY,"$501 - $1,500",2025-09-24T11:35:00.000,FUNCTIONING PROPERLY,SIDESWIPE SAME DIRECTION,,0,0,2,0,0,0,0,41.7783593388,DAYLIGHT,-87.7387595452,NO INDICATION OF INJURY,2,30,UNABLE TO DETERMINE,NOT ON SCENE (DESK REPORT),UNKNOWN,UNKNOWN,NOT APPLICABLE,W,63RD ST,4635,TRAFFIC SIGNAL,NOT DIVIDED,UNKNOWN,,,,,,,2,2,"{""coordinates"": [-87.738759545219, 41.778359338804], ""type"": ""Point""}","[""FRONT-LEFT-CORNER"", ""SIDE-RIGHT-REAR""]","[""OTHER"", ""STRAIGHT AHEAD""]",[],"[""E""]","[""DRIVER""]","[""NONE""]","[""UNKNOWN/NA""]","[""2018"", ""2020""]","[""18"", ""30""]","[""DEPLOYED, COMBINATION"", ""DEPLOYMENT UNKNOWN""]","[""NONE""]","[""NO INDICATION OF INJURY""]","[""DRIVER""]","[""SAFETY BELT USED""]","[""F"", ""M""]",[]
STRAIGHT AND LEVEL,1712,2025-09-24T11:24:00.000,4,11,9,12e59cc6fefd20974421619290c2b26e8324d5fb82819a63d54158a908d5cd6b03b6366ebe3632834fe775e11f629cf52a308c03e6a9aef3178894c1a39fb5c6,INJURY AND / OR TOW DUE TO CRASH,$500 OR LESS,2025-09-24T11:27:00.000,FUNCTIONING PROPERLY,REAR END,,0,0,1,0,1,1,0,41.9702088717,DAYLIGHT,-87.728231999,"REPORTED, NOT EVIDENT",2,30,FOLLOWING TOO CLOSELY,ON SCENE,NO DEFECTS,DRY,DRIVING SKILLS/KNOWLEDGE/EXPERIENCE,N,PULASKI RD,4902,STOP SIGN/FLASHER,NOT DIVIDED,CLEAR,,Y,,,,,2,2,"{""coordinates"": [-87.728231998982, 41.970208871688], ""type"": ""Point""}","[""FRONT"", ""REAR""]","[""SLOW/STOP IN TRAFFIC"", ""STRAIGHT AHEAD""]",[],"[""S""]","[""DRIVER""]","[""UNKNOWN""]","[""OTHER"", ""UNKNOWN/NA""]","[""2003"", ""2011""]","[""28"", ""37""]","[""DID NOT DEPLOY""]","[""NONE""]","[""NO INDICATION OF INJURY"", ""REPORTED, NOT EVIDENT""]","[""DRIVER""]","[""USAGE UNKNOWN""]","[""M""]",[]
STRAIGHT ON GRADE,1924,2025-09-24T11:24:00.000,4,11,9,f9a6f4f377c30cef5364a9693be7842162e82995d12f56664c573388f3c4dfd785da9d4d861aa1e0056d89533d8277f5f9d9e70a4197fc1b2e1bb360f7c28e45,INJURY AND / OR TOW DUE TO CRASH,"OVER $1,500",2025-09-24T11:40:00.000,FUNCTIONING PROPERLY,REAR END,,0,0,2,1,0,1,0,41.9400327811,DAYLIGHT,-87.6494152111,NONINCAPACITATING INJURY,2,30,FOLLOWING TOO CLOSELY,NOT ON SCENE (DESK REPORT),NO DEFECTS,DRY,NOT APPLICABLE,N,HALSTED ST,3200,TRAFFIC SIGNAL,NOT DIVIDED,CLEAR,,,,,,,2,3,"{""coordinates"": [-87.649415211125, 41.94003278106], ""type"": ""Point""}","[""FRONT"", ""REAR""]","[""SLOW/STOP IN TRAFFIC"", ""STRAIGHT AHEAD""]",[],"[""N""]","[""DRIVER""]","[""NONE""]","[""PERSONAL""]","[""2013"", ""2023""]","[""24"", ""26""]","[""DID NOT DEPLOY"", ""NOT APPLICABLE""]","[""NONE""]","[""NO INDICATION OF INJURY"", ""NONINCAPACITATING INJURY""]","[""DRIVER"", ""PASSENGER""]","[""SAFETY BELT USED""]","[""F"", ""M""]","[""3""]"
STRAIGHT AND LEVEL,1731,2025-09-24T11:30:00.000,4,11,9,8ce57de2eb02cb2ef3ae49f02afb5632d19c77f8da51c610bcb6ae4ba6502716c24d4e4ab70693c9d012bb5a18b05b6476d934af1fa61cf2852ff806f4520f04,NO INJURY / DRIVE AWAY,"$501 - $1,500",2025-09-24T16:40:00.000,FUNCTIONING PROPERLY,PEDESTRIAN,,0,0,2,0,0,0,0,41.9390093925,DAYLIGHT,-87.7368879874,NO INDICATION OF INJURY,2,30,UNABLE TO DETERMINE,NOT ON SCENE (DESK REPORT),NO DEFECTS,DRY,NOT APPLICABLE,N,KOSTNER AVE,3201,TRAFFIC SIGNAL,ONE-WAY,CLEAR,,,,,,,2,2,"{""coordinates"": [-87.736887987366, 41.939009392519], ""type"": ""Point""}","[""FRONT""]","[""STARTING IN TRAFFIC""]",[],"[""S""]","[""DRIVER"", ""PEDESTRIAN""]","[""NONE""]","[""PERSONAL""]","[""2014""]","[""0""]","[""DID NOT DEPLOY""]","[""NONE""]","[""NO INDICATION OF INJURY""]","[""DRIVER"", ""PEDESTRIAN""]","[""NONE PRESENT"", ""SAFETY BELT USED""]","[""M""]",[]
STRAIGHT AND LEVEL,1422,2025-09-24T11:40:00.000,4,11,9,49086ac85766d6031a1a275c72cb7643f6f7af7177a05897c0f44002fc0bbc21de33b21a1b91551fc4aeef9f8f64468512928adb35b0e939b064ac67ee6f7a46,NO INJURY / DRIVE AWAY,"OVER $1,500",2025-09-24T12:50:00.000,NO CONTROLS,PARKED MOTOR VEHICLE,,0,0,1,0,0,0,0,41.9042500078,DAYLIGHT,-87.709425289,NO INDICATION OF INJURY,2,25,UNABLE TO DETERMINE,ON SCENE,NO DEFECTS,DRY,UNABLE TO DETERMINE,N,SPAULDING AVE,1248,NO CONTROLS,ONE-WAY,CLEAR,,,,,,,2,1,"{""coordinates"": [-87.709425289006, 41.904250007766], ""type"": ""Point""}","[""FRONT"", ""SIDE-RIGHT-REAR""]","[""PARKED"", ""UNKNOWN/NA""]","[""N""]","[""N"", ""W""]","[""DRIVER"", ""PARKED""]","[""UNKNOWN""]","[""COMMERCIAL - SINGLE UNIT"", ""PERSONAL""]","[""2012"", ""2019""]","[""37""]","[""DID NOT DEPLOY""]","[""NONE""]","[""NO INDICATION OF INJURY""]","[""DRIVER""]","[""SAFETY BELT USED""]","[""M""]",[]
STRAIGHT AND LEVEL,2212,2025-09-24T11:40:00.000,4,11,9,dfc4ce6eb2a6a82bd4de27e9335e9db7a1c8d412e7b18ad2cd6cdc72ef5ef2c0277914b62caa4354282000ba8f4c22c797be37782cf92f0265afed72e34ca524,INJURY AND / OR TOW DUE TO CRASH,"OVER $1,500",2025-09-24T11:41:00.000,NO CONTROLS,SIDESWIPE SAME DIRECTION,,0,0,2,0,0,0,0,41.6918056321,DAYLIGHT,-87.690135514,NO INDICATION OF INJURY,2,30,FAILING TO YIELD RIGHT-OF-WAY,ON SCENE,NO DEFECTS,DRY,FAILING TO REDUCE SPEED TO AVOID CRASH,W,111TH ST,2742,NO CONTROLS,NOT DIVIDED,CLEAR,,,,,,,2,2,"{""coordinates"": [-87.690135514013, 41.691805632103], ""type"": ""Point""}","[""FRONT-LEFT-CORNER"", ""SIDE-RIGHT""]","[""ENTERING TRAFFIC LANE FROM PARKING"", ""STRAIGHT AHEAD""]","[""Y""]","[""W""]","[""DRIVER""]","[""UNKNOWN""]","[""PERSONAL""]","[""2018"", ""2025""]","[""55"", ""63""]","[""DID NOT DEPLOY""]","[""NONE""]","[""NO INDICATION OF INJURY""]","[""DRIVER""]","[""USAGE UNKNOWN""]","[""M""]",[]
STRAIGHT AND LEVEL,1831,2025-09-24T11:55:00.000,4,11,9,c19300195b410fc56cf960d9f978eb8322e4d996a138db70cb62d04ed4fe72e970a43612f919f4d2e434b2ab54378d73c1faa810d1c7515e8666ec2120446435,NO INJURY / DRIVE AWAY,"$501 - $1,500",2025-09-24T12:04:00.000,NO CONTROLS,FIXED OBJECT,,0,0,1,0,0,0,0,41.8893187111,DAYLIGHT,-87.6281526679,NO INDICATION OF INJURY,1,10,UNABLE TO DETERMINE,ON SCENE,NO DEFECTS,DRY,UNABLE TO DETERMINE,N,STATE ST,400,NO CONTROLS,ALLEY,CLEAR,,,Y,,,,1,1,"{""coordinates"": [-87.6281526679, 41.889318711059], ""type"": ""Point""}","[""REAR-RIGHT-CORNER""]","[""BACKING""]",[],"[""W""]","[""DRIVER""]","[""NONE""]","[""OTHER""]","[""2020""]","[""9""]","[""DID NOT DEPLOY""]","[""NONE""]","[""NO INDICATION OF INJURY""]","[""DRIVER""]","[""SAFETY BELT USED""]","[""M""]",[]
STRAIGHT AND LEVEL,1034,2025-09-24T12:00:00.000,4,12,9,0b8f3133832cfb7bc23265d954c6c86d95cbaf5b3ec8ae11903a586dc6387bccd0ac2687ca59a752f16b71440ebb7a7e898de24833b93aeaff03d6f8932d7047,NO INJURY / DRIVE AWAY,"OVER $1,500",2025-09-24T12:15:00.000,FUNCTIONING PROPERLY,REAR END,Y,0,0,4,0,0,0,0,41.8492570164,DAYLIGHT,-87.6857056767,NO INDICATION OF INJURY,2,25,UNABLE TO DETERMINE,ON SCENE,UNKNOWN,DRY,UNABLE TO DETERMINE,S,WESTERN AVE,2330,TRAFFIC SIGNAL,DIVIDED - W/MEDIAN (NOT RAISED),CLEAR,,,,,,,2,4,"{""coordinates"": [-87.685705676698, 41.849257016373], ""type"": ""Point""}","[""FRONT"", ""REAR""]","[""UNKNOWN/NA""]",[],"[""UNKNOWN""]","[""DRIVER""]","[""UNKNOWN""]","[""PERSONAL"", ""UNKNOWN/NA""]","[""2005"", ""2019""]","[""31""]","[""DEPLOYMENT UNKNOWN"", ""DID NOT DEPLOY""]","[""NONE"", ""UNKNOWN""]","[""NO INDICATION OF INJURY""]","[""DRIVER"", ""PASSENGER""]","[""USAGE UNKNOWN""]","[""M""]","[""3"", ""6""]"
STRAIGHT AND LEVEL,2024,2025-09-24T12:30:00.000,4,12,9,0e21dad0c874304817ea8e145336516b73404fa8bd12d33ed5361776368f33f460536fdae85da353c4c06a465a8c462ef7982fd09ebd8cb7a61f76cbfdfe6a61,NO INJURY / DRIVE AWAY,"OVER $1,500",2025-09-24T14:00:00.000,NO CONTROLS,SIDESWIPE SAME DIRECTION,,0,0,2,0,0,0,0,41.9748326185,DAYLIGHT,-87.6562258378,NO INDICATION OF INJURY,2,20,UNABLE TO DETERMINE,NOT ON SCENE (DESK REPORT),UNKNOWN,DRY,NOT APPLICABLE,N,KENMORE AVE,5053,NO CONTROLS,ONE-WAY,CLEAR,,,,,,,2,2,"{""coordinates"": [-87.656225837774, 41.9748326185], ""type"": ""Point""}","[""SIDE-RIGHT-FRONT""]","[""MERGING"", ""STRAIGHT AHEAD""]",[],"[""N""]","[""DRIVER""]","[""UNKNOWN""]","[""UNKNOWN/NA""]","[""2023"", ""2025""]","[""57"", ""66""]","[""DEPLOYMENT UNKNOWN""]","[""UNKNOWN""]","[""NO INDICATION OF INJURY""]","[""DRIVER""]","[""USAGE UNKNOWN""]","[""M""]",[]
STRAIGHT AND LEVEL,532,2025-09-24T12:30:00.000,4,12,9,b4798d891d902e8d7184532f7de474522a7386b5d5da552c86693953b1434542007cb56c8362c77ccf493016e2f7d635c9e142f207a7137bf2636ca61db766d3,INJURY AND / OR TOW DUE TO CRASH,"OVER $1,500",2025-09-24T12:32:00.000,NO CONTROLS,PARKED MOTOR VEHICLE,,0,0,1,0,0,0,0,41.6727288477,DAYLIGHT,-87.6180557417,NO INDICATION OF INJURY,2,20,UNABLE TO DETERMINE,ON SCENE,NO DEFECTS,DRY,UNABLE TO DETERMINE,E,122ND ST,156,NO CONTROLS,NOT DIVIDED,CLEAR,,,,,,,2,1,"{""coordinates"": [-87.618055741694, 41.672728847678], ""type"": ""Point""}","[""UNKNOWN""]","[""PARKED"", ""UNKNOWN/NA""]","[""Y""]","[""UNKNOWN"", ""W""]","[""DRIVER"", ""PARKED""]","[""UNKNOWN""]","[""PERSONAL"", ""UNKNOWN/NA""]","[""2014"", ""2022""]","[""23""]","[""DEPLOYMENT UNKNOWN""]","[""NONE""]","[""NO INDICATION OF INJURY""]","[""DRIVER""]","[""USAGE UNKNOWN""]","[""F""]",[]
STRAIGHT AND LEVEL,912,2025-09-24T12:35:00.000,4,12,9,c845e5521ae982fb367d3f6bf2260a9f3e7f284de080ed323016fc3ca760a3c37f85bfa73e1e2ae308c902881c91b55a15d58588e06aa6c723cff1a361870026,NO INJURY / DRIVE AWAY,"OVER $1,500",2025-09-24T13:02:00.000,NO CONTROLS,SIDESWIPE SAME DIRECTION,,0,0,4,0,0,0,0,41.8322466603,DAYLIGHT,-87.6657487447,NO INDICATION OF INJURY,2,30,FAILING TO YIELD RIGHT-OF-WAY,ON SCENE,NO DEFECTS,DRY,IMPROPER OVERTAKING/PASSING,S,ASHLAND AVE,3400,NO CONTROLS,NOT DIVIDED,CLEAR,,,,,,,2,4,"{""coordinates"": [-87.665748744682, 41.832246660275], ""type"": ""Point""}","[""SIDE-LEFT"", ""SIDE-RIGHT""]","[""MERGING"", ""STRAIGHT AHEAD""]",[],"[""N""]","[""DRIVER""]","[""NONE"", ""UNKNOWN""]","[""OTHER""]","[""2023""]","[""19"", ""31"", ""45"", ""48""]","[""DID NOT DEPLOY""]","[""NONE""]","[""NO INDICATION OF INJURY""]","[""DRIVER"", ""PASSENGER""]","[""SAFETY BELT USED""]","[""M""]","[""3""]"
STRAIGHT AND LEVEL,1432,2025-09-24T12:35:00.000,4,12,9,cb7d2a075708439f5a7a5c760047534364278791cc1a1750fe8954e583df1bfe5ba134c16b834ecd3db82b08ce79b31f1f933242030b7eb9ca0893cda2878bee,NO INJURY / DRIVE AWAY,"OVER $1,500",2025-09-24T14:35:00.000,UNKNOWN,REAR TO FRONT,,0,0,2,0,0,0,0,41.918535057,DAYLIGHT,-87.6682888491,NO INDICATION OF INJURY,2,30,IMPROPER BACKING,NOT ON SCENE (DESK REPORT),UNKNOWN,UNKNOWN,FAILING TO REDUCE SPEED TO AVOID CRASH,N,ELSTON AVE,2024,TRAFFIC SIGNAL,FOUR WAY,CLEAR,Y,,,,,,2,2,"{""coordinates"": [-87.668288849117, 41.918535057041], ""type"": ""Point""}","[""FRONT"", ""REAR""]","[""BACKING"", ""SLOW/STOP IN TRAFFIC""]",[],"[""N"", ""S""]","[""DRIVER""]","[""NONE"", ""UNKNOWN""]","[""PERSONAL"", ""UNKNOWN/NA""]","[""2015"", ""2020""]","[""26""]","[""DID NOT DEPLOY"", ""NOT APPLICABLE""]","[""NONE""]","[""NO INDICATION OF INJURY""]","[""DRIVER""]","[""SAFETY BELT USED"", ""USAGE UNKNOWN""]","[""M""]",[]
STRAIGHT AND LEVEL,1433,2025-09-24T12:40:00.000,4,12,9,06d46425537edfcdb895936634cb15f322865bbe995f31330086b3ee76b110bdb45ee10319469409b964e285dc736e08922f32d9c7ea9e1d433bddd8233e13e0,NO INJURY / DRIVE AWAY,$500 OR LESS,2025-09-24T15:00:00.000,NO CONTROLS,REAR END,,0,0,2,0,0,0,0,41.916147281,DAYLIGHT,-87.6679473535,NO INDICATION OF INJURY,2,30,UNABLE TO DETERMINE,NOT ON SCENE (DESK REPORT),NO DEFECTS,DRY,NOT APPLICABLE,N,ASHLAND AVE,1900,NO CONTROLS,NOT DIVIDED,CLEAR,,,,,,,2,2,"{""coordinates"": [-87.667947353504, 41.916147280953], ""type"": ""Point""}","[""FRONT"", ""REAR""]","[""SLOW/STOP IN TRAFFIC"", ""UNKNOWN/NA""]",[],"[""S""]","[""DRIVER""]","[""NONE""]","[""OTHER"", ""PERSONAL""]","[""2015"", ""2020""]","[""25"", ""26""]","[""DID NOT DEPLOY""]","[""NONE""]","[""NO INDICATION OF INJURY""]","[""DRIVER""]","[""USAGE UNKNOWN""]","[""M""]",[]
STRAIGHT AND LEVEL,624,2025-09-24T12:45:00.000,4,12,9,03587382556505f994f2ae75c65c72a8ba621fe583a508c57d23eb937d214f1c422b48b7e10c5236f06bbe7c6ab6fd2b6052b5f4b2a8706db08faa4208aa49be,NO INJURY / DRIVE AWAY,"OVER $1,500",2025-09-24T13:20:00.000,NO CONTROLS,REAR END,,0,0,2,0,0,0,0,41.7512499519,DAYLIGHT,-87.613656823,NO INDICATION OF INJURY,2,30,UNABLE TO DETERMINE,NOT ON SCENE (DESK REPORT),NO DEFECTS,DRY,NOT APPLICABLE,E,79TH ST,432,NO CONTROLS,DIVIDED - W/MEDIAN (NOT RAISED),CLEAR,,,,,,,2,2,"{""coordinates"": [-87.61365682302, 41.751249951933], ""type"": ""Point""}","[""FRONT"", ""REAR""]","[""SLOW/STOP IN TRAFFIC"", ""STRAIGHT AHEAD""]",[],"[""W""]","[""DRIVER""]","[""NONE""]","[""OTHER"", ""PERSONAL""]","[""2021"", ""2024""]","[""61""]","[""DEPLOYMENT UNKNOWN"", ""DID NOT DEPLOY""]","[""NONE""]","[""NO INDICATION OF INJURY""]","[""DRIVER""]","[""SAFETY BELT USED"", ""USAGE UNKNOWN""]","[""M""]",[]
STRAIGHT AND LEVEL,1623,2025-09-24T12:45:00.000,4,12,9,67af1ce98514af7c5696918dbee743d80f43f7d8a2aba50a99e5236af689e3bfdeec77b0b6902bd0f16dcab6cefd591617a1bf229dd07ce0415f54938dbbd7b3,NO INJURY / DRIVE AWAY,"OVER $1,500",2025-09-24T14:25:00.000,UNKNOWN,SIDESWIPE OPPOSITE DIRECTION,Y,0,0,2,0,0,0,0,41.9697793833,UNKNOWN,-87.7577262283,NO INDICATION OF INJURY,2,30,UNABLE TO DETERMINE,NOT ON SCENE (DESK REPORT),UNKNOWN,UNKNOWN,NOT APPLICABLE,N,LARAMIE AVE,4900,UNKNOWN,UNKNOWN,UNKNOWN,,,,,,,2,2,"{""coordinates"": [-87.757726228277, 41.96977938325], ""type"": ""Point""}","[""FRONT-LEFT-CORNER"", ""SIDE-LEFT""]","[""STRAIGHT AHEAD"", ""UNKNOWN/NA""]",[],"[""N"", ""S""]","[""DRIVER""]","[""UNKNOWN""]","[""UNKNOWN/NA""]","[""2024""]","[""84""]","[""DEPLOYMENT UNKNOWN"", ""DID NOT DEPLOY""]","[""NONE""]","[""NO INDICATION OF INJURY""]","[""DRIVER""]","[""SAFETY BELT USED"", ""USAGE UNKNOWN""]","[""M"", ""X""]",[]
STRAIGHT AND LEVEL,1621,2025-09-24T12:50:00.000,4,12,9,4250686970878622558481c9fffea1e9f33c48ee3517927ff7ff0b97328d8ff661aeca524435e5b9b630379d4f3feb452ef13f1d91c0f9539bf0c8838ca2c9f9,NO INJURY / DRIVE AWAY,"OVER $1,500",2025-09-24T13:25:00.000,NO CONTROLS,SIDESWIPE SAME DIRECTION,,0,0,2,0,0,0,0,41.9973470918,DAYLIGHT,-87.7659239429,NO INDICATION OF INJURY,2,30,UNABLE TO DETERMINE,NOT ON SCENE (DESK REPORT),NO DEFECTS,DRY,UNABLE TO DETERMINE,N,LEHIGH AVE,6400,NO CONTROLS,NOT DIVIDED,CLEAR,,,,,,,2,2,"{""coordinates"": [-87.765923942896, 41.997347091757], ""type"": ""Point""}","[""SIDE-LEFT"", ""SIDE-RIGHT""]","[""MERGING"", ""STRAIGHT AHEAD""]",[],"[""N""]","[""DRIVER""]","[""UNKNOWN""]","[""PERSONAL""]","[""2007"", ""2013""]","[""25"", ""46""]","[""DID NOT DEPLOY""]","[""NONE""]","[""NO INDICATION OF INJURY""]","[""DRIVER""]","[""SAFETY BELT USED""]","[""F"", ""M""]",[]
STRAIGHT AND LEVEL,1021,2025-09-24T12:59:00.000,4,12,9,b3411af7d17a86d0b8fd05f3448eccfed8648cc8749366fec314ba3701f87144a10f915e1a835bb936773990b69110321528c3fe262af11a32015828cd1857a8,NO INJURY / DRIVE AWAY,"OVER $1,500",2025-09-24T15:15:00.000,UNKNOWN,PARKED MOTOR VEHICLE,Y,0,0,1,0,0,0,0,41.8629868349,DAYLIGHT,-87.7130061514,NO INDICATION OF INJURY,2,30,UNABLE TO DETERMINE,NOT ON SCENE (DESK REPORT),UNKNOWN,DRY,NOT APPLICABLE,W,DOUGLAS BLVD,3500,NO CONTROLS,NOT DIVIDED,CLEAR,,,,,,,2,1,"{""coordinates"": [-87.71300615143, 41.862986834879], ""type"": ""Point""}","[""FRONT"", ""REAR""]","[""PARKED"", ""UNKNOWN/NA""]",[],"[""W""]","[""DRIVER"", ""PARKED""]","[""OTHER"", ""UNKNOWN""]","[""PERSONAL"", ""UNKNOWN/NA""]","[""2017""]",[],"[""DEPLOYMENT UNKNOWN""]","[""UNKNOWN""]","[""NO INDICATION OF INJURY""]","[""DRIVER""]","[""USAGE UNKNOWN""]","[""X""]",[]