alignment,beat_of_occurrence,crash_date,crash_day_of_week,crash_hour,crash_month,crash_record_id,crash_type,damage,date_police_notified,device_condition,first_crash_type,hit_and_run_i,injuries_fatal,injuries_incapacitating,injuries_no_indication,injuries_non_incapacitating,injuries_reported_not_evident,injuries_total,injuries_unknown,latitude,lighting_condition,longitude,most_severe_injury,num_units,posted_speed_limit,prim_contributory_cause,report_type,road_defect,roadway_surface_cond,sec_contributory_cause,street_direction,street_name,street_no,traffic_control_device,trafficway_type,weather_condition,intersection_related_i,crash_date_est_i,private_property_i,statements_taken_i,photos_taken_i,work_zone_i,veh_count,ppl_count,location_json,veh_first_contact_point_list_json,veh_maneuver_list_json,veh_towed_i_list_json,veh_travel_direction_list_json,veh_unit_type_list_json,veh_vehicle_defect_list_json,veh_vehicle_use_list_json,veh_vehicle_year_list_json,ppl_age_list_json,ppl_airbag_deployed_list_json,ppl_ejection_list_json,ppl_injury_classification_list_json,ppl_person_type_list_json,ppl_safety_equipment_list_json,ppl_sex_list_json,ppl_seat_no_list_json
STRAIGHT AND LEVEL,222,2025-09-24T16:00:00.000,4,16,9,43b46c5cc3fda7e5e01fdcb044121f50b0d8497f929b171cc3d2a3eb2b73447877eef3b7c5e563633d52e6cc792d463dee7ede4d5cfe02e5564df5795f837a56,NO INJURY / DRIVE AWAY,"OVER $1,500",2025-09-24T20:00:00.000,FUNCTIONING PROPERLY,TURNING,,0,0,2,0,0,0,0,41.8028821937,DAYLIGHT,-87.5881557417,NO INDICATION OF INJURY,2,25,UNABLE TO DETERMINE,NOT ON SCENE (DESK REPORT),NO DEFECTS,DRY,UNABLE TO DETERMINE,S,LAKE PARK AVE,5046,TRAFFIC SIGNAL,NOT DIVIDED,CLEAR,Y,,,,,,2,2,"{""coordinates"": [-87.588155741699, 41.802882193722], ""type"": ""Point""}","[""FRONT"", ""SIDE-RIGHT""]","[""STRAIGHT AHEAD"", ""TURNING LEFT""]",[],"[""S""]","[""DRIVER""]","[""NONE""]","[""PERSONAL""]","[""2017""]","[""23"", ""79""]","[""NOT APPLICABLE""]","[""NONE""]","[""NO INDICATION OF INJURY""]","[""DRIVER""]","[""SAFETY BELT USED""]","[""F"", ""M""]",[]
STRAIGHT AND LEVEL,2022,2025-09-24T16:00:00.000,4,16,9,8bff0f07b19553717d5593b3cff32aa8d0be3a53017a12966fc27f604765d51592959435cec0a87c634b8cdf23aa99308f037c0ad8da9b25f5b344c6512498b6,NO INJURY / DRIVE AWAY,"OVER $1,500",2025-09-24T18:00:00.000,NO CONTROLS,SIDESWIPE SAME DIRECTION,,0,0,2,0,0,0,0,41.9859141268,DAYLIGHT,-87.6554088015,NO INDICATION OF INJURY,2,30,IMPROPER LANE USAGE,NOT ON SCENE (DESK REPORT),NO DEFECTS,DRY,NOT APPLICABLE,N,SHERIDAN RD,5710,NO CONTROLS,NOT DIVIDED,CLEAR,,,,,,,2,2,"{""coordinates"": [-87.655408801513, 41.985914126752], ""type"": ""Point""}","[""SIDE-LEFT-REAR"", ""SIDE-RIGHT""]","[""CHANGING LANES"", ""SLOW/STOP IN TRAFFIC""]",[],"[""S""]","[""DRIVER""]","[""NONE""]","[""PERSONAL""]","[""1998"", ""2021""]","[""22"", ""61""]","[""DID NOT DEPLOY""]","[""NONE""]","[""NO INDICATION OF INJURY""]","[""DRIVER""]","[""SAFETY BELT USED""]","[""F"", ""M""]",[]
STRAIGHT AND LEVEL,2512,2025-09-24T16:00:00.000,4,16,9,faeed41421dc1c0c26a8c3f5865d7ee0e9515abcb7af451dc19e7c83c2b2b8bb7f63ed0ddaa48feb3383df1b268409513be9620b9ae5c26584cd7cb5246a97c3,NO INJURY / DRIVE AWAY,$500 OR LESS,2025-09-24T16:40:00.000,UNKNOWN,REAR END,,0,0,2,0,0,0,0,41.9180157282,DAYLIGHT,-87.7756656438,NO INDICATION OF INJURY,2,25,UNABLE TO DETERMINE,NOT ON SCENE (DESK REPORT),UNKNOWN,UNKNOWN,UNABLE TO DETERMINE,N,AUSTIN AVE,2100,UNKNOWN,FOUR WAY,UNKNOWN,,,,,,,2,2,"{""coordinates"": [-87.775665643777, 41.918015728249], ""type"": ""Point""}","[""REAR""]","[""STRAIGHT AHEAD""]",[],"[""S""]","[""DRIVER""]","[""UNKNOWN""]","[""PERSONAL""]","[""2012"", ""2021""]","[""47""]","[""DEPLOYMENT UNKNOWN"", ""NOT APPLICABLE""]","[""NONE""]","[""NO INDICATION OF INJURY""]","[""DRIVER""]","[""USAGE UNKNOWN""]","[""F""]",[]
STRAIGHT AND LEVEL,2512,2025-09-24T16:02:00.000,4,16,9,a88dc09ab998976a405948afa900dc4a3696ea749b31ad31f585dfce2209a97a6ca14a2dc04d722a9d85ce9f3e14dea240d5ccd7a181986f1df82f316cdbcda0,NO INJURY / DRIVE AWAY,"OVER $1,500",2025-09-24T16:04:00.000,FUNCTIONING PROPERLY,TURNING,,0,0,2,0,0,0,0,41.9237604017,DAYLIGHT,-87.7887477626,NO INDICATION OF INJURY,2,30,IMPROPER TURNING/NO SIGNAL,ON SCENE,NO DEFECTS,DRY,UNABLE TO DETERMINE,W,FULLERTON AVE,6520,TRAFFIC SIGNAL,FOUR WAY,CLEAR,Y,,,,,,2,2,"{""coordinates"": [-87.788747762559, 41.923760401743], ""type"": ""Point""}","[""SIDE-LEFT"", ""SIDE-RIGHT-FRONT""]","[""STRAIGHT AHEAD"", ""TURNING LEFT""]",[],"[""NW""]","[""DRIVER""]","[""NONE""]","[""PERSONAL"", ""TOW TRUCK""]","[""2013"", ""2015""]","[""27"", ""30""]","[""DID NOT DEPLOY""]","[""NONE""]","[""NO INDICATION OF INJURY""]","[""DRIVER""]","[""SAFETY BELT USED""]","[""F"", ""M""]",[]
STRAIGHT AND LEVEL,1611,2025-09-24T16:10:00.000,4,16,9,198749b2025334ae92865b66cd1f8ff8945b1274b13bcffc42b9034f98d4b5346c0f3049439b3df741ebb3b6486b2e695263463808ce421da0cd9845a4ef8c7e,NO INJURY / DRIVE AWAY,"$501 - $1,500",2025-09-24T16:15:00.000,NO CONTROLS,ANGLE,,0,0,2,0,0,0,0,41.995414541,DAYLIGHT,-87.7873531257,NO INDICATION OF INJURY,2,30,FAILING TO YIELD RIGHT-OF-WAY,ON SCENE,NO DEFECTS,DRY,UNABLE TO DETERMINE,N,NAGLE AVE,6305,NO CONTROLS,NOT DIVIDED,CLEAR,,,,,,,2,2,"{""coordinates"": [-87.787353125651, 41.995414541029], ""type"": ""Point""}","[""FRONT-LEFT-CORNER"", ""FRONT-RIGHT-CORNER""]","[""STRAIGHT AHEAD""]",[],"[""E"", ""N""]","[""DRIVER""]","[""NONE""]","[""COMMERCIAL - SINGLE UNIT"", ""PERSONAL""]","[""2011"", ""2018""]","[""47"", ""66""]","[""DID NOT DEPLOY""]","[""NONE""]","[""NO INDICATION OF INJURY""]","[""DRIVER""]","[""SAFETY BELT USED""]","[""F"", ""M""]",[]
STRAIGHT AND LEVEL,1531,2025-09-24T16:11:00.000,4,16,9,3bcf6c6e2d09c1acd712358bcd647ac8bd0b3593158c51e9ae8a982848d66bb9d77144fa6a95b63d51b6c31d5d6a24f50c65522c0176c29a4e64aba54e27ddd6,NO INJURY / DRIVE AWAY,"OVER $1,500",2025-09-24T16:11:00.000,NO CONTROLS,SIDESWIPE OPPOSITE DIRECTION,,0,0,2,0,0,0,0,41.9001135678,DAYLIGHT,-87.7460690018,NO INDICATION OF INJURY,2,30,DRIVING ON WRONG SIDE/WRONG WAY,ON SCENE,NO DEFECTS,DRY,IMPROPER LANE USAGE,N,CICERO AVE,1046,NO CONTROLS,NOT DIVIDED,CLEAR,,,,,,,2,2,"{""coordinates"": [-87.746069001823, 41.900113567837], ""type"": ""Point""}","[""FRONT-LEFT-CORNER""]","[""PASSING/OVERTAKING"", ""STRAIGHT AHEAD""]",[],"[""N"", ""S""]","[""DRIVER""]","[""NONE""]","[""PERSONAL""]","[""2004"", ""2009""]","[""40"", ""53""]","[""NOT APPLICABLE""]","[""NONE""]","[""NO INDICATION OF INJURY""]","[""DRIVER""]","[""USAGE UNKNOWN""]","[""M""]",[]
STRAIGHT AND LEVEL,1133,2025-09-24T16:15:00.000,4,16,9,b7d886757e05d3ff39897e318d9c3a277fc9f7761984253cf5e9351d1456a360d0c85e0a527cf347997da1942c9421176ce826cfe6256673f53abdb2fe6f55eb,NO INJURY / DRIVE AWAY,"OVER $1,500",2025-09-24T16:50:00.000,FUNCTIONING PROPERLY,REAR END,,0,0,2,0,0,0,0,41.8663560879,DAYLIGHT,-87.7196191122,NO INDICATION OF INJURY,2,25,UNABLE TO DETERMINE,NOT ON SCENE (DESK REPORT),NO DEFECTS,DRY,UNABLE TO DETERMINE,W,ROOSEVELT RD,3742,TRAFFIC SIGNAL,NOT DIVIDED,CLEAR,Y,,,,,,2,2,"{""coordinates"": [-87.71961911216, 41.866356087866], ""type"": ""Point""}","[""FRONT"", ""REAR""]","[""STRAIGHT AHEAD""]",[],"[""W""]","[""DRIVER""]","[""NONE""]","[""PERSONAL""]","[""2008"", ""2019""]","[""44"", ""56""]","[""NOT APPLICABLE""]","[""NONE""]","[""NO INDICATION OF INJURY""]","[""DRIVER""]","[""SAFETY BELT USED""]","[""F"", ""M""]",[]
STRAIGHT AND LEVEL,2515,2025-09-24T16:18:00.000,4,16,9,bd1f8c8fdea9eca87f817c9e4362e70af73261d35b20d55bbf09d49e183d82a381a2c4bd512320482aa6b135a258aaebb42d2a6324c46a65a9a696dcf94c43c5,INJURY AND / OR TOW DUE TO CRASH,"OVER $1,500",2025-09-24T16:49:00.000,NO CONTROLS,PARKED MOTOR VEHICLE,,0,0,0,1,0,1,0,41.9233003926,DAYLIGHT,-87.7562610903,NONINCAPACITATING INJURY,2,30,EQUIPMENT - VEHICLE CONDITION,ON SCENE,UNKNOWN,DRY,NOT APPLICABLE,N,LARAMIE AVE,2334,NO CONTROLS,NOT DIVIDED,CLEAR,,,,,Y,,2,1,"{""coordinates"": [-87.756261090347, 41.923300392582], ""type"": ""Point""}","[""FRONT-RIGHT-CORNER"", ""REAR-LEFT-CORNER""]","[""PARKED"", ""STRAIGHT AHEAD""]","[""Y""]","[""S""]","[""DRIVER"", ""PARKED""]","[""TIRES"", ""UNKNOWN""]","[""PERSONAL"", ""UNKNOWN/NA""]","[""2004"", ""2012""]","[""39""]","[""DID NOT DEPLOY""]","[""NONE""]","[""NONINCAPACITATING INJURY""]","[""DRIVER""]","[""USAGE UNKNOWN""]","[""F""]",[]
STRAIGHT AND LEVEL,2512,2025-09-24T16:20:00.000,4,16,9,0fc451df2f1bfb99f730bfba1cb4782535c05bf7791f5dede751410a042d5868b38a5763a5709882bb01e3d02f552cc8d9a57fe5e5d90af66aa651f952693e3e,NO INJURY / DRIVE AWAY,"OVER $1,500",2025-09-24T17:20:00.000,NO CONTROLS,REAR END,Y,0,0,3,0,0,0,0,41.9240989956,DAYLIGHT,-87.7853104693,NO INDICATION OF INJURY,3,30,UNABLE TO DETERMINE,NOT ON SCENE (DESK REPORT),UNKNOWN,UNKNOWN,NOT APPLICABLE,N,NARRAGANSETT AVE,2411,NO CONTROLS,DIVIDED - W/MEDIAN (NOT RAISED),CLEAR,,,,,,,3,2,"{""coordinates"": [-87.785310469286, 41.924098995556], ""type"": ""Point""}","[""FRONT"", ""REAR""]","[""STRAIGHT AHEAD"", ""UNKNOWN/NA""]",[],"[""N""]","[""DRIVER""]","[""UNKNOWN""]","[""PERSONAL"", ""UNKNOWN/NA""]","[""2013"", ""2020""]","[""30""]","[""DEPLOYMENT UNKNOWN"", ""NOT APPLICABLE""]","[""NONE""]","[""NO INDICATION OF INJURY""]","[""DRIVER""]","[""USAGE UNKNOWN""]","[""F"", ""X""]",[]
STRAIGHT AND LEVEL,731,2025-09-24T16:22:00.000,4,16,9,6d25cc3e95be1e46a8f5a75ee367fa34be14102be806eb71a5277f6182c92da915c764ab99cde5939fd8e19ac1fd072095750a18c7e02bcc4e068b538f9c0953,INJURY AND / OR TOW DUE TO CRASH,"OVER $1,500",2025-09-24T16:22:00.000,NO CONTROLS,FIXED OBJECT,Y,0,0,4,0,0,0,0,41.767303583,DAYLIGHT,-87.6335289696,NO INDICATION OF INJURY,1,30,FAILING TO REDUCE SPEED TO AVOID CRASH,ON SCENE,NO DEFECTS,DRY,UNABLE TO DETERMINE,W,70TH ST,330,NO CONTROLS,NOT DIVIDED,CLEAR,,,,,,,1,4,"{""coordinates"": [-87.633528969603, 41.76730358303], ""type"": ""Point""}","[""FRONT-LEFT-CORNER""]","[""STRAIGHT AHEAD""]","[""Y""]","[""SE""]","[""DRIVER""]","[""NONE""]","[""OTHER""]","[""2014""]",[],"[""DEPLOYMENT UNKNOWN"", ""DID NOT DEPLOY""]","[""NONE""]","[""NO INDICATION OF INJURY""]","[""DRIVER"", ""PASSENGER""]","[""USAGE UNKNOWN""]","[""M""]","[""3"", ""4"", ""6""]"
STRAIGHT AND LEVEL,621,2025-09-24T16:22:00.000,4,16,9,7efada594fbe7acd80e3efddc5ef9928aebc616d8ae1d42daaed17be5cb0025877c1e6baa4950fd7b8097b7f39e69c8a6b14b9f6e68905a6c16f0d889b7a9a94,INJURY AND / OR TOW DUE TO CRASH,"OVER $1,500",2025-09-24T16:34:00.000,NO CONTROLS,PEDESTRIAN,Y,0,0,1,1,0,1,0,41.7543858553,DAYLIGHT,-87.6441846394,NONINCAPACITATING INJURY,2,30,FAILING TO YIELD RIGHT-OF-WAY,NOT ON SCENE (DESK REPORT),UNKNOWN,UNKNOWN,FAILING TO YIELD RIGHT-OF-WAY,W,77TH ST,800,NO CONTROLS,T-INTERSECTION,CLEAR,Y,,,,,,2,2,"{""coordinates"": [-87.644184639357, 41.754385855305], ""type"": ""Point""}","[""UNKNOWN""]","[""TURNING LEFT""]",[],"[""N""]","[""DRIVER"", ""PEDESTRIAN""]","[""OTHER""]","[""UNKNOWN/NA""]",[],"[""38""]","[""NOT APPLICABLE""]","[""NONE""]","[""NO INDICATION OF INJURY"", ""NONINCAPACITATING INJURY""]","[""DRIVER"", ""PEDESTRIAN""]","[""USAGE UNKNOWN""]","[""F"", ""X""]",[]
STRAIGHT AND LEVEL,124,2025-09-24T16:22:00.000,4,16,9,cacc8ccab7a3d7546df5b66745f23c6137a6dcb9e42391aa505cac3cb663c8d0d1d764de72697a784f59eef33598199e8b76a2437a9b53b9d91068e48c9eb129,INJURY AND / OR TOW DUE TO CRASH,"OVER $1,500",2025-09-24T16:44:00.000,NO CONTROLS,TURNING,,0,0,5,0,1,1,0,41.8679728051,DAYLIGHT,-87.6408922569,"REPORTED, NOT EVIDENT",2,30,UNABLE TO DETERMINE,ON SCENE,UNKNOWN,DRY,DRIVING SKILLS/KNOWLEDGE/EXPERIENCE,S,CLINTON ST,1132,NO CONTROLS,PARKING LOT,CLEAR,,,,,,,2,6,"{""coordinates"": [-87.640892256885, 41.867972805109], ""type"": ""Point""}","[""FRONT"", ""FRONT-RIGHT-CORNER""]","[""STRAIGHT AHEAD"", ""TURNING RIGHT""]","[""Y""]","[""S"", ""W""]","[""DRIVER""]","[""NONE""]","[""PERSONAL""]","[""2014"", ""2024""]","[""16"", ""35"", ""66"", ""70""]","[""DID NOT DEPLOY""]","[""NONE""]","[""NO INDICATION OF INJURY"", ""REPORTED, NOT EVIDENT""]","[""DRIVER"", ""PASSENGER""]","[""SAFETY BELT USED""]","[""F"", ""M""]","[""10"", ""12"", ""3""]"
STRAIGHT AND LEVEL,1724,2025-09-24T16:30:00.000,4,16,9,d116e7e22de9d57dea3fd6450a9db329ac6edd0d2cd26c056681ff5c34f3bfc29b0148344c9ba7a4406fd6a5a06b55b6df0313ca4e695158de0769d81639a9eb,INJURY AND / OR TOW DUE TO CRASH,"$501 - $1,500",2025-09-24T17:25:00.000,NO CONTROLS,PEDALCYCLIST,,0,0,1,1,0,1,0,41.9565685474,DAYLIGHT,-87.712848785,NONINCAPACITATING INJURY,2,30,FAILING TO YIELD RIGHT-OF-WAY,NOT ON SCENE (DESK REPORT),NO DEFECTS,DRY,UNABLE TO DETERMINE,N,KIMBALL AVE,4129,NO CONTROLS,NOT DIVIDED,CLEAR,,,,,,,2,2,"{""coordinates"": [-87.712848785048, 41.956568547356], ""type"": ""Point""}","[""FRONT-LEFT-CORNER""]","[""STRAIGHT AHEAD""]",[],"[""N""]","[""BICYCLE"", ""DRIVER""]","[""NONE""]","[""PERSONAL""]","[""2023""]","[""56""]","[""DID NOT DEPLOY""]","[""NONE""]","[""NO INDICATION OF INJURY"", ""NONINCAPACITATING INJURY""]","[""BICYCLE"", ""DRIVER""]","[""HELMET NOT USED"", ""SAFETY BELT USED""]","[""M""]",[]
STRAIGHT AND LEVEL,421,2025-09-24T16:35:00.000,4,16,9,a8083f9145dcb72cc9568215d494d75d43d17092673327c10f5b59333791e7dbd95399f9e367672406b8c329b109b950ce079fb6d3381a61f7cc7acb0449843f,NO INJURY / DRIVE AWAY,"OVER $1,500",2025-09-24T16:38:00.000,NO CONTROLS,FIXED OBJECT,Y,0,0,1,0,0,0,0,41.7571563598,DAYLIGHT,-87.558408913,NO INDICATION OF INJURY,1,0,IMPROPER BACKING,ON SCENE,NO DEFECTS,DRY,DRIVING SKILLS/KNOWLEDGE/EXPERIENCE,S,EXCHANGE AVE,7600,NO CONTROLS,OTHER,CLEAR,,,,Y,,,1,1,"{""coordinates"": [-87.55840891305, 41.757156359802], ""type"": ""Point""}","[""REAR""]","[""STRAIGHT AHEAD""]",[],"[""S""]","[""DRIVER""]","[""UNKNOWN""]","[""PERSONAL""]","[""2020""]",[],"[""DEPLOYMENT UNKNOWN""]","[""NONE""]","[""NO INDICATION OF INJURY""]","[""DRIVER""]","[""USAGE UNKNOWN""]","[""F""]",[]
STRAIGHT AND LEVEL,1433,2025-09-24T16:40:00.000,4,16,9,81364947d6749eb8e69423de5f3015304c6eeb93dcbc98c53b9540c5bb82d068ab17a247e76fa4c4e0483ab2db30ffdc9ce7ec28a3be0a147b3c4d06c506f90f,NO INJURY / DRIVE AWAY,"OVER $1,500",2025-09-24T17:30:00.000,UNKNOWN,REAR END,,0,0,2,0,0,0,0,41.909147707,DAYLIGHT,-87.6677960578,NO INDICATION OF INJURY,2,30,UNABLE TO DETERMINE,NOT ON SCENE (DESK REPORT),UNKNOWN,UNKNOWN,UNABLE TO DETERMINE,N,ASHLAND AVE,1500,UNKNOWN,NOT DIVIDED,CLEAR,,,,,,,2,2,"{""coordinates"": [-87.667796057783, 41.909147707019], ""type"": ""Point""}","[""FRONT"", ""REAR""]","[""STRAIGHT AHEAD""]",[],"[""UNKNOWN""]","[""DRIVER""]","[""UNKNOWN""]","[""PERSONAL""]","[""2014"", ""2023""]","[""46"", ""47""]","[""DEPLOYMENT UNKNOWN""]","[""UNKNOWN""]","[""NO INDICATION OF INJURY""]","[""DRIVER""]","[""USAGE UNKNOWN""]","[""M""]",[]
STRAIGHT AND LEVEL,1132,2025-09-24T16:45:00.000,4,16,9,502da121bd88bf48863bdd5d17e2bf2c0393effa90b82569c4d9c1789c80ad33564b02cc61fd0db1d63360e97e37dfe77a30ca94dead251582fd3aad56328eb2,INJURY AND / OR TOW DUE TO CRASH,"OVER $1,500",2025-09-24T16:49:00.000,NO CONTROLS,SIDESWIPE SAME DIRECTION,Y,0,0,3,0,1,1,0,41.8662586021,DAYLIGHT,-87.7267936595,"REPORTED, NOT EVIDENT",2,30,UNABLE TO DETERMINE,ON SCENE,UNKNOWN,DRY,UNABLE TO DETERMINE,W,ROOSEVELT RD,4040,NO CONTROLS,NOT DIVIDED,CLEAR,,,,,,,2,4,"{""coordinates"": [-87.726793659479, 41.866258602081], ""type"": ""Point""}","[""FRONT-LEFT-CORNER"", ""SIDE-RIGHT""]","[""STRAIGHT AHEAD"", ""UNKNOWN/NA""]","[""Y""]","[""W""]","[""DRIVER""]","[""UNKNOWN""]","[""PERSONAL""]","[""2012""]","[""20""]","[""DEPLOYMENT UNKNOWN"", ""DID NOT DEPLOY""]","[""NONE""]","[""NO INDICATION OF INJURY"", ""REPORTED, NOT EVIDENT""]","[""DRIVER"", ""PASSENGER""]","[""CHILD RESTRAINT - FORWARD FACING"", ""CHILD RESTRAINT - REAR FACING"", ""USAGE UNKNOWN""]","[""F"", ""M""]","[""4"", ""6""]"
STRAIGHT AND LEVEL,1923,2025-09-24T16:45:00.000,4,16,9,cee1855b686a46a95ef8ec8c1984065d07ab53e7b77f5981643facee88cf90baa15e2f619aa4bdc4f9e8e635eaea6e03df9bd075510de160b6852f331ff2b6f0,NO INJURY / DRIVE AWAY,"OVER $1,500",2025-09-24T17:25:00.000,NO CONTROLS,PARKED MOTOR VEHICLE,Y,0,0,1,0,0,0,0,41.9511890918,DAYLIGHT,-87.6572800911,NO INDICATION OF INJURY,3,25,FOLLOWING TOO CLOSELY,NOT ON SCENE (DESK REPORT),NO DEFECTS,DRY,UNABLE TO DETERMINE,W,GRACE ST,1106,NO CONTROLS,NOT DIVIDED,CLEAR,,,,,,,3,1,"{""coordinates"": [-87.657280091105, 41.951189091781], ""type"": ""Point""}","[""REAR-LEFT-CORNER"", ""SIDE-LEFT"", ""UNKNOWN""]","[""PARKED"", ""UNKNOWN/NA""]",[],"[""W""]","[""DRIVER"", ""PARKED""]","[""NONE"", ""UNKNOWN""]","[""NOT IN USE"", ""UNKNOWN/NA""]","[""2014"", ""2015""]",[],"[""DEPLOYMENT UNKNOWN""]","[""NONE""]","[""NO INDICATION OF INJURY""]","[""DRIVER""]","[""USAGE UNKNOWN""]","[""M""]",[]
STRAIGHT AND LEVEL,212,2025-09-24T16:46:00.000,4,16,9,82a0d812bb0442881026d2dfef9ad1445f662f2b17eaf99a647c35acafc68a6d77ea3b7f997e764a4e9c4441a2f3bb7a412e52d46c31a0bb62f8b8af233abe35,NO INJURY / DRIVE AWAY,"OVER $1,500",2025-09-24T16:48:00.000,NO CONTROLS,OTHER OBJECT,,0,0,3,0,0,0,0,41.8308381162,DAYLIGHT,-87.6146248877,NO INDICATION OF INJURY,1,30,UNABLE TO DETERMINE,ON SCENE,UNKNOWN,DRY,NOT APPLICABLE,S,RHODES AVE,3510,NO CONTROLS,ONE-WAY,CLEAR,,,N,,,,1,3,"{""coordinates"": [-87.614624887683, 41.830838116221], ""type"": ""Point""}","[""FRONT""]","[""STRAIGHT AHEAD""]",[],"[""E""]","[""DRIVER""]","[""NONE""]","[""SCHOOL BUS""]","[""2011""]","[""34""]","[""NOT APPLICABLE""]","[""NONE""]","[""NO INDICATION OF INJURY""]","[""DRIVER"", ""PASSENGER""]","[""USAGE UNKNOWN""]","[""M""]","[""5"", ""6""]"
STRAIGHT AND LEVEL,423,2025-09-24T16:55:00.000,4,16,9,52c2f947229a59243c41e3584a8e0d8006ea0162d3a4f88feacbdcf298f262fd9ed5185f3413b6e539257c3c475fcb91264aeaec15653d2b5a8badf618f29559,NO INJURY / DRIVE AWAY,"$501 - $1,500",2025-09-24T17:20:00.000,FUNCTIONING PROPERLY,REAR END,Y,0,0,2,0,0,0,0,41.7319162347,DAYLIGHT,-87.5610178152,NO INDICATION OF INJURY,2,30,FOLLOWING TOO CLOSELY,NOT ON SCENE (DESK REPORT),NO DEFECTS,DRY,UNABLE TO DETERMINE,S,COLFAX AVE,9001,STOP SIGN/FLASHER,NOT DIVIDED,CLEAR,,,,,,,2,2,"{""coordinates"": [-87.561017815212, 41.731916234743], ""type"": ""Point""}","[""FRONT"", ""REAR-RIGHT-CORNER""]","[""SLOW/STOP IN TRAFFIC"", ""STRAIGHT AHEAD""]",[],"[""N""]","[""DRIVER""]","[""NONE"", ""UNKNOWN""]","[""PERSONAL""]","[""2007""]","[""68""]","[""DEPLOYMENT UNKNOWN"", ""DID NOT DEPLOY""]","[""NONE""]","[""NO INDICATION OF INJURY""]","[""DRIVER""]","[""SAFETY BELT USED"", ""USAGE UNKNOWN""]","[""F""]",[]
STRAIGHT AND LEVEL,513,2025-09-24T16:59:00.000,4,16,9,19c0d4bdf1cb6f50e0ebc474d95584d13d0131e59a815e976bad38ae02b4d69ba1b4b68fe58beb3e5e088bff1b6d3e8e6cb20e3b3a673025a27eef235ec2cd93,INJURY AND / OR TOW DUE TO CRASH,"OVER $1,500",2025-09-24T16:59:00.000,NO CONTROLS,PARKED MOTOR VEHICLE,,0,0,0,1,0,1,0,41.6926773316,DAYLIGHT,-87.624509133,NONINCAPACITATING INJURY,2,30,UNABLE TO DETERMINE,ON SCENE,NO DEFECTS,DRY,UNABLE TO DETERMINE,W,111TH ST,36,NO CONTROLS,NOT DIVIDED,CLOUDY/OVERCAST,,,,,,,2,1,"{""coordinates"": [-87.624509133041, 41.69267733158], ""type"": ""Point""}","[""FRONT-RIGHT-CORNER"", ""REAR-LEFT-CORNER""]","[""CHANGING LANES"", ""PARKED""]","[""N""]","[""E""]","[""DRIVER"", ""PARKED""]","[""UNKNOWN""]","[""UNKNOWN/NA""]","[""2008"", ""2021""]","[""36""]","[""DEPLOYED, COMBINATION""]","[""UNKNOWN""]","[""NONINCAPACITATING INJURY""]","[""DRIVER""]","[""USAGE UNKNOWN""]","[""F""]",[]
STRAIGHT AND LEVEL,1821,2025-09-24T17:00:00.000,4,17,9,7e197c16a89350efdf91a43bd02c7f7effaca7242507c8cf94ef366cccd7b6f1615581a5c4323962671872e0f34b2355e00c9ce29046321d50106005db2a8207,INJURY AND / OR TOW DUE TO CRASH,"OVER $1,500",2025-09-24T17:17:00.000,NO CONTROLS,PEDESTRIAN,,0,0,1,0,1,1,0,41.9073098972,DAYLIGHT,-87.639539328,"REPORTED, NOT EVIDENT",2,20,UNABLE TO DETERMINE,ON SCENE,NO DEFECTS,DRY,UNABLE TO DETERMINE,N,HUDSON AVE,1365,NO CONTROLS,ONE-WAY,CLEAR,,,,,,,2,2,"{""coordinates"": [-87.639539327958, 41.907309897166], ""type"": ""Point""}","[""FRONT-RIGHT-CORNER""]","[""STRAIGHT AHEAD""]",[],"[""S""]","[""DRIVER"", ""PEDESTRIAN""]","[""NONE""]","[""PERSONAL""]","[""2016""]","[""32"", ""8""]","[""NOT APPLICABLE""]","[""NONE""]","[""NO INDICATION OF INJURY"", ""REPORTED, NOT EVIDENT""]","[""DRIVER"", ""PEDESTRIAN""]","[""SAFETY BELT USED"", ""USAGE UNKNOWN""]","[""M""]",[]
STRAIGHT AND LEVEL,114,2025-09-24T17:00:00.000,4,17,9,cc9e460a57c55ce3d2f07df6f239ccc1572c86007bf195e3a3d843f6a9d74ae1e230146fff08d33417dbf433723133b416ba2ab6267eb9a7ce690c313e9efc57,NO INJURY / DRIVE AWAY,"OVER $1,500",2025-09-24T17:15:00.000,NO CONTROLS,REAR END,,0,0,2,0,0,0,0,41.8779949983,DAYLIGHT,-87.6170446324,NO INDICATION OF INJURY,2,40,FOLLOWING TOO CLOSELY,ON SCENE,NO DEFECTS,DRY,UNABLE TO DETERMINE,S,LAKE SHORE DR NB,315,NO CONTROLS,DIVIDED - W/MEDIAN (NOT RAISED),CLEAR,,,,,,,2,2,"{""coordinates"": [-87.617044632397, 41.877994998304], ""type"": ""Point""}","[""FRONT"", ""REAR""]","[""SLOW/STOP IN TRAFFIC"", ""STRAIGHT AHEAD""]",[],"[""N""]","[""DRIVER""]","[""NONE""]","[""PERSONAL""]","[""2018"", ""2023""]","[""54"", ""57""]","[""DID NOT DEPLOY""]","[""NONE""]","[""NO INDICATION OF INJURY""]","[""DRIVER""]","[""SAFETY BELT USED""]","[""F"", ""M""]",[]