alignment,beat_of_occurrence,crash_date,crash_day_of_week,crash_hour,crash_month,crash_record_id,crash_type,damage,date_police_notified,device_condition,first_crash_type,hit_and_run_i,injuries_fatal,injuries_incapacitating,injuries_no_indication,injuries_non_incapacitating,injuries_reported_not_evident,injuries_total,injuries_unknown,latitude,lighting_condition,longitude,most_severe_injury,num_units,posted_speed_limit,prim_contributory_cause,report_type,road_defect,roadway_surface_cond,sec_contributory_cause,street_direction,street_name,street_no,traffic_control_device,trafficway_type,weather_condition,intersection_related_i,crash_date_est_i,private_property_i,statements_taken_i,photos_taken_i,work_zone_i,veh_count,ppl_count,location_json,veh_first_contact_point_list_json,veh_maneuver_list_json,veh_towed_i_list_json,veh_travel_direction_list_json,veh_unit_type_list_json,veh_vehicle_defect_list_json,veh_vehicle_use_list_json,veh_vehicle_year_list_json,ppl_age_list_json,ppl_airbag_deployed_list_json,ppl_ejection_list_json,ppl_injury_classification_list_json,ppl_person_type_list_json,ppl_safety_equipment_list_json,ppl_sex_list_json,ppl_seat_no_list_json
STRAIGHT AND LEVEL,1733,2025-09-24T17:06:00.000,4,17,9,63d051f9fa87a108d088789ee22345ccf5087c4a5f2f224c7df64772e8cacd78352c25f8eda5933a4a782a12d587fde0368ca5c4f5809c5e7940ec6bef4f782d,NO INJURY / DRIVE AWAY,"$501 - $1,500",2025-09-24T18:00:00.000,NO CONTROLS,PARKED MOTOR VEHICLE,,0,0,3,0,0,0,0,41.9426523275,DAYLIGHT,-87.7030837392,NO INDICATION OF INJURY,2,30,UNABLE TO DETERMINE,NOT ON SCENE (DESK REPORT),NO DEFECTS,DRY,NOT APPLICABLE,W,ROSCOE ST,2981,NO CONTROLS,NOT DIVIDED,CLEAR,,,,,,,2,3,"{""coordinates"": [-87.703083739231, 41.942652327538], ""type"": ""Point""}","[""SIDE-LEFT-FRONT"", ""SIDE-RIGHT-REAR""]","[""PARKED"", ""PASSING/OVERTAKING""]",[],"[""E""]","[""DRIVER"", ""PARKED""]","[""NONE"", ""UNKNOWN""]","[""PERSONAL""]","[""2019""]","[""41""]","[""DID NOT DEPLOY""]","[""NONE""]","[""NO INDICATION OF INJURY""]","[""DRIVER"", ""PASSENGER""]","[""USAGE UNKNOWN""]","[""F"", ""M""]","[""4"", ""6""]"
STRAIGHT AND LEVEL,2234,2025-09-24T17:10:00.000,4,17,9,07d43f2fe3e554244d081e89c0da3227bbd575863aef952af555cffcbce6c08a5769b68792448affc2f3fea24d4f5c83a25b5e0df6c874dca17c8024b41d60b4,INJURY AND / OR TOW DUE TO CRASH,"OVER $1,500",2025-09-24T17:13:00.000,UNKNOWN,SIDESWIPE SAME DIRECTION,Y,0,0,4,1,0,1,0,41.6809617192,DAYLIGHT,-87.6626006009,NONINCAPACITATING INJURY,3,10,UNABLE TO DETERMINE,ON SCENE,UNKNOWN,OTHER,UNABLE TO DETERMINE,S,MARSHFIELD AVE,11710,UNKNOWN,OTHER,CLEAR,,,Y,Y,,,3,5,"{""coordinates"": [-87.662600600858, 41.680961719151], ""type"": ""Point""}","[""FRONT-RIGHT-CORNER"", ""UNKNOWN""]","[""PARKED"", ""UNKNOWN/NA""]","[""Y""]","[""N"", ""UNKNOWN""]","[""DRIVER"", ""PARKED""]","[""OTHER"", ""UNKNOWN""]","[""PERSONAL"", ""RIDESHARE SERVICE"", ""UNKNOWN/NA""]","[""2020"", ""2024""]","[""14"", ""29""]","[""DEPLOYED, COMBINATION"", ""DEPLOYMENT UNKNOWN"", ""NOT APPLICABLE""]","[""NONE"", ""UNKNOWN""]","[""NO INDICATION OF INJURY"", ""NONINCAPACITATING INJURY""]","[""DRIVER"", ""PASSENGER""]","[""USAGE UNKNOWN""]","[""F"", ""X""]","[""1"", ""3"", ""5""]"
STRAIGHT AND LEVEL,1233,2025-09-24T17:13:00.000,4,17,9,df1fa08f2732ad5f25af35019e3ccaae90e2b9d89a573528ea0a1b39661c173412a96f5c2d6177f1a010e47ffe121cb28b075e18cbcbe7a88eff5e847d3195d0,NO INJURY / DRIVE AWAY,"OVER $1,500",2025-09-24T17:32:00.000,NO CONTROLS,SIDESWIPE SAME DIRECTION,Y,0,0,2,0,0,0,0,41.8575185992,DAYLIGHT,-87.6856786715,NO INDICATION OF INJURY,2,30,UNABLE TO DETERMINE,ON SCENE,NO DEFECTS,DRY,UNABLE TO DETERMINE,S,WESTERN AVE,1755,NO CONTROLS,NOT DIVIDED,CLEAR,,,,,,,2,2,"{""coordinates"": [-87.685678671522, 41.85751859918], ""type"": ""Point""}","[""SIDE-LEFT-REAR"", ""UNKNOWN""]","[""STRAIGHT AHEAD"", ""UNKNOWN/NA""]",[],"[""N""]","[""DRIVER""]","[""NONE"", ""UNKNOWN""]","[""CTA"", ""UNKNOWN/NA""]","[""2007""]","[""54""]","[""DEPLOYMENT UNKNOWN"", ""NOT APPLICABLE""]","[""NONE"", ""UNKNOWN""]","[""NO INDICATION OF INJURY""]","[""DRIVER""]","[""USAGE UNKNOWN""]","[""M""]",[]
STRAIGHT AND LEVEL,124,2025-09-24T17:15:00.000,4,17,9,80ca9a423d316181a115bce5b4666d6e3b2eed5194a0ca2c2559eaf3625b7b20a441d8acd374fcdff714fbcd87590526d29b2414b4ea3ed168b8edecd8df83d3,INJURY AND / OR TOW DUE TO CRASH,"OVER $1,500",2025-09-24T17:17:00.000,UNKNOWN,PEDALCYCLIST,,0,0,1,1,0,1,0,41.86888416,DAYLIGHT,-87.6393925403,NONINCAPACITATING INJURY,2,30,FAILING TO YIELD RIGHT-OF-WAY,NOT ON SCENE (DESK REPORT),UNKNOWN,UNKNOWN,NOT APPLICABLE,S,CANAL ST,1100,UNKNOWN,DIVIDED - W/MEDIAN (NOT RAISED),CLEAR,,,,,,,2,2,"{""coordinates"": [-87.639392540279, 41.868884160018], ""type"": ""Point""}","[""FRONT-LEFT-CORNER""]","[""ENTERING TRAFFIC LANE FROM PARKING""]",[],"[""S""]","[""BICYCLE"", ""DRIVER""]","[""UNKNOWN""]","[""PERSONAL""]","[""2018""]","[""29"", ""50""]","[""NOT APPLICABLE""]","[""NONE""]","[""NO INDICATION OF INJURY"", ""NONINCAPACITATING INJURY""]","[""BICYCLE"", ""DRIVER""]","[""HELMET NOT USED"", ""USAGE UNKNOWN""]","[""F"", ""M""]",[]
STRAIGHT AND LEVEL,1222,2025-09-24T17:24:00.000,4,17,9,fc32cac750f1f4cfceef8214df281fcca5762739a90900fbf80c5fdf51760fc329400151771e94e69c2f7b9b58785b68680c684313d12ac9498bf3af0284128f,NO INJURY / DRIVE AWAY,"OVER $1,500",2025-09-24T18:45:00.000,NO CONTROLS,REAR END,,0,0,2,0,0,0,0,41.8845237131,DAYLIGHT,-87.6865852921,NO INDICATION OF INJURY,2,30,FOLLOWING TOO CLOSELY,NOT ON SCENE (DESK REPORT),UNKNOWN,UNKNOWN,FAILING TO REDUCE SPEED TO AVOID CRASH,W,LAKE ST,2401,NO CONTROLS,DIVIDED - W/MEDIAN (NOT RAISED),UNKNOWN,,,,,,,2,2,"{""coordinates"": [-87.686585292084, 41.88452371307], ""type"": ""Point""}","[""FRONT"", ""REAR""]","[""SLOW/STOP IN TRAFFIC""]",[],"[""E""]","[""DRIVER""]","[""NONE"", ""UNKNOWN""]","[""COMMERCIAL - MULTI-UNIT"", ""PERSONAL""]","[""2019"", ""2021""]","[""53"", ""55""]","[""DID NOT DEPLOY""]","[""NONE""]","[""NO INDICATION OF INJURY""]","[""DRIVER""]","[""SAFETY BELT USED"", ""USAGE UNKNOWN""]","[""M""]",[]
STRAIGHT AND LEVEL,1124,2025-09-24T17:25:00.000,4,17,9,bf9fc37fe3d5b1d624cac737ff8e8d214d73ecb1da185bee5c23089b3a51a0cb475c7bd795e235d11258519c3b8adac0c114ef2aad1c569470c38d44507d9364,INJURY AND / OR TOW DUE TO CRASH,"OVER $1,500",2025-09-24T17:30:00.000,NO CONTROLS,SIDESWIPE SAME DIRECTION,,0,0,1,0,1,1,0,41.8778601409,DAYLIGHT,-87.6987754316,"REPORTED, NOT EVIDENT",3,30,UNDER THE INFLUENCE OF ALCOHOL/DRUGS (USE WHEN ARREST IS EFFECTED),ON SCENE,NO DEFECTS,DRY,UNDER THE INFLUENCE OF ALCOHOL/DRUGS (USE WHEN ARREST IS EFFECTED),S,FRANCISCO AVE,212,NO CONTROLS,OTHER,CLEAR,,,,,,,3,2,"{""coordinates"": [-87.698775431627, 41.877860140891], ""type"": ""Point""}","[""FRONT-LEFT-CORNER"", ""FRONT-RIGHT-CORNER"", ""REAR-LEFT-CORNER""]","[""PARKED"", ""STRAIGHT AHEAD""]","[""Y""]","[""N""]","[""DRIVER"", ""PARKED""]","[""NONE""]","[""PERSONAL""]","[""2006"", ""2017"", ""2022""]","[""40"", ""52""]","[""NOT APPLICABLE""]","[""NONE""]","[""NO INDICATION OF INJURY"", ""REPORTED, NOT EVIDENT""]","[""DRIVER""]","[""USAGE UNKNOWN""]","[""F"", ""M""]",[]
STRAIGHT AND LEVEL,1622,2025-09-24T17:27:00.000,4,17,9,3483b19176182e5b424387bba0ab4a86172cd0685702e462b43dd88d006bb5b081463de2fa5a024c920efebdca8dc27f9bb5528bbff2360dfd755a90e975c79a,NO INJURY / DRIVE AWAY,"OVER $1,500",2025-09-24T17:28:00.000,NO CONTROLS,SIDESWIPE SAME DIRECTION,,0,0,2,0,0,0,0,41.9830167311,DAYLIGHT,-87.7840338847,NO INDICATION OF INJURY,2,30,FOLLOWING TOO CLOSELY,ON SCENE,UNKNOWN,DRY,"VISION OBSCURED (SIGNS, TREE LIMBS, BUILDINGS, ETC.)",W,BRYN MAWR AVE,6234,NO CONTROLS,NOT DIVIDED,CLEAR,Y,,,,,,2,2,"{""coordinates"": [-87.784033884703, 41.983016731058], ""type"": ""Point""}","[""FRONT-LEFT-CORNER"", ""FRONT-RIGHT-CORNER""]","[""STRAIGHT AHEAD""]",[],"[""W""]","[""DRIVER""]","[""UNKNOWN""]","[""PERSONAL""]","[""2005"", ""2008""]","[""32"", ""75""]","[""DID NOT DEPLOY""]","[""NONE""]","[""NO INDICATION OF INJURY""]","[""DRIVER""]","[""USAGE UNKNOWN""]","[""M""]",[]
STRAIGHT AND LEVEL,922,2025-09-24T17:40:00.000,4,17,9,d52a0927e0c83fd65c0e9d05ed669d69e9daccaf44fffe6f38a351e1a998f429d418e59918a39683fde171df7e402b60dba2455dfbff04571c6b9567a6d6f8b1,NO INJURY / DRIVE AWAY,"OVER $1,500",2025-09-24T18:54:00.000,NO CONTROLS,REAR TO SIDE,,0,0,2,0,0,0,0,41.8080542676,DAYLIGHT,-87.7038255411,NO INDICATION OF INJURY,2,15,DRIVING SKILLS/KNOWLEDGE/EXPERIENCE,NOT ON SCENE (DESK REPORT),UNKNOWN,UNKNOWN,NOT APPLICABLE,S,KEDZIE AVE,4701,NO CONTROLS,PARKING LOT,CLEAR,,,Y,,,,2,2,"{""coordinates"": [-87.70382554115, 41.808054267646], ""type"": ""Point""}","[""REAR-LEFT-CORNER"", ""SIDE-RIGHT-FRONT""]","[""BACKING"", ""STRAIGHT AHEAD""]",[],"[""N"", ""W""]","[""DRIVER""]","[""NONE""]","[""PERSONAL""]","[""2013"", ""2015""]","[""25"", ""42""]","[""DID NOT DEPLOY""]","[""NONE""]","[""NO INDICATION OF INJURY""]","[""DRIVER""]","[""SAFETY BELT USED""]","[""F""]",[]
STRAIGHT AND LEVEL,1832,2025-09-24T17:55:00.000,4,17,9,ccfb24dbb415f8d61ea993cec28d4b615cbd66a2640bfe778ce8cf92b6e26cb967e3b3647b560a1f2913e62c0f1752368580726603e2d12fe2e7dba8de5a9432,NO INJURY / DRIVE AWAY,"OVER $1,500",2025-09-24T18:50:00.000,UNKNOWN,SIDESWIPE SAME DIRECTION,,0,0,2,0,0,0,0,41.8948904707,DAYLIGHT,-87.6298719035,NO INDICATION OF INJURY,2,30,UNABLE TO DETERMINE,NOT ON SCENE (DESK REPORT),UNKNOWN,UNKNOWN,UNABLE TO DETERMINE,N,DEARBORN ST,700,UNKNOWN,NOT DIVIDED,CLEAR,,,,,,,2,2,"{""coordinates"": [-87.629871903472, 41.894890470685], ""type"": ""Point""}","[""FRONT-LEFT-CORNER"", ""REAR-RIGHT-CORNER""]","[""CHANGING LANES"", ""STRAIGHT AHEAD""]",[],"[""UNKNOWN""]","[""DRIVER""]","[""UNKNOWN""]","[""PERSONAL""]","[""2013"", ""2018""]","[""26""]","[""DEPLOYMENT UNKNOWN""]","[""UNKNOWN""]","[""NO INDICATION OF INJURY""]","[""DRIVER""]","[""USAGE UNKNOWN""]","[""F""]",[]
STRAIGHT AND LEVEL,1024,2025-09-24T18:00:00.000,4,18,9,352ac66f33c86017fdd91391bca17fffa7e956f01198ca3a502c0b4cbb566b1a4c0821159de5be49c1fba78af475d16a88ed36433d0bac3ac0590ceaad583cb0,NO INJURY / DRIVE AWAY,"OVER $1,500",2025-09-24T19:55:00.000,NO CONTROLS,PARKED MOTOR VEHICLE,Y,0,0,1,0,0,0,0,41.8521777552,"DARKNESS, LIGHTED ROAD",-87.7110139165,NO INDICATION OF INJURY,2,25,UNABLE TO DETERMINE,NOT ON SCENE (DESK REPORT),UNKNOWN,DRY,UNABLE TO DETERMINE,S,TRUMBULL AVE,2149,NO CONTROLS,ONE-WAY,CLEAR,,,,,,,2,1,"{""coordinates"": [-87.711013916485, 41.852177755211], ""type"": ""Point""}","[""REAR-LEFT-CORNER"", ""UNKNOWN""]","[""PARKED"", ""UNKNOWN/NA""]",[],"[""N"", ""UNKNOWN""]","[""DRIVER"", ""PARKED""]","[""UNKNOWN""]","[""NOT IN USE"", ""UNKNOWN/NA""]","[""2006""]",[],"[""DEPLOYMENT UNKNOWN""]","[""NONE""]","[""NO INDICATION OF INJURY""]","[""DRIVER""]","[""USAGE UNKNOWN""]","[""X""]",[]
STRAIGHT AND LEVEL,2223,2025-09-24T18:00:00.000,4,18,9,956d3a651b5a2bdcf299ac6b61025dc9875d87b9887b2fc39472520b7382c2ec79a2909f8c4ed63647a830a49abfcd0bfd27a88e60a0fd4073fa3fe6d34c315f,NO INJURY / DRIVE AWAY,"OVER $1,500",2025-09-24T18:32:00.000,FUNCTIONING PROPERLY,SIDESWIPE SAME DIRECTION,Y,0,0,2,0,0,0,0,41.7215344279,DAYLIGHT,-87.6433619172,NO INDICATION OF INJURY,2,25,IMPROPER OVERTAKING/PASSING,NOT ON SCENE (DESK REPORT),NO DEFECTS,DRY,NOT APPLICABLE,S,HALSTED ST,9472,TRAFFIC SIGNAL,NOT DIVIDED,CLEAR,,,,,,,2,2,"{""coordinates"": [-87.643361917193, 41.721534427876], ""type"": ""Point""}","[""FRONT-RIGHT-CORNER"", ""UNKNOWN""]","[""PASSING/OVERTAKING"", ""STRAIGHT AHEAD""]",[],"[""S""]","[""DRIVER""]","[""NONE"", ""UNKNOWN""]","[""PERSONAL""]","[""2021"", ""2023""]","[""37""]","[""DEPLOYMENT UNKNOWN"", ""DID NOT DEPLOY""]","[""NONE""]","[""NO INDICATION OF INJURY""]","[""DRIVER""]","[""SAFETY BELT USED"", ""USAGE UNKNOWN""]","[""F"", ""M""]",[]
STRAIGHT AND LEVEL,113,2025-09-24T18:08:00.000,4,18,9,b07ee2b785b1a06d6ed821d347ed1843c5656f17fba6bd16a908b7460ea0025fcd0df7f306c2b6f1b3a8e80e1ccf16227584b0a5ac7a7c7e3a59f69eccf5c91a,NO INJURY / DRIVE AWAY,"OVER $1,500",2025-09-24T18:40:00.000,NO CONTROLS,TURNING,,0,0,2,0,0,0,0,41.8770981797,DAYLIGHT,-87.6254211292,NO INDICATION OF INJURY,2,30,UNABLE TO DETERMINE,NOT ON SCENE (DESK REPORT),NO DEFECTS,DRY,UNABLE TO DETERMINE,E,VAN BUREN ST,60,NO CONTROLS,ONE-WAY,CLOUDY/OVERCAST,,,,,,,2,2,"{""coordinates"": [-87.625421129173, 41.877098179652], ""type"": ""Point""}","[""FRONT-LEFT-CORNER"", ""SIDE-RIGHT-REAR""]","[""STRAIGHT AHEAD"", ""TURNING RIGHT""]",[],"[""S"", ""W""]","[""DRIVER""]","[""NONE""]","[""PERSONAL""]","[""2013"", ""2022""]","[""28"", ""41""]","[""DID NOT DEPLOY""]","[""NONE""]","[""NO INDICATION OF INJURY""]","[""DRIVER""]","[""SAFETY BELT USED""]","[""M""]",[]
STRAIGHT AND LEVEL,2525,2025-09-24T18:10:00.000,4,18,9,d04ce60cccfa5c799819a7e08bb3dc575afd7aac8ea0a5f56e6135b3388f6016e5a4e0d98c1f0c0f5b9edac536b35679be33e631ef48fdfdb647eb210d91a271,NO INJURY / DRIVE AWAY,"OVER $1,500",2025-09-24T21:00:00.000,OTHER,PARKED MOTOR VEHICLE,,0,0,1,0,0,0,0,41.924490094,DARKNESS,-87.717288131,NO INDICATION OF INJURY,2,30,UNABLE TO DETERMINE,NOT ON SCENE (DESK REPORT),OTHER,DRY,UNABLE TO DETERMINE,W,FULLERTON AVE,3607,OTHER,PARKING LOT,CLEAR,,,,,,,2,1,"{""coordinates"": [-87.717288130979, 41.924490093998], ""type"": ""Point""}","[""REAR"", ""TOTAL (ALL AREAS)""]","[""BACKING"", ""PARKED""]",[],"[""E""]","[""DRIVER"", ""PARKED""]","[""NONE""]","[""PERSONAL""]","[""2019"", ""2023""]","[""31""]","[""NOT APPLICABLE""]","[""NONE""]","[""NO INDICATION OF INJURY""]","[""DRIVER""]","[""USAGE UNKNOWN""]","[""M""]",[]
STRAIGHT AND LEVEL,725,2025-09-24T18:29:00.000,4,18,9,72f96fd45566aa995a235a8f5f606ad511d90d1ee15af3584e7310a9c87d7d4735b62d6ded6e26d3f1e3858d545857a3e973ac82ce93899ba3d3ba546e079030,INJURY AND / OR TOW DUE TO CRASH,"OVER $1,500",2025-09-24T18:29:00.000,NO CONTROLS,ANGLE,,0,0,5,0,0,0,0,41.7739190108,DAYLIGHT,-87.6642139276,NO INDICATION OF INJURY,2,30,FAILING TO YIELD RIGHT-OF-WAY,ON SCENE,NO DEFECTS,DRY,FAILING TO YIELD RIGHT-OF-WAY,S,ASHLAND AVE,6600,NO CONTROLS,FOUR WAY,CLEAR,Y,,,,,,2,5,"{""coordinates"": [-87.664213927644, 41.77391901084], ""type"": ""Point""}","[""FRONT"", ""SIDE-LEFT""]","[""STRAIGHT AHEAD""]","[""Y""]","[""E"", ""N""]","[""DRIVER""]","[""NONE""]","[""PERSONAL""]","[""2006"", ""2013""]","[""12"", ""27"", ""32"", ""41"", ""6""]","[""DID NOT DEPLOY"", ""NOT APPLICABLE""]","[""NONE""]","[""NO INDICATION OF INJURY""]","[""DRIVER"", ""PASSENGER""]","[""SAFETY BELT USED""]","[""F"", ""M""]","[""3"", ""4"", ""6""]"
STRAIGHT AND LEVEL,531,2025-09-24T18:32:00.000,4,18,9,29e340e960862008df0f8536c17a6402ca05407184c9d30275249fb13d4f662a595edcb3d4e73339d1d8cf492c720b82d9a22a9f443c56158906adca53b36516,NO INJURY / DRIVE AWAY,"OVER $1,500",2025-09-24T18:42:00.000,NO CONTROLS,PARKED MOTOR VEHICLE,,0,0,1,0,0,0,0,41.6919725122,DAYLIGHT,-87.6184047423,NO INDICATION OF INJURY,2,25,IMPROPER BACKING,ON SCENE,NO DEFECTS,DRY,UNDER THE INFLUENCE OF ALCOHOL/DRUGS (USE WHEN ARREST IS EFFECTED),S,INDIANA AVE,11120,NO CONTROLS,NOT DIVIDED,CLEAR,,,,,,,2,1,"{""coordinates"": [-87.618404742286, 41.6919725122], ""type"": ""Point""}","[""SIDE-LEFT"", ""SIDE-LEFT-REAR""]","[""PARKED"", ""STRAIGHT AHEAD""]","[""N""]","[""N"", ""S""]","[""DRIVER"", ""PARKED""]","[""NONE""]","[""NOT IN USE"", ""PERSONAL""]","[""2009"", ""2013""]","[""38""]","[""NOT APPLICABLE""]","[""NONE""]","[""NO INDICATION OF INJURY""]","[""DRIVER""]","[""SAFETY BELT NOT USED""]","[""F""]",[]
STRAIGHT AND LEVEL,1113,2025-09-24T18:35:00.000,4,18,9,87c7b201e507b382aa479cfeb18186b3a4b075becefaafd5688ef3a8cbd19ff78be3297467ad136e2a6f9fbee975453f6015b16653dcbe8c3a3a76365e7cbc51,INJURY AND / OR TOW DUE TO CRASH,"OVER $1,500",2025-09-24T18:45:00.000,OTHER,ANGLE,,0,0,3,0,0,0,0,41.8833553767,DAYLIGHT,-87.7356234042,NO INDICATION OF INJURY,2,30,DISREGARDING STOP SIGN,ON SCENE,NO DEFECTS,DRY,NOT APPLICABLE,W,WEST END AVE,4400,STOP SIGN/FLASHER,FOUR WAY,CLEAR,N,,,,,,2,3,"{""coordinates"": [-87.735623404235, 41.88335537672], ""type"": ""Point""}","[""FRONT"", ""FRONT-LEFT-CORNER""]","[""STRAIGHT AHEAD""]","[""Y""]","[""E"", ""S""]","[""DRIVER""]","[""NONE""]","[""PERSONAL""]","[""2019"", ""2020""]","[""28"", ""55""]","[""DEPLOYED, FRONT"", ""DID NOT DEPLOY""]","[""NONE""]","[""NO INDICATION OF INJURY""]","[""DRIVER"", ""PASSENGER""]","[""SAFETY BELT USED"", ""USAGE UNKNOWN""]","[""F"", ""M""]","[""3""]"
STRAIGHT AND LEVEL,1211,2025-09-24T18:37:00.000,4,18,9,af44bf149f207a5a71b1b5935bb4f72bb7c1cb5ccf68799578091662da61fb74706056d185d87dc8701f31c21db6d2e8f823bc76dee5f0149a4a56f5053c2b0f,NO INJURY / DRIVE AWAY,"OVER $1,500",2025-09-24T19:35:00.000,FUNCTIONING PROPERLY,TURNING,,0,0,2,0,0,0,0,41.8984215456,DAYLIGHT,-87.7060935912,NO INDICATION OF INJURY,2,30,UNABLE TO DETERMINE,NOT ON SCENE (DESK REPORT),NO DEFECTS,DRY,NOT APPLICABLE,W,WALTON ST,3144,STOP SIGN/FLASHER,ONE-WAY,CLEAR,,,,,,,2,2,"{""coordinates"": [-87.706093591156, 41.898421545561], ""type"": ""Point""}","[""SIDE-LEFT-FRONT"", ""SIDE-RIGHT""]","[""TURNING RIGHT""]",[],"[""W""]","[""DRIVER""]","[""NONE""]","[""PERSONAL""]","[""2006"", ""2015""]","[""33"", ""41""]","[""DID NOT DEPLOY""]","[""NONE""]","[""NO INDICATION OF INJURY""]","[""DRIVER""]","[""USAGE UNKNOWN""]","[""M""]",[]
STRAIGHT AND LEVEL,1614,2025-09-24T18:45:00.000,4,18,9,142a2c679dff2e82bb429101b8dc70c9f845151530bb6baf7ee288f8494d6d0fa773ac42bf719bd711eb99177da84149b80580f355e8651f858bfd3534e77018,NO INJURY / DRIVE AWAY,"OVER $1,500",2025-09-24T19:10:00.000,UNKNOWN,TURNING,,0,0,2,0,0,0,0,41.9809840527,"DARKNESS, LIGHTED ROAD",-87.8382518479,NO INDICATION OF INJURY,2,30,IMPROPER TURNING/NO SIGNAL,NOT ON SCENE (DESK REPORT),UNKNOWN,UNKNOWN,UNABLE TO DETERMINE,W,BRYN MAWR AVE,8437,UNKNOWN,UNKNOWN,CLEAR,,,,,,,2,2,"{""coordinates"": [-87.83825184788, 41.980984052735], ""type"": ""Point""}","[""FRONT-RIGHT-CORNER"", ""SIDE-LEFT""]","[""STRAIGHT AHEAD"", ""U-TURN""]",[],"[""W""]","[""DRIVER""]","[""UNKNOWN""]","[""UNKNOWN/NA""]","[""2017"", ""2020""]","[""41"", ""44""]","[""NOT APPLICABLE""]","[""NONE""]","[""NO INDICATION OF INJURY""]","[""DRIVER""]","[""USAGE UNKNOWN""]","[""M""]",[]
STRAIGHT AND LEVEL,632,2025-09-24T18:50:00.000,4,18,9,76edf8adf322a8407e6a7cf23e3f91d26b0d545ac61bdfdd58ed2b0091e1dbda8f2d2cb2aac6f198717ac9492b650b992c62e0a1f5bc6bf53114fda080233f54,NO INJURY / DRIVE AWAY,"OVER $1,500",2025-09-24T18:55:00.000,NO CONTROLS,REAR END,,0,0,4,0,0,0,0,41.7383698914,"DARKNESS, LIGHTED ROAD",-87.6050189968,NO INDICATION OF INJURY,2,30,FOLLOWING TOO CLOSELY,ON SCENE,NO DEFECTS,DRY,NOT APPLICABLE,S,COTTAGE GROVE AVE,8600,NO CONTROLS,NOT DIVIDED,CLEAR,N,,,,,,2,4,"{""coordinates"": [-87.605018996828, 41.738369891427], ""type"": ""Point""}","[""FRONT"", ""REAR""]","[""STRAIGHT AHEAD""]",[],"[""N""]","[""DRIVER""]","[""UNKNOWN""]","[""PERSONAL""]","[""2006"", ""2017""]","[""10"", ""38"", ""6"", ""64""]","[""DID NOT DEPLOY""]","[""NONE""]","[""NO INDICATION OF INJURY""]","[""DRIVER"", ""PASSENGER""]","[""SAFETY BELT USED""]","[""F"", ""M""]","[""4"", ""6""]"
STRAIGHT AND LEVEL,1214,2025-09-24T19:00:00.000,4,19,9,0ed2d7e01541d4e896f7ad22ef49b4e6807ff6b8a2743ce1f22dbbc461db80b30f1df5472b9750d5430efd185fef697b6d09ff779790625b0953e14388a48e83,NO INJURY / DRIVE AWAY,"OVER $1,500",2025-09-24T19:50:00.000,UNKNOWN,SIDESWIPE SAME DIRECTION,,0,0,2,0,0,0,0,41.8857039409,DAYLIGHT,-87.6484953745,NO INDICATION OF INJURY,2,30,FAILING TO YIELD RIGHT-OF-WAY,NOT ON SCENE (DESK REPORT),UNKNOWN,DRY,FAILING TO YIELD RIGHT-OF-WAY,N,GREEN ST,201,STOP SIGN/FLASHER,NOT DIVIDED,CLEAR,,,,,,,2,2,"{""coordinates"": [-87.648495374545, 41.88570394087], ""type"": ""Point""}","[""SIDE-LEFT"", ""SIDE-RIGHT-FRONT""]","[""MERGING"", ""STRAIGHT AHEAD""]",[],"[""N""]","[""DRIVER""]","[""UNKNOWN""]","[""PERSONAL""]","[""2011"", ""2012""]","[""43"", ""45""]","[""NOT APPLICABLE""]","[""NONE""]","[""NO INDICATION OF INJURY""]","[""DRIVER""]","[""SHOULD/LAP BELT USED IMPROPERLY"", ""USAGE UNKNOWN""]","[""F"", ""M""]",[]
STRAIGHT AND LEVEL,522,2025-09-24T19:02:00.000,4,19,9,51a5babece77cd07c0bd4a1694aab7bb74f329961a9c7d19f22f62e14c39ea43119dd3139d7fdaf52c0024899ab7de6849be301fbceb2e022476b3182b053205,INJURY AND / OR TOW DUE TO CRASH,"OVER $1,500",2025-09-24T19:02:00.000,NO CONTROLS,TURNING,,0,0,2,2,1,3,0,41.6924123791,DUSK,-87.6282492954,NONINCAPACITATING INJURY,2,30,FAILING TO YIELD RIGHT-OF-WAY,ON SCENE,NO DEFECTS,DRY,NOT APPLICABLE,W,111TH ST,207,NO CONTROLS,NOT DIVIDED,CLEAR,,,,,,,2,5,"{""coordinates"": [-87.628249295438, 41.692412379148], ""type"": ""Point""}","[""FRONT-RIGHT-CORNER"", ""SIDE-RIGHT""]","[""STRAIGHT AHEAD"", ""TURNING LEFT""]","[""N"", ""Y""]","[""E"", ""W""]","[""DRIVER""]","[""NONE""]","[""PERSONAL""]","[""2013"", ""2020""]","[""0"", ""27"", ""29"", ""40""]","[""DEPLOYED, COMBINATION"", ""DID NOT DEPLOY""]","[""NONE""]","[""NO INDICATION OF INJURY"", ""NONINCAPACITATING INJURY"", ""REPORTED, NOT EVIDENT""]","[""DRIVER"", ""PASSENGER""]","[""USAGE UNKNOWN""]","[""F"", ""M""]","[""3"", ""4""]"